id,名称,種別,区分,種別番号,制定日,制定日_和暦,最終改正日,最終改正_和暦,改正回数,最後に手が入った年,編,章,近隣4自治体との比較,近隣の最高一致率,本文URL
e765RG00000001,大鹿村役場の位置を定める条例,条例,条例,条例第24号,1986-03-20,昭和61年3月20日,,,0,1986,第1編 総規,第1章 村制,近隣に類似名あり・本文は異なる,0.80,https://www1.g-reiki.net/vill.ooshika.nagano/reiki_honbun/e765RG00000001.html
e765RG00000002,大鹿村の休日を定める条例,条例,条例,条例第7号,1989-10-03,平成元年10月3日,1992-12-24,平成4年12月24日 条例第8号,1,1992,第1編 総規,第1章 村制,近隣とほぼ同文,0.97,https://www1.g-reiki.net/vill.ooshika.nagano/reiki_honbun/e765RG00000002.html
e765RG00000003,大鹿村公告式条例,条例,条例,条例第3号,1952-01-24,昭和27年1月24日,,,0,1952,第1編 総規,第2章 公告式,近隣とほぼ同文,0.97,https://www1.g-reiki.net/vill.ooshika.nagano/reiki_honbun/e765RG00000003.html
e765RG00000004,表彰規則,規則,規則,規則第6号,1976-10-01,昭和51年10月1日,2014-10-23,平成26年10月23日 規則第7号,2,2014,第1編 総規,第3章 表彰,近隣に類似名あり・本文は異なる,0.87,https://www1.g-reiki.net/vill.ooshika.nagano/reiki_honbun/e765RG00000004.html
e765RG00000005,表彰規則事務取扱規程,規程,規程・その他,規程第6号,1976-10-01,昭和51年10月1日,2014-10-23,平成26年10月23日 規程第2号,1,2014,第1編 総規,第3章 表彰,近隣に類似名あり・本文は異なる,0.84,https://www1.g-reiki.net/vill.ooshika.nagano/reiki_honbun/e765RG00000005.html
e765RG00000006,政治倫理の確立のための大鹿村長の資産等の公開に関する条例,条例,条例,条例第13号,1995-12-25,平成7年12月25日,2001-12-17,平成13年12月17日 条例第22号,1,2001,第1編 総規,第4章 政治倫理,近隣とほぼ同文,0.99,https://www1.g-reiki.net/vill.ooshika.nagano/reiki_honbun/e765RG00000006.html
e765RG00000007,大鹿村長の資産等の公開に関する規則,規則,規則,規則第8号,1995-12-25,平成7年12月25日,,,0,1995,第1編 総規,第4章 政治倫理,近隣とほぼ同文,1.00,https://www1.g-reiki.net/vill.ooshika.nagano/reiki_honbun/e765RG00000007.html
e765RG00000577,刑法等の一部を改正する法律の施行に伴う関係条例の整理に関する条例　抄,条例,条例,条例第20号,2024-09-13,令和6年9月13日,,,0,2024,第1編 総規,第5章 その他,近隣に対応なし,,https://www1.g-reiki.net/vill.ooshika.nagano/reiki_honbun/e765RG00000577.html
e765RG00000008,大鹿村議会定例会条例,条例,条例,条例第2号,1956-12-28,昭和31年12月28日,,,0,1956,第2編 議会,,近隣に類似名あり・本文は異なる,0.77,https://www1.g-reiki.net/vill.ooshika.nagano/reiki_honbun/e765RG00000008.html
e765RG00000009,大鹿村議会定例会規則,規則,規則,規則第1号,1956-12-28,昭和31年12月28日,,,0,1956,第2編 議会,,近隣とほぼ同文,0.98,https://www1.g-reiki.net/vill.ooshika.nagano/reiki_honbun/e765RG00000009.html
e765RG00000010,大鹿村議会の議員の定数に関する条例,条例,条例,条例第1号,2002-03-18,平成14年3月18日,2006-06-20,平成18年6月20日 条例第22号,1,2006,第2編 議会,,近隣とほぼ同文,0.94,https://www1.g-reiki.net/vill.ooshika.nagano/reiki_honbun/e765RG00000010.html
e765RG00000011,大鹿村議会委員会条例,条例,条例,条例第7号,1983-03-19,昭和58年3月19日,2024-03-15,令和6年3月15日 条例第10号,12,2024,第2編 議会,,近隣とほぼ同文,0.92,https://www1.g-reiki.net/vill.ooshika.nagano/reiki_honbun/e765RG00000011.html
e765RG00000012,大鹿村議会会議規則,議会規則,規則,議会規則第10号,1987-03-24,昭和62年3月24日,2024-03-15,令和6年3月15日 議会規則第4号,8,2024,第2編 議会,,近隣とほぼ同文,0.94,https://www1.g-reiki.net/vill.ooshika.nagano/reiki_honbun/e765RG00000012.html
e765RG00000013,大鹿村議会傍聴規則,議会規則,規則,議会規則第11号,1987-03-24,昭和62年3月24日,2025-03-26,令和7年3月26日 議会規則第1号,2,2025,第2編 議会,,近隣とほぼ同文,0.99,https://www1.g-reiki.net/vill.ooshika.nagano/reiki_honbun/e765RG00000013.html
e765RG00000014,大鹿村定住自立圏形成協定の議決に関する条例,条例,条例,条例第15号,2009-06-22,平成21年6月22日,,,0,2009,第2編 議会,,近隣とほぼ同文,0.97,https://www1.g-reiki.net/vill.ooshika.nagano/reiki_honbun/e765RG00000014.html
e765RG00000553,大鹿村議会の個人情報の保護に関する条例,条例,条例,条例第12号,2023-03-24,令和5年3月24日,2025-03-14,令和7年3月14日 条例第9号,2,2025,第2編 議会,,近隣とほぼ同文,1.00,https://www1.g-reiki.net/vill.ooshika.nagano/reiki_honbun/e765RG00000553.html
e765RG00000564,大鹿村議会議員の請負の状況の公表に関する条例,条例,条例,条例第9号,2024-03-15,令和6年3月15日,,,0,2024,第2編 議会,,近隣とほぼ同文,1.00,https://www1.g-reiki.net/vill.ooshika.nagano/reiki_honbun/e765RG00000564.html
e765RG00000567,大鹿村議会の個人情報の保護に関する条例施行規程,議会規程,規程・その他,議会規程第2号,2024-03-15,令和6年3月15日,2025-03-26,令和7年3月26日 議会規程第2号,3,2025,第2編 議会,,近隣とほぼ同文,0.99,https://www1.g-reiki.net/vill.ooshika.nagano/reiki_honbun/e765RG00000567.html
e765RG00000568,大鹿村議会議員の請負の状況の公表に関する条例施行規程,議会規程,規程・その他,議会規程第3号,2024-03-15,令和6年3月15日,,,0,2024,第2編 議会,,近隣とほぼ同文,1.00,https://www1.g-reiki.net/vill.ooshika.nagano/reiki_honbun/e765RG00000568.html
e765RG00000569,大鹿村議会会議規則に係る情報通信技術の活用に関する規程,議会規程,規程・その他,議会規程第4号,2024-03-15,令和6年3月15日,,,0,2024,第2編 議会,,近隣に対応なし,,https://www1.g-reiki.net/vill.ooshika.nagano/reiki_honbun/e765RG00000569.html
e765RG00000574,大鹿村議会事務局設置条例,条例,条例,条例第19号,2024-09-13,令和6年9月13日,,,0,2024,第2編 議会,,近隣とほぼ同文,0.98,https://www1.g-reiki.net/vill.ooshika.nagano/reiki_honbun/e765RG00000574.html
e765RG00000599,大鹿村議会基本条例,条例,条例,条例第1号,2026-03-13,令和8年3月13日,,,0,2026,第2編 議会,,近隣に類似名あり・本文は異なる,0.77,https://www1.g-reiki.net/vill.ooshika.nagano/reiki_honbun/e765RG00000599.html
e765RG00000015,ポスター掲示場の設置に関する条例,条例,条例,条例第11号,1987-03-16,昭和62年3月16日,,,0,1987,第3編 行政委員会,第2章 選挙管理委員会,近隣とほぼ同文,0.99,https://www1.g-reiki.net/vill.ooshika.nagano/reiki_honbun/e765RG00000015.html
e765RG00000016,ポスター掲示場の設置に関する規程,選挙管理委員会規程,規程・その他,選挙管理委員会規程第1号,1987-04-01,昭和62年4月1日,,,0,1987,第3編 行政委員会,第2章 選挙管理委員会,近隣とほぼ同文,1.00,https://www1.g-reiki.net/vill.ooshika.nagano/reiki_honbun/e765RG00000016.html
e765RG00000018,大鹿村選挙管理委員会規程,選挙管理委員会規程,規程・その他,選挙管理委員会規程第2号,1958-04-01,昭和33年4月1日,2007-03-16,平成19年3月16日 選挙管理委員会規程第1号,2,2007,第3編 行政委員会,第2章 選挙管理委員会,近隣に類似名あり・本文は異なる,0.47,https://www1.g-reiki.net/vill.ooshika.nagano/reiki_honbun/e765RG00000018.html
e765RG00000019,大鹿村選挙管理委員会委員長専決規程,選挙管理委員会規程,規程・その他,選挙管理委員会規程第3号,1958-04-01,昭和33年4月1日,,,0,1958,第3編 行政委員会,第2章 選挙管理委員会,近隣に対応なし,,https://www1.g-reiki.net/vill.ooshika.nagano/reiki_honbun/e765RG00000019.html
e765RG00000020,選挙公報の発行に関する条例,条例,条例,条例第17号,2004-12-17,平成16年12月17日,,,0,2004,第3編 行政委員会,第2章 選挙管理委員会,近隣とほぼ同文,0.96,https://www1.g-reiki.net/vill.ooshika.nagano/reiki_honbun/e765RG00000020.html
e765RG00000021,選挙公報の発行に関する規程,選挙管理委員会規程,規程・その他,選挙管理委員会規程第1号,2004-12-17,平成16年12月17日,,,0,2004,第3編 行政委員会,第2章 選挙管理委員会,近隣とほぼ同文,0.98,https://www1.g-reiki.net/vill.ooshika.nagano/reiki_honbun/e765RG00000021.html
e765RG00000022,選挙運動用ビラの頒布に関する規程,規程,規程・その他,規程第3号,2010-03-19,平成22年3月19日,2020-12-18,令和2年12月18日 規程第3号,1,2020,第3編 行政委員会,第2章 選挙管理委員会,近隣とほぼ同文,1.00,https://www1.g-reiki.net/vill.ooshika.nagano/reiki_honbun/e765RG00000022.html
e765RG00000023,大鹿村選挙人名簿抄本閲覧規程,規程,規程・その他,規程第5号,2011-12-05,平成23年12月5日,,,0,2011,第3編 行政委員会,第2章 選挙管理委員会,近隣とほぼ同文,0.99,https://www1.g-reiki.net/vill.ooshika.nagano/reiki_honbun/e765RG00000023.html
e765RG00000024,大鹿村議会議員及び大鹿村長の選挙における選挙運動の公費負担に関する条例,条例,条例,条例第18号,2020-12-18,令和2年12月18日,2025-09-16,令和7年9月16日 条例第19号,2,2025,第3編 行政委員会,第2章 選挙管理委員会,近隣とほぼ同文,1.00,https://www1.g-reiki.net/vill.ooshika.nagano/reiki_honbun/e765RG00000024.html
e765RG00000579,選挙運動に従事する者並びに労務者に対する実費弁償の額及び報酬の額を定める規程,選挙管理委員会規程,規程・その他,選挙管理委員会規程第1号,2024-12-16,令和6年12月16日,2025-06-16,令和7年6月16日 規程第2号,1,2025,第3編 行政委員会,第2章 選挙管理委員会,近隣に対応なし,,https://www1.g-reiki.net/vill.ooshika.nagano/reiki_honbun/e765RG00000579.html
e765RG00000025,大鹿村監査委員条例,条例,条例,条例第4号,1978-03-25,昭和53年3月25日,2024-03-27,令和6年3月27日 条例第12号,3,2024,第3編 行政委員会,第3章 監査委員,近隣に類似名あり・本文は異なる,0.89,https://www1.g-reiki.net/vill.ooshika.nagano/reiki_honbun/e765RG00000025.html
e765RG00000573,大鹿村監査基準,要領,要綱・要領,要領第1号,2024-06-14,令和6年6月14日,2025-12-15,令和7年12月15日 要領第4号,2,2025,第3編 行政委員会,第3章 監査委員,近隣とほぼ同文,0.99,https://www1.g-reiki.net/vill.ooshika.nagano/reiki_honbun/e765RG00000573.html
e765RG00000026,大鹿村農業委員会の委員等の定数を定める条例,条例,条例,条例第7号,2017-03-17,平成29年3月17日,,,0,2017,第3編 行政委員会,第4章 農業委員会,近隣に対応なし,,https://www1.g-reiki.net/vill.ooshika.nagano/reiki_honbun/e765RG00000026.html
e765RG00000027,大鹿村農業委員会の委員選任に関する規則,規則,規則,規則第2号,2017-03-17,平成29年3月17日,,,0,2017,第3編 行政委員会,第4章 農業委員会,近隣に類似名あり・本文は異なる,0.41,https://www1.g-reiki.net/vill.ooshika.nagano/reiki_honbun/e765RG00000027.html
e765RG00000028,大鹿村農業委員候補者評価委員会規則,規則,規則,規則第3号,2017-03-17,平成29年3月17日,,,0,2017,第3編 行政委員会,第4章 農業委員会,近隣に対応なし,,https://www1.g-reiki.net/vill.ooshika.nagano/reiki_honbun/e765RG00000028.html
e765RG00000029,大鹿村農業委員会の農地利用最適化推進委員の委嘱に関する規則,規則,規則,規則第4号,2017-03-17,平成29年3月17日,,,0,2017,第3編 行政委員会,第4章 農業委員会,近隣に類似名あり・本文は異なる,0.40,https://www1.g-reiki.net/vill.ooshika.nagano/reiki_honbun/e765RG00000029.html
e765RG00000030,大鹿村農業委員会会議規則,農業委員会規則,規則,農業委員会規則第1号,1966-04-01,昭和41年4月1日,2000-03-17,平成12年3月17日 農業委員会規則第1号,1,2000,第3編 行政委員会,第4章 農業委員会,近隣に類似名あり・本文は異なる,0.69,https://www1.g-reiki.net/vill.ooshika.nagano/reiki_honbun/e765RG00000030.html
e765RG00000031,固定資産評価審査委員会条例,条例,条例,条例第3号,1951-10-31,昭和26年10月31日,2021-03-30,令和3年3月30日 条例第8号,6,2021,第3編 行政委員会,第5章 固定資産評価審査委員会,近隣とほぼ同文,0.99,https://www1.g-reiki.net/vill.ooshika.nagano/reiki_honbun/e765RG00000031.html
e765RG00000032,固定資産評価審査委員会規程,規程,規程・その他,規程第5号,1951-03-23,昭和26年3月23日,2016-03-16,平成28年3月16日 規程第1号,1,2016,第3編 行政委員会,第5章 固定資産評価審査委員会,近隣とほぼ同文,0.98,https://www1.g-reiki.net/vill.ooshika.nagano/reiki_honbun/e765RG00000032.html
e765RG00000033,大鹿村課設置条例,条例,条例,条例第13号,2011-06-20,平成23年6月20日,,,0,2011,第4編 行政一般,第1章 組織,近隣に類似名あり・本文は異なる,0.86,https://www1.g-reiki.net/vill.ooshika.nagano/reiki_honbun/e765RG00000033.html
e765RG00000034,大鹿村組織規則,規則,規則,規則第1号,1969-04-01,昭和44年4月1日,2024-03-27,令和6年3月27日 規則第5号,26,2024,第4編 行政一般,第1章 組織,近隣に類似名あり・本文は異なる,0.22,https://www1.g-reiki.net/vill.ooshika.nagano/reiki_honbun/e765RG00000034.html
e765RG00000035,副村長の定数を定める条例,条例,条例,条例第2号,2007-03-16,平成19年3月16日,,,0,2007,第4編 行政一般,第1章 組織,近隣とほぼ同文,1.00,https://www1.g-reiki.net/vill.ooshika.nagano/reiki_honbun/e765RG00000035.html
e765RG00000036,会計管理者の補助組織設置規則,規則,規則,規則第2号,1962-10-01,昭和37年10月1日,2013-03-18,平成25年3月18日 規則第5号,4,2013,第4編 行政一般,第1章 組織,近隣に類似名あり・本文は異なる,0.57,https://www1.g-reiki.net/vill.ooshika.nagano/reiki_honbun/e765RG00000036.html
e765RG00000037,大鹿村総合振興計画策定委員会設置条例,条例,条例,条例第14号,1981-03-23,昭和56年3月23日,2007-03-16,平成19年3月16日 条例第9号,1,2007,第4編 行政一般,第2章 附属機関・内部委員会,近隣に対応なし,,https://www1.g-reiki.net/vill.ooshika.nagano/reiki_honbun/e765RG00000037.html
e765RG00000038,大鹿村行政改革推進委員会設置条例,条例,条例,条例第1号,1985-05-28,昭和60年5月28日,,,0,1985,第4編 行政一般,第2章 附属機関・内部委員会,近隣に類似名あり・本文は異なる,0.71,https://www1.g-reiki.net/vill.ooshika.nagano/reiki_honbun/e765RG00000038.html
e765RG00000039,大鹿村合併問題研究委員会設置要綱,要綱,要綱・要領,要綱第8号,2003-03-17,平成15年3月17日,,,0,2003,第4編 行政一般,第2章 附属機関・内部委員会,近隣に対応なし,,https://www1.g-reiki.net/vill.ooshika.nagano/reiki_honbun/e765RG00000039.html
e765RG00000040,大鹿村法令審査委員会規程,規程,規程・その他,規程第1号,1971-04-01,昭和46年4月1日,2024-03-27,令和6年3月27日 規程第6号,6,2024,第4編 行政一般,第2章 附属機関・内部委員会,近隣に対応なし,,https://www1.g-reiki.net/vill.ooshika.nagano/reiki_honbun/e765RG00000040.html
e765RG00000041,大鹿村考査委員会設置要綱,訓令,規程・その他,訓令第2号,1978-09-11,昭和53年9月11日,2007-03-16,平成19年3月16日 要綱第1号,4,2007,第4編 行政一般,第2章 附属機関・内部委員会,近隣に対応なし,,https://www1.g-reiki.net/vill.ooshika.nagano/reiki_honbun/e765RG00000041.html
e765RG00000518,大鹿村村づくり検討委員会設置要綱,要綱,要綱・要領,要綱第12号,2021-07-30,令和3年7月30日,,,0,2021,第4編 行政一般,第2章 附属機関・内部委員会,近隣に対応なし,,https://www1.g-reiki.net/vill.ooshika.nagano/reiki_honbun/e765RG00000518.html
e765RG00000042,大鹿村村長の職務代理者の指定に関する規則,規則,規則,規則第2号,1961-11-03,昭和36年11月3日,2021-09-17,令和3年9月17日 規則第6号,16,2021,第4編 行政一般,第3章 庶務,近隣とほぼ同文,0.98,https://www1.g-reiki.net/vill.ooshika.nagano/reiki_honbun/e765RG00000042.html
e765RG00000043,大鹿村村長の職務を行う者の順位に関する規則,規則,規則,規則第2号,1978-03-01,昭和53年3月1日,2007-03-16,平成19年3月16日 規則第2号,4,2007,第4編 行政一般,第3章 庶務,近隣に類似名あり・本文は異なる,0.77,https://www1.g-reiki.net/vill.ooshika.nagano/reiki_honbun/e765RG00000043.html
e765RG00000044,大鹿村事務処理規則,規則,規則,規則第5号,1979-03-25,昭和54年3月25日,2025-03-26,令和7年3月26日 規則第5号,16,2025,第4編 行政一般,第3章 庶務,近隣とほぼ同文,0.95,https://www1.g-reiki.net/vill.ooshika.nagano/reiki_honbun/e765RG00000044.html
e765RG00000045,大鹿村役場庁内取締規則,規則,規則,規則第3号,1962-10-01,昭和37年10月1日,1986-04-01,昭和61年4月1日 規則第3号,1,1986,第4編 行政一般,第3章 庶務,近隣に対応なし,,https://www1.g-reiki.net/vill.ooshika.nagano/reiki_honbun/e765RG00000045.html
e765RG00000046,大鹿村公用車管理規程,規程,規程・その他,規程第13号,1974-09-01,昭和49年9月1日,2003-03-17,平成15年3月17日 規程第8号,2,2003,第4編 行政一般,第3章 庶務,近隣に類似名あり・本文は異なる,0.38,https://www1.g-reiki.net/vill.ooshika.nagano/reiki_honbun/e765RG00000046.html
e765RG00000047,大鹿村車両の管理運行に関する要綱,訓令,規程・その他,訓令第4号,1978-09-11,昭和53年9月11日,,,0,1978,第4編 行政一般,第3章 庶務,近隣に対応なし,,https://www1.g-reiki.net/vill.ooshika.nagano/reiki_honbun/e765RG00000047.html
e765RG00000048,職員自家用車の公務使用取扱要綱,訓令,規程・その他,訓令第5号,1978-09-11,昭和53年9月11日,2002-09-25,平成14年9月25日 要綱第4号,3,2002,第4編 行政一般,第3章 庶務,近隣に類似名あり・本文は異なる,0.49,https://www1.g-reiki.net/vill.ooshika.nagano/reiki_honbun/e765RG00000048.html
e765RG00000049,損害賠償審査要領,訓令,規程・その他,訓令第6号,1978-09-11,昭和53年9月11日,,,0,1978,第4編 行政一般,第3章 庶務,近隣に対応なし,,https://www1.g-reiki.net/vill.ooshika.nagano/reiki_honbun/e765RG00000049.html
e765RG00000050,大鹿村最低制限価格制度実施要綱,要綱,要綱・要領,要綱第2号,2017-03-17,平成29年3月17日,2021-03-30,令和3年3月30日 要綱第7号,1,2021,第4編 行政一般,第3章 庶務,近隣とほぼ同文,0.90,https://www1.g-reiki.net/vill.ooshika.nagano/reiki_honbun/e765RG00000050.html
e765RG00000051,大鹿村公募型指名競争入札実施要綱,要綱,要綱・要領,要綱第4号,2017-08-01,平成29年8月1日,2019-06-19,令和元年6月19日 要綱第17号,1,2019,第4編 行政一般,第3章 庶務,近隣に対応なし,,https://www1.g-reiki.net/vill.ooshika.nagano/reiki_honbun/e765RG00000051.html
e765RG00000523,村長の専決事項の指定について,議決,規程・その他,議決,2011-09-20,平成23年9月20日,,,0,2011,第4編 行政一般,第3章 庶務,近隣に類似名あり・本文は異なる,0.62,https://www1.g-reiki.net/vill.ooshika.nagano/reiki_honbun/e765RG00000523.html
e765RG00000052,大鹿村文書事務処理規程,規程,規程・その他,規程第3号,1967-04-01,昭和42年4月1日,1987-04-01,昭和62年4月1日 規程第2号,1,1987,第4編 行政一般,第4章 文書・公印,近隣とほぼ同文,0.99,https://www1.g-reiki.net/vill.ooshika.nagano/reiki_honbun/e765RG00000052.html
e765RG00000053,大鹿村文書整理保存規程,規程,規程・その他,規程第4号,1967-04-01,昭和42年4月1日,,,0,1967,第4編 行政一般,第4章 文書・公印,近隣とほぼ同文,0.98,https://www1.g-reiki.net/vill.ooshika.nagano/reiki_honbun/e765RG00000053.html
e765RG00000054,文書の分類整理保存に関する取扱いについて,通達,規程・その他,通達第1号,1979-03-26,昭和54年3月26日,,,0,1979,第4編 行政一般,第4章 文書・公印,近隣に対応なし,,https://www1.g-reiki.net/vill.ooshika.nagano/reiki_honbun/e765RG00000054.html
e765RG00000055,大鹿村条例の形式を左横書きに改正する条例,条例,条例,条例第10号,1967-04-01,昭和42年4月1日,,,0,1967,第4編 行政一般,第4章 文書・公印,近隣とほぼ同文,0.98,https://www1.g-reiki.net/vill.ooshika.nagano/reiki_honbun/e765RG00000055.html
e765RG00000056,大鹿村条例等の用字用語等の整備に伴う措置に関する条例,条例,条例,条例第25号,2002-12-19,平成14年12月19日,,,0,2002,第4編 行政一般,第4章 文書・公印,近隣に類似名あり・本文は異なる,0.33,https://www1.g-reiki.net/vill.ooshika.nagano/reiki_honbun/e765RG00000056.html
e765RG00000057,大鹿村公印規程,規程,規程・その他,規程第12号,1967-04-01,昭和42年4月1日,2011-08-31,平成23年8月31日 規程第3号,7,2011,第4編 行政一般,第4章 文書・公印,近隣に類似名あり・本文は異なる,0.22,https://www1.g-reiki.net/vill.ooshika.nagano/reiki_honbun/e765RG00000057.html
e765RG00000058,大鹿村行政手続条例,条例,条例,条例第22号,1996-03-21,平成8年3月21日,2000-03-17,平成12年3月17日 条例第19号,1,2000,第4編 行政一般,第5章 行政手続,近隣とほぼ同文,0.99,https://www1.g-reiki.net/vill.ooshika.nagano/reiki_honbun/e765RG00000058.html
e765RG00000059,大鹿村行政手続における特定の個人を識別するための番号の利用等に関する法律に基づく個人番号の利用に関する条例,条例,条例,条例第20号,2015-12-16,平成27年12月16日,2025-09-16,令和7年9月16日 条例第17号,3,2025,第4編 行政一般,第5章 行政手続,近隣とほぼ同文,0.95,https://www1.g-reiki.net/vill.ooshika.nagano/reiki_honbun/e765RG00000059.html
e765RG00000060,大鹿村公文書公開条例,条例,条例,条例第6号,1999-03-18,平成11年3月18日,2024-03-15,令和6年3月15日 条例第4号,4,2024,第4編 行政一般,第6章 情報公開・情報保護,近隣に類似名あり・本文は異なる,0.89,https://www1.g-reiki.net/vill.ooshika.nagano/reiki_honbun/e765RG00000060.html
e765RG00000061,大鹿村公文書公開条例施行規則,規則,規則,規則第3号,1999-03-18,平成11年3月18日,,,0,1999,第4編 行政一般,第6章 情報公開・情報保護,近隣とほぼ同文,0.93,https://www1.g-reiki.net/vill.ooshika.nagano/reiki_honbun/e765RG00000061.html
e765RG00000063,大鹿村公文書の公開の請求に対する諾否の決定に係る意見聴取等に関する要綱,要綱,要綱・要領,要綱第4号,1999-03-18,平成11年3月18日,,,0,1999,第4編 行政一般,第6章 情報公開・情報保護,近隣とほぼ同文,1.00,https://www1.g-reiki.net/vill.ooshika.nagano/reiki_honbun/e765RG00000063.html
e765RG00000065,大鹿村住民基本台帳ネットワークシステムのセキュリティ対策要綱,要綱,要綱・要領,要綱第3号,2002-08-05,平成14年8月5日,2023-03-16,令和5年3月16日 要綱第1号,8,2023,第4編 行政一般,第6章 情報公開・情報保護,近隣とほぼ同文,0.90,https://www1.g-reiki.net/vill.ooshika.nagano/reiki_honbun/e765RG00000065.html
e765RG00000066,大鹿村人事行政の運営等の状況の公表に関する条例,条例,条例,条例第3号,2005-03-16,平成17年3月16日,2022-12-16,令和4年12月16日 条例第21号,3,2022,第4編 行政一般,第6章 情報公開・情報保護,近隣とほぼ同文,0.97,https://www1.g-reiki.net/vill.ooshika.nagano/reiki_honbun/e765RG00000066.html
e765RG00000551,大鹿村個人情報保護法施行条例,条例,条例,条例第7号,2023-03-16,令和5年3月16日,,,0,2023,第4編 行政一般,第6章 情報公開・情報保護,近隣とほぼ同文,0.98,https://www1.g-reiki.net/vill.ooshika.nagano/reiki_honbun/e765RG00000551.html
e765RG00000552,大鹿村公文書公開等審査会条例,条例,条例,条例第8号,2023-03-16,令和5年3月16日,,,0,2023,第4編 行政一般,第6章 情報公開・情報保護,近隣に対応なし,,https://www1.g-reiki.net/vill.ooshika.nagano/reiki_honbun/e765RG00000552.html
e765RG00000554,大鹿村個人情報保護法施行規則,規則,規則,規則第4号,2023-03-16,令和5年3月16日,,,0,2023,第4編 行政一般,第6章 情報公開・情報保護,近隣とほぼ同文,0.99,https://www1.g-reiki.net/vill.ooshika.nagano/reiki_honbun/e765RG00000554.html
e765RG00000555,大鹿村公文書公開等審査会規則,規則,規則,規則第5号,2023-03-16,令和5年3月16日,,,0,2023,第4編 行政一般,第6章 情報公開・情報保護,近隣に類似名あり・本文は異なる,0.35,https://www1.g-reiki.net/vill.ooshika.nagano/reiki_honbun/e765RG00000555.html
e765RG00000067,大鹿村職員定数条例,条例,条例,条例第7号,1958-07-12,昭和33年7月12日,2024-03-27,令和6年3月27日 条例第13号,14,2024,第5編 人事,第1章 定数・任用,近隣に類似名あり・本文は異なる,0.61,https://www1.g-reiki.net/vill.ooshika.nagano/reiki_honbun/e765RG00000067.html
e765RG00000069,公益的法人等への職員の派遣等に関する条例,条例,条例,条例第4号,2002-03-18,平成14年3月18日,2022-12-16,令和4年12月16日 条例第21号,4,2022,第5編 人事,第1章 定数・任用,近隣に類似名あり・本文は異なる,0.63,https://www1.g-reiki.net/vill.ooshika.nagano/reiki_honbun/e765RG00000069.html
e765RG00000070,公益的法人等への職員の派遣等に関する規則,規則,規則,規則第3号,2002-03-18,平成14年3月18日,2008-09-24,平成20年9月24日 規則第8号,1,2008,第5編 人事,第1章 定数・任用,近隣に類似名あり・本文は異なる,0.74,https://www1.g-reiki.net/vill.ooshika.nagano/reiki_honbun/e765RG00000070.html
e765RG00000072,大鹿村職員の退職管理に関する規則,規則,規則,規則第9号,2016-07-01,平成28年7月1日,,,0,2016,第5編 人事,第1章 定数・任用,近隣とほぼ同文,0.92,https://www1.g-reiki.net/vill.ooshika.nagano/reiki_honbun/e765RG00000072.html
e765RG00000546,大鹿村年齢60年以上退職者の定年前再任用に関する規則,規則,規則,規則第14号,2022-12-16,令和4年12月16日,,,0,2022,第5編 人事,第1章 定数・任用,近隣とほぼ同文,0.98,https://www1.g-reiki.net/vill.ooshika.nagano/reiki_honbun/e765RG00000546.html
e765RG00000547,大鹿村定年退職者等の暫定再任用に関する規則,規則,規則,規則第15号,2022-12-16,令和4年12月16日,,,0,2022,第5編 人事,第1章 定数・任用,近隣とほぼ同文,0.98,https://www1.g-reiki.net/vill.ooshika.nagano/reiki_honbun/e765RG00000547.html
e765RG00000073,職員の分限に関する条例,条例,条例,条例第7号,1959-03-31,昭和34年3月31日,2026-03-13,令和8年3月13日 条例第2号,7,2026,第5編 人事,第2章 分限・懲戒,近隣に類似名あり・本文は異なる,0.85,https://www1.g-reiki.net/vill.ooshika.nagano/reiki_honbun/e765RG00000073.html
e765RG00000074,職員の分限に関する規則,規則,規則,規則第3号,1995-09-29,平成7年9月29日,2003-03-17,平成15年3月17日 規則第1号,1,2003,第5編 人事,第2章 分限・懲戒,近隣に類似名あり・本文は異なる,0.80,https://www1.g-reiki.net/vill.ooshika.nagano/reiki_honbun/e765RG00000074.html
e765RG00000075,職員の定年等に関する条例,条例,条例,条例第5号,1984-10-05,昭和59年10月5日,2022-12-16,令和4年12月16日 条例第20号,2,2022,第5編 人事,第2章 分限・懲戒,近隣とほぼ同文,0.99,https://www1.g-reiki.net/vill.ooshika.nagano/reiki_honbun/e765RG00000075.html
e765RG00000077,職員の交通事故等に係る懲戒処分の基準を定める要綱,要綱,要綱・要領,要綱第11号,2006-12-14,平成18年12月14日,,,0,2006,第5編 人事,第2章 分限・懲戒,近隣に対応なし,,https://www1.g-reiki.net/vill.ooshika.nagano/reiki_honbun/e765RG00000077.html
e765RG00000078,職員の懲戒に関する条例,条例,条例,条例第8号,1959-03-31,昭和34年3月31日,2022-12-16,令和4年12月16日 条例第21号,2,2022,第5編 人事,第2章 分限・懲戒,近隣とほぼ同文,0.93,https://www1.g-reiki.net/vill.ooshika.nagano/reiki_honbun/e765RG00000078.html
e765RG00000544,大鹿村職員の定年に関する規則,規則,規則,規則第11号,2022-12-16,令和4年12月16日,,,0,2022,第5編 人事,第2章 分限・懲戒,近隣とほぼ同文,0.97,https://www1.g-reiki.net/vill.ooshika.nagano/reiki_honbun/e765RG00000544.html
e765RG00000545,大鹿村管理監督職勤務上限年齢による降任等に関する規則,規則,規則,規則第13号,2022-12-16,令和4年12月16日,,,0,2022,第5編 人事,第2章 分限・懲戒,近隣とほぼ同文,0.99,https://www1.g-reiki.net/vill.ooshika.nagano/reiki_honbun/e765RG00000545.html
e765RG00000549,大鹿村年齢60年に達する職員に対する情報の提供及び勤務の意思の確認に関する規則,規則,規則,規則第17号,2022-12-16,令和4年12月16日,,,0,2022,第5編 人事,第2章 分限・懲戒,近隣とほぼ同文,1.00,https://www1.g-reiki.net/vill.ooshika.nagano/reiki_honbun/e765RG00000549.html
e765RG00000079,職員の服務の宣誓に関する条例,条例,条例,条例第18号,1952-11-29,昭和27年11月29日,,,0,1952,第5編 人事,第3章 服務,近隣とほぼ同文,0.94,https://www1.g-reiki.net/vill.ooshika.nagano/reiki_honbun/e765RG00000079.html
e765RG00000080,職員服務規程,規程,規程・その他,規程第6号の2,1967-04-01,昭和42年4月1日,2024-03-15,令和6年3月15日 規程第1号,4,2024,第5編 人事,第3章 服務,近隣に類似名あり・本文は異なる,0.75,https://www1.g-reiki.net/vill.ooshika.nagano/reiki_honbun/e765RG00000080.html
e765RG00000081,職務に専念する義務の特例に関する条例,条例,条例,条例第17号,1952-11-29,昭和27年11月29日,,,0,1952,第5編 人事,第3章 服務,近隣に類似名あり・本文は異なる,0.84,https://www1.g-reiki.net/vill.ooshika.nagano/reiki_honbun/e765RG00000081.html
e765RG00000082,職務に専念する義務の特例に関する規則,規則,規則,規則第11号,1990-02-20,平成2年2月20日,,,0,1990,第5編 人事,第3章 服務,近隣に類似名あり・本文は異なる,0.38,https://www1.g-reiki.net/vill.ooshika.nagano/reiki_honbun/e765RG00000082.html
e765RG00000083,営利企業等の従事制限に関する規則,規則,規則,規則第6号,1967-04-01,昭和42年4月1日,,,0,1967,第5編 人事,第3章 服務,近隣とほぼ同文,1.00,https://www1.g-reiki.net/vill.ooshika.nagano/reiki_honbun/e765RG00000083.html
e765RG00000084,非常心得,訓令,規程・その他,訓令第2号,1967-04-01,昭和42年4月1日,2007-03-16,平成19年3月16日 要綱第1号,3,2007,第5編 人事,第3章 服務,近隣とほぼ同文,0.96,https://www1.g-reiki.net/vill.ooshika.nagano/reiki_honbun/e765RG00000084.html
e765RG00000085,日宿直規程,規程,規程・その他,規程第11号,1967-04-01,昭和42年4月1日,2025-12-15,令和7年12月15日 規程第3号,5,2025,第5編 人事,第3章 服務,近隣に類似名あり・本文は異なる,0.47,https://www1.g-reiki.net/vill.ooshika.nagano/reiki_honbun/e765RG00000085.html
e765RG00000086,職員団体のための職員の行為の制限の特例に関する条例,条例,条例,条例第16号,1966-08-12,昭和41年8月12日,1995-03-22,平成7年3月22日 条例第18号,1,1995,第5編 人事,第3章 服務,近隣とほぼ同文,0.98,https://www1.g-reiki.net/vill.ooshika.nagano/reiki_honbun/e765RG00000086.html
e765RG00000087,職員の勤務時間及び休暇等に関する条例,条例,条例,条例第18号,1995-03-22,平成7年3月22日,2025-12-15,令和7年12月15日 条例第24号,12,2025,第5編 人事,第4章 勤務条件,近隣とほぼ同文,0.90,https://www1.g-reiki.net/vill.ooshika.nagano/reiki_honbun/e765RG00000087.html
e765RG00000088,職員の勤務時間及び休暇等に関する規則,規則,規則,規則第11号,1995-03-22,平成7年3月22日,2025-12-15,令和7年12月15日 規則第16号,23,2025,第5編 人事,第4章 勤務条件,近隣に類似名あり・本文は異なる,0.85,https://www1.g-reiki.net/vill.ooshika.nagano/reiki_honbun/e765RG00000088.html
e765RG00000089,職員の勤務時間及び休暇等に関する条例の特例を定める条例,条例,条例,条例第8号,1989-02-20,平成元年2月20日,,,0,1989,第5編 人事,第4章 勤務条件,近隣に類似名あり・本文は異なる,0.01,https://www1.g-reiki.net/vill.ooshika.nagano/reiki_honbun/e765RG00000089.html
e765RG00000090,大鹿村職員の勤務時間に関する規程,規程,規程・その他,規程第6号,1967-01-05,昭和42年1月5日,2010-03-19,平成22年3月19日 規程第4号,3,2010,第5編 人事,第4章 勤務条件,近隣に類似名あり・本文は異なる,0.43,https://www1.g-reiki.net/vill.ooshika.nagano/reiki_honbun/e765RG00000090.html
e765RG00000091,職員の育児休業等に関する条例,条例,条例,条例第19号,1992-03-17,平成4年3月17日,2025-12-15,令和7年12月15日 条例第24号,11,2025,第5編 人事,第4章 勤務条件,近隣とほぼ同文,0.96,https://www1.g-reiki.net/vill.ooshika.nagano/reiki_honbun/e765RG00000091.html
e765RG00000092,職員の育児休業等に関する規則,規則,規則,規則第10号,1992-03-31,平成4年3月31日,2025-12-15,令和7年12月15日 規則第16号,7,2025,第5編 人事,第4章 勤務条件,近隣に類似名あり・本文は異なる,0.76,https://www1.g-reiki.net/vill.ooshika.nagano/reiki_honbun/e765RG00000092.html
e765RG00000522,大鹿村会計年度任用職員の勤務時間、休暇等に関する規則,規則,規則,規則第10号,2021-12-20,令和3年12月20日,,,0,2021,第5編 人事,第4章 勤務条件,近隣に類似名あり・本文は異なる,0.27,https://www1.g-reiki.net/vill.ooshika.nagano/reiki_honbun/e765RG00000522.html
e765RG00000093,大鹿村職員互助団体に関する条例,条例,条例,条例第23号,1986-03-20,昭和61年3月20日,,,0,1986,第5編 人事,第5章 福利厚生,近隣とほぼ同文,0.99,https://www1.g-reiki.net/vill.ooshika.nagano/reiki_honbun/e765RG00000093.html
e765RG00000094,被服貸与規則,規則,規則,規則第6号,1980-05-01,昭和55年5月1日,1997-12-25,平成9年12月25日 規則第18号,2,1997,第5編 人事,第5章 福利厚生,近隣に類似名あり・本文は異なる,0.59,https://www1.g-reiki.net/vill.ooshika.nagano/reiki_honbun/e765RG00000094.html
e765RG00000095,大鹿村職員衛生健康管理規程,規程,規程・その他,規程第3号,1976-04-10,昭和51年4月10日,2003-03-17,平成15年3月17日 規程第8号,1,2003,第5編 人事,第5章 福利厚生,近隣に類似名あり・本文は異なる,0.32,https://www1.g-reiki.net/vill.ooshika.nagano/reiki_honbun/e765RG00000095.html
e765RG00000096,議会の議員の議員報酬及び費用弁償等に関する条例,条例,条例,条例第4号,1956-12-28,昭和31年12月28日,2025-12-15,令和7年12月15日 条例第22号,83,2025,第6編 給与,第1章 報酬等,近隣に類似名あり・本文は異なる,0.85,https://www1.g-reiki.net/vill.ooshika.nagano/reiki_honbun/e765RG00000096.html
e765RG00000097,特別職の職員で非常勤の者の報酬及び費用弁償に関する条例,条例,条例,条例第3号,1956-12-28,昭和31年12月28日,2025-09-16,令和7年9月16日 条例第20号,64,2025,第6編 給与,第1章 報酬等,近隣に類似名あり・本文は異なる,0.73,https://www1.g-reiki.net/vill.ooshika.nagano/reiki_honbun/e765RG00000097.html
e765RG00000098,特別職報酬等審議会条例,条例,条例,条例第15号,1967-12-28,昭和42年12月28日,2007-03-16,平成19年3月16日 条例第9号,2,2007,第6編 給与,第1章 報酬等,近隣とほぼ同文,0.96,https://www1.g-reiki.net/vill.ooshika.nagano/reiki_honbun/e765RG00000098.html
e765RG00000099,大鹿村特別職の職員で常勤の者の給与に関する条例,条例,条例,条例第7号,1957-12-27,昭和32年12月27日,2025-12-15,令和7年12月15日 条例第22号,71,2025,第6編 給与,第2章 給料・手当,近隣とほぼ同文,0.95,https://www1.g-reiki.net/vill.ooshika.nagano/reiki_honbun/e765RG00000099.html
e765RG00000100,一般職の職員の給与に関する条例,条例,条例,条例第6号,1957-12-27,昭和32年12月27日,2025-12-15,令和7年12月15日 条例第23号,96,2025,第6編 給与,第2章 給料・手当,近隣に類似名あり・本文は異なる,0.87,https://www1.g-reiki.net/vill.ooshika.nagano/reiki_honbun/e765RG00000100.html
e765RG00000101,大鹿村第1号会計年度任用職員の報酬、期末手当及び費用弁償に関する条例,条例,条例,条例第20号,2019-12-20,令和元年12月20日,2023-03-16,令和5年3月16日 条例第5号,2,2023,第6編 給与,第2章 給料・手当,近隣に対応なし,,https://www1.g-reiki.net/vill.ooshika.nagano/reiki_honbun/e765RG00000101.html
e765RG00000102,大鹿村第2号会計年度任用職員の給与等に関する条例,条例,条例,条例第21号,2019-12-20,令和元年12月20日,2023-03-16,令和5年3月16日 条例第6号,1,2023,第6編 給与,第2章 給料・手当,近隣に対応なし,,https://www1.g-reiki.net/vill.ooshika.nagano/reiki_honbun/e765RG00000102.html
e765RG00000103,一般職の職員の給与の特例に関する条例,条例,条例,条例第20号,2013-06-28,平成25年6月28日,,,0,2013,第6編 給与,第2章 給料・手当,近隣に類似名あり・本文は異なる,0.41,https://www1.g-reiki.net/vill.ooshika.nagano/reiki_honbun/e765RG00000103.html
e765RG00000104,一般職の職員の給与に関する条例の一部を改正する条例等の施行期日を定める規則,規則,規則,規則第14号,1974-12-25,昭和49年12月25日,,,0,1974,第6編 給与,第2章 給料・手当,近隣に類似名あり・本文は異なる,0.41,https://www1.g-reiki.net/vill.ooshika.nagano/reiki_honbun/e765RG00000104.html
e765RG00000105,一般職の職員の給与に関する条例の一部を改正する条例の施行期日を定める規則,規則,規則,規則第8号,1984-12-24,昭和59年12月24日,,,0,1984,第6編 給与,第2章 給料・手当,近隣に類似名あり・本文は異なる,0.28,https://www1.g-reiki.net/vill.ooshika.nagano/reiki_honbun/e765RG00000105.html
e765RG00000106,一般職の職員の給与に関する条例の一部を改正する条例の施行期日を定める規則,規則,規則,規則第8号,1986-12-23,昭和61年12月23日,,,0,1986,第6編 給与,第2章 給料・手当,近隣に類似名あり・本文は異なる,0.28,https://www1.g-reiki.net/vill.ooshika.nagano/reiki_honbun/e765RG00000106.html
e765RG00000107,一般職の職員の給与に関する条例の一部を改正する条例の施行期日を定める規則,規則,規則,規則第13号,1987-12-18,昭和62年12月18日,,,0,1987,第6編 給与,第2章 給料・手当,近隣に類似名あり・本文は異なる,0.28,https://www1.g-reiki.net/vill.ooshika.nagano/reiki_honbun/e765RG00000107.html
e765RG00000108,一般職の職員の給与に関する条例の一部を改正する条例の施行期日を定める規則,規則,規則,規則第3号,1988-12-24,昭和63年12月24日,,,0,1988,第6編 給与,第2章 給料・手当,近隣に類似名あり・本文は異なる,0.28,https://www1.g-reiki.net/vill.ooshika.nagano/reiki_honbun/e765RG00000108.html
e765RG00000109,一般職の職員の給与に関する条例の一部を改正する条例等の施行期日を定める規則,規則,規則,規則第4号,1991-12-25,平成3年12月25日,,,0,1991,第6編 給与,第2章 給料・手当,近隣に類似名あり・本文は異なる,0.39,https://www1.g-reiki.net/vill.ooshika.nagano/reiki_honbun/e765RG00000109.html
e765RG00000110,一般職の職員の給与の支給に関する規則,規則,規則,規則第1号,1957-12-28,昭和32年12月28日,2026-03-13,令和8年3月13日 規則第2号,62,2026,第6編 給与,第2章 給料・手当,近隣に類似名あり・本文は異なる,0.76,https://www1.g-reiki.net/vill.ooshika.nagano/reiki_honbun/e765RG00000110.html
e765RG00000111,大鹿村第1号会計年度任用職員の報酬、期末手当及び費用弁償に関する規則,規則,規則,規則第12号,2019-12-20,令和元年12月20日,2024-03-27,令和6年3月27日 規則第7号,2,2024,第6編 給与,第2章 給料・手当,近隣に対応なし,,https://www1.g-reiki.net/vill.ooshika.nagano/reiki_honbun/e765RG00000111.html
e765RG00000112,大鹿村第2号会計年度任用職員の給料に係る級及び号給の決定に関する規則,規則,規則,規則第13号,2019-12-20,令和元年12月20日,,,0,2019,第6編 給与,第2章 給料・手当,近隣に対応なし,,https://www1.g-reiki.net/vill.ooshika.nagano/reiki_honbun/e765RG00000112.html
e765RG00000113,職員の給料の切替え等に関する規則,規則,規則,規則第15号,1986-01-25,昭和61年1月25日,,,0,1986,第6編 給与,第2章 給料・手当,近隣とほぼ同文,0.99,https://www1.g-reiki.net/vill.ooshika.nagano/reiki_honbun/e765RG00000113.html
e765RG00000114,職員の給料の切替え等に関する規則,規則,規則,規則第7号,1990-12-25,平成2年12月25日,,,0,1990,第6編 給与,第2章 給料・手当,近隣とほぼ同文,1.00,https://www1.g-reiki.net/vill.ooshika.nagano/reiki_honbun/e765RG00000114.html
e765RG00000115,給料の切替え等に関する規則,規則,規則,規則第5号,2006-03-31,平成18年3月31日,,,0,2006,第6編 給与,第2章 給料・手当,近隣に類似名あり・本文は異なる,0.86,https://www1.g-reiki.net/vill.ooshika.nagano/reiki_honbun/e765RG00000115.html
e765RG00000116,給料の切替えに伴い支給される給料に関する規則,規則,規則,規則第6号,2006-03-31,平成18年3月31日,2022-12-16,令和4年12月16日 規則第12号,1,2022,第6編 給与,第2章 給料・手当,近隣とほぼ同文,0.98,https://www1.g-reiki.net/vill.ooshika.nagano/reiki_honbun/e765RG00000116.html
e765RG00000117,一般職の職員の初任給、昇格、昇給等に関する規則,規則,規則,規則第6号,1972-03-14,昭和47年3月14日,2024-12-16,令和6年12月16日 規則第13号,42,2024,第6編 給与,第2章 給料・手当,近隣とほぼ同文,0.96,https://www1.g-reiki.net/vill.ooshika.nagano/reiki_honbun/e765RG00000117.html
e765RG00000118,期末手当及び勤勉手当の支給に関する規則,規則,規則,規則第5号,1964-04-01,昭和39年4月1日,2022-12-16,令和4年12月16日 規則第12号,26,2022,第6編 給与,第2章 給料・手当,近隣とほぼ同文,0.91,https://www1.g-reiki.net/vill.ooshika.nagano/reiki_honbun/e765RG00000118.html
e765RG00000119,一般職の職員の給与に関する条例附則第4項の規定による期末手当の支給に関する規則,規則,規則,規則第3号,1974-05-04,昭和49年5月4日,,,0,1974,第6編 給与,第2章 給料・手当,近隣に類似名あり・本文は異なる,0.87,https://www1.g-reiki.net/vill.ooshika.nagano/reiki_honbun/e765RG00000119.html
e765RG00000120,平成17年12月に支給する期末手当に関する特例措置に関する規則,規則,規則,規則第8号,2005-11-30,平成17年11月30日,,,0,2005,第6編 給与,第2章 給料・手当,近隣とほぼ同文,1.00,https://www1.g-reiki.net/vill.ooshika.nagano/reiki_honbun/e765RG00000120.html
e765RG00000121,職員の特殊勤務手当に関する条例,条例,条例,条例第25号,1974-09-24,昭和49年9月24日,2019-12-20,令和元年12月20日 条例第22号,8,2019,第6編 給与,第2章 給料・手当,近隣に類似名あり・本文は異なる,0.50,https://www1.g-reiki.net/vill.ooshika.nagano/reiki_honbun/e765RG00000121.html
e765RG00000122,職員の特殊勤務に関する規則,規則,規則,規則第1号,1979-03-25,昭和54年3月25日,2013-03-18,平成25年3月18日 規則第7号,3,2013,第6編 給与,第2章 給料・手当,近隣に類似名あり・本文は異なる,0.20,https://www1.g-reiki.net/vill.ooshika.nagano/reiki_honbun/e765RG00000122.html
e765RG00000548,大鹿村給与条例附則第11項の規定による給料月額に関する規則,規則,規則,規則第16号,2022-12-16,令和4年12月16日,,,0,2022,第6編 給与,第2章 給料・手当,近隣とほぼ同文,0.96,https://www1.g-reiki.net/vill.ooshika.nagano/reiki_honbun/e765RG00000548.html
e765RG00000123,特別職の職員で常勤の者の旅費に関する条例,条例,条例,条例第1号,1958-03-29,昭和33年3月29日,2020-03-19,令和2年3月19日 条例第3号,12,2020,第6編 給与,第3章 旅費,近隣に類似名あり・本文は異なる,0.80,https://www1.g-reiki.net/vill.ooshika.nagano/reiki_honbun/e765RG00000123.html
e765RG00000124,大鹿村職員の旅費に関する条例,条例,条例,条例第7号,1956-12-28,昭和31年12月28日,2020-03-19,令和2年3月19日 条例第4号,17,2020,第6編 給与,第3章 旅費,近隣に類似名あり・本文は異なる,0.67,https://www1.g-reiki.net/vill.ooshika.nagano/reiki_honbun/e765RG00000124.html
e765RG00000125,大鹿村職員の日額旅費に関する規則,規則,規則,規則第6号,1977-10-01,昭和52年10月1日,1994-03-31,平成6年3月31日 規則第14号,2,1994,第6編 給与,第3章 旅費,近隣とほぼ同文,0.99,https://www1.g-reiki.net/vill.ooshika.nagano/reiki_honbun/e765RG00000125.html
e765RG00000126,選挙管理委員会及び議会等の要求により出頭した者等に対する実費弁償支給条例,条例,条例,条例第5号,1959-03-31,昭和34年3月31日,2020-03-19,令和2年3月19日 条例第2号,2,2020,第6編 給与,第3章 旅費,近隣に類似名あり・本文は異なる,0.76,https://www1.g-reiki.net/vill.ooshika.nagano/reiki_honbun/e765RG00000126.html
e765RG00000127,証人等の実費弁償に関する条例,条例,条例,条例第6号,1959-04-01,昭和34年4月1日,2020-03-19,令和2年3月19日 条例第2号,2,2020,第6編 給与,第3章 旅費,近隣に類似名あり・本文は異なる,0.29,https://www1.g-reiki.net/vill.ooshika.nagano/reiki_honbun/e765RG00000127.html
e765RG00000128,「財政状況」の公表に関する条例,条例,条例,条例第7号,1948-06-05,昭和23年6月5日,,,0,1948,第7編 財務,第1章 通則,近隣に類似名あり・本文は異なる,0.83,https://www1.g-reiki.net/vill.ooshika.nagano/reiki_honbun/e765RG00000128.html
e765RG00000129,財務規則,規則,規則,規則第2号の2,1978-03-22,昭和53年3月22日,2025-12-15,令和7年12月15日 規則第14号,7,2025,第7編 財務,第1章 通則,近隣とほぼ同文,0.99,https://www1.g-reiki.net/vill.ooshika.nagano/reiki_honbun/e765RG00000129.html
e765RG00000130,大鹿村補助金交付規則,規則,規則,規則第3号,1976-07-05,昭和51年7月5日,2025-03-26,令和7年3月26日 規則第7号,3,2025,第7編 財務,第1章 通則,近隣に類似名あり・本文は異なる,0.71,https://www1.g-reiki.net/vill.ooshika.nagano/reiki_honbun/e765RG00000130.html
e765RG00000131,大鹿村特別会計条例,条例,条例,条例第32号,1970-03-20,昭和45年3月20日,2022-12-16,令和4年12月16日 条例第25号,10,2022,第7編 財務,第2章 特別会計,近隣とほぼ同文,0.90,https://www1.g-reiki.net/vill.ooshika.nagano/reiki_honbun/e765RG00000131.html
e765RG00000132,議会の議決に付すべき契約及び財産の取得又は処分に関する条例,条例,条例,条例第22号,1964-03-30,昭和39年3月30日,1993-03-25,平成5年3月25日 条例第27号,3,1993,第7編 財務,第3章 契約・財産,近隣とほぼ同文,0.97,https://www1.g-reiki.net/vill.ooshika.nagano/reiki_honbun/e765RG00000132.html
e765RG00000133,長期継続契約を締結することができる契約を定める条例,条例,条例,条例第20号,2019-03-19,平成31年3月19日,,,0,2019,第7編 財務,第3章 契約・財産,近隣とほぼ同文,1.00,https://www1.g-reiki.net/vill.ooshika.nagano/reiki_honbun/e765RG00000133.html
e765RG00000134,長期継続契約を締結することができる契約を定める規則,規則,規則,規則第8号,2019-03-19,平成31年3月19日,,,0,2019,第7編 財務,第3章 契約・財産,近隣とほぼ同文,0.95,https://www1.g-reiki.net/vill.ooshika.nagano/reiki_honbun/e765RG00000134.html
e765RG00000135,財産の交換、譲与、無償貸付等に関する条例,条例,条例,条例第23号,1964-03-30,昭和39年3月30日,,,0,1964,第7編 財務,第3章 契約・財産,近隣とほぼ同文,0.98,https://www1.g-reiki.net/vill.ooshika.nagano/reiki_honbun/e765RG00000135.html
e765RG00000136,大鹿村公共工事の前金払に関する要綱,要綱,要綱・要領,要綱第11号,2019-03-19,平成31年3月19日,,,0,2019,第7編 財務,第3章 契約・財産,近隣に類似名あり・本文は異なる,0.47,https://www1.g-reiki.net/vill.ooshika.nagano/reiki_honbun/e765RG00000136.html
e765RG00000137,大鹿村建設工事請負契約における契約保証に関する要領,要領,要綱・要領,要領第1号,2019-03-19,平成31年3月19日,,,0,2019,第7編 財務,第3章 契約・財産,近隣に類似名あり・本文は異なる,0.89,https://www1.g-reiki.net/vill.ooshika.nagano/reiki_honbun/e765RG00000137.html
e765RG00000138,大鹿村奨学資金の貸付基金条例,条例,条例,条例第26号,1970-03-20,昭和45年3月20日,2012-09-19,平成24年9月19日 条例第15号,7,2012,第7編 財務,第4章 基金等,近隣に対応なし,,https://www1.g-reiki.net/vill.ooshika.nagano/reiki_honbun/e765RG00000138.html
e765RG00000139,大鹿村土地開発基金条例,条例,条例,条例第10号,1971-12-24,昭和46年12月24日,,,0,1971,第7編 財務,第4章 基金等,近隣とほぼ同文,0.96,https://www1.g-reiki.net/vill.ooshika.nagano/reiki_honbun/e765RG00000139.html
e765RG00000140,大鹿村国民健康保険財政調整基金の設置、管理及び処分に関する条例,条例,条例,条例第17号,1976-07-03,昭和51年7月3日,,,0,1976,第7編 財務,第4章 基金等,近隣に類似名あり・本文は異なる,0.69,https://www1.g-reiki.net/vill.ooshika.nagano/reiki_honbun/e765RG00000140.html
e765RG00000141,大鹿歌舞伎伝承基金の設置管理及び処分に関する条例,条例,条例,条例第6号,1989-08-08,平成元年8月8日,,,0,1989,第7編 財務,第4章 基金等,近隣に類似名あり・本文は異なる,0.71,https://www1.g-reiki.net/vill.ooshika.nagano/reiki_honbun/e765RG00000141.html
e765RG00000142,大鹿村畜産経営振興基金の設置管理及び処分に関する条例,条例,条例,条例第8号,1990-12-21,平成2年12月21日,,,0,1990,第7編 財務,第4章 基金等,近隣に類似名あり・本文は異なる,0.71,https://www1.g-reiki.net/vill.ooshika.nagano/reiki_honbun/e765RG00000142.html
e765RG00000143,大鹿村畜産経営振興基金運用規則,規則,規則,規則第2号,1991-05-28,平成3年5月28日,2000-04-01,平成12年4月1日 規則第24号,3,2000,第7編 財務,第4章 基金等,近隣に対応なし,,https://www1.g-reiki.net/vill.ooshika.nagano/reiki_honbun/e765RG00000143.html
e765RG00000144,大鹿村地域福祉基金の設置、管理及び処分に関する条例,条例,条例,条例第4号,1992-07-01,平成4年7月1日,,,0,1992,第7編 財務,第4章 基金等,近隣に類似名あり・本文は異なる,0.72,https://www1.g-reiki.net/vill.ooshika.nagano/reiki_honbun/e765RG00000144.html
e765RG00000145,資金積立基金条例,条例,条例,条例第5号,1992-07-01,平成4年7月1日,2019-06-19,令和元年6月19日 条例第6号,3,2019,第7編 財務,第4章 基金等,近隣に類似名あり・本文は異なる,0.86,https://www1.g-reiki.net/vill.ooshika.nagano/reiki_honbun/e765RG00000145.html
e765RG00000146,大鹿村ふるさと保全基金の設置管理及び処分に関する条例,条例,条例,条例第8号,1993-12-24,平成5年12月24日,,,0,1993,第7編 財務,第4章 基金等,近隣に類似名あり・本文は異なる,0.55,https://www1.g-reiki.net/vill.ooshika.nagano/reiki_honbun/e765RG00000146.html
e765RG00000147,大鹿村介護保険支払準備基金条例,条例,条例,条例第13号,2000-03-17,平成12年3月17日,,,0,2000,第7編 財務,第4章 基金等,近隣とほぼ同文,0.99,https://www1.g-reiki.net/vill.ooshika.nagano/reiki_honbun/e765RG00000147.html
e765RG00000148,大鹿村水力発電施設周辺地域交付金基金設置条例,条例,条例,条例第5号,2001-03-19,平成13年3月19日,,,0,2001,第7編 財務,第4章 基金等,近隣に対応なし,,https://www1.g-reiki.net/vill.ooshika.nagano/reiki_honbun/e765RG00000148.html
e765RG00000149,ふるさと大鹿応援寄付金要綱,要綱,要綱・要領,要綱第6号,2008-08-01,平成20年8月1日,2025-03-14,令和7年3月14日 要綱第3号,1,2025,第7編 財務,第4章 基金等,近隣に類似名あり・本文は異なる,0.73,https://www1.g-reiki.net/vill.ooshika.nagano/reiki_honbun/e765RG00000149.html
e765RG00000150,大鹿村補助事業等つなぎ資金貸付基金条例,条例,条例,条例第6号,2011-03-18,平成23年3月18日,,,0,2011,第7編 財務,第4章 基金等,近隣に対応なし,,https://www1.g-reiki.net/vill.ooshika.nagano/reiki_honbun/e765RG00000150.html
e765RG00000587,大鹿村さくら基金条例,条例,条例,条例第15号,2025-06-16,令和7年6月16日,,,0,2025,第7編 財務,第4章 基金等,近隣に対応なし,,https://www1.g-reiki.net/vill.ooshika.nagano/reiki_honbun/e765RG00000587.html
e765RG00000151,大鹿村税条例,条例,条例,条例第3号,1955-12-27,昭和30年12月27日,2026-03-13,令和8年3月13日 条例第5号,124,2026,第7編 財務,第5章 税・税外収入,近隣とほぼ同文,0.98,https://www1.g-reiki.net/vill.ooshika.nagano/reiki_honbun/e765RG00000151.html
e765RG00000152,村税に関する規則,規則,規則,規則第8号,1982-09-01,昭和57年9月1日,2025-03-26,令和7年3月26日 規則第8号,18,2025,第7編 財務,第5章 税・税外収入,近隣とほぼ同文,0.91,https://www1.g-reiki.net/vill.ooshika.nagano/reiki_honbun/e765RG00000152.html
e765RG00000153,過疎地域に係る税の特例に関する条例,条例,条例,条例第7号,1990-12-21,平成2年12月21日,2016-09-20,平成28年9月20日 条例第23号,3,2016,第7編 財務,第5章 税・税外収入,近隣に対応なし,,https://www1.g-reiki.net/vill.ooshika.nagano/reiki_honbun/e765RG00000153.html
e765RG00000154,大鹿村国民健康保険税条例,条例,条例,条例第5号,1971-07-02,昭和46年7月2日,2025-06-16,令和7年6月16日 条例第16号,86,2025,第7編 財務,第5章 税・税外収入,近隣とほぼ同文,0.90,https://www1.g-reiki.net/vill.ooshika.nagano/reiki_honbun/e765RG00000154.html
e765RG00000155,大鹿村特別土地保有税審議会運営規程,規程,規程・その他,規程第13号,1978-07-05,昭和53年7月5日,,,0,1978,第7編 財務,第5章 税・税外収入,近隣に対応なし,,https://www1.g-reiki.net/vill.ooshika.nagano/reiki_honbun/e765RG00000155.html
e765RG00000517,過疎地域の持続的発展の支援に関する特別措置法の適用に伴う固定資産税の特例に関する条例,条例,条例,条例第12号,2021-09-17,令和3年9月17日,,,0,2021,第7編 財務,第5章 税・税外収入,近隣に対応なし,,https://www1.g-reiki.net/vill.ooshika.nagano/reiki_honbun/e765RG00000517.html
e765RG00000594,令和7年度大鹿村定額減税補足給付金(不足額給付)支給事業実施要綱,要綱,要綱・要領,要綱第22号,2025-09-16,令和7年9月16日,,,0,2025,第7編 財務,第5章 税・税外収入,近隣に類似名あり・本文は異なる,0.82,https://www1.g-reiki.net/vill.ooshika.nagano/reiki_honbun/e765RG00000594.html
e765RG00000156,大鹿村手数料徴収条例,条例,条例,条例第17号,2000-03-17,平成12年3月17日,2026-03-13,令和8年3月13日 条例第4号,8,2026,第7編 財務,第5章 税・税外収入,近隣に類似名あり・本文は異なる,0.83,https://www1.g-reiki.net/vill.ooshika.nagano/reiki_honbun/e765RG00000156.html
e765RG00000157,大鹿村税以外の諸収入金に対する手数料及び延滞金徴収条例,条例,条例,条例第9号,1959-03-31,昭和34年3月31日,2013-12-19,平成25年12月19日 条例第21号,3,2013,第7編 財務,第5章 税・税外収入,近隣に類似名あり・本文は異なる,0.64,https://www1.g-reiki.net/vill.ooshika.nagano/reiki_honbun/e765RG00000157.html
e765RG00000158,大鹿村防災会議条例,条例,条例,条例第12号,1963-06-29,昭和38年6月29日,2007-03-16,平成19年3月16日 条例第9号,5,2007,第8編 防災,第1章 災害・遭難対策,近隣に類似名あり・本文は異なる,0.77,https://www1.g-reiki.net/vill.ooshika.nagano/reiki_honbun/e765RG00000158.html
e765RG00000159,大鹿村国民保護協議会条例,条例,条例,条例第16号,2006-06-20,平成18年6月20日,2007-03-16,平成19年3月16日 条例第9号,1,2007,第8編 防災,第1章 災害・遭難対策,近隣に類似名あり・本文は異なる,0.60,https://www1.g-reiki.net/vill.ooshika.nagano/reiki_honbun/e765RG00000159.html
e765RG00000160,大鹿村国民保護対策本部及び緊急対処事態対策本部条例,条例,条例,条例第17号,2006-06-20,平成18年6月20日,2007-03-16,平成19年3月16日 条例第9号,1,2007,第8編 防災,第1章 災害・遭難対策,近隣に類似名あり・本文は異なる,0.71,https://www1.g-reiki.net/vill.ooshika.nagano/reiki_honbun/e765RG00000160.html
e765RG00000161,大鹿村災害対策本部条例,条例,条例,条例第13号,1963-06-29,昭和38年6月29日,1996-03-21,平成8年3月21日 条例第20号,1,1996,第8編 防災,第1章 災害・遭難対策,近隣とほぼ同文,0.99,https://www1.g-reiki.net/vill.ooshika.nagano/reiki_honbun/e765RG00000161.html
e765RG00000162,大鹿村地震災害警戒本部条例,条例,条例,条例第14号,2002-06-26,平成14年6月26日,2007-03-16,平成19年3月16日 条例第9号,1,2007,第8編 防災,第1章 災害・遭難対策,近隣に類似名あり・本文は異なる,0.62,https://www1.g-reiki.net/vill.ooshika.nagano/reiki_honbun/e765RG00000162.html
e765RG00000163,大鹿山岳遭難救助隊設置条例,条例,条例,条例第28号,1972-12-25,昭和47年12月25日,2025-09-16,令和7年9月16日 条例第20号,14,2025,第8編 防災,第1章 災害・遭難対策,近隣に対応なし,,https://www1.g-reiki.net/vill.ooshika.nagano/reiki_honbun/e765RG00000163.html
e765RG00000541,大鹿村避難行動要支援者名簿に関する条例,条例,条例,条例第19号,2022-12-16,令和4年12月16日,,,0,2022,第8編 防災,第1章 災害・遭難対策,近隣に対応なし,,https://www1.g-reiki.net/vill.ooshika.nagano/reiki_honbun/e765RG00000541.html
e765RG00000543,大鹿村避難行動要支援者名簿に関する条例施行規則,規則,規則,規則第10号,2022-12-16,令和4年12月16日,,,0,2022,第8編 防災,第1章 災害・遭難対策,近隣に対応なし,,https://www1.g-reiki.net/vill.ooshika.nagano/reiki_honbun/e765RG00000543.html
e765RG00000164,大鹿村無線施設設置及び管理に関する条例,条例,条例,条例第18号,1990-03-15,平成2年3月15日,2006-06-20,平成18年6月20日 条例第15号,2,2006,第8編 防災,第2章 防災無線,近隣に類似名あり・本文は異なる,0.26,https://www1.g-reiki.net/vill.ooshika.nagano/reiki_honbun/e765RG00000164.html
e765RG00000165,大鹿村防災無線に関する規程,規程,規程・その他,規程第1号,1969-03-30,昭和44年3月30日,2026-03-13,令和8年3月13日 規程第1号,4,2026,第8編 防災,第2章 防災無線,近隣に類似名あり・本文は異なる,0.78,https://www1.g-reiki.net/vill.ooshika.nagano/reiki_honbun/e765RG00000165.html
e765RG00000166,大鹿村消防団の設置に関する条例,条例,条例,条例第3号,1948-04-01,昭和23年4月1日,2013-03-18,平成25年3月18日 条例第6号,1,2013,第8編 防災,第3章 消防,近隣とほぼ同文,1.00,https://www1.g-reiki.net/vill.ooshika.nagano/reiki_honbun/e765RG00000166.html
e765RG00000167,大鹿村消防団規則,規則,規則,規則第8号,1969-12-11,昭和44年12月11日,2025-09-16,令和7年9月16日 規則第12号,7,2025,第8編 防災,第3章 消防,近隣に類似名あり・本文は異なる,0.82,https://www1.g-reiki.net/vill.ooshika.nagano/reiki_honbun/e765RG00000167.html
e765RG00000168,大鹿村消防団規則第6条の規定による任期の特例に関する規則,規則,規則,規則第1号,1981-01-01,昭和56年1月1日,,,0,1981,第8編 防災,第3章 消防,近隣に対応なし,,https://www1.g-reiki.net/vill.ooshika.nagano/reiki_honbun/e765RG00000168.html
e765RG00000170,大鹿村消防委員会条例,条例,条例,条例第19号,1969-12-25,昭和44年12月25日,,,0,1969,第8編 防災,第3章 消防,近隣に類似名あり・本文は異なる,0.85,https://www1.g-reiki.net/vill.ooshika.nagano/reiki_honbun/e765RG00000170.html
e765RG00000171,大鹿村消防団員の定員、任免、給与、服務等に関する条例,条例,条例,条例第2号,1966-04-01,昭和41年4月1日,2024-09-13,令和6年9月13日 条例第20号,18,2024,第8編 防災,第3章 消防,近隣に類似名あり・本文は異なる,0.83,https://www1.g-reiki.net/vill.ooshika.nagano/reiki_honbun/e765RG00000171.html
e765RG00000172,消防団員服務紀律及び懲戒規程,規程,規程・その他,規程第8号,1947-09-20,昭和22年9月20日,,,0,1947,第8編 防災,第3章 消防,近隣に対応なし,,https://www1.g-reiki.net/vill.ooshika.nagano/reiki_honbun/e765RG00000172.html
e765RG00000173,大鹿村機能別消防団員及び消防協力員設置要綱,要綱,要綱・要領,要綱第15号,2001-03-31,平成13年3月31日,2025-03-26,令和7年3月26日 要綱第13号,2,2025,第8編 防災,第3章 消防,近隣に対応なし,,https://www1.g-reiki.net/vill.ooshika.nagano/reiki_honbun/e765RG00000173.html
e765RG00000174,大鹿村消防団協力事業所表示制度実施要綱,要綱,要綱・要領,要綱第4号,2007-06-20,平成19年6月20日,,,0,2007,第8編 防災,第3章 消防,近隣に類似名あり・本文は異なる,0.79,https://www1.g-reiki.net/vill.ooshika.nagano/reiki_honbun/e765RG00000174.html
e765RG00000175,大鹿村消防団員等公務災害補償条例,条例,条例,条例第3号,1966-04-01,昭和41年4月1日,2026-03-13,令和8年3月13日 条例第6号,63,2026,第8編 防災,第3章 消防,近隣とほぼ同文,0.99,https://www1.g-reiki.net/vill.ooshika.nagano/reiki_honbun/e765RG00000175.html
e765RG00000176,大鹿村消防団員等公務災害補償条例第9条の2第1項の規則で定める金額を定める規則,規則,規則,規則第19号,2006-12-14,平成18年12月14日,2026-03-13,令和8年3月13日 規則第3号,5,2026,第8編 防災,第3章 消防,近隣とほぼ同文,0.99,https://www1.g-reiki.net/vill.ooshika.nagano/reiki_honbun/e765RG00000176.html
e765RG00000177,大鹿村消防団員等に係る損害補償の支給等に関する規則,規則,規則,規則第20号,2006-12-14,平成18年12月14日,2025-09-16,令和7年9月16日 規則第10号,3,2025,第8編 防災,第3章 消防,近隣とほぼ同文,1.00,https://www1.g-reiki.net/vill.ooshika.nagano/reiki_honbun/e765RG00000177.html
e765RG00000178,大鹿村消防団員等公務災害補償条例第9条の2第1項第2号の規定に基づき身体障害者療護施設に準ずる施設を定める規則,規則,規則,規則第3号,1996-06-27,平成8年6月27日,2006-09-22,平成18年9月22日 規則第15号,1,2006,第8編 防災,第3章 消防,近隣に対応なし,,https://www1.g-reiki.net/vill.ooshika.nagano/reiki_honbun/e765RG00000178.html
e765RG00000179,大鹿村非常勤消防団員に係る退職報償金の支給に関する条例,条例,条例,条例第13号,1966-06-30,昭和41年6月30日,2025-03-14,令和7年3月14日 条例第6号,39,2025,第8編 防災,第3章 消防,近隣に類似名あり・本文は異なる,0.89,https://www1.g-reiki.net/vill.ooshika.nagano/reiki_honbun/e765RG00000179.html
e765RG00000180,大鹿村非常勤消防団員に係る退職報償金の支給に関する規則,規則,規則,規則第2号,1988-07-04,昭和63年7月4日,,,0,1988,第8編 防災,第3章 消防,近隣とほぼ同文,1.00,https://www1.g-reiki.net/vill.ooshika.nagano/reiki_honbun/e765RG00000180.html
e765RG00000181,大鹿村消防賞じゅつ金及び殉職者特別賞じゅつ金条例,条例,条例,条例第14号,1966-06-30,昭和41年6月30日,2007-03-16,平成19年3月16日 条例第9号,11,2007,第8編 防災,第3章 消防,近隣とほぼ同文,0.90,https://www1.g-reiki.net/vill.ooshika.nagano/reiki_honbun/e765RG00000181.html
e765RG00000560,大鹿村消防団員準中型自動車運転免許取得費補助金交付要綱,要綱,要綱・要領,要綱第13号,2023-09-20,令和5年9月20日,,,0,2023,第8編 防災,第3章 消防,近隣に類似名あり・本文は異なる,0.62,https://www1.g-reiki.net/vill.ooshika.nagano/reiki_honbun/e765RG00000560.html
e765RG00000182,大鹿村印鑑の登録及び証明に関する条例,条例,条例,条例第16号,1978-07-05,昭和53年7月5日,2020-03-19,令和2年3月19日 条例第5号,6,2020,第9編 住民生活,第1章 住民登録・証明,近隣とほぼ同文,0.91,https://www1.g-reiki.net/vill.ooshika.nagano/reiki_honbun/e765RG00000182.html
e765RG00000183,大鹿村印鑑の登録及び証明に関する規則,規則,規則,規則第18号,1978-10-02,昭和53年10月2日,2016-12-16,平成28年12月16日 規則第13号,4,2016,第9編 住民生活,第1章 住民登録・証明,近隣に類似名あり・本文は異なる,0.28,https://www1.g-reiki.net/vill.ooshika.nagano/reiki_honbun/e765RG00000183.html
e765RG00000184,大鹿村戸籍届出に係る来庁者の本人確認等事務処理要綱,要綱,要綱・要領,要綱第1号,2004-03-05,平成16年3月5日,,,0,2004,第9編 住民生活,第1章 住民登録・証明,近隣に類似名あり・本文は異なる,0.80,https://www1.g-reiki.net/vill.ooshika.nagano/reiki_honbun/e765RG00000184.html
e765RG00000185,大鹿村戸籍情報システムに係るデータ保護管理要領,要綱,要綱・要領,要綱第5号,2015-03-31,平成27年3月31日,2024-08-01,令和6年8月1日 要領第2号,2,2024,第9編 住民生活,第1章 住民登録・証明,近隣とほぼ同文,0.98,https://www1.g-reiki.net/vill.ooshika.nagano/reiki_honbun/e765RG00000185.html
e765RG00000600,大鹿村認可地縁団体の印鑑の登録及び証明に関する条例,条例,条例,条例第3号,2026-03-13,令和8年3月13日,,,0,2026,第9編 住民生活,第1章 住民登録・証明,近隣とほぼ同文,1.00,https://www1.g-reiki.net/vill.ooshika.nagano/reiki_honbun/e765RG00000600.html
e765RG00000601,大鹿村認可地縁団体の印鑑の登録及び証明に関する条例施行規則,規則,規則,規則第1号,2026-03-13,令和8年3月13日,,,0,2026,第9編 住民生活,第1章 住民登録・証明,近隣とほぼ同文,1.00,https://www1.g-reiki.net/vill.ooshika.nagano/reiki_honbun/e765RG00000601.html
e765RG00000186,大鹿村交通安全条例,条例,条例,条例第7号,1999-03-18,平成11年3月18日,,,0,1999,第9編 住民生活,第2章 安全対策・補償,近隣とほぼ同文,0.98,https://www1.g-reiki.net/vill.ooshika.nagano/reiki_honbun/e765RG00000186.html
e765RG00000187,大鹿村交通安全対策協議会規則,規則,規則,規則第2号,1999-03-18,平成11年3月18日,2007-03-16,平成19年3月16日 規則第2号,1,2007,第9編 住民生活,第2章 安全対策・補償,近隣に類似名あり・本文は異なる,0.61,https://www1.g-reiki.net/vill.ooshika.nagano/reiki_honbun/e765RG00000187.html
e765RG00000188,大鹿村暴走行為を根絶する条例,条例,条例,条例第24号,2002-12-19,平成14年12月19日,,,0,2002,第9編 住民生活,第2章 安全対策・補償,近隣とほぼ同文,0.99,https://www1.g-reiki.net/vill.ooshika.nagano/reiki_honbun/e765RG00000188.html
e765RG00000189,大鹿村チャイルドシート購入補助金交付要綱,要綱,要綱・要領,要綱第1号,2000-01-18,平成12年1月18日,2000-12-28,平成12年12月28日 要綱第29号,1,2000,第9編 住民生活,第2章 安全対策・補償,近隣に対応なし,,https://www1.g-reiki.net/vill.ooshika.nagano/reiki_honbun/e765RG00000189.html
e765RG00000190,大鹿村防犯協会会則,種別なし,規程・その他,種別なし,1978-07-25,昭和53年7月25日,2007-03-16,平成19年3月16日 種別なし,1,2007,第9編 住民生活,第2章 安全対策・補償,近隣に対応なし,,https://www1.g-reiki.net/vill.ooshika.nagano/reiki_honbun/e765RG00000190.html
e765RG00000191,大鹿村総合災害補償規程,告示,規程・その他,告示第3号,1984-05-29,昭和59年5月29日,1997-12-25,平成9年12月25日 規則第19号,1,1997,第9編 住民生活,第2章 安全対策・補償,近隣に類似名あり・本文は異なる,0.77,https://www1.g-reiki.net/vill.ooshika.nagano/reiki_honbun/e765RG00000191.html
e765RG00000192,大鹿村委託業務等に係る災害補償に関する規程,規程,規程・その他,規程第1号,2020-03-30,令和2年3月30日,,,0,2020,第9編 住民生活,第2章 安全対策・補償,近隣とほぼ同文,0.99,https://www1.g-reiki.net/vill.ooshika.nagano/reiki_honbun/e765RG00000192.html
e765RG00000193,大鹿村生活安全条例,条例,条例,条例第20号,2005-09-28,平成17年9月28日,,,0,2005,第9編 住民生活,第2章 安全対策・補償,近隣に類似名あり・本文は異なる,0.43,https://www1.g-reiki.net/vill.ooshika.nagano/reiki_honbun/e765RG00000193.html
e765RG00000194,大鹿村不当要求行為等の防止に関する要綱,要綱,要綱・要領,要綱第5号,2008-06-19,平成20年6月19日,,,0,2008,第9編 住民生活,第2章 安全対策・補償,近隣とほぼ同文,1.00,https://www1.g-reiki.net/vill.ooshika.nagano/reiki_honbun/e765RG00000194.html
e765RG00000195,大鹿村暴力団排除条例,条例,条例,条例第18号,2011-12-20,平成23年12月20日,2012-12-11,平成24年12月11日 条例第18号,1,2012,第9編 住民生活,第2章 安全対策・補償,近隣とほぼ同文,1.00,https://www1.g-reiki.net/vill.ooshika.nagano/reiki_honbun/e765RG00000195.html
e765RG00000521,大鹿村高齢者安全運転対策車普及促進補助金交付要綱,要綱,要綱・要領,要綱第19号,2021-12-17,令和3年12月17日,,,0,2021,第9編 住民生活,第2章 安全対策・補償,近隣に対応なし,,https://www1.g-reiki.net/vill.ooshika.nagano/reiki_honbun/e765RG00000521.html
e765RG00000580,大鹿村犯罪被害者等支援条例,条例,条例,条例第7号,2025-03-14,令和7年3月14日,,,0,2025,第9編 住民生活,第2章 安全対策・補償,近隣とほぼ同文,0.97,https://www1.g-reiki.net/vill.ooshika.nagano/reiki_honbun/e765RG00000580.html
e765RG00000583,大鹿村犯罪被害者等支援金支給要綱,要綱,要綱・要領,要綱第4号,2025-03-14,令和7年3月14日,,,0,2025,第9編 住民生活,第2章 安全対策・補償,近隣とほぼ同文,0.94,https://www1.g-reiki.net/vill.ooshika.nagano/reiki_honbun/e765RG00000583.html
e765RG00000584,大鹿村犯罪被害者等日常生活支援助成交付要綱,要綱,要綱・要領,要綱第5号,2025-03-14,令和7年3月14日,,,0,2025,第9編 住民生活,第2章 安全対策・補償,近隣とほぼ同文,0.96,https://www1.g-reiki.net/vill.ooshika.nagano/reiki_honbun/e765RG00000584.html
e765RG00000196,大鹿村環境委員会規則,規則,規則,規則第22号,2000-04-01,平成12年4月1日,,,0,2000,第9編 住民生活,第3章 環境保全,近隣に類似名あり・本文は異なる,0.36,https://www1.g-reiki.net/vill.ooshika.nagano/reiki_honbun/e765RG00000196.html
e765RG00000197,大鹿村自然保護条例,条例,条例,条例第18号,1987-03-16,昭和62年3月16日,,,0,1987,第9編 住民生活,第3章 環境保全,近隣に対応なし,,https://www1.g-reiki.net/vill.ooshika.nagano/reiki_honbun/e765RG00000197.html
e765RG00000198,大鹿村自然環境保全整備事業補助金交付規程,規程,規程・その他,規程第10号,1997-02-26,平成9年2月26日,2013-03-18,平成25年3月18日 規程第2号,1,2013,第9編 住民生活,第3章 環境保全,近隣に対応なし,,https://www1.g-reiki.net/vill.ooshika.nagano/reiki_honbun/e765RG00000198.html
e765RG00000199,大鹿村採石対策審議会規程,規程,規程・その他,規程第3号,1985-07-26,昭和60年7月26日,2000-03-17,平成12年3月17日 規程第17号,1,2000,第9編 住民生活,第3章 環境保全,近隣に対応なし,,https://www1.g-reiki.net/vill.ooshika.nagano/reiki_honbun/e765RG00000199.html
e765RG00000200,大鹿村鳥獣保護及狩猟ニ関スル法律施行細則,細則,規則,細則第3号,2000-03-17,平成12年3月17日,,,0,2000,第9編 住民生活,第3章 環境保全,近隣に対応なし,,https://www1.g-reiki.net/vill.ooshika.nagano/reiki_honbun/e765RG00000200.html
e765RG00000201,大鹿村美しい村づくり条例,条例,条例,条例第5号,2011-03-18,平成23年3月18日,2024-03-15,令和6年3月15日 条例第3号,1,2024,第9編 住民生活,第3章 環境保全,近隣に対応なし,,https://www1.g-reiki.net/vill.ooshika.nagano/reiki_honbun/e765RG00000201.html
e765RG00000202,大鹿村美しい村づくり条例施行規則,規則,規則,規則第2号,2011-03-18,平成23年3月18日,2013-12-19,平成25年12月19日 規則第13号,1,2013,第9編 住民生活,第3章 環境保全,近隣に対応なし,,https://www1.g-reiki.net/vill.ooshika.nagano/reiki_honbun/e765RG00000202.html
e765RG00000203,大鹿村美しい村づくり事業補助金交付要綱,要綱,要綱・要領,要綱第3号,2013-03-18,平成25年3月18日,2023-09-20,令和5年9月20日 要綱第12号,2,2023,第9編 住民生活,第3章 環境保全,近隣に対応なし,,https://www1.g-reiki.net/vill.ooshika.nagano/reiki_honbun/e765RG00000203.html
e765RG00000204,大鹿村あらゆる差別をなくし人権を尊重する条例,条例,条例,条例第30号,2000-09-28,平成12年9月28日,,,0,2000,第9編 住民生活,第4章 人権尊重,近隣とほぼ同文,0.95,https://www1.g-reiki.net/vill.ooshika.nagano/reiki_honbun/e765RG00000204.html
e765RG00000205,大鹿村若者定住促進条例,条例,条例,条例第5号,1998-03-25,平成10年3月25日,2016-03-16,平成28年3月16日 条例第12号,4,2016,第9編 住民生活,第5章 地域振興,近隣に対応なし,,https://www1.g-reiki.net/vill.ooshika.nagano/reiki_honbun/e765RG00000205.html
e765RG00000206,大鹿村通勤就職者通勤費助成金交付要綱,要綱,要綱・要領,要綱第3号,1998-04-01,平成10年4月1日,2025-03-14,令和7年3月14日 要綱第7号,10,2025,第9編 住民生活,第5章 地域振興,近隣に対応なし,,https://www1.g-reiki.net/vill.ooshika.nagano/reiki_honbun/e765RG00000206.html
e765RG00000207,大鹿村住宅新築事業等補助金交付要綱,要綱,要綱・要領,要綱第1号,1998-04-01,平成10年4月1日,2025-12-15,令和7年12月15日 要綱第25号,9,2025,第9編 住民生活,第5章 地域振興,近隣に類似名あり・本文は異なる,0.13,https://www1.g-reiki.net/vill.ooshika.nagano/reiki_honbun/e765RG00000207.html
e765RG00000208,大鹿村内宿泊施設リフォーム推進事業補助金交付要綱,要綱,要綱・要領,要綱第7号,2013-03-29,平成25年3月29日,2017-03-17,平成29年3月17日 要綱第3号,1,2017,第9編 住民生活,第5章 地域振興,近隣に対応なし,,https://www1.g-reiki.net/vill.ooshika.nagano/reiki_honbun/e765RG00000208.html
e765RG00000209,大鹿村空き家対策事業補助金交付要綱,要綱,要綱・要領,要綱第6号,2012-03-28,平成24年3月28日,2025-12-15,令和7年12月15日 要綱第26号,6,2025,第9編 住民生活,第5章 地域振興,近隣に類似名あり・本文は異なる,0.25,https://www1.g-reiki.net/vill.ooshika.nagano/reiki_honbun/e765RG00000209.html
e765RG00000210,若者定住促進祝金交付要綱,要綱,要綱・要領,要綱第2号,1998-04-01,平成10年4月1日,2025-03-14,令和7年3月14日 要綱第8号,10,2025,第9編 住民生活,第5章 地域振興,近隣に対応なし,,https://www1.g-reiki.net/vill.ooshika.nagano/reiki_honbun/e765RG00000210.html
e765RG00000211,村内移住整備事業補助金交付規程,規程,規程・その他,規程第1号,1975-06-01,昭和50年6月1日,1977-10-01,昭和52年10月1日 規程第7号,1,1977,第9編 住民生活,第5章 地域振興,近隣に対応なし,,https://www1.g-reiki.net/vill.ooshika.nagano/reiki_honbun/e765RG00000211.html
e765RG00000212,集落整備事業補助金交付要綱,要綱,要綱・要領,要綱第2号,1980-01-25,昭和55年1月25日,,,0,1980,第9編 住民生活,第5章 地域振興,近隣に類似名あり・本文は異なる,0.08,https://www1.g-reiki.net/vill.ooshika.nagano/reiki_honbun/e765RG00000212.html
e765RG00000213,大鹿村コミュニティ助成事業実施要綱,要綱,要綱・要領,要綱第8号,1998-10-01,平成10年10月1日,2024-03-27,令和6年3月27日 要綱第5号,4,2024,第9編 住民生活,第5章 地域振興,近隣に対応なし,,https://www1.g-reiki.net/vill.ooshika.nagano/reiki_honbun/e765RG00000213.html
e765RG00000214,大鹿村地域活性化事業補助金交付規程,規程,規程・その他,規程第2号,2006-03-31,平成18年3月31日,2014-03-06,平成26年3月6日 規程第1号,2,2014,第9編 住民生活,第5章 地域振興,近隣に対応なし,,https://www1.g-reiki.net/vill.ooshika.nagano/reiki_honbun/e765RG00000214.html
e765RG00000215,大鹿村CATV施設の設置及び管理に関する条例,条例,条例,条例第9号,2003-03-17,平成15年3月17日,2018-09-20,平成30年9月20日 条例第12号,3,2018,第9編 住民生活,第5章 地域振興,近隣に対応なし,,https://www1.g-reiki.net/vill.ooshika.nagano/reiki_honbun/e765RG00000215.html
e765RG00000216,大鹿村CATV施設の設置及び管理に関する規則,規則,規則,規則第7号,2003-03-17,平成15年3月17日,2003-09-24,平成15年9月24日 規則第13号,1,2003,第9編 住民生活,第5章 地域振興,近隣に対応なし,,https://www1.g-reiki.net/vill.ooshika.nagano/reiki_honbun/e765RG00000216.html
e765RG00000217,大鹿村新規インターネット加入補助金交付要綱,要綱,要綱・要領,要綱第13号,2019-03-19,平成31年3月19日,,,0,2019,第9編 住民生活,第5章 地域振興,近隣に対応なし,,https://www1.g-reiki.net/vill.ooshika.nagano/reiki_honbun/e765RG00000217.html
e765RG00000218,大鹿村インターネット利用補助金交付要綱,要綱,要綱・要領,要綱第14号,2019-03-19,平成31年3月19日,,,0,2019,第9編 住民生活,第5章 地域振興,近隣に対応なし,,https://www1.g-reiki.net/vill.ooshika.nagano/reiki_honbun/e765RG00000218.html
e765RG00000219,大鹿村宿泊施設等無線LAN整備事業補助金交付要綱,要綱,要綱・要領,要綱第10号,2020-07-01,令和2年7月1日,,,0,2020,第9編 住民生活,第5章 地域振興,近隣に対応なし,,https://www1.g-reiki.net/vill.ooshika.nagano/reiki_honbun/e765RG00000219.html
e765RG00000220,起業資金利子補給金交付要綱,規則,規則,規則第5号,1997-06-30,平成9年6月30日,1998-12-25,平成10年12月25日 要綱第12号,1,1998,第9編 住民生活,第5章 地域振興,近隣に類似名あり・本文は異なる,0.29,https://www1.g-reiki.net/vill.ooshika.nagano/reiki_honbun/e765RG00000220.html
e765RG00000221,危機対策資金に対する利子補給金交付要綱,要綱,要綱・要領,要綱第9号,2020-06-15,令和2年6月15日,,,0,2020,第9編 住民生活,第5章 地域振興,近隣に対応なし,,https://www1.g-reiki.net/vill.ooshika.nagano/reiki_honbun/e765RG00000221.html
e765RG00000222,大鹿村結婚相談所設置運営規程,規程,規程・その他,規程第12号,2002-09-25,平成14年9月25日,,,0,2002,第9編 住民生活,第5章 地域振興,近隣に類似名あり・本文は異なる,0.65,https://www1.g-reiki.net/vill.ooshika.nagano/reiki_honbun/e765RG00000222.html
e765RG00000223,大鹿村地域おこし協力隊設置要綱,要綱,要綱・要領,要綱第6号,2010-09-22,平成22年9月22日,2023-09-20,令和5年9月20日 要綱第10号,2,2023,第9編 住民生活,第5章 地域振興,近隣に類似名あり・本文は異なる,0.27,https://www1.g-reiki.net/vill.ooshika.nagano/reiki_honbun/e765RG00000223.html
e765RG00000224,大鹿村補助事業等つなぎ資金貸付条例,条例,条例,条例第7号,2011-03-18,平成23年3月18日,,,0,2011,第9編 住民生活,第5章 地域振興,近隣に対応なし,,https://www1.g-reiki.net/vill.ooshika.nagano/reiki_honbun/e765RG00000224.html
e765RG00000225,大鹿村補助事業等つなぎ資金貸付条例施行規則,規則,規則,規則第3号,2011-03-18,平成23年3月18日,,,0,2011,第9編 住民生活,第5章 地域振興,近隣に対応なし,,https://www1.g-reiki.net/vill.ooshika.nagano/reiki_honbun/e765RG00000225.html
e765RG00000226,大鹿村消火器購入事業補助金交付規程,規程,規程・その他,規程第2号,2011-08-31,平成23年8月31日,,,0,2011,第9編 住民生活,第5章 地域振興,近隣に対応なし,,https://www1.g-reiki.net/vill.ooshika.nagano/reiki_honbun/e765RG00000226.html
e765RG00000227,大鹿村ゆるキャラ着ぐるみ使用規程,規程,規程・その他,規程第1号,2012-03-28,平成24年3月28日,,,0,2012,第9編 住民生活,第5章 地域振興,近隣に対応なし,,https://www1.g-reiki.net/vill.ooshika.nagano/reiki_honbun/e765RG00000227.html
e765RG00000228,大鹿村キャラクター・ロゴマーク使用規程,規程,規程・その他,規程第2号,2012-03-28,平成24年3月28日,,,0,2012,第9編 住民生活,第5章 地域振興,近隣に対応なし,,https://www1.g-reiki.net/vill.ooshika.nagano/reiki_honbun/e765RG00000228.html
e765RG00000229,大鹿村集落支援員設置要綱,要綱,要綱・要領,要綱第2号,2014-03-06,平成26年3月6日,2023-09-20,令和5年9月20日 要綱第11号,1,2023,第9編 住民生活,第5章 地域振興,近隣に類似名あり・本文は異なる,0.35,https://www1.g-reiki.net/vill.ooshika.nagano/reiki_honbun/e765RG00000229.html
e765RG00000529,大鹿村地域おこし協力隊起業・事業継承支援補助金交付要綱,要綱,要綱・要領,要綱第6号,2022-03-18,令和4年3月18日,,,0,2022,第9編 住民生活,第5章 地域振興,近隣に類似名あり・本文は異なる,0.53,https://www1.g-reiki.net/vill.ooshika.nagano/reiki_honbun/e765RG00000529.html
e765RG00000537,大鹿村結婚新生活支援事業補助金交付要綱,要綱,要綱・要領,要綱第14号,2022-09-15,令和4年9月15日,2024-03-27,令和6年3月27日 要綱第4号,2,2024,第9編 住民生活,第5章 地域振興,近隣に類似名あり・本文は異なる,0.76,https://www1.g-reiki.net/vill.ooshika.nagano/reiki_honbun/e765RG00000537.html
e765RG00000556,大鹿村空家等対策協議会設置要綱,要綱,要綱・要領,要綱第2号,2023-03-16,令和5年3月16日,2024-12-16,令和6年12月16日 要綱第11号,1,2024,第9編 住民生活,第5章 地域振興,近隣に類似名あり・本文は異なる,0.49,https://www1.g-reiki.net/vill.ooshika.nagano/reiki_honbun/e765RG00000556.html
e765RG00000561,大鹿村地域公共交通会議設置要綱,要綱,要綱・要領,要綱第14号,2023-12-13,令和5年12月13日,,,0,2023,第9編 住民生活,第5章 地域振興,近隣に類似名あり・本文は異なる,0.87,https://www1.g-reiki.net/vill.ooshika.nagano/reiki_honbun/e765RG00000561.html
e765RG00000565,大鹿村日本で最も美しい村づくり推進本部設置要綱,要綱,要綱・要領,要綱第1号,2024-03-15,令和6年3月15日,,,0,2024,第9編 住民生活,第5章 地域振興,近隣に対応なし,,https://www1.g-reiki.net/vill.ooshika.nagano/reiki_honbun/e765RG00000565.html
e765RG00000581,大鹿村魅力発信大使事業実施要綱,要綱,要綱・要領,要綱第1号,2025-03-14,令和7年3月14日,,,0,2025,第9編 住民生活,第5章 地域振興,近隣に対応なし,,https://www1.g-reiki.net/vill.ooshika.nagano/reiki_honbun/e765RG00000581.html
e765RG00000604,大鹿村地縁による団体の認可事務取扱要領,要領,要綱・要領,要領第1号,2026-03-13,令和8年3月13日,,,0,2026,第9編 住民生活,第5章 地域振興,近隣に対応なし,,https://www1.g-reiki.net/vill.ooshika.nagano/reiki_honbun/e765RG00000604.html
e765RG00000230,大鹿村地域振興事業施設の設置及び管理に関する条例,条例,条例,条例第21号,1995-03-22,平成7年3月22日,2025-09-16,令和7年9月16日 条例第21号,9,2025,第9編 住民生活,第6章 施設,近隣に対応なし,,https://www1.g-reiki.net/vill.ooshika.nagano/reiki_honbun/e765RG00000230.html
e765RG00000231,大鹿村キャンプ場設置及び管理に関する条例,条例,条例,条例第19号,1993-03-25,平成5年3月25日,2024-03-15,令和6年3月15日 条例第7号,3,2024,第9編 住民生活,第6章 施設,近隣に対応なし,,https://www1.g-reiki.net/vill.ooshika.nagano/reiki_honbun/e765RG00000231.html
e765RG00000232,大鹿村キャンプ場管理運営規則,規則,規則,規則第10号,1993-03-30,平成5年3月30日,2001-03-19,平成13年3月19日 規則第1号,2,2001,第9編 住民生活,第6章 施設,近隣に類似名あり・本文は異なる,0.73,https://www1.g-reiki.net/vill.ooshika.nagano/reiki_honbun/e765RG00000232.html
e765RG00000233,公の施設における指定管理者の指定の手続等に関する条例,条例,条例,条例第9号,2006-03-16,平成18年3月16日,2025-12-15,令和7年12月15日 条例第27号,2,2025,第9編 住民生活,第6章 施設,近隣に類似名あり・本文は異なる,0.61,https://www1.g-reiki.net/vill.ooshika.nagano/reiki_honbun/e765RG00000233.html
e765RG00000234,公の施設における指定管理者の指定の手続等に関する条例施行規則,規則,規則,規則第11号,2006-03-31,平成18年3月31日,,,0,2006,第9編 住民生活,第6章 施設,近隣に類似名あり・本文は異なる,0.36,https://www1.g-reiki.net/vill.ooshika.nagano/reiki_honbun/e765RG00000234.html
e765RG00000235,指定管理者選定委員会設置要綱,要綱,要綱・要領,要綱第7号,2006-03-31,平成18年3月31日,2007-03-16,平成19年3月16日 要綱第1号,1,2007,第9編 住民生活,第6章 施設,近隣に類似名あり・本文は異なる,0.53,https://www1.g-reiki.net/vill.ooshika.nagano/reiki_honbun/e765RG00000235.html
e765RG00000597,大池高原マウンテンバイクコースの管理に関する条例,条例,条例,条例第28号,2025-12-15,令和7年12月15日,,,0,2025,第9編 住民生活,第6章 施設,近隣に対応なし,,https://www1.g-reiki.net/vill.ooshika.nagano/reiki_honbun/e765RG00000597.html
e765RG00000598,大池高原マウンテンバイクコースの管理に関する条例施行規則,規則,規則,規則第17号,2025-12-15,令和7年12月15日,,,0,2025,第9編 住民生活,第6章 施設,近隣に対応なし,,https://www1.g-reiki.net/vill.ooshika.nagano/reiki_honbun/e765RG00000598.html
e765RG00000236,大鹿村福祉医療費支給に関する条例,条例,条例,条例第17号,2003-06-24,平成15年6月24日,2024-09-13,令和6年9月13日 条例第23号,11,2024,第10編 社会福祉,第1章 通則,近隣に対応なし,,https://www1.g-reiki.net/vill.ooshika.nagano/reiki_honbun/e765RG00000236.html
e765RG00000237,大鹿村福祉医療費支給に関する規則,規則,規則,規則第5号,1976-09-30,昭和51年9月30日,2023-12-13,令和5年12月13日 規則第10号,10,2023,第10編 社会福祉,第1章 通則,近隣に類似名あり・本文は異なる,0.25,https://www1.g-reiki.net/vill.ooshika.nagano/reiki_honbun/e765RG00000237.html
e765RG00000238,大鹿村高額療養費貸付金規程,規程,規程・その他,規程第1号,1985-03-27,昭和60年3月27日,,,0,1985,第10編 社会福祉,第1章 通則,近隣に対応なし,,https://www1.g-reiki.net/vill.ooshika.nagano/reiki_honbun/e765RG00000238.html
e765RG00000239,災害弔慰金の支給等に関する条例,条例,条例,条例第35号,1976-12-24,昭和51年12月24日,2025-12-15,令和7年12月15日 条例第25号,7,2025,第10編 社会福祉,第1章 通則,近隣とほぼ同文,0.92,https://www1.g-reiki.net/vill.ooshika.nagano/reiki_honbun/e765RG00000239.html
e765RG00000240,災害弔慰金の支給等に関する規則,規則,規則,規則第7号,1976-12-24,昭和51年12月24日,2025-12-15,令和7年12月15日 規則第15号,4,2025,第10編 社会福祉,第1章 通則,近隣とほぼ同文,0.91,https://www1.g-reiki.net/vill.ooshika.nagano/reiki_honbun/e765RG00000240.html
e765RG00000241,大鹿村被災者生活再建支援制度補助金交付要綱,要綱,要綱・要領,要綱第18号,2019-09-18,令和元年9月18日,2021-09-17,令和3年9月17日 要綱第13号,1,2021,第10編 社会福祉,第1章 通則,近隣とほぼ同文,0.99,https://www1.g-reiki.net/vill.ooshika.nagano/reiki_honbun/e765RG00000241.html
e765RG00000242,大鹿村要保護児童等支援ネットワーク協議会設置要綱,要綱,要綱・要領,要綱第14号,2006-12-14,平成18年12月14日,,,0,2006,第10編 社会福祉,第1章 通則,近隣に対応なし,,https://www1.g-reiki.net/vill.ooshika.nagano/reiki_honbun/e765RG00000242.html
e765RG00000243,大鹿村子ども・子育て会議設置要綱,要綱,要綱・要領,要綱第4号,2014-03-31,平成26年3月31日,,,0,2014,第10編 社会福祉,第1章 通則,近隣に類似名あり・本文は異なる,0.64,https://www1.g-reiki.net/vill.ooshika.nagano/reiki_honbun/e765RG00000243.html
e765RG00000244,大鹿村子育て世代包括支援センター事業実施要綱,要綱,要綱・要領,要綱第4号,2021-03-19,令和3年3月19日,,,0,2021,第10編 社会福祉,第1章 通則,近隣に対応なし,,https://www1.g-reiki.net/vill.ooshika.nagano/reiki_honbun/e765RG00000244.html
e765RG00000538,大鹿村子ども家庭総合支援拠点設置要綱,要綱,要綱・要領,要綱第15号,2022-09-15,令和4年9月15日,,,0,2022,第10編 社会福祉,第1章 通則,近隣に対応なし,,https://www1.g-reiki.net/vill.ooshika.nagano/reiki_honbun/e765RG00000538.html
e765RG00000540,長野県・大鹿村生活困窮世帯緊急支援金支給事務実施要綱,要綱,要綱・要領,要綱第17号,2022-11-25,令和4年11月25日,,,0,2022,第10編 社会福祉,第1章 通則,近隣とほぼ同文,0.94,https://www1.g-reiki.net/vill.ooshika.nagano/reiki_honbun/e765RG00000540.html
e765RG00000245,大鹿村保育所設置条例,条例,条例,条例第7号,1968-12-26,昭和43年12月26日,2017-03-17,平成29年3月17日 条例第3号,11,2017,第10編 社会福祉,第2章 児童福祉等,近隣に類似名あり・本文は異なる,0.25,https://www1.g-reiki.net/vill.ooshika.nagano/reiki_honbun/e765RG00000245.html
e765RG00000246,大鹿村立保育所管理規則,規則,規則,規則第1号,1971-03-28,昭和46年3月28日,2017-03-17,平成29年3月17日 規則第1号,8,2017,第10編 社会福祉,第2章 児童福祉等,近隣に類似名あり・本文は異なる,0.78,https://www1.g-reiki.net/vill.ooshika.nagano/reiki_honbun/e765RG00000246.html
e765RG00000247,大鹿村特定教育・保育施設及び特定地域型保育事業の利用者負担に関する条例,条例,条例,条例第16号,2019-09-18,令和元年9月18日,,,0,2019,第10編 社会福祉,第2章 児童福祉等,近隣に類似名あり・本文は異なる,0.56,https://www1.g-reiki.net/vill.ooshika.nagano/reiki_honbun/e765RG00000247.html
e765RG00000248,大鹿村特定教育・保育施設及び特定地域型保育事業の利用者負担等に関する規則,規則,規則,規則第9号,2019-09-18,令和元年9月18日,2024-03-15,令和6年3月15日 規則第1号,1,2024,第10編 社会福祉,第2章 児童福祉等,近隣とほぼ同文,0.90,https://www1.g-reiki.net/vill.ooshika.nagano/reiki_honbun/e765RG00000248.html
e765RG00000249,大鹿村保育の必要性の認定基準に関する要綱,要綱,要綱・要領,要綱第1号,2018-03-16,平成30年3月16日,,,0,2018,第10編 社会福祉,第2章 児童福祉等,近隣に類似名あり・本文は異なる,0.62,https://www1.g-reiki.net/vill.ooshika.nagano/reiki_honbun/e765RG00000249.html
e765RG00000250,大鹿村延長保育事業実施要綱,要綱,要綱・要領,要綱第11号,2017-12-20,平成29年12月20日,,,0,2017,第10編 社会福祉,第2章 児童福祉等,近隣に類似名あり・本文は異なる,0.88,https://www1.g-reiki.net/vill.ooshika.nagano/reiki_honbun/e765RG00000250.html
e765RG00000251,大鹿村一時保育事業実施要綱,要綱,要綱・要領,要綱第12号,2017-12-20,平成29年12月20日,2021-03-19,令和3年3月19日 要綱第3号,1,2021,第10編 社会福祉,第2章 児童福祉等,近隣に類似名あり・本文は異なる,0.87,https://www1.g-reiki.net/vill.ooshika.nagano/reiki_honbun/e765RG00000251.html
e765RG00000252,大鹿村家庭的保育事業等の設備及び運営に関する基準を定める条例,条例,条例,条例第11号,2014-12-19,平成26年12月19日,2018-06-18,平成30年6月18日 条例第11号,1,2018,第10編 社会福祉,第2章 児童福祉等,近隣とほぼ同文,0.92,https://www1.g-reiki.net/vill.ooshika.nagano/reiki_honbun/e765RG00000252.html
e765RG00000253,大鹿村特定教育・保育施設及び特定地域型保育事業の運営に関する基準を定める条例,条例,条例,条例第12号,2014-12-19,平成26年12月19日,2023-12-13,令和5年12月13日 条例第21号,2,2023,第10編 社会福祉,第2章 児童福祉等,近隣とほぼ同文,0.95,https://www1.g-reiki.net/vill.ooshika.nagano/reiki_honbun/e765RG00000253.html
e765RG00000596,大鹿村乳児等通園支援事業の設備及び運営に関する基準を定める条例,条例,条例,条例第26号,2025-12-15,令和7年12月15日,,,0,2025,第10編 社会福祉,第2章 児童福祉等,近隣とほぼ同文,0.99,https://www1.g-reiki.net/vill.ooshika.nagano/reiki_honbun/e765RG00000596.html
e765RG00000254,大鹿村児童養育手当支給に関する条例,条例,条例,条例第10号,1982-03-18,昭和57年3月18日,,,0,1982,第10編 社会福祉,第2章 児童福祉等,近隣に対応なし,,https://www1.g-reiki.net/vill.ooshika.nagano/reiki_honbun/e765RG00000254.html
e765RG00000255,大鹿村臨時福祉給付金支給事業実施要綱,要綱,要綱・要領,要綱第5号,2014-03-31,平成26年3月31日,,,0,2014,第10編 社会福祉,第2章 児童福祉等,近隣に対応なし,,https://www1.g-reiki.net/vill.ooshika.nagano/reiki_honbun/e765RG00000255.html
e765RG00000256,平成28年度大鹿村臨時福祉給付金支給事業実施要綱,要綱,要綱・要領,要綱第10号,2016-06-15,平成28年6月15日,,,0,2016,第10編 社会福祉,第2章 児童福祉等,近隣に対応なし,,https://www1.g-reiki.net/vill.ooshika.nagano/reiki_honbun/e765RG00000256.html
e765RG00000257,大鹿村子育て世帯臨時特例給付金支給事業実施要綱,要綱,要綱・要領,要綱第6号,2014-03-31,平成26年3月31日,,,0,2014,第10編 社会福祉,第2章 児童福祉等,近隣に対応なし,,https://www1.g-reiki.net/vill.ooshika.nagano/reiki_honbun/e765RG00000257.html
e765RG00000258,令和2年度大鹿村子育て世帯への臨時特別給付金支給事業実施要綱,要綱,要綱・要領,要綱第7号,2020-05-01,令和2年5月1日,,,0,2020,第10編 社会福祉,第2章 児童福祉等,近隣に対応なし,,https://www1.g-reiki.net/vill.ooshika.nagano/reiki_honbun/e765RG00000258.html
e765RG00000260,大鹿村子育て短期支援事業実施規則,規則,規則,規則第7号,2016-06-15,平成28年6月15日,2020-03-30,令和2年3月30日 規則第9号,1,2020,第10編 社会福祉,第2章 児童福祉等,近隣とほぼ同文,1.00,https://www1.g-reiki.net/vill.ooshika.nagano/reiki_honbun/e765RG00000260.html
e765RG00000525,大鹿村保育士修学資金貸付金免除条例,条例,条例,条例第9号,2022-03-18,令和4年3月18日,,,0,2022,第10編 社会福祉,第2章 児童福祉等,近隣に対応なし,,https://www1.g-reiki.net/vill.ooshika.nagano/reiki_honbun/e765RG00000525.html
e765RG00000530,令和3年度大鹿村子育て世帯等臨時特別支援事業(住民税非課税世帯等に対する臨時特別給付金)支給事務実施要綱,要綱,要綱・要領,要綱第7号,2022-03-18,令和4年3月18日,,,0,2022,第10編 社会福祉,第2章 児童福祉等,近隣とほぼ同文,0.94,https://www1.g-reiki.net/vill.ooshika.nagano/reiki_honbun/e765RG00000530.html
e765RG00000531,大鹿村保育士修学資金貸付規則,規則,規則,規則第3号,2022-03-18,令和4年3月18日,,,0,2022,第10編 社会福祉,第2章 児童福祉等,近隣に対応なし,,https://www1.g-reiki.net/vill.ooshika.nagano/reiki_honbun/e765RG00000531.html
e765RG00000578,児童手当事務処理規則,規則,規則,規則第14号,2024-12-16,令和6年12月16日,,,0,2024,第10編 社会福祉,第2章 児童福祉等,近隣とほぼ同文,0.97,https://www1.g-reiki.net/vill.ooshika.nagano/reiki_honbun/e765RG00000578.html
e765RG00000261,身体障害者福祉法に基づく費用の負担命令及び徴収に関する条例,条例,条例,条例第18号,1993-03-25,平成5年3月25日,,,0,1993,第10編 社会福祉,第3章 障害者福祉,近隣とほぼ同文,0.91,https://www1.g-reiki.net/vill.ooshika.nagano/reiki_honbun/e765RG00000261.html
e765RG00000262,大鹿村難病患者等通院費補助事業実施要綱,要綱,要綱・要領,要綱第13号,1996-03-25,平成8年3月25日,2021-03-19,令和3年3月19日 要綱第1号,3,2021,第10編 社会福祉,第3章 障害者福祉,近隣に対応なし,,https://www1.g-reiki.net/vill.ooshika.nagano/reiki_honbun/e765RG00000262.html
e765RG00000263,精神障害者居宅介護等事業運営要綱,要綱,要綱・要領,要綱第5号,2002-09-25,平成14年9月25日,,,0,2002,第10編 社会福祉,第3章 障害者福祉,近隣に類似名あり・本文は異なる,0.88,https://www1.g-reiki.net/vill.ooshika.nagano/reiki_honbun/e765RG00000263.html
e765RG00000264,精神障害者短期入所事業運営要綱,要綱,要綱・要領,要綱第6号,2002-09-25,平成14年9月25日,,,0,2002,第10編 社会福祉,第3章 障害者福祉,近隣とほぼ同文,0.90,https://www1.g-reiki.net/vill.ooshika.nagano/reiki_honbun/e765RG00000264.html
e765RG00000265,大鹿村障がい者地域生活支援事業実施要綱,要綱,要綱・要領,要綱第12号,2006-12-14,平成18年12月14日,2022-12-16,令和4年12月16日 要綱第21号,8,2022,第10編 社会福祉,第3章 障害者福祉,近隣とほぼ同文,0.99,https://www1.g-reiki.net/vill.ooshika.nagano/reiki_honbun/e765RG00000265.html
e765RG00000266,大鹿村補装具費の代理受領に係る補装具業者の登録等に関する要綱,要綱,要綱・要領,要綱第13号,2006-12-14,平成18年12月14日,,,0,2006,第10編 社会福祉,第3章 障害者福祉,近隣とほぼ同文,0.99,https://www1.g-reiki.net/vill.ooshika.nagano/reiki_honbun/e765RG00000266.html
e765RG00000267,大鹿村障がい者地域生活支援事業実施に関する要領,要領,要綱・要領,要領第15号,2006-12-14,平成18年12月14日,,,0,2006,第10編 社会福祉,第3章 障害者福祉,近隣とほぼ同文,0.99,https://www1.g-reiki.net/vill.ooshika.nagano/reiki_honbun/e765RG00000267.html
e765RG00000268,大鹿村障がい児通園施設利用児療育支援事業実施要綱,要綱,要綱・要領,要綱第4号,2012-03-19,平成24年3月19日,,,0,2012,第10編 社会福祉,第3章 障害者福祉,近隣に対応なし,,https://www1.g-reiki.net/vill.ooshika.nagano/reiki_honbun/e765RG00000268.html
e765RG00000269,大鹿村心身障害児(者)タイムケア事業実施要綱,要綱,要綱・要領,要綱第13号,2017-12-20,平成29年12月20日,2020-03-30,令和2年3月30日 要綱第6号,1,2020,第10編 社会福祉,第3章 障害者福祉,近隣とほぼ同文,0.98,https://www1.g-reiki.net/vill.ooshika.nagano/reiki_honbun/e765RG00000269.html
e765RG00000588,大鹿村軽度・中等度難聴児補聴器購入等補助金交付要綱,要綱,要綱・要領,要綱第16号,2025-06-16,令和7年6月16日,,,0,2025,第10編 社会福祉,第3章 障害者福祉,近隣に類似名あり・本文は異なる,0.80,https://www1.g-reiki.net/vill.ooshika.nagano/reiki_honbun/e765RG00000588.html
e765RG00000270,大鹿村授産所設置条例,条例,条例,条例第17号,1977-10-01,昭和52年10月1日,2023-03-16,令和5年3月16日 条例第11号,11,2023,第10編 社会福祉,第3章 障害者福祉,近隣に対応なし,,https://www1.g-reiki.net/vill.ooshika.nagano/reiki_honbun/e765RG00000270.html
e765RG00000271,大鹿村授産所管理規程,規程,規程・その他,規程第5号,1985-12-20,昭和60年12月20日,2023-03-16,令和5年3月16日 規程第1号,6,2023,第10編 社会福祉,第3章 障害者福祉,近隣に対応なし,,https://www1.g-reiki.net/vill.ooshika.nagano/reiki_honbun/e765RG00000271.html
e765RG00000272,大鹿村授産所利用料徴収条例,条例,条例,条例第8号,1985-12-25,昭和60年12月25日,2000-12-20,平成12年12月20日 条例第40号,2,2000,第10編 社会福祉,第3章 障害者福祉,近隣に対応なし,,https://www1.g-reiki.net/vill.ooshika.nagano/reiki_honbun/e765RG00000272.html
e765RG00000273,大鹿村授産所利用料徴収規則,規則,規則,規則第13号,1986-01-16,昭和61年1月16日,2006-09-22,平成18年9月22日 規則第17号,2,2006,第10編 社会福祉,第3章 障害者福祉,近隣に対応なし,,https://www1.g-reiki.net/vill.ooshika.nagano/reiki_honbun/e765RG00000273.html
e765RG00000274,老人福祉法に基づく費用の徴収に関する条例,条例,条例,条例第17号,1993-03-25,平成5年3月25日,,,0,1993,第10編 社会福祉,第4章 高齢者福祉,近隣とほぼ同文,0.95,https://www1.g-reiki.net/vill.ooshika.nagano/reiki_honbun/e765RG00000274.html
e765RG00000275,大鹿村介護保険法に基づく指定地域密着型介護老人福祉施設の指定に係る入所定員等に関する条例,条例,条例,条例第14号,2013-03-18,平成25年3月18日,2014-12-19,平成26年12月19日 条例第15号,1,2014,第10編 社会福祉,第4章 高齢者福祉,近隣に対応なし,,https://www1.g-reiki.net/vill.ooshika.nagano/reiki_honbun/e765RG00000275.html
e765RG00000276,大鹿村介護保険法に基づく指定地域密着型サービスの事業の人員、設備及び運営に係る基準に関する条例,条例,条例,条例第15号,2013-03-18,平成25年3月18日,2018-03-16,平成30年3月16日 条例第4号,4,2018,第10編 社会福祉,第4章 高齢者福祉,近隣に類似名あり・本文は異なる,0.07,https://www1.g-reiki.net/vill.ooshika.nagano/reiki_honbun/e765RG00000276.html
e765RG00000277,大鹿村介護保険法に基づく指定地域密着型サービスの事業の人員、設備及び運営に係る基準に関する条例施行規則,規則,規則,規則第3号,2013-03-18,平成25年3月18日,2014-12-19,平成26年12月19日 規則第10号,1,2014,第10編 社会福祉,第4章 高齢者福祉,近隣に類似名あり・本文は異なる,0.23,https://www1.g-reiki.net/vill.ooshika.nagano/reiki_honbun/e765RG00000277.html
e765RG00000278,大鹿村介護保険法に基づく指定地域密着型介護予防サービスの事業の人員、設備及び運営並びに指定地域密着型介護予防サービスに係る介護予防のための効果的な支援の方法に係る基準に関する条例,条例,条例,条例第16号,2013-03-18,平成25年3月18日,2018-03-16,平成30年3月16日 条例第5号,4,2018,第10編 社会福祉,第4章 高齢者福祉,近隣に類似名あり・本文は異なる,0.01,https://www1.g-reiki.net/vill.ooshika.nagano/reiki_honbun/e765RG00000278.html
e765RG00000279,大鹿村介護保険法に基づく指定地域密着型介護予防サービスの事業の人員、設備及び運営並びに指定地域密着型介護予防サービスに係る介護予防のための効果的な支援の方法に係る基準に関する条例施行規則,規則,規則,規則第4号,2013-03-18,平成25年3月18日,2014-12-19,平成26年12月19日 規則第11号,1,2014,第10編 社会福祉,第4章 高齢者福祉,近隣に類似名あり・本文は異なる,0.69,https://www1.g-reiki.net/vill.ooshika.nagano/reiki_honbun/e765RG00000279.html
e765RG00000280,大鹿村介護保険法に基づく指定介護予防支援等の事業の人員及び運営並びに指定介護予防支援等に係る介護予防のための効果的な支援の方法に係る基準に関する条例,条例,条例,条例第18号,2014-12-19,平成26年12月19日,,,0,2014,第10編 社会福祉,第4章 高齢者福祉,近隣に類似名あり・本文は異なる,0.81,https://www1.g-reiki.net/vill.ooshika.nagano/reiki_honbun/e765RG00000280.html
e765RG00000281,介護保険法に基づく指定居宅介護支援等の事業の従業者及び運営の基準に関する条例,条例,条例,条例第6号,2018-03-16,平成30年3月16日,,,0,2018,第10編 社会福祉,第4章 高齢者福祉,近隣に対応なし,,https://www1.g-reiki.net/vill.ooshika.nagano/reiki_honbun/e765RG00000281.html
e765RG00000282,介護保険法に基づく指定居宅介護支援等の事業の従業者及び運営の基準に関する条例施行規則,規則,規則,規則第1号,2018-03-16,平成30年3月16日,,,0,2018,第10編 社会福祉,第4章 高齢者福祉,近隣に対応なし,,https://www1.g-reiki.net/vill.ooshika.nagano/reiki_honbun/e765RG00000282.html
e765RG00000283,大鹿村介護予防・日常生活支援総合事業実施要綱,要綱,要綱・要領,要綱第15号,2016-12-16,平成28年12月16日,2019-12-20,令和元年12月20日 要綱第20号,3,2019,第10編 社会福祉,第4章 高齢者福祉,近隣とほぼ同文,0.97,https://www1.g-reiki.net/vill.ooshika.nagano/reiki_honbun/e765RG00000283.html
e765RG00000284,大鹿村介護予防・日常生活支援総合事業訪問型・通所型サービスの人員、設備及び運営に関する基準を定める要綱,要綱,要綱・要領,要綱第16号,2016-12-16,平成28年12月16日,,,0,2016,第10編 社会福祉,第4章 高齢者福祉,近隣とほぼ同文,1.00,https://www1.g-reiki.net/vill.ooshika.nagano/reiki_honbun/e765RG00000284.html
e765RG00000285,大鹿村介護予防・日常生活支援総合事業における指定第1号事業者の指定等に関する要綱,要綱,要綱・要領,要綱第17号,2016-12-16,平成28年12月16日,,,0,2016,第10編 社会福祉,第4章 高齢者福祉,近隣とほぼ同文,1.00,https://www1.g-reiki.net/vill.ooshika.nagano/reiki_honbun/e765RG00000285.html
e765RG00000286,大鹿村介護予防・日常生活支援総合事業助成金交付要綱,要綱,要綱・要領,要綱第14号,2020-09-18,令和2年9月18日,,,0,2020,第10編 社会福祉,第4章 高齢者福祉,近隣に類似名あり・本文は異なる,0.22,https://www1.g-reiki.net/vill.ooshika.nagano/reiki_honbun/e765RG00000286.html
e765RG00000287,大鹿村ケア会議設置要綱,要綱,要綱・要領,要綱第19号,2000-09-01,平成12年9月1日,2020-03-19,令和2年3月19日 要綱第1号,2,2020,第10編 社会福祉,第4章 高齢者福祉,近隣に類似名あり・本文は異なる,0.63,https://www1.g-reiki.net/vill.ooshika.nagano/reiki_honbun/e765RG00000287.html
e765RG00000288,大鹿村介護保険事業計画・老人保健福祉計画策定懇話会設置要綱,要綱,要綱・要領,要綱第1号,1999-01-21,平成11年1月21日,2006-03-31,平成18年3月31日 要綱第1号,1,2006,第10編 社会福祉,第4章 高齢者福祉,近隣に対応なし,,https://www1.g-reiki.net/vill.ooshika.nagano/reiki_honbun/e765RG00000288.html
e765RG00000289,大鹿村認知症地域支援推進員設置要綱,要綱,要綱・要領,要綱第18号,2017-12-20,平成29年12月20日,,,0,2017,第10編 社会福祉,第4章 高齢者福祉,近隣に類似名あり・本文は異なる,0.33,https://www1.g-reiki.net/vill.ooshika.nagano/reiki_honbun/e765RG00000289.html
e765RG00000290,デイサービスセンター管理規則,規則,規則,規則第19号,1993-03-31,平成5年3月31日,2020-03-19,令和2年3月19日 規則第4号,3,2020,第10編 社会福祉,第4章 高齢者福祉,近隣に類似名あり・本文は異なる,0.35,https://www1.g-reiki.net/vill.ooshika.nagano/reiki_honbun/e765RG00000290.html
e765RG00000291,ふれあいセンターあかいし短期利用施設管理規則,規則,規則,規則第18号,1993-03-31,平成5年3月31日,2020-03-19,令和2年3月19日 規則第5号,5,2020,第10編 社会福祉,第4章 高齢者福祉,近隣に対応なし,,https://www1.g-reiki.net/vill.ooshika.nagano/reiki_honbun/e765RG00000291.html
e765RG00000292,ふれあいセンターあかいし設置に関する条例,条例,条例,条例第6号,2020-03-19,令和2年3月19日,,,0,2020,第10編 社会福祉,第4章 高齢者福祉,近隣に対応なし,,https://www1.g-reiki.net/vill.ooshika.nagano/reiki_honbun/e765RG00000292.html
e765RG00000293,大鹿村在宅介護支援センター運営規程,規程,規程・その他,規程第1号,2009-03-16,平成21年3月16日,,,0,2009,第10編 社会福祉,第4章 高齢者福祉,近隣に対応なし,,https://www1.g-reiki.net/vill.ooshika.nagano/reiki_honbun/e765RG00000293.html
e765RG00000294,大鹿村介護保険法に基づき地域包括支援センターの設置者が遵守すべき基準に関する条例,条例,条例,条例第19号,2014-12-19,平成26年12月19日,,,0,2014,第10編 社会福祉,第4章 高齢者福祉,近隣に対応なし,,https://www1.g-reiki.net/vill.ooshika.nagano/reiki_honbun/e765RG00000294.html
e765RG00000295,大鹿村地域包括支援センター設置要綱,要綱,要綱・要領,要綱第4号,2006-03-31,平成18年3月31日,,,0,2006,第10編 社会福祉,第4章 高齢者福祉,近隣に類似名あり・本文は異なる,0.53,https://www1.g-reiki.net/vill.ooshika.nagano/reiki_honbun/e765RG00000295.html
e765RG00000296,大鹿村生活支援ハウス管理規則,規則,規則,規則第5号,2000-03-17,平成12年3月17日,2024-06-14,令和6年6月14日 規則第11号,7,2024,第10編 社会福祉,第4章 高齢者福祉,近隣に対応なし,,https://www1.g-reiki.net/vill.ooshika.nagano/reiki_honbun/e765RG00000296.html
e765RG00000297,ふれあいセンターあかいし介護予防機能訓練室管理規則,規則,規則,規則第10号,2016-09-20,平成28年9月20日,2020-03-19,令和2年3月19日 規則第6号,1,2020,第10編 社会福祉,第4章 高齢者福祉,近隣に対応なし,,https://www1.g-reiki.net/vill.ooshika.nagano/reiki_honbun/e765RG00000297.html
e765RG00000298,大鹿村福祉用具貸与要綱,要綱,要綱・要領,要綱第9号,2006-09-22,平成18年9月22日,,,0,2006,第10編 社会福祉,第4章 高齢者福祉,近隣に対応なし,,https://www1.g-reiki.net/vill.ooshika.nagano/reiki_honbun/e765RG00000298.html
e765RG00000299,大鹿村除雪機械管理規程,規程,規程・その他,規程第2号,2010-03-19,平成22年3月19日,,,0,2010,第10編 社会福祉,第4章 高齢者福祉,近隣に対応なし,,https://www1.g-reiki.net/vill.ooshika.nagano/reiki_honbun/e765RG00000299.html
e765RG00000300,敬老年金の支給に関する条例,条例,条例,条例第18号,1968-03-28,昭和43年3月28日,2005-03-16,平成17年3月16日 条例第11号,4,2005,第10編 社会福祉,第4章 高齢者福祉,近隣に対応なし,,https://www1.g-reiki.net/vill.ooshika.nagano/reiki_honbun/e765RG00000300.html
e765RG00000301,生きがい活動支援通所事業実施要綱,要綱,要綱・要領,要綱第16号,2000-04-01,平成12年4月1日,2016-09-20,平成28年9月20日 要綱第12号,1,2016,第10編 社会福祉,第4章 高齢者福祉,近隣に対応なし,,https://www1.g-reiki.net/vill.ooshika.nagano/reiki_honbun/e765RG00000301.html
e765RG00000302,大鹿村生活管理指導事業実施要綱,要綱,要綱・要領,要綱第26号,2000-12-28,平成12年12月28日,,,0,2000,第10編 社会福祉,第4章 高齢者福祉,近隣に類似名あり・本文は異なる,0.23,https://www1.g-reiki.net/vill.ooshika.nagano/reiki_honbun/e765RG00000302.html
e765RG00000303,大鹿村交通弱者対策事業費補助金交付要綱,要綱,要綱・要領,要綱第6号,2013-03-29,平成25年3月29日,2024-12-16,令和6年12月16日 要綱第12号,5,2024,第10編 社会福祉,第4章 高齢者福祉,近隣に対応なし,,https://www1.g-reiki.net/vill.ooshika.nagano/reiki_honbun/e765RG00000303.html
e765RG00000304,家族介護用品支給事業実施要綱,要綱,要綱・要領,要綱第12号,2000-04-01,平成12年4月1日,2023-03-16,令和5年3月16日 要綱第5号,10,2023,第10編 社会福祉,第4章 高齢者福祉,近隣に類似名あり・本文は異なる,0.39,https://www1.g-reiki.net/vill.ooshika.nagano/reiki_honbun/e765RG00000304.html
e765RG00000305,大鹿村老人福祉電話設置事業運営要綱,要綱,要綱・要領,要綱第3号,1979-04-02,昭和54年4月2日,,,0,1979,第10編 社会福祉,第4章 高齢者福祉,近隣とほぼ同文,0.99,https://www1.g-reiki.net/vill.ooshika.nagano/reiki_honbun/e765RG00000305.html
e765RG00000306,大鹿村家庭介護者慰労事業実施要綱,要綱,要綱・要領,要綱第1号,1986-03-25,昭和61年3月25日,2019-12-20,令和元年12月20日 要綱第21号,10,2019,第10編 社会福祉,第4章 高齢者福祉,近隣に類似名あり・本文は異なる,0.30,https://www1.g-reiki.net/vill.ooshika.nagano/reiki_honbun/e765RG00000306.html
e765RG00000307,人にやさしい住宅改良促進事業補助金交付要綱,要綱,要綱・要領,要綱第4号,2008-06-19,平成20年6月19日,2009-09-25,平成21年9月25日 要綱第8号,1,2009,第10編 社会福祉,第4章 高齢者福祉,近隣とほぼ同文,0.94,https://www1.g-reiki.net/vill.ooshika.nagano/reiki_honbun/e765RG00000307.html
e765RG00000308,大鹿村小規模ケア施設整備事業補助金交付要綱,要綱,要綱・要領,要綱第8号,2006-06-20,平成18年6月20日,,,0,2006,第10編 社会福祉,第4章 高齢者福祉,近隣とほぼ同文,0.96,https://www1.g-reiki.net/vill.ooshika.nagano/reiki_honbun/e765RG00000308.html
e765RG00000309,大鹿村資格取得支援補助金交付要綱,要綱,要綱・要領,要綱第2号,2008-03-17,平成20年3月17日,2018-12-18,平成30年12月18日 要綱第9号,2,2018,第10編 社会福祉,第4章 高齢者福祉,近隣に対応なし,,https://www1.g-reiki.net/vill.ooshika.nagano/reiki_honbun/e765RG00000309.html
e765RG00000310,大鹿村福祉灯油購入費助成交付要綱,要綱,要綱・要領,要綱第2号,2013-03-01,平成25年3月1日,2013-12-19,平成25年12月19日 要綱第12号,1,2013,第10編 社会福祉,第4章 高齢者福祉,近隣に対応なし,,https://www1.g-reiki.net/vill.ooshika.nagano/reiki_honbun/e765RG00000310.html
e765RG00000311,大鹿村輸送サービス事業実施要領,要領,要綱・要領,要領第16号,2006-12-14,平成18年12月14日,2025-09-16,令和7年9月16日 要領第3号,4,2025,第10編 社会福祉,第4章 高齢者福祉,近隣に類似名あり・本文は異なる,0.82,https://www1.g-reiki.net/vill.ooshika.nagano/reiki_honbun/e765RG00000311.html
e765RG00000312,社会福祉法人等による利用者負担軽減に対する助成事業実施要綱,要綱,要綱・要領,要綱第10号,2009-09-25,平成21年9月25日,2020-12-18,令和2年12月18日 要綱第17号,8,2020,第10編 社会福祉,第4章 高齢者福祉,近隣とほぼ同文,0.93,https://www1.g-reiki.net/vill.ooshika.nagano/reiki_honbun/e765RG00000312.html
e765RG00000313,社会福祉法人等による生計困難者に対する介護保険サービスに係る利用者負担軽減制度事業補助金交付要綱,要綱,要綱・要領,要綱第7号,2001-03-19,平成13年3月19日,2010-03-19,平成22年3月19日 要綱第4号,2,2010,第10編 社会福祉,第4章 高齢者福祉,近隣とほぼ同文,0.99,https://www1.g-reiki.net/vill.ooshika.nagano/reiki_honbun/e765RG00000313.html
e765RG00000314,大鹿村通所介護サービス利用者食費助成事業実施要綱,要綱,要綱・要領,要綱第18号,2016-12-16,平成28年12月16日,2017-09-28,平成29年9月28日 要綱第8号,1,2017,第10編 社会福祉,第4章 高齢者福祉,近隣とほぼ同文,0.99,https://www1.g-reiki.net/vill.ooshika.nagano/reiki_honbun/e765RG00000314.html
e765RG00000315,宅幼老所等防火機能設備整備事業補助金交付要綱,要綱,要綱・要領,要綱第12号,2009-09-25,平成21年9月25日,,,0,2009,第10編 社会福祉,第4章 高齢者福祉,近隣に類似名あり・本文は異なる,0.37,https://www1.g-reiki.net/vill.ooshika.nagano/reiki_honbun/e765RG00000315.html
e765RG00000316,大鹿村認知症高齢者家族やすらぎ支援事業実施要綱,要綱,要綱・要領,要綱第13号,2009-09-25,平成21年9月25日,,,0,2009,第10編 社会福祉,第4章 高齢者福祉,近隣に類似名あり・本文は異なる,0.24,https://www1.g-reiki.net/vill.ooshika.nagano/reiki_honbun/e765RG00000316.html
e765RG00000317,大鹿村認知症初期集中支援推進事業実施要綱,要綱,要綱・要領,要綱第5号,2017-09-28,平成29年9月28日,,,0,2017,第10編 社会福祉,第4章 高齢者福祉,近隣とほぼ同文,1.00,https://www1.g-reiki.net/vill.ooshika.nagano/reiki_honbun/e765RG00000317.html
e765RG00000318,大鹿村北部火葬場住所地特例補助金交付要綱,要綱,要綱・要領,要綱第10号,2017-09-28,平成29年9月28日,,,0,2017,第10編 社会福祉,第4章 高齢者福祉,近隣とほぼ同文,0.97,https://www1.g-reiki.net/vill.ooshika.nagano/reiki_honbun/e765RG00000318.html
e765RG00000319,大鹿村低所得の高齢者向けの年金生活者等支援臨時福祉給付金支給事業実施要綱,要綱,要綱・要領,要綱第8号,2016-06-15,平成28年6月15日,,,0,2016,第10編 社会福祉,第4章 高齢者福祉,近隣とほぼ同文,0.99,https://www1.g-reiki.net/vill.ooshika.nagano/reiki_honbun/e765RG00000319.html
e765RG00000320,大鹿村低所得の障害・遺族基礎年金受給者向けの年金生活者等支援臨時福祉給付金支給事業実施要綱,要綱,要綱・要領,要綱第9号,2016-06-15,平成28年6月15日,,,0,2016,第10編 社会福祉,第4章 高齢者福祉,近隣に類似名あり・本文は異なる,0.72,https://www1.g-reiki.net/vill.ooshika.nagano/reiki_honbun/e765RG00000320.html
e765RG00000321,大鹿村生活支援体制整備事業実施要綱,要綱,要綱・要領,要綱第16号,2017-12-20,平成29年12月20日,,,0,2017,第10編 社会福祉,第4章 高齢者福祉,近隣に類似名あり・本文は異なる,0.41,https://www1.g-reiki.net/vill.ooshika.nagano/reiki_honbun/e765RG00000321.html
e765RG00000322,大鹿村地域介護予防活動支援事業補助金交付要綱,要綱,要綱・要領,要綱第17号,2017-12-20,平成29年12月20日,,,0,2017,第10編 社会福祉,第4章 高齢者福祉,近隣に類似名あり・本文は異なる,0.23,https://www1.g-reiki.net/vill.ooshika.nagano/reiki_honbun/e765RG00000322.html
e765RG00000520,スマートスピーカーを活用した高齢者見守り事業補助金交付要綱,要綱,要綱・要領,要綱第18号,2021-12-17,令和3年12月17日,2023-03-16,令和5年3月16日 要綱第3号,1,2023,第10編 社会福祉,第4章 高齢者福祉,近隣に対応なし,,https://www1.g-reiki.net/vill.ooshika.nagano/reiki_honbun/e765RG00000520.html
e765RG00000323,大鹿村国民健康保険条例,条例,条例,条例第6号,1964-03-30,昭和39年3月30日,2024-09-13,令和6年9月13日 条例第24号,38,2024,第10編 社会福祉,第5章 保険,近隣に類似名あり・本文は異なる,0.81,https://www1.g-reiki.net/vill.ooshika.nagano/reiki_honbun/e765RG00000323.html
e765RG00000324,大鹿村国民健康保険条例施行規則,規則,規則,規則第8号,1975-12-24,昭和50年12月24日,2021-03-19,令和3年3月19日 規則第3号,15,2021,第10編 社会福祉,第5章 保険,近隣に類似名あり・本文は異なる,0.60,https://www1.g-reiki.net/vill.ooshika.nagano/reiki_honbun/e765RG00000324.html
e765RG00000325,新型コロナウイルス感染症の影響により収入が減少した被保険者に対する国民健康保険税の減免の特例に関する要綱,要綱,要綱・要領,要綱第11号,2020-07-13,令和2年7月13日,2022-03-30,令和4年3月30日 要綱第8号,2,2022,第10編 社会福祉,第5章 保険,近隣とほぼ同文,0.93,https://www1.g-reiki.net/vill.ooshika.nagano/reiki_honbun/e765RG00000325.html
e765RG00000326,大鹿村国民健康保険一部負担金の減免又は徴収猶予に関する要領,要領,要綱・要領,要領第1号,2017-09-28,平成29年9月28日,2024-12-16,令和6年12月16日 要領第3号,1,2024,第10編 社会福祉,第5章 保険,近隣とほぼ同文,1.00,https://www1.g-reiki.net/vill.ooshika.nagano/reiki_honbun/e765RG00000326.html
e765RG00000327,大鹿村介護保険条例,条例,条例,条例第12号,2000-03-17,平成12年3月17日,2024-03-15,令和6年3月15日 条例第8号,16,2024,第10編 社会福祉,第5章 保険,近隣に類似名あり・本文は異なる,0.84,https://www1.g-reiki.net/vill.ooshika.nagano/reiki_honbun/e765RG00000327.html
e765RG00000328,大鹿村後期高齢者医療に関する条例,条例,条例,条例第8号,2008-03-17,平成20年3月17日,2020-12-18,令和2年12月18日 条例第21号,13,2020,第10編 社会福祉,第5章 保険,近隣とほぼ同文,0.98,https://www1.g-reiki.net/vill.ooshika.nagano/reiki_honbun/e765RG00000328.html
e765RG00000329,大鹿村立診療所条例,条例,条例,条例第31号,1970-03-20,昭和45年3月20日,2000-12-20,平成12年12月20日 条例第38号,8,2000,第11編 保健衛生,第1章 保健,近隣に類似名あり・本文は異なる,0.27,https://www1.g-reiki.net/vill.ooshika.nagano/reiki_honbun/e765RG00000329.html
e765RG00000330,大鹿村立診療所管理規則,規則,規則,規則第3号,1970-04-01,昭和45年4月1日,2010-05-12,平成22年5月12日 規則第9号,8,2010,第11編 保健衛生,第1章 保健,近隣に対応なし,,https://www1.g-reiki.net/vill.ooshika.nagano/reiki_honbun/e765RG00000330.html
e765RG00000331,大鹿村立診療所非常対処規程,規程,規程・その他,規程第3号,1970-04-01,昭和45年4月1日,2002-03-18,平成14年3月18日 規則第4号,3,2002,第11編 保健衛生,第1章 保健,近隣に対応なし,,https://www1.g-reiki.net/vill.ooshika.nagano/reiki_honbun/e765RG00000331.html
e765RG00000332,救急車管理規則,規則,規則,規則第10号,1987-10-30,昭和62年10月30日,1988-03-30,昭和63年3月30日 規則第15号,1,1988,第11編 保健衛生,第1章 保健,近隣に対応なし,,https://www1.g-reiki.net/vill.ooshika.nagano/reiki_honbun/e765RG00000332.html
e765RG00000333,大鹿村看護師、准看護師養成規則,規則,規則,規則第8号,1978-03-08,昭和53年3月8日,2012-09-19,平成24年9月19日 規則第11号,2,2012,第11編 保健衛生,第1章 保健,近隣に対応なし,,https://www1.g-reiki.net/vill.ooshika.nagano/reiki_honbun/e765RG00000333.html
e765RG00000334,大鹿村看護師、准看護師養成修学資金貸付金免除条例,条例,条例,条例第9号,1978-03-25,昭和53年3月25日,2012-09-19,平成24年9月19日 条例第16号,2,2012,第11編 保健衛生,第1章 保健,近隣に対応なし,,https://www1.g-reiki.net/vill.ooshika.nagano/reiki_honbun/e765RG00000334.html
e765RG00000335,大鹿村へき地診療所設置条例,条例,条例,条例第16号,1967-04-01,昭和42年4月1日,1995-03-22,平成7年3月22日 条例第20号,1,1995,第11編 保健衛生,第1章 保健,近隣に類似名あり・本文は異なる,0.37,https://www1.g-reiki.net/vill.ooshika.nagano/reiki_honbun/e765RG00000335.html
e765RG00000336,大鹿村母子健康センターの設置及び管理に関する条例,条例,条例,条例第9号,1999-03-18,平成11年3月18日,,,0,1999,第11編 保健衛生,第1章 保健,近隣に類似名あり・本文は異なる,0.18,https://www1.g-reiki.net/vill.ooshika.nagano/reiki_honbun/e765RG00000336.html
e765RG00000337,大鹿村母子保健法施行細則,規則,規則,規則第6号,2013-03-18,平成25年3月18日,2016-03-16,平成28年3月16日 規則第5号,1,2016,第11編 保健衛生,第1章 保健,近隣に類似名あり・本文は異なる,0.35,https://www1.g-reiki.net/vill.ooshika.nagano/reiki_honbun/e765RG00000337.html
e765RG00000338,大鹿村保健師修学資金貸付金免除条例,条例,条例,条例第16号,1973-06-23,昭和48年6月23日,2012-09-19,平成24年9月19日 条例第17号,3,2012,第11編 保健衛生,第1章 保健,近隣とほぼ同文,0.94,https://www1.g-reiki.net/vill.ooshika.nagano/reiki_honbun/e765RG00000338.html
e765RG00000339,大鹿村保健師修学資金貸付規則,規則,規則,規則第9号,1978-03-08,昭和53年3月8日,2022-07-01,令和4年7月1日 規則第9号,5,2022,第11編 保健衛生,第1章 保健,近隣に対応なし,,https://www1.g-reiki.net/vill.ooshika.nagano/reiki_honbun/e765RG00000339.html
e765RG00000340,予防接種事故災害補償規程,告示,規程・その他,告示第4号,1984-05-29,昭和59年5月29日,2017-03-31,平成29年3月31日 規程第2号,4,2017,第11編 保健衛生,第1章 保健,近隣に類似名あり・本文は異なる,0.79,https://www1.g-reiki.net/vill.ooshika.nagano/reiki_honbun/e765RG00000340.html
e765RG00000341,大鹿村保健補導員会会則,種別なし,規程・その他,種別なし,1977-10-01,昭和52年10月1日,2018-06-18,平成30年6月18日 規程第1号,1,2018,第11編 保健衛生,第1章 保健,近隣に対応なし,,https://www1.g-reiki.net/vill.ooshika.nagano/reiki_honbun/e765RG00000341.html
e765RG00000342,大鹿村新型インフルエンザ等対策本部条例,条例,条例,条例第5号,2013-03-18,平成25年3月18日,,,0,2013,第11編 保健衛生,第1章 保健,近隣に類似名あり・本文は異なる,0.70,https://www1.g-reiki.net/vill.ooshika.nagano/reiki_honbun/e765RG00000342.html
e765RG00000343,大鹿村新型インフルエンザワクチン接種費用補助金交付要綱,要綱,要綱・要領,要綱第1号,2010-03-19,平成22年3月19日,2012-06-18,平成24年6月18日 要綱第8号,1,2012,第11編 保健衛生,第1章 保健,近隣に類似名あり・本文は異なる,0.31,https://www1.g-reiki.net/vill.ooshika.nagano/reiki_honbun/e765RG00000343.html
e765RG00000345,大鹿村子宮頸がん等ワクチン接種実施要綱,要綱,要綱・要領,要綱第1号,2011-03-18,平成23年3月18日,,,0,2011,第11編 保健衛生,第1章 保健,近隣とほぼ同文,0.95,https://www1.g-reiki.net/vill.ooshika.nagano/reiki_honbun/e765RG00000345.html
e765RG00000346,大鹿村不妊症及び不育症治療費助成事業実施要綱,要綱,要綱・要領,要綱第5号,2016-03-16,平成28年3月16日,,,0,2016,第11編 保健衛生,第1章 保健,近隣に類似名あり・本文は異なる,0.54,https://www1.g-reiki.net/vill.ooshika.nagano/reiki_honbun/e765RG00000346.html
e765RG00000347,大鹿村健康ポイント事業実施要綱,要綱,要綱・要領,要綱第13号,2019-03-26,平成31年3月26日,,,0,2019,第11編 保健衛生,第1章 保健,近隣に類似名あり・本文は異なる,0.23,https://www1.g-reiki.net/vill.ooshika.nagano/reiki_honbun/e765RG00000347.html
e765RG00000519,大鹿村新型コロナウイルス検査費用助成事業実施要綱,要綱,要綱・要領,要綱第17号,2021-09-21,令和3年9月21日,,,0,2021,第11編 保健衛生,第1章 保健,近隣に類似名あり・本文は異なる,0.55,https://www1.g-reiki.net/vill.ooshika.nagano/reiki_honbun/e765RG00000519.html
e765RG00000533,大鹿村ヒトパピローマウイルス感染症に係る任意接種償還払い要綱,要綱,要綱・要領,要綱第9号,2022-06-17,令和4年6月17日,,,0,2022,第11編 保健衛生,第1章 保健,近隣とほぼ同文,1.00,https://www1.g-reiki.net/vill.ooshika.nagano/reiki_honbun/e765RG00000533.html
e765RG00000536,大鹿村帯状疱疹予防接種費補助金交付要綱,要綱,要綱・要領,要綱第13号,2022-09-15,令和4年9月15日,,,0,2022,第11編 保健衛生,第1章 保健,近隣に類似名あり・本文は異なる,0.12,https://www1.g-reiki.net/vill.ooshika.nagano/reiki_honbun/e765RG00000536.html
e765RG00000558,大鹿村産後ケア事業実施要綱,要綱,要綱・要領,要綱第7号,2023-03-30,令和5年3月30日,,,0,2023,第11編 保健衛生,第1章 保健,近隣に類似名あり・本文は異なる,0.54,https://www1.g-reiki.net/vill.ooshika.nagano/reiki_honbun/e765RG00000558.html
e765RG00000559,大鹿村授乳・育児相談助成事業実施要綱,要綱,要綱・要領,要綱第8号,2023-03-30,令和5年3月30日,2023-12-13,令和5年12月13日 要綱第17号,1,2023,第11編 保健衛生,第1章 保健,近隣とほぼ同文,0.95,https://www1.g-reiki.net/vill.ooshika.nagano/reiki_honbun/e765RG00000559.html
e765RG00000562,大鹿村おたふくかぜ予防接種助成事業実施要綱,要綱,要綱・要領,要綱第15号,2023-12-13,令和5年12月13日,,,0,2023,第11編 保健衛生,第1章 保健,近隣に対応なし,,https://www1.g-reiki.net/vill.ooshika.nagano/reiki_honbun/e765RG00000562.html
e765RG00000570,大鹿村予防接種健康被害調査委員会設置要綱,要綱,要綱・要領,要綱第3号,2024-03-27,令和6年3月27日,,,0,2024,第11編 保健衛生,第1章 保健,近隣とほぼ同文,0.98,https://www1.g-reiki.net/vill.ooshika.nagano/reiki_honbun/e765RG00000570.html
e765RG00000589,大鹿村歯科健診事業実施要綱,要綱,要綱・要領,要綱第17号,2025-06-16,令和7年6月16日,,,0,2025,第11編 保健衛生,第1章 保健,近隣に類似名あり・本文は異なる,0.86,https://www1.g-reiki.net/vill.ooshika.nagano/reiki_honbun/e765RG00000589.html
e765RG00000590,大鹿村妊婦歯科健診事業実施要綱,要綱,要綱・要領,要綱第18号,2025-06-16,令和7年6月16日,,,0,2025,第11編 保健衛生,第1章 保健,近隣に類似名あり・本文は異なる,0.85,https://www1.g-reiki.net/vill.ooshika.nagano/reiki_honbun/e765RG00000590.html
e765RG00000591,大鹿村妊婦のための支援給付金支給要綱,要綱,要綱・要領,要綱第19号,2025-09-16,令和7年9月16日,,,0,2025,第11編 保健衛生,第1章 保健,近隣とほぼ同文,0.99,https://www1.g-reiki.net/vill.ooshika.nagano/reiki_honbun/e765RG00000591.html
e765RG00000603,大鹿村こども家庭センター設置要綱,要綱,要綱・要領,要綱第4号,2026-03-13,令和8年3月13日,,,0,2026,第11編 保健衛生,第1章 保健,近隣に類似名あり・本文は異なる,0.57,https://www1.g-reiki.net/vill.ooshika.nagano/reiki_honbun/e765RG00000603.html
e765RG00000348,大鹿村廃棄物の処理及び清掃に関する条例,条例,条例,条例第7号,2013-03-18,平成25年3月18日,,,0,2013,第11編 保健衛生,第2章 環境衛生,近隣に類似名あり・本文は異なる,0.73,https://www1.g-reiki.net/vill.ooshika.nagano/reiki_honbun/e765RG00000348.html
e765RG00000349,大鹿村廃棄物の処理及び清掃に関する条例施行規則,規則,規則,規則第2号,2013-03-18,平成25年3月18日,,,0,2013,第11編 保健衛生,第2章 環境衛生,近隣に類似名あり・本文は異なる,0.69,https://www1.g-reiki.net/vill.ooshika.nagano/reiki_honbun/e765RG00000349.html
e765RG00000350,ごみ収集場の設置及び管理に関する規程,規程,規程・その他,規程第1号,2013-03-18,平成25年3月18日,,,0,2013,第11編 保健衛生,第2章 環境衛生,近隣に対応なし,,https://www1.g-reiki.net/vill.ooshika.nagano/reiki_honbun/e765RG00000350.html
e765RG00000351,大鹿村家庭用生ごみ処理機補助金交付要綱,要綱,要綱・要領,要綱第9号,2013-12-19,平成25年12月19日,2021-07-30,令和3年7月30日 要綱第11号,1,2021,第11編 保健衛生,第2章 環境衛生,近隣に類似名あり・本文は異なる,0.86,https://www1.g-reiki.net/vill.ooshika.nagano/reiki_honbun/e765RG00000351.html
e765RG00000352,大鹿村が設置する一般廃棄物処理施設に係る生活環境影響調査結果の縦覧等の手続きに関する条例,条例,条例,条例第18号,1998-06-29,平成10年6月29日,,,0,1998,第11編 保健衛生,第2章 環境衛生,近隣とほぼ同文,0.97,https://www1.g-reiki.net/vill.ooshika.nagano/reiki_honbun/e765RG00000352.html
e765RG00000353,大鹿村が設置する一般廃棄物処理施設に係る生活環境影響調査結果の縦覧等の手続きに関する規則,規則,規則,規則第15号,1998-06-29,平成10年6月29日,,,0,1998,第11編 保健衛生,第2章 環境衛生,近隣とほぼ同文,0.99,https://www1.g-reiki.net/vill.ooshika.nagano/reiki_honbun/e765RG00000353.html
e765RG00000354,大鹿村住宅用太陽光発電システム・蓄電システム設置費補助金交付要綱,要綱,要綱・要領,要綱第5号,2010-03-19,平成22年3月19日,2021-09-17,令和3年9月17日 要綱第15号,3,2021,第11編 保健衛生,第2章 環境衛生,近隣に類似名あり・本文は異なる,0.57,https://www1.g-reiki.net/vill.ooshika.nagano/reiki_honbun/e765RG00000354.html
e765RG00000355,大鹿村合併処理浄化槽設置事業補助金交付要綱,要綱,要綱・要領,要綱第8号,1993-07-05,平成5年7月5日,2007-03-16,平成19年3月16日 要綱第3号,3,2007,第11編 保健衛生,第2章 環境衛生,近隣とほぼ同文,0.93,https://www1.g-reiki.net/vill.ooshika.nagano/reiki_honbun/e765RG00000355.html
e765RG00000356,大鹿村合併処理浄化槽維持管理経費補助金交付要綱,要綱,要綱・要領,要綱第1号,2017-03-17,平成29年3月17日,2026-03-13,令和8年3月13日 要綱第2号,1,2026,第11編 保健衛生,第2章 環境衛生,近隣に類似名あり・本文は異なる,0.25,https://www1.g-reiki.net/vill.ooshika.nagano/reiki_honbun/e765RG00000356.html
e765RG00000357,大鹿村浄化槽法事務処理要領,要領,要綱・要領,要領第7号,2000-03-17,平成12年3月17日,,,0,2000,第11編 保健衛生,第2章 環境衛生,近隣とほぼ同文,0.97,https://www1.g-reiki.net/vill.ooshika.nagano/reiki_honbun/e765RG00000357.html
e765RG00000358,大鹿村墓地等の経営の許可等に関する条例,条例,条例,条例第20号,2000-03-17,平成12年3月17日,,,0,2000,第11編 保健衛生,第2章 環境衛生,近隣とほぼ同文,1.00,https://www1.g-reiki.net/vill.ooshika.nagano/reiki_honbun/e765RG00000358.html
e765RG00000359,大鹿村墓地等の経営の許可等に関する規則,規則,規則,規則第3号,2000-03-17,平成12年3月17日,,,0,2000,第11編 保健衛生,第2章 環境衛生,近隣とほぼ同文,1.00,https://www1.g-reiki.net/vill.ooshika.nagano/reiki_honbun/e765RG00000359.html
e765RG00000360,大鹿村狂犬病予防法施行細則,細則,規則,細則第2号,2000-03-17,平成12年3月17日,,,0,2000,第11編 保健衛生,第2章 環境衛生,近隣とほぼ同文,1.00,https://www1.g-reiki.net/vill.ooshika.nagano/reiki_honbun/e765RG00000360.html
e765RG00000361,大鹿村猫繁殖制限手術費補助金交付要綱,要綱,要綱・要領,要綱第9号,2021-06-18,令和3年6月18日,2025-03-14,令和7年3月14日 要綱第9号,1,2025,第11編 保健衛生,第2章 環境衛生,近隣に対応なし,,https://www1.g-reiki.net/vill.ooshika.nagano/reiki_honbun/e765RG00000361.html
e765RG00000362,大鹿村農業振興推進協議会設置条例,条例,条例,条例第13号,1978-07-05,昭和53年7月5日,2003-03-17,平成15年3月17日 条例第1号,1,2003,第12編 産業経済,第1章 農林,近隣に対応なし,,https://www1.g-reiki.net/vill.ooshika.nagano/reiki_honbun/e765RG00000362.html
e765RG00000363,大鹿村農用地利用集積規程,規程,規程・その他,規程第11号,1979-11-05,昭和54年11月5日,,,0,1979,第12編 産業経済,第1章 農林,近隣に対応なし,,https://www1.g-reiki.net/vill.ooshika.nagano/reiki_honbun/e765RG00000363.html
e765RG00000364,大鹿村農業振興総合対策推進事業補助金交付規程,規程,規程・その他,規程第1号,1986-06-18,昭和61年6月18日,2025-03-14,令和7年3月14日 規程第1号,11,2025,第12編 産業経済,第1章 農林,近隣に対応なし,,https://www1.g-reiki.net/vill.ooshika.nagano/reiki_honbun/e765RG00000364.html
e765RG00000365,大鹿村園芸特産振興事業補助金交付規程,規程,規程・その他,規程第3号,2004-03-17,平成16年3月17日,,,0,2004,第12編 産業経済,第1章 農林,近隣に類似名あり・本文は異なる,0.43,https://www1.g-reiki.net/vill.ooshika.nagano/reiki_honbun/e765RG00000365.html
e765RG00000366,大鹿村経営体育成支援事業交付規則,規則,規則,規則第6号,2014-06-17,平成26年6月17日,2019-03-19,平成31年3月19日 規則第10号,3,2019,第12編 産業経済,第1章 農林,近隣とほぼ同文,0.98,https://www1.g-reiki.net/vill.ooshika.nagano/reiki_honbun/e765RG00000366.html
e765RG00000367,大鹿村6次産業化支援補助金交付要綱,要綱,要綱・要領,要綱第8号,2014-06-17,平成26年6月17日,2022-03-18,令和4年3月18日 要綱第3号,3,2022,第12編 産業経済,第1章 農林,近隣に対応なし,,https://www1.g-reiki.net/vill.ooshika.nagano/reiki_honbun/e765RG00000367.html
e765RG00000368,大鹿村地域ブランド推進補助金交付要綱,要綱,要綱・要領,要綱第3号,2015-03-18,平成27年3月18日,2020-06-15,令和2年6月15日 要綱第8号,2,2020,第12編 産業経済,第1章 農林,近隣に対応なし,,https://www1.g-reiki.net/vill.ooshika.nagano/reiki_honbun/e765RG00000368.html
e765RG00000369,農業経営改善資金利子補給規程,規程,規程・その他,規程第12号,1994-03-18,平成6年3月18日,,,0,1994,第12編 産業経済,第1章 農林,近隣に対応なし,,https://www1.g-reiki.net/vill.ooshika.nagano/reiki_honbun/e765RG00000369.html
e765RG00000370,農業経営基盤強化資金利子助成金交付要綱,要綱,要綱・要領,要綱第9号,1996-02-26,平成8年2月26日,,,0,1996,第12編 産業経済,第1章 農林,近隣に類似名あり・本文は異なる,0.65,https://www1.g-reiki.net/vill.ooshika.nagano/reiki_honbun/e765RG00000370.html
e765RG00000371,地域農業生産総合振興事業補助金交付要綱,要綱,要綱・要領,要綱第12号,1980-10-25,昭和55年10月25日,,,0,1980,第12編 産業経済,第1章 農林,近隣に対応なし,,https://www1.g-reiki.net/vill.ooshika.nagano/reiki_honbun/e765RG00000371.html
e765RG00000372,若手農業者育成資金利子補給金交付要綱,要綱,要綱・要領,要綱第13号,1994-03-18,平成6年3月18日,,,0,1994,第12編 産業経済,第1章 農林,近隣に類似名あり・本文は異なる,0.28,https://www1.g-reiki.net/vill.ooshika.nagano/reiki_honbun/e765RG00000372.html
e765RG00000373,大鹿村農地・水・環境保全向上対策実施要領,要領,要綱・要領,要領第6号,2007-06-20,平成19年6月20日,,,0,2007,第12編 産業経済,第1章 農林,近隣とほぼ同文,0.95,https://www1.g-reiki.net/vill.ooshika.nagano/reiki_honbun/e765RG00000373.html
e765RG00000374,大鹿村農地・水・環境保全向上対策交付金交付要綱,要綱,要綱・要領,要綱第7号,2007-06-20,平成19年6月20日,,,0,2007,第12編 産業経済,第1章 農林,近隣に対応なし,,https://www1.g-reiki.net/vill.ooshika.nagano/reiki_honbun/e765RG00000374.html
e765RG00000375,大鹿村多面的機能支払交付金実施要綱,要綱,要綱・要領,要綱第10号,2014-09-19,平成26年9月19日,2015-09-18,平成27年9月18日 要綱第9号,1,2015,第12編 産業経済,第1章 農林,近隣とほぼ同文,0.98,https://www1.g-reiki.net/vill.ooshika.nagano/reiki_honbun/e765RG00000375.html
e765RG00000376,大鹿村多面的機能支払交付金交付要綱,要綱,要綱・要領,要綱第11号,2014-09-19,平成26年9月19日,2015-09-18,平成27年9月18日 要綱第8号,1,2015,第12編 産業経済,第1章 農林,近隣とほぼ同文,0.98,https://www1.g-reiki.net/vill.ooshika.nagano/reiki_honbun/e765RG00000376.html
e765RG00000377,農作物等災害総合対策事業補助金交付規程,規程,規程・その他,規程第3号,1971-06-01,昭和46年6月1日,1994-08-01,平成6年8月1日 規程第2号,1,1994,第12編 産業経済,第1章 農林,近隣に対応なし,,https://www1.g-reiki.net/vill.ooshika.nagano/reiki_honbun/e765RG00000377.html
e765RG00000378,大鹿村農林漁家婦人活動促進施設設置条例,条例,条例,条例第11号,1999-03-18,平成11年3月18日,,,0,1999,第12編 産業経済,第1章 農林,近隣に対応なし,,https://www1.g-reiki.net/vill.ooshika.nagano/reiki_honbun/e765RG00000378.html
e765RG00000379,大鹿村農林漁家婦人活動促進施設管理規則,規則,規則,規則第8号,1999-03-18,平成11年3月18日,2014-12-19,平成26年12月19日 規則第12号,2,2014,第12編 産業経済,第1章 農林,近隣に対応なし,,https://www1.g-reiki.net/vill.ooshika.nagano/reiki_honbun/e765RG00000379.html
e765RG00000380,大鹿村畜産振興事業補助金交付規程,規程,規程・その他,規程第4号,2004-03-17,平成16年3月17日,,,0,2004,第12編 産業経済,第1章 農林,近隣に類似名あり・本文は異なる,0.36,https://www1.g-reiki.net/vill.ooshika.nagano/reiki_honbun/e765RG00000380.html
e765RG00000381,大鹿村若妻肉用雌牛貸付規程,告示,規程・その他,告示第3号,1985-01-20,昭和60年1月20日,,,0,1985,第12編 産業経済,第1章 農林,近隣に対応なし,,https://www1.g-reiki.net/vill.ooshika.nagano/reiki_honbun/e765RG00000381.html
e765RG00000382,大家畜経営維持資金利子助成事業補助金交付要綱,要綱,要綱・要領,要綱第9号,2002-12-19,平成14年12月19日,,,0,2002,第12編 産業経済,第1章 農林,近隣に対応なし,,https://www1.g-reiki.net/vill.ooshika.nagano/reiki_honbun/e765RG00000382.html
e765RG00000383,大鹿村牧場設置条例,条例,条例,条例第17号,1987-03-16,昭和62年3月16日,2006-06-20,平成18年6月20日 条例第18号,2,2006,第12編 産業経済,第1章 農林,近隣に対応なし,,https://www1.g-reiki.net/vill.ooshika.nagano/reiki_honbun/e765RG00000383.html
e765RG00000384,大鹿村牧野管理規程,規程,規程・その他,規程第1号,1961-06-10,昭和36年6月10日,2000-03-17,平成12年3月17日 規程第13号,1,2000,第12編 産業経済,第1章 農林,近隣に対応なし,,https://www1.g-reiki.net/vill.ooshika.nagano/reiki_honbun/e765RG00000384.html
e765RG00000385,大鹿村鳥獣被害対策実施隊の設置に関する条例,条例,条例,条例第7号,2012-03-19,平成24年3月19日,,,0,2012,第12編 産業経済,第1章 農林,近隣に対応なし,,https://www1.g-reiki.net/vill.ooshika.nagano/reiki_honbun/e765RG00000385.html
e765RG00000386,大鹿村鳥獣被害対策実施隊の設置に関する規則,規則,規則,規則第3号,2012-03-19,平成24年3月19日,,,0,2012,第12編 産業経済,第1章 農林,近隣に対応なし,,https://www1.g-reiki.net/vill.ooshika.nagano/reiki_honbun/e765RG00000386.html
e765RG00000387,大鹿村農業次世代人材投資資金交付規則,規則,規則,規則第8号,2017-09-28,平成29年9月28日,,,0,2017,第12編 産業経済,第1章 農林,近隣に類似名あり・本文は異なる,0.07,https://www1.g-reiki.net/vill.ooshika.nagano/reiki_honbun/e765RG00000387.html
e765RG00000388,大鹿村遊休農地等活用支援事業補助金交付要綱,要綱,要綱・要領,要綱第3号,2020-03-19,令和2年3月19日,2022-09-15,令和4年9月15日 要綱第12号,1,2022,第12編 産業経済,第1章 農林,近隣に類似名あり・本文は異なる,0.29,https://www1.g-reiki.net/vill.ooshika.nagano/reiki_honbun/e765RG00000388.html
e765RG00000526,令和3年度大鹿村米価下落緊急支援助成金交付要綱,要綱,要綱・要領,要綱第2号,2022-03-18,令和4年3月18日,,,0,2022,第12編 産業経済,第1章 農林,近隣に対応なし,,https://www1.g-reiki.net/vill.ooshika.nagano/reiki_honbun/e765RG00000526.html
e765RG00000527,大鹿村水田農業経営支援助成金交付要綱,要綱,要綱・要領,要綱第4号,2022-03-18,令和4年3月18日,,,0,2022,第12編 産業経済,第1章 農林,近隣に対応なし,,https://www1.g-reiki.net/vill.ooshika.nagano/reiki_honbun/e765RG00000527.html
e765RG00000528,大鹿村農地流動化助成金交付要綱,要綱,要綱・要領,要綱第5号,2022-03-18,令和4年3月18日,,,0,2022,第12編 産業経済,第1章 農林,近隣に対応なし,,https://www1.g-reiki.net/vill.ooshika.nagano/reiki_honbun/e765RG00000528.html
e765RG00000532,大鹿村塩の里加工所運営規則,規則,規則,規則第4号,2022-03-18,令和4年3月18日,,,0,2022,第12編 産業経済,第1章 農林,近隣に対応なし,,https://www1.g-reiki.net/vill.ooshika.nagano/reiki_honbun/e765RG00000532.html
e765RG00000571,大鹿村新規就農者育成総合対策補助金交付要綱,要綱,要綱・要領,要綱第6号,2024-06-14,令和6年6月14日,,,0,2024,第12編 産業経済,第1章 農林,近隣に類似名あり・本文は異なる,0.12,https://www1.g-reiki.net/vill.ooshika.nagano/reiki_honbun/e765RG00000571.html
e765RG00000585,大鹿村農業経営安定・効率化支援事業補助金交付要綱,要綱,要綱・要領,要綱第10号,2025-03-14,令和7年3月14日,2026-03-13,令和8年3月13日 要綱第3号,1,2026,第12編 産業経済,第1章 農林,近隣に類似名あり・本文は異なる,0.30,https://www1.g-reiki.net/vill.ooshika.nagano/reiki_honbun/e765RG00000585.html
e765RG00000592,大鹿村飼料・肥料価格高騰対策支援金交付要綱,要綱,要綱・要領,要綱第20号,2025-09-16,令和7年9月16日,,,0,2025,第12編 産業経済,第1章 農林,近隣に対応なし,,https://www1.g-reiki.net/vill.ooshika.nagano/reiki_honbun/e765RG00000592.html
e765RG00000593,大鹿村物価高騰対策支援金交付要綱,要綱,要綱・要領,要綱第21号,2025-09-16,令和7年9月16日,,,0,2025,第12編 産業経済,第1章 農林,近隣に類似名あり・本文は異なる,0.35,https://www1.g-reiki.net/vill.ooshika.nagano/reiki_honbun/e765RG00000593.html
e765RG00000389,分担金徴収に関する条例,条例,条例,条例第7号,1970-10-09,昭和45年10月9日,2016-03-16,平成28年3月16日 条例第9号,4,2016,第12編 産業経済,第1章 農林,近隣に対応なし,,https://www1.g-reiki.net/vill.ooshika.nagano/reiki_honbun/e765RG00000389.html
e765RG00000390,大鹿村土地改良事業分担金徴収規則,規則,規則,規則第15号,1996-03-25,平成8年3月25日,,,0,1996,第12編 産業経済,第1章 農林,近隣に類似名あり・本文は異なる,0.32,https://www1.g-reiki.net/vill.ooshika.nagano/reiki_honbun/e765RG00000390.html
e765RG00000391,大鹿村有林野管理条例,条例,条例,条例第5号,1951-10-31,昭和26年10月31日,1986-06-25,昭和61年6月25日 条例第5号,5,1986,第12編 産業経済,第1章 農林,近隣に対応なし,,https://www1.g-reiki.net/vill.ooshika.nagano/reiki_honbun/e765RG00000391.html
e765RG00000392,大鹿村林務委員会条例,条例,条例,条例第18号,1969-09-30,昭和44年9月30日,1978-07-05,昭和53年7月5日 条例第25号,1,1978,第12編 産業経済,第1章 農林,近隣に対応なし,,https://www1.g-reiki.net/vill.ooshika.nagano/reiki_honbun/e765RG00000392.html
e765RG00000393,大鹿村単独災害復旧事業補助金交付規程,規程,規程・その他,規程第6号,2006-12-14,平成18年12月14日,,,0,2006,第12編 産業経済,第1章 農林,近隣に対応なし,,https://www1.g-reiki.net/vill.ooshika.nagano/reiki_honbun/e765RG00000393.html
e765RG00000394,大鹿村有林野土砂払下規程,規程,規程・その他,規程第5号,1976-05-15,昭和51年5月15日,2000-03-17,平成12年3月17日 規程第16号,1,2000,第12編 産業経済,第1章 農林,近隣に対応なし,,https://www1.g-reiki.net/vill.ooshika.nagano/reiki_honbun/e765RG00000394.html
e765RG00000395,大鹿村有林野花木採取規程,規程,規程・その他,規程第4号,1998-10-01,平成10年10月1日,,,0,1998,第12編 産業経済,第1章 農林,近隣に対応なし,,https://www1.g-reiki.net/vill.ooshika.nagano/reiki_honbun/e765RG00000395.html
e765RG00000396,大鹿村地域林業振興対策推進協議会設置条例,条例,条例,条例第22号,1982-06-30,昭和57年6月30日,,,0,1982,第12編 産業経済,第1章 農林,近隣に対応なし,,https://www1.g-reiki.net/vill.ooshika.nagano/reiki_honbun/e765RG00000396.html
e765RG00000397,大鹿村林業構造改善事業補助金交付規程,規程,規程・その他,規程第1号,1972-06-16,昭和47年6月16日,1976-04-10,昭和51年4月10日 規程第2号,1,1976,第12編 産業経済,第1章 農林,近隣に類似名あり・本文は異なる,0.42,https://www1.g-reiki.net/vill.ooshika.nagano/reiki_honbun/e765RG00000397.html
e765RG00000398,特定地域林業振興総合対策事業補助金交付要綱,要綱,要綱・要領,要綱第24号,2000-12-20,平成12年12月20日,,,0,2000,第12編 産業経済,第1章 農林,近隣とほぼ同文,0.95,https://www1.g-reiki.net/vill.ooshika.nagano/reiki_honbun/e765RG00000398.html
e765RG00000399,私有林整備事業補助金交付要綱,要綱,要綱・要領,要綱第10号,2002-12-19,平成14年12月19日,2018-03-16,平成30年3月16日 要綱第2号,4,2018,第12編 産業経済,第1章 農林,近隣に対応なし,,https://www1.g-reiki.net/vill.ooshika.nagano/reiki_honbun/e765RG00000399.html
e765RG00000400,大鹿村森林整備地域活動支援交付金交付要綱,要綱,要綱・要領,要綱第2号,2003-03-17,平成15年3月17日,,,0,2003,第12編 産業経済,第1章 農林,近隣に類似名あり・本文は異なる,0.15,https://www1.g-reiki.net/vill.ooshika.nagano/reiki_honbun/e765RG00000400.html
e765RG00000401,大鹿村林業技術者育成事業補助金交付要綱,要綱,要綱・要領,要綱第2号,2009-03-16,平成21年3月16日,2019-03-19,平成31年3月19日 要綱第20号,3,2019,第12編 産業経済,第1章 農林,近隣に対応なし,,https://www1.g-reiki.net/vill.ooshika.nagano/reiki_honbun/e765RG00000401.html
e765RG00000402,大鹿村森林・山村多面的機能発揮対策交付金事業補助金交付要綱,要綱,要綱・要領,要綱第19号,2017-12-20,平成29年12月20日,,,0,2017,第12編 産業経済,第1章 農林,近隣に対応なし,,https://www1.g-reiki.net/vill.ooshika.nagano/reiki_honbun/e765RG00000402.html
e765RG00000403,大鹿村県行造林、機構造林、公社造林地保護規程,規程,規程・その他,規程第1号,1956-02-02,昭和31年2月2日,2007-03-16,平成19年3月16日 規程第1号,1,2007,第12編 産業経済,第1章 農林,近隣に対応なし,,https://www1.g-reiki.net/vill.ooshika.nagano/reiki_honbun/e765RG00000403.html
e765RG00000404,大鹿村公有林野県行造林地看守人服務規程,規程,規程・その他,規程第2号,1956-02-02,昭和31年2月2日,,,0,1956,第12編 産業経済,第1章 農林,近隣に対応なし,,https://www1.g-reiki.net/vill.ooshika.nagano/reiki_honbun/e765RG00000404.html
e765RG00000405,大鹿村村有林立木公売規程,告示,規程・その他,告示第7号,1969-07-21,昭和44年7月21日,1976-05-12,昭和51年5月12日 規程第4号,1,1976,第12編 産業経済,第1章 農林,近隣に対応なし,,https://www1.g-reiki.net/vill.ooshika.nagano/reiki_honbun/e765RG00000405.html
e765RG00000406,大鹿村林地台帳事務取扱要領,要領,要綱・要領,要領第2号,2019-03-19,平成31年3月19日,2023-03-16,令和5年3月16日 要綱第1号,1,2023,第12編 産業経済,第1章 農林,近隣とほぼ同文,0.94,https://www1.g-reiki.net/vill.ooshika.nagano/reiki_honbun/e765RG00000406.html
e765RG00000407,大鹿村火入れに関する条例,条例,条例,条例第4号,1984-07-05,昭和59年7月5日,,,0,1984,第12編 産業経済,第1章 農林,近隣とほぼ同文,0.97,https://www1.g-reiki.net/vill.ooshika.nagano/reiki_honbun/e765RG00000407.html
e765RG00000408,大鹿村松くい虫被害対策協議会設置要領,要領,要綱・要領,要領第10号,2003-09-24,平成15年9月24日,,,0,2003,第12編 産業経済,第1章 農林,近隣に対応なし,,https://www1.g-reiki.net/vill.ooshika.nagano/reiki_honbun/e765RG00000408.html
e765RG00000409,大鹿村地域活性化施設管理規程,規程,規程・その他,規程第2号,2008-12-01,平成20年12月1日,,,0,2008,第12編 産業経済,第1章 農林,近隣に対応なし,,https://www1.g-reiki.net/vill.ooshika.nagano/reiki_honbun/e765RG00000409.html
e765RG00000410,大鹿村木工体験交流施設設置条例,条例,条例,条例第14号,2012-09-19,平成24年9月19日,,,0,2012,第12編 産業経済,第1章 農林,近隣に対応なし,,https://www1.g-reiki.net/vill.ooshika.nagano/reiki_honbun/e765RG00000410.html
e765RG00000411,大鹿村木工体験交流施設管理運営規則,規則,規則,規則第9号,2012-09-19,平成24年9月19日,,,0,2012,第12編 産業経済,第1章 農林,近隣に対応なし,,https://www1.g-reiki.net/vill.ooshika.nagano/reiki_honbun/e765RG00000411.html
e765RG00000412,大鹿村林業機械使用規程,規程,規程・その他,規程第3号,2013-03-29,平成25年3月29日,,,0,2013,第12編 産業経済,第1章 農林,近隣に対応なし,,https://www1.g-reiki.net/vill.ooshika.nagano/reiki_honbun/e765RG00000412.html
e765RG00000413,大鹿村木質バイオマス利用設備設置費等補助金交付要綱,要綱,要綱・要領,要綱第4号,2020-03-19,令和2年3月19日,,,0,2020,第12編 産業経済,第1章 農林,近隣に対応なし,,https://www1.g-reiki.net/vill.ooshika.nagano/reiki_honbun/e765RG00000413.html
e765RG00000566,大鹿村高性能林業機械導入推進事業補助金交付要綱,要綱,要綱・要領,要綱第2号,2024-03-15,令和6年3月15日,,,0,2024,第12編 産業経済,第1章 農林,近隣に対応なし,,https://www1.g-reiki.net/vill.ooshika.nagano/reiki_honbun/e765RG00000566.html
e765RG00000414,大鹿村商工業振興条例,条例,条例,条例第33号,1981-12-25,昭和56年12月25日,,,0,1981,第12編 産業経済,第2章 商工,近隣に類似名あり・本文は異なる,0.44,https://www1.g-reiki.net/vill.ooshika.nagano/reiki_honbun/e765RG00000414.html
e765RG00000415,大鹿村商工業振興条例施行規則,規則,規則,規則第4号,1982-03-25,昭和57年3月25日,,,0,1982,第12編 産業経済,第2章 商工,近隣に類似名あり・本文は異なる,0.63,https://www1.g-reiki.net/vill.ooshika.nagano/reiki_honbun/e765RG00000415.html
e765RG00000416,大鹿村商工業振興資金あっせん規則,規則,規則,規則第3号,1975-07-01,昭和50年7月1日,2022-03-18,令和4年3月18日 規則第5号,7,2022,第12編 産業経済,第2章 商工,近隣に類似名あり・本文は異なる,0.32,https://www1.g-reiki.net/vill.ooshika.nagano/reiki_honbun/e765RG00000416.html
e765RG00000417,若手経営者に対する利子補給金交付要綱,要綱,要綱・要領,要綱第19号,1995-03-28,平成7年3月28日,2004-03-17,平成16年3月17日 要綱第4号,2,2004,第12編 産業経済,第2章 商工,近隣に類似名あり・本文は異なる,0.86,https://www1.g-reiki.net/vill.ooshika.nagano/reiki_honbun/e765RG00000417.html
e765RG00000418,大鹿村商工業振興事業補助金交付要綱,告示,規程・その他,告示第7号,1991-07-01,平成3年7月1日,,,0,1991,第12編 産業経済,第2章 商工,近隣に類似名あり・本文は異なる,0.34,https://www1.g-reiki.net/vill.ooshika.nagano/reiki_honbun/e765RG00000418.html
e765RG00000419,大鹿村商工業振興審議会設置条例,条例,条例,条例第25号,1981-10-02,昭和56年10月2日,,,0,1981,第12編 産業経済,第2章 商工,近隣に対応なし,,https://www1.g-reiki.net/vill.ooshika.nagano/reiki_honbun/e765RG00000419.html
e765RG00000420,大鹿村地域振興券交付事業実施要綱,要綱,要綱・要領,要綱第2号,1999-01-21,平成11年1月21日,,,0,1999,第12編 産業経済,第2章 商工,近隣に対応なし,,https://www1.g-reiki.net/vill.ooshika.nagano/reiki_honbun/e765RG00000420.html
e765RG00000421,大鹿村定額給付金給付事業実施要綱,要綱,要綱・要領,要綱第1号,2009-03-16,平成21年3月16日,,,0,2009,第12編 産業経済,第2章 商工,近隣とほぼ同文,0.98,https://www1.g-reiki.net/vill.ooshika.nagano/reiki_honbun/e765RG00000421.html
e765RG00000422,大鹿村商工業不況対策利子補給金交付要綱,要綱,要綱・要領,要綱第10号,1998-12-25,平成10年12月25日,2004-03-17,平成16年3月17日 要綱第5号,3,2004,第12編 産業経済,第2章 商工,近隣に類似名あり・本文は異なる,0.56,https://www1.g-reiki.net/vill.ooshika.nagano/reiki_honbun/e765RG00000422.html
e765RG00000423,大鹿村商工業担い手対策事業助成金等交付要綱,要綱,要綱・要領,要綱第6号,2016-03-16,平成28年3月16日,2025-03-14,令和7年3月14日 要綱第11号,2,2025,第12編 産業経済,第2章 商工,近隣に対応なし,,https://www1.g-reiki.net/vill.ooshika.nagano/reiki_honbun/e765RG00000423.html
e765RG00000424,大鹿村北部5町村雇用奨励補助金交付要綱,要綱,要綱・要領,要綱第13号,2012-09-19,平成24年9月19日,2013-03-18,平成25年3月18日 要綱第5号,1,2013,第12編 産業経済,第2章 商工,近隣とほぼ同文,0.99,https://www1.g-reiki.net/vill.ooshika.nagano/reiki_honbun/e765RG00000424.html
e765RG00000425,大鹿村創業支援事業補助金交付要綱,要綱,要綱・要領,要綱第15号,2019-06-19,令和元年6月19日,,,0,2019,第12編 産業経済,第2章 商工,近隣とほぼ同文,0.99,https://www1.g-reiki.net/vill.ooshika.nagano/reiki_honbun/e765RG00000425.html
e765RG00000426,大鹿村UIJターン就業・創業移住支援事業補助金交付要綱,要綱,要綱・要領,要綱第19号,2019-09-18,令和元年9月18日,2025-06-16,令和7年6月16日 要綱第15号,2,2025,第12編 産業経済,第2章 商工,近隣に類似名あり・本文は異なる,0.78,https://www1.g-reiki.net/vill.ooshika.nagano/reiki_honbun/e765RG00000426.html
e765RG00000572,大鹿村ふるさとワーキングホリデー事業補助金交付要綱,要綱,要綱・要領,要綱第7号,2024-06-14,令和6年6月14日,,,0,2024,第12編 産業経済,第2章 商工,近隣に対応なし,,https://www1.g-reiki.net/vill.ooshika.nagano/reiki_honbun/e765RG00000572.html
e765RG00000602,大鹿村生活支援商品券発行事業実施要綱,要綱,要綱・要領,要綱第1号,2026-03-13,令和8年3月13日,,,0,2026,第12編 産業経済,第2章 商工,近隣に対応なし,,https://www1.g-reiki.net/vill.ooshika.nagano/reiki_honbun/e765RG00000602.html
e765RG00000427,大鹿村建設工事請負人等選定委員会要領,訓令,規程・その他,訓令第3号,1978-09-11,昭和53年9月11日,2025-03-26,令和7年3月26日 要領第2号,5,2025,第13編 建設,第1章 通則,近隣に類似名あり・本文は異なる,0.57,https://www1.g-reiki.net/vill.ooshika.nagano/reiki_honbun/e765RG00000427.html
e765RG00000428,大鹿村緊急雇用奨励補助金交付要綱,要綱,要綱・要領,要綱第3号,2010-03-19,平成22年3月19日,,,0,2010,第13編 建設,第1章 通則,近隣に類似名あり・本文は異なる,0.73,https://www1.g-reiki.net/vill.ooshika.nagano/reiki_honbun/e765RG00000428.html
e765RG00000429,大鹿村緑地等公園施設設置及び管理に関する条例,条例,条例,条例第20号,1993-03-25,平成5年3月25日,2024-06-14,令和6年6月14日 条例第18号,4,2024,第13編 建設,第2章 公園,近隣に対応なし,,https://www1.g-reiki.net/vill.ooshika.nagano/reiki_honbun/e765RG00000429.html
e765RG00000430,大西公園管理運営規則,規則,規則,規則第2号,1996-04-01,平成8年4月1日,,,0,1996,第13編 建設,第2章 公園,近隣に対応なし,,https://www1.g-reiki.net/vill.ooshika.nagano/reiki_honbun/e765RG00000430.html
e765RG00000431,村道の構造の技術的基準等に関する条例,条例,条例,条例第11号,2013-03-18,平成25年3月18日,,,0,2013,第13編 建設,第3章 道路等,近隣とほぼ同文,1.00,https://www1.g-reiki.net/vill.ooshika.nagano/reiki_honbun/e765RG00000431.html
e765RG00000432,村道の構造の技術的基準等に関する規則,規則,規則,規則第8号,2013-03-18,平成25年3月18日,,,0,2013,第13編 建設,第3章 道路等,近隣とほぼ同文,1.00,https://www1.g-reiki.net/vill.ooshika.nagano/reiki_honbun/e765RG00000432.html
e765RG00000433,村道に設ける道路標識の寸法を定める規則,規則,規則,規則第11号,2013-03-18,平成25年3月18日,,,0,2013,第13編 建設,第3章 道路等,近隣とほぼ同文,0.99,https://www1.g-reiki.net/vill.ooshika.nagano/reiki_honbun/e765RG00000433.html
e765RG00000434,高齢者、障害者等の移動等の円滑化の促進に関する法律第10条第1項の規定による移動等円滑化のために必要な新設特定道路の構造の基準に関する条例,条例,条例,条例第13号,2013-03-18,平成25年3月18日,,,0,2013,第13編 建設,第3章 道路等,近隣とほぼ同文,1.00,https://www1.g-reiki.net/vill.ooshika.nagano/reiki_honbun/e765RG00000434.html
e765RG00000435,移動等円滑化のために必要な新設特定道路の構造の基準を定める規則,規則,規則,規則第10号,2013-03-18,平成25年3月18日,,,0,2013,第13編 建設,第3章 道路等,近隣とほぼ同文,1.00,https://www1.g-reiki.net/vill.ooshika.nagano/reiki_honbun/e765RG00000435.html
e765RG00000436,大鹿村道路新設改良並びに維持管理に関する規程,規程,規程・その他,規程第1号,1960-04-01,昭和35年4月1日,2000-03-17,平成12年3月17日 規程第18号,1,2000,第13編 建設,第3章 道路等,近隣に対応なし,,https://www1.g-reiki.net/vill.ooshika.nagano/reiki_honbun/e765RG00000436.html
e765RG00000437,大鹿村無車道対策事業補助規程,規程,規程・その他,規程第19号,2000-03-17,平成12年3月17日,,,0,2000,第13編 建設,第3章 道路等,近隣に対応なし,,https://www1.g-reiki.net/vill.ooshika.nagano/reiki_honbun/e765RG00000437.html
e765RG00000438,大鹿村公共物管理条例,条例,条例,条例第18号,1988-03-23,昭和63年3月23日,2024-09-13,令和6年9月13日 条例第20号,1,2024,第13編 建設,第3章 道路等,近隣とほぼ同文,0.99,https://www1.g-reiki.net/vill.ooshika.nagano/reiki_honbun/e765RG00000438.html
e765RG00000439,大鹿村公共物管理規則,規則,規則,規則第16号,1988-03-30,昭和63年3月30日,,,0,1988,第13編 建設,第3章 道路等,近隣に対応なし,,https://www1.g-reiki.net/vill.ooshika.nagano/reiki_honbun/e765RG00000439.html
e765RG00000440,行政財産の目的外使用に関する条例,条例,条例,条例第19号,2008-09-24,平成20年9月24日,,,0,2008,第13編 建設,第3章 道路等,近隣に類似名あり・本文は異なる,0.73,https://www1.g-reiki.net/vill.ooshika.nagano/reiki_honbun/e765RG00000440.html
e765RG00000441,行政財産の目的外使用に関する条例施行規則,規則,規則,規則第9号,2008-09-24,平成20年9月24日,,,0,2008,第13編 建設,第3章 道路等,近隣に類似名あり・本文は異なる,0.06,https://www1.g-reiki.net/vill.ooshika.nagano/reiki_honbun/e765RG00000441.html
e765RG00000442,大鹿村林道管理規則,規則,規則,規則第2号,2008-03-17,平成20年3月17日,,,0,2008,第13編 建設,第3章 道路等,近隣に類似名あり・本文は異なる,0.30,https://www1.g-reiki.net/vill.ooshika.nagano/reiki_honbun/e765RG00000442.html
e765RG00000443,準用河川管理施設等の構造の技術的基準に関する条例,条例,条例,条例第12号,2013-03-18,平成25年3月18日,,,0,2013,第13編 建設,第3章 道路等,近隣とほぼ同文,0.99,https://www1.g-reiki.net/vill.ooshika.nagano/reiki_honbun/e765RG00000443.html
e765RG00000444,準用河川管理施設等の構造の技術的基準に関する規則,規則,規則,規則第9号,2013-03-18,平成25年3月18日,,,0,2013,第13編 建設,第3章 道路等,近隣とほぼ同文,0.99,https://www1.g-reiki.net/vill.ooshika.nagano/reiki_honbun/e765RG00000444.html
e765RG00000445,大鹿村営住宅及び共同施設の整備基準に関する条例,条例,条例,条例第9号,2013-03-18,平成25年3月18日,,,0,2013,第13編 建設,第4章 住宅,近隣とほぼ同文,1.00,https://www1.g-reiki.net/vill.ooshika.nagano/reiki_honbun/e765RG00000445.html
e765RG00000446,大鹿村営住宅及び共同施設の整備基準に関する条例施行規則,規則,規則,規則第1号,2013-03-18,平成25年3月18日,,,0,2013,第13編 建設,第4章 住宅,近隣とほぼ同文,0.99,https://www1.g-reiki.net/vill.ooshika.nagano/reiki_honbun/e765RG00000446.html
e765RG00000447,大鹿村営住宅管理条例,条例,条例,条例第15号,1997-12-25,平成9年12月25日,2024-03-15,令和6年3月15日 条例第6号,6,2024,第13編 建設,第4章 住宅,近隣に類似名あり・本文は異なる,0.84,https://www1.g-reiki.net/vill.ooshika.nagano/reiki_honbun/e765RG00000447.html
e765RG00000448,大鹿村営住宅の管理に関する規則,規則,規則,規則第1号,1998-04-01,平成10年4月1日,2024-03-15,令和6年3月15日 規則第2号,5,2024,第13編 建設,第4章 住宅,近隣に対応なし,,https://www1.g-reiki.net/vill.ooshika.nagano/reiki_honbun/e765RG00000448.html
e765RG00000449,大鹿村特定公共賃貸住宅管理条例,条例,条例,条例第6号,1998-03-25,平成10年3月25日,2015-03-31,平成27年3月31日 条例第11号,3,2015,第13編 建設,第4章 住宅,近隣に対応なし,,https://www1.g-reiki.net/vill.ooshika.nagano/reiki_honbun/e765RG00000449.html
e765RG00000450,大鹿村特定公共賃貸住宅の管理に関する規則,規則,規則,規則第11号,1998-04-01,平成10年4月1日,2016-03-16,平成28年3月16日 規則第2号,2,2016,第13編 建設,第4章 住宅,近隣に対応なし,,https://www1.g-reiki.net/vill.ooshika.nagano/reiki_honbun/e765RG00000450.html
e765RG00000451,大鹿村単独住宅管理条例,条例,条例,条例第7号,1998-03-25,平成10年3月25日,2022-12-16,令和4年12月16日 条例第23号,6,2022,第13編 建設,第4章 住宅,近隣に類似名あり・本文は異なる,0.40,https://www1.g-reiki.net/vill.ooshika.nagano/reiki_honbun/e765RG00000451.html
e765RG00000452,大鹿村単独住宅の管理に関する規則,規則,規則,規則第12号,1998-04-01,平成10年4月1日,2024-03-15,令和6年3月15日 規則第3号,13,2024,第13編 建設,第4章 住宅,近隣に対応なし,,https://www1.g-reiki.net/vill.ooshika.nagano/reiki_honbun/e765RG00000452.html
e765RG00000453,大鹿村高齢者住宅及び共同施設管理規程,規程,規程・その他,規程第4号,1988-03-30,昭和63年3月30日,,,0,1988,第13編 建設,第4章 住宅,近隣に対応なし,,https://www1.g-reiki.net/vill.ooshika.nagano/reiki_honbun/e765RG00000453.html
e765RG00000454,大鹿村診断士による耐震診断事業実施要綱,要綱,要綱・要領,要綱第5号,2005-06-21,平成17年6月21日,,,0,2005,第13編 建設,第4章 住宅,近隣とほぼ同文,1.00,https://www1.g-reiki.net/vill.ooshika.nagano/reiki_honbun/e765RG00000454.html
e765RG00000455,大鹿村木造住宅耐震改修事業補助金交付要綱,要綱,要綱・要領,要綱第12号,2012-09-19,平成24年9月19日,2025-03-14,令和7年3月14日 要綱第6号,3,2025,第13編 建設,第4章 住宅,近隣に類似名あり・本文は異なる,0.36,https://www1.g-reiki.net/vill.ooshika.nagano/reiki_honbun/e765RG00000455.html
e765RG00000456,大鹿村住宅リフォーム促進事業補助金交付要綱,要綱,要綱・要領,要綱第4号,2011-08-31,平成23年8月31日,2025-12-15,令和7年12月15日 要綱第24号,2,2025,第13編 建設,第4章 住宅,近隣に類似名あり・本文は異なる,0.22,https://www1.g-reiki.net/vill.ooshika.nagano/reiki_honbun/e765RG00000456.html
e765RG00000457,大鹿村営水道条例,条例,条例,条例第21号,2000-03-17,平成12年3月17日,2017-03-17,平成29年3月17日 条例第8号,8,2017,第14編 水道,,近隣に類似名あり・本文は異なる,0.76,https://www1.g-reiki.net/vill.ooshika.nagano/reiki_honbun/e765RG00000457.html
e765RG00000458,大鹿村営水道規則,規則,規則,規則第11号,2000-03-17,平成12年3月17日,2017-03-17,平成29年3月17日 規則第6号,3,2017,第14編 水道,,近隣に対応なし,,https://www1.g-reiki.net/vill.ooshika.nagano/reiki_honbun/e765RG00000458.html
e765RG00000459,大鹿村営水道事業に係る布設工事監督者及び水道技術管理者に関する条例,条例,条例,条例第10号,2013-03-18,平成25年3月18日,,,0,2013,第14編 水道,,近隣とほぼ同文,0.98,https://www1.g-reiki.net/vill.ooshika.nagano/reiki_honbun/e765RG00000459.html
e765RG00000460,大鹿村営水道事業の指定業者に関する規則,規則,規則,規則第14号,1998-04-01,平成10年4月1日,2012-06-18,平成24年6月18日 規則第8号,2,2012,第14編 水道,,近隣に対応なし,,https://www1.g-reiki.net/vill.ooshika.nagano/reiki_honbun/e765RG00000460.html
e765RG00000461,大鹿村営水道運営協議会条例,条例,条例,条例第27号,1976-09-30,昭和51年9月30日,2017-03-17,平成29年3月17日 条例第9号,4,2017,第14編 水道,,近隣に対応なし,,https://www1.g-reiki.net/vill.ooshika.nagano/reiki_honbun/e765RG00000461.html
e765RG00000462,簡易給水施設整備事業補助金交付要綱,要綱,要綱・要領,要綱第5号,1979-10-01,昭和54年10月1日,2020-07-13,令和2年7月13日 要綱第12号,4,2020,第14編 水道,,近隣に類似名あり・本文は異なる,0.08,https://www1.g-reiki.net/vill.ooshika.nagano/reiki_honbun/e765RG00000462.html
e765RG00000542,大鹿村簡易水道事業の設置等に関する条例,条例,条例,条例第24号,2022-12-16,令和4年12月16日,2026-03-13,令和8年3月13日 条例第7号,2,2026,第14編 水道,,近隣に類似名あり・本文は異なる,0.77,https://www1.g-reiki.net/vill.ooshika.nagano/reiki_honbun/e765RG00000542.html
e765RG00000550,大鹿村簡易水道会計規則,規則,規則,規則第18号,2022-12-16,令和4年12月16日,2025-03-26,令和7年3月26日 規則第4号,1,2025,第14編 水道,,近隣に対応なし,,https://www1.g-reiki.net/vill.ooshika.nagano/reiki_honbun/e765RG00000550.html
e765RG00000463,教育委員会会議規則,教育委員会規則,規則,教育委員会規則第2号,2017-03-17,平成29年3月17日,,,0,2017,第15編 教育,第1章 教育委員会,近隣とほぼ同文,0.98,https://www1.g-reiki.net/vill.ooshika.nagano/reiki_honbun/e765RG00000463.html
e765RG00000464,教育委員会傍聴人規則,教育委員会規則,規則,教育委員会規則第2号,1956-10-01,昭和31年10月1日,2022-12-16,令和4年12月16日 教育委員会規則第1号,2,2022,第15編 教育,第1章 教育委員会,近隣に類似名あり・本文は異なる,0.87,https://www1.g-reiki.net/vill.ooshika.nagano/reiki_honbun/e765RG00000464.html
e765RG00000465,教育委員会公告式規則,教育委員会規則,規則,教育委員会規則第3号,1956-10-01,昭和31年10月1日,,,0,1956,第15編 教育,第1章 教育委員会,近隣とほぼ同文,0.99,https://www1.g-reiki.net/vill.ooshika.nagano/reiki_honbun/e765RG00000465.html
e765RG00000466,教育長に対する事務委任規則,教育委員会規則,規則,教育委員会規則第3号,2017-03-17,平成29年3月17日,,,0,2017,第15編 教育,第1章 教育委員会,近隣に類似名あり・本文は異なる,0.84,https://www1.g-reiki.net/vill.ooshika.nagano/reiki_honbun/e765RG00000466.html
e765RG00000467,学校その他の教育機関の長に対する事務委任規程,教育委員会規程,規程・その他,教育委員会規程第2号,1956-10-01,昭和31年10月1日,,,0,1956,第15編 教育,第1章 教育委員会,近隣に対応なし,,https://www1.g-reiki.net/vill.ooshika.nagano/reiki_honbun/e765RG00000467.html
e765RG00000468,竜東地区教育支援事務協議会規約,規則,規則,規則第8号,2002-03-18,平成14年3月18日,2015-06-17,平成27年6月17日 規則第3号,3,2015,第15編 教育,第1章 教育委員会,近隣に対応なし,,https://www1.g-reiki.net/vill.ooshika.nagano/reiki_honbun/e765RG00000468.html
e765RG00000469,小中学校における結核対策に関する事務の委託に関する規約,規則,規則,規則第12号,2003-06-24,平成15年6月24日,,,0,2003,第15編 教育,第1章 教育委員会,近隣に対応なし,,https://www1.g-reiki.net/vill.ooshika.nagano/reiki_honbun/e765RG00000469.html
e765RG00000470,教育委員会事務局組織規則,教育委員会規則,規則,教育委員会規則第5号,2017-03-17,平成29年3月17日,,,0,2017,第15編 教育,第1章 教育委員会,近隣に類似名あり・本文は異なる,0.61,https://www1.g-reiki.net/vill.ooshika.nagano/reiki_honbun/e765RG00000470.html
e765RG00000471,教育委員会事務局処務規程,教育委員会規程,規程・その他,教育委員会規程第1号,1956-10-01,昭和31年10月1日,,,0,1956,第15編 教育,第1章 教育委員会,近隣とほぼ同文,0.98,https://www1.g-reiki.net/vill.ooshika.nagano/reiki_honbun/e765RG00000471.html
e765RG00000472,大鹿村教育委員会表彰等規則,教育委員会規則,規則,教育委員会規則第1号,1977-06-05,昭和52年6月5日,,,0,1977,第15編 教育,第1章 教育委員会,近隣に対応なし,,https://www1.g-reiki.net/vill.ooshika.nagano/reiki_honbun/e765RG00000472.html
e765RG00000473,大鹿村総合教育会議設置要綱,要綱,要綱・要領,要綱第1号,2015-03-18,平成27年3月18日,,,0,2015,第15編 教育,第1章 教育委員会,近隣に類似名あり・本文は異なる,0.72,https://www1.g-reiki.net/vill.ooshika.nagano/reiki_honbun/e765RG00000473.html
e765RG00000474,大鹿村山村留学用住宅設置及び管理規程,教育委員会規程,規程・その他,教育委員会規程第1号,2016-06-07,平成28年6月7日,2022-12-16,令和4年12月16日 教育委員会規程第1号,1,2022,第15編 教育,第1章 教育委員会,近隣に対応なし,,https://www1.g-reiki.net/vill.ooshika.nagano/reiki_honbun/e765RG00000474.html
e765RG00000475,大鹿村放課後児童健全育成事業の設備及び運営に関する基準を定める条例,条例,条例,条例第14号,2016-03-16,平成28年3月16日,2023-09-20,令和5年9月20日 条例第16号,1,2023,第15編 教育,第1章 教育委員会,近隣とほぼ同文,0.99,https://www1.g-reiki.net/vill.ooshika.nagano/reiki_honbun/e765RG00000475.html
e765RG00000476,大鹿村立小・中学校設置条例,条例,条例,条例第8号,1961-03-20,昭和36年3月20日,1997-09-30,平成9年9月30日 条例第9号,2,1997,第15編 教育,第2章 学校教育,近隣に類似名あり・本文は異なる,0.34,https://www1.g-reiki.net/vill.ooshika.nagano/reiki_honbun/e765RG00000476.html
e765RG00000477,大鹿村立小・中学校管理規則,教育委員会規則,規則,教育委員会規則第2号,1962-12-07,昭和37年12月7日,2006-03-31,平成18年3月31日 教育委員会規則第1号,10,2006,第15編 教育,第2章 学校教育,近隣に類似名あり・本文は異なる,0.89,https://www1.g-reiki.net/vill.ooshika.nagano/reiki_honbun/e765RG00000477.html
e765RG00000478,日宿直廃止に伴う村立小・中学校の施設、設備の保全に関する規則,規則,規則,規則第4号,1974-06-25,昭和49年6月25日,,,0,1974,第15編 教育,第2章 学校教育,近隣に対応なし,,https://www1.g-reiki.net/vill.ooshika.nagano/reiki_honbun/e765RG00000478.html
e765RG00000479,大鹿村要保護及び準要保護児童生徒援助費支給要綱,教育委員会要綱,要綱・要領,教育委員会要綱第2号,1995-03-28,平成7年3月28日,2021-06-19,令和3年6月19日 教育委員会要綱第1号,1,2021,第15編 教育,第2章 学校教育,近隣とほぼ同文,1.00,https://www1.g-reiki.net/vill.ooshika.nagano/reiki_honbun/e765RG00000479.html
e765RG00000480,大鹿村特別支援教育就学奨励費支給要綱,教育委員会要綱,要綱・要領,教育委員会要綱第3号,1995-03-28,平成7年3月28日,2021-06-19,令和3年6月19日 教育委員会要綱第2号,1,2021,第15編 教育,第2章 学校教育,近隣とほぼ同文,0.95,https://www1.g-reiki.net/vill.ooshika.nagano/reiki_honbun/e765RG00000480.html
e765RG00000481,大鹿村入学祝い金支給要綱,要綱,要綱・要領,要綱第21号,2019-03-19,平成31年3月19日,,,0,2019,第15編 教育,第2章 学校教育,近隣とほぼ同文,0.98,https://www1.g-reiki.net/vill.ooshika.nagano/reiki_honbun/e765RG00000481.html
e765RG00000482,大鹿村奨学資金貸付規則,規則,規則,規則第13号,1970-04-01,昭和45年4月1日,2012-09-19,平成24年9月19日 規則第10号,2,2012,第15編 教育,第2章 学校教育,近隣に類似名あり・本文は異なる,0.72,https://www1.g-reiki.net/vill.ooshika.nagano/reiki_honbun/e765RG00000482.html
e765RG00000483,大鹿村奨学金貸与要領,訓令,規程・その他,訓令第1号,1970-04-01,昭和45年4月1日,2012-09-19,平成24年9月19日 要綱第14号,2,2012,第15編 教育,第2章 学校教育,近隣に対応なし,,https://www1.g-reiki.net/vill.ooshika.nagano/reiki_honbun/e765RG00000483.html
e765RG00000484,大鹿村立小・中学校職員服務規程,教育委員会規程,規程・その他,教育委員会規程第1号,1996-06-05,平成8年6月5日,2000-09-11,平成12年9月11日 教育委員会規程第1号,2,2000,第15編 教育,第2章 学校教育,近隣とほぼ同文,0.91,https://www1.g-reiki.net/vill.ooshika.nagano/reiki_honbun/e765RG00000484.html
e765RG00000485,大鹿村小・中学校職員の勤務時間等に関する規程,規程,規程・その他,規程第4号,1997-06-30,平成9年6月30日,2022-12-16,令和4年12月16日 教育委員会規程第3号,3,2022,第15編 教育,第2章 学校教育,近隣とほぼ同文,0.96,https://www1.g-reiki.net/vill.ooshika.nagano/reiki_honbun/e765RG00000485.html
e765RG00000486,学校職員の分限に関する条例,条例,条例,条例第7号,1952-11-29,昭和27年11月29日,2022-12-16,令和4年12月16日 条例第21号,2,2022,第15編 教育,第2章 学校教育,近隣に類似名あり・本文は異なる,0.47,https://www1.g-reiki.net/vill.ooshika.nagano/reiki_honbun/e765RG00000486.html
e765RG00000487,学校職員の懲戒の手続及び効果に関する条例,条例,条例,条例第8号,1952-11-29,昭和27年11月29日,2019-12-20,令和元年12月20日 条例第22号,1,2019,第15編 教育,第2章 学校教育,近隣に対応なし,,https://www1.g-reiki.net/vill.ooshika.nagano/reiki_honbun/e765RG00000487.html
e765RG00000488,大鹿村キャリア教育推進事業実施要綱,要綱,要綱・要領,要綱第8号,2013-03-29,平成25年3月29日,,,0,2013,第15編 教育,第2章 学校教育,近隣に対応なし,,https://www1.g-reiki.net/vill.ooshika.nagano/reiki_honbun/e765RG00000488.html
e765RG00000489,大鹿村学校教職員住宅管理規則,教育委員会規則,規則,教育委員会規則第14号,1985-04-01,昭和60年4月1日,2024-06-14,令和6年6月14日 教育委員会規則第1号,11,2024,第15編 教育,第2章 学校教育,近隣に類似名あり・本文は異なる,0.58,https://www1.g-reiki.net/vill.ooshika.nagano/reiki_honbun/e765RG00000489.html
e765RG00000490,高等学校等通学バス無料乗車券交付要綱,要綱,要綱・要領,要綱第1号,2012-03-07,平成24年3月7日,2020-03-19,令和2年3月19日 要綱第5号,1,2020,第15編 教育,第2章 学校教育,近隣に対応なし,,https://www1.g-reiki.net/vill.ooshika.nagano/reiki_honbun/e765RG00000490.html
e765RG00000595,大鹿村立大鹿小学校・大鹿中学校における副学籍による交流及び共同学習実施要綱,教育委員会要綱,要綱・要領,教育委員会要綱第1号,2025-09-16,令和7年9月16日,,,0,2025,第15編 教育,第2章 学校教育,近隣とほぼ同文,0.93,https://www1.g-reiki.net/vill.ooshika.nagano/reiki_honbun/e765RG00000595.html
e765RG00000491,学校給食調理場設置条例,条例,条例,条例第6号,1981-02-05,昭和56年2月5日,1997-09-30,平成9年9月30日 条例第10号,1,1997,第15編 教育,第2章 学校教育,近隣に類似名あり・本文は異なる,0.26,https://www1.g-reiki.net/vill.ooshika.nagano/reiki_honbun/e765RG00000491.html
e765RG00000492,スクールバス管理条例,条例,条例,条例第14号,1975-03-20,昭和50年3月20日,2018-03-16,平成30年3月16日 条例第8号,1,2018,第15編 教育,第2章 学校教育,近隣に対応なし,,https://www1.g-reiki.net/vill.ooshika.nagano/reiki_honbun/e765RG00000492.html
e765RG00000493,スクールバス運行業務規則,規則,規則,規則第6号,1998-04-01,平成10年4月1日,,,0,1998,第15編 教育,第2章 学校教育,近隣に対応なし,,https://www1.g-reiki.net/vill.ooshika.nagano/reiki_honbun/e765RG00000493.html
e765RG00000494,スクールバス臨時運行取扱内規,種別なし,規程・その他,種別なし,1975-03-20,昭和50年3月20日,,,0,1975,第15編 教育,第2章 学校教育,近隣に対応なし,,https://www1.g-reiki.net/vill.ooshika.nagano/reiki_honbun/e765RG00000494.html
e765RG00000586,中学生バスクーポン券交付要綱,要綱,要綱・要領,要綱第12号,2025-03-14,令和7年3月14日,,,0,2025,第15編 教育,第2章 学校教育,近隣に対応なし,,https://www1.g-reiki.net/vill.ooshika.nagano/reiki_honbun/e765RG00000586.html
e765RG00000495,大鹿村社会教育委員設置条例,条例,条例,条例第15号,1978-07-05,昭和53年7月5日,2014-03-06,平成26年3月6日 条例第5号,1,2014,第15編 教育,第3章 社会教育,近隣に類似名あり・本文は異なる,0.89,https://www1.g-reiki.net/vill.ooshika.nagano/reiki_honbun/e765RG00000495.html
e765RG00000496,大鹿村社会教育委員設置規則,教育委員会規則,規則,教育委員会規則第1号,1978-07-01,昭和53年7月1日,2014-03-06,平成26年3月6日 規則第2号,1,2014,第15編 教育,第3章 社会教育,近隣に類似名あり・本文は異なる,0.34,https://www1.g-reiki.net/vill.ooshika.nagano/reiki_honbun/e765RG00000496.html
e765RG00000497,社会教育指導員を設置する規則,教育委員会規則,規則,教育委員会規則第3号,1977-06-24,昭和52年6月24日,,,0,1977,第15編 教育,第3章 社会教育,近隣に類似名あり・本文は異なる,0.87,https://www1.g-reiki.net/vill.ooshika.nagano/reiki_honbun/e765RG00000497.html
e765RG00000498,社会教育指導員服務規程,教育委員会規程,規程・その他,教育委員会規程第1号,1977-06-24,昭和52年6月24日,,,0,1977,第15編 教育,第3章 社会教育,近隣に類似名あり・本文は異なる,0.88,https://www1.g-reiki.net/vill.ooshika.nagano/reiki_honbun/e765RG00000498.html
e765RG00000499,大鹿村公民館設置条例,条例,条例,条例第36号,1964-08-13,昭和39年8月13日,2019-12-20,令和元年12月20日 条例第22号,4,2019,第15編 教育,第3章 社会教育,近隣に類似名あり・本文は異なる,0.30,https://www1.g-reiki.net/vill.ooshika.nagano/reiki_honbun/e765RG00000499.html
e765RG00000500,大鹿村公民館運営規則,教育委員会規則,規則,教育委員会規則第1号,1964-08-13,昭和39年8月13日,2000-03-17,平成12年3月17日 教育委員会規則第1号,2,2000,第15編 教育,第3章 社会教育,近隣に類似名あり・本文は異なる,0.25,https://www1.g-reiki.net/vill.ooshika.nagano/reiki_honbun/e765RG00000500.html
e765RG00000501,大鹿村公民館使用規程,規程,規程・その他,規程第6号,1986-01-09,昭和61年1月9日,2014-12-19,平成26年12月19日 規程第3号,6,2014,第15編 教育,第3章 社会教育,近隣に類似名あり・本文は異なる,0.18,https://www1.g-reiki.net/vill.ooshika.nagano/reiki_honbun/e765RG00000501.html
e765RG00000502,図書貸出規程,規程,規程・その他,規程第8号,1986-01-09,昭和61年1月9日,,,0,1986,第15編 教育,第3章 社会教育,近隣に対応なし,,https://www1.g-reiki.net/vill.ooshika.nagano/reiki_honbun/e765RG00000502.html
e765RG00000503,大鹿村スポーツ推進委員設置規則,教育委員会規則,規則,教育委員会規則第1号の2,1964-08-13,昭和39年8月13日,2015-09-18,平成27年9月18日 教育委員会規則第5号,1,2015,第15編 教育,第4章 社会体育,近隣に類似名あり・本文は異なる,0.24,https://www1.g-reiki.net/vill.ooshika.nagano/reiki_honbun/e765RG00000503.html
e765RG00000504,大鹿村ゲートボール場設置及び管理に関する条例,条例,条例,条例第12号,1994-03-25,平成6年3月25日,2024-06-14,令和6年6月14日 条例第17号,1,2024,第15編 教育,第4章 社会体育,近隣に対応なし,,https://www1.g-reiki.net/vill.ooshika.nagano/reiki_honbun/e765RG00000504.html
e765RG00000505,大西公園マレットゴルフ場設置条例,条例,条例,条例第11号,1997-09-30,平成9年9月30日,1999-06-29,平成11年6月29日 条例第18号,1,1999,第15編 教育,第4章 社会体育,近隣に対応なし,,https://www1.g-reiki.net/vill.ooshika.nagano/reiki_honbun/e765RG00000505.html
e765RG00000506,大鹿村運動広場設置条例,条例,条例,条例第27号,1978-10-02,昭和53年10月2日,2021-03-19,令和3年3月19日 条例第7号,3,2021,第15編 教育,第4章 社会体育,近隣に類似名あり・本文は異なる,0.32,https://www1.g-reiki.net/vill.ooshika.nagano/reiki_honbun/e765RG00000506.html
e765RG00000507,大鹿村運動広場の管理等に関する規則,教育委員会規則,規則,教育委員会規則第3号,1978-10-10,昭和53年10月10日,2021-03-19,令和3年3月19日 教育委員会規則第2号,2,2021,第15編 教育,第4章 社会体育,近隣に対応なし,,https://www1.g-reiki.net/vill.ooshika.nagano/reiki_honbun/e765RG00000507.html
e765RG00000508,大鹿村文化財保護条例,条例,条例,条例第21号,1972-10-04,昭和47年10月4日,,,0,1972,第15編 教育,第5章 文化,近隣とほぼ同文,0.90,https://www1.g-reiki.net/vill.ooshika.nagano/reiki_honbun/e765RG00000508.html
e765RG00000509,大鹿村文化財保護事業補助金交付要綱,要綱,要綱・要領,要綱第11号,2015-12-16,平成27年12月16日,2021-09-17,令和3年9月17日 要綱第16号,1,2021,第15編 教育,第5章 文化,近隣に類似名あり・本文は異なる,0.42,https://www1.g-reiki.net/vill.ooshika.nagano/reiki_honbun/e765RG00000509.html
e765RG00000510,重要文化財松下家住宅管理規則,教育委員会規則,規則,教育委員会規則第3号,1998-04-01,平成10年4月1日,,,0,1998,第15編 教育,第5章 文化,近隣に対応なし,,https://www1.g-reiki.net/vill.ooshika.nagano/reiki_honbun/e765RG00000510.html
e765RG00000511,大鹿村文化施設設置及び管理に関する条例,条例,条例,条例第11号,1994-03-25,平成6年3月25日,2022-03-18,令和4年3月18日 条例第10号,2,2022,第15編 教育,第5章 文化,近隣に類似名あり・本文は異なる,0.26,https://www1.g-reiki.net/vill.ooshika.nagano/reiki_honbun/e765RG00000511.html
e765RG00000512,大鹿村文化施設管理規則,規則,規則,規則第9号,1994-12-26,平成6年12月26日,2022-03-18,令和4年3月18日 規則第6号,3,2022,第15編 教育,第5章 文化,近隣に対応なし,,https://www1.g-reiki.net/vill.ooshika.nagano/reiki_honbun/e765RG00000512.html
e765RG00000513,大鹿村民俗芸能、行事、伝承支援事業補助金交付規程,教育委員会規程,規程・その他,教育委員会規程第1号,1997-03-10,平成9年3月10日,,,0,1997,第15編 教育,第5章 文化,近隣に対応なし,,https://www1.g-reiki.net/vill.ooshika.nagano/reiki_honbun/e765RG00000513.html
e765RG00000514,下伊那郡町村会規約,種別なし,規程・その他,種別なし,1953-06-10,昭和28年6月10日,1961-05-23,昭和36年5月23日 種別なし,2,1961,第16編 共同組織,,近隣に対応なし,,https://www1.g-reiki.net/vill.ooshika.nagano/reiki_honbun/e765RG00000514.html
