fiscal_year,kan_no,kan_name,ko_no,ko_name,moku_no,moku_name,setsu_no,setsu_name,amount,expended,carryover_out_continuing,carryover_out_explicit,carryover_out_accident,unused,note,source
2018,2,総務費,1,総務管理費,1,一般管理費,1,報酬,584000,559200,0,0,0,24800,,H30決算書p27
2018,2,総務費,1,総務管理費,1,一般管理費,2,給料,44305000,44204400,0,0,0,100600,,H30決算書p27
2018,2,総務費,1,総務管理費,1,一般管理費,3,職員手当等,50894000,50713597,0,0,0,180403,,H30決算書p28
2018,2,総務費,1,総務管理費,1,一般管理費,4,共済費,21192000,19349858,0,0,0,1842142,,H30決算書p28
2018,2,総務費,1,総務管理費,1,一般管理費,7,賃金,2493000,2479600,0,0,0,13400,,H30決算書p28
2018,2,総務費,1,総務管理費,1,一般管理費,8,報償費,35000,35000,0,0,0,0,,H30決算書p28
2018,2,総務費,1,総務管理費,1,一般管理費,9,旅費,170000,169760,0,0,0,240,,H30決算書p28
2018,2,総務費,1,総務管理費,1,一般管理費,10,交際費,270000,266038,0,0,0,3962,,H30決算書p28
2018,2,総務費,1,総務管理費,1,一般管理費,11,需用費,6199000,5789039,0,0,0,409961,,H30決算書p28
2018,2,総務費,1,総務管理費,1,一般管理費,12,役務費,652000,604768,0,0,0,47232,,H30決算書p28
2018,2,総務費,1,総務管理費,1,一般管理費,13,委託料,1899000,1819066,0,0,0,79934,,H30決算書p28
2018,2,総務費,1,総務管理費,1,一般管理費,14,使用料及び賃借料,3733000,3576786,0,0,0,156214,,H30決算書p28
2018,2,総務費,1,総務管理費,1,一般管理費,19,負担金補助及び交付金,2361000,2131314,0,0,0,229686,,H30決算書p28
2018,2,総務費,1,総務管理費,1,一般管理費,27,公課費,39000,36550,0,0,0,2450,,H30決算書p28
2018,2,総務費,1,総務管理費,2,文書広報費,1,報酬,247000,237500,0,0,0,9500,,H30決算書p30
2018,2,総務費,1,総務管理費,2,文書広報費,7,賃金,225000,225000,0,0,0,0,,H30決算書p30
2018,2,総務費,1,総務管理費,2,文書広報費,11,需用費,2600000,2488733,0,0,0,111267,,H30決算書p30
2018,2,総務費,1,総務管理費,2,文書広報費,12,役務費,2007000,1876098,0,0,0,130902,,H30決算書p30
2018,2,総務費,1,総務管理費,2,文書広報費,13,委託料,1275000,1274400,0,0,0,600,,H30決算書p30
2018,2,総務費,1,総務管理費,2,文書広報費,15,工事請負費,3182000,3013200,0,0,0,168800,,H30決算書p30
2018,2,総務費,1,総務管理費,3,財政管理費,11,需用費,50000,47425,0,0,0,2575,,H30決算書p31
2018,2,総務費,1,総務管理費,3,財政管理費,13,委託料,8630000,8629200,0,0,0,800,,H30決算書p31
2018,2,総務費,1,総務管理費,5,財産管理費,11,需用費,7579000,6630346,0,0,0,948654,,H30決算書p31
2018,2,総務費,1,総務管理費,5,財産管理費,12,役務費,1303000,1185907,0,0,0,117093,,H30決算書p31
2018,2,総務費,1,総務管理費,5,財産管理費,13,委託料,2108000,1914359,0,0,0,193641,,H30決算書p31
2018,2,総務費,1,総務管理費,5,財産管理費,14,使用料及び賃借料,435000,434781,0,0,0,219,,H30決算書p31
2018,2,総務費,1,総務管理費,5,財産管理費,15,工事請負費,1168000,1080000,0,0,0,88000,,H30決算書p31
2018,2,総務費,1,総務管理費,6,企画費,1,報酬,368000,135200,0,0,0,232800,,H30決算書p32
2018,2,総務費,1,総務管理費,6,企画費,4,共済費,1586000,1533820,0,0,0,52180,,H30決算書p32
2018,2,総務費,1,総務管理費,6,企画費,7,賃金,710000,699550,0,0,0,10450,,H30決算書p32
2018,2,総務費,1,総務管理費,6,企画費,8,報償費,100000,50000,0,0,0,50000,,H30決算書p32
2018,2,総務費,1,総務管理費,6,企画費,9,旅費,875000,558460,0,0,0,316540,,H30決算書p32
2018,2,総務費,1,総務管理費,6,企画費,11,需用費,4526000,4022220,0,0,0,503780,,H30決算書p32
2018,2,総務費,1,総務管理費,6,企画費,12,役務費,364000,323739,0,0,0,40261,,H30決算書p32
2018,2,総務費,1,総務管理費,6,企画費,13,委託料,13141000,72360,0,13004000,0,64640,,H30決算書p32
2018,2,総務費,1,総務管理費,6,企画費,14,使用料及び賃借料,2097000,1842251,0,0,0,254749,,H30決算書p32
2018,2,総務費,1,総務管理費,6,企画費,15,工事請負費,200000,0,0,0,0,200000,,H30決算書p32
2018,2,総務費,1,総務管理費,6,企画費,19,負担金補助及び交付金,32813000,31368733,0,0,0,1444267,,H30決算書p32
2018,2,総務費,1,総務管理費,6,企画費,23,償還金利子及び割引料,556000,555556,0,0,0,444,,H30決算書p32
2018,2,総務費,1,総務管理費,8,交通安全対策費,11,需用費,382000,332369,0,0,0,49631,,H30決算書p34
2018,2,総務費,1,総務管理費,8,交通安全対策費,12,役務費,52000,51294,0,0,0,706,,H30決算書p34
2018,2,総務費,1,総務管理費,8,交通安全対策費,13,委託料,6607000,3857146,0,0,0,2749854,,H30決算書p34
2018,2,総務費,1,総務管理費,8,交通安全対策費,15,工事請負費,1109000,1021680,0,0,0,87320,,H30決算書p34
2018,2,総務費,1,総務管理費,8,交通安全対策費,16,原材料費,1433000,1432080,0,0,0,920,,H30決算書p34
2018,2,総務費,1,総務管理費,8,交通安全対策費,19,負担金補助及び交付金,613000,612150,0,0,0,850,,H30決算書p34
2018,2,総務費,1,総務管理費,8,交通安全対策費,27,公課費,7000,6600,0,0,0,400,,H30決算書p34
2018,2,総務費,1,総務管理費,9,電子計算費,11,需用費,104000,74829,0,0,0,29171,,H30決算書p35
2018,2,総務費,1,総務管理費,9,電子計算費,12,役務費,660000,659664,0,0,0,336,,H30決算書p35
2018,2,総務費,1,総務管理費,9,電子計算費,13,委託料,32255000,31231872,0,0,0,1023128,,H30決算書p35
2018,2,総務費,1,総務管理費,9,電子計算費,14,使用料及び賃借料,11854000,11685189,0,0,0,168811,,H30決算書p35
2018,2,総務費,1,総務管理費,9,電子計算費,19,負担金補助及び交付金,2836000,2833461,0,0,0,2539,,H30決算書p35
2018,2,総務費,1,総務管理費,10,ＣＡＴＶ事業費,1,報酬,14000,13500,0,0,0,500,,H30決算書p36
2018,2,総務費,1,総務管理費,10,ＣＡＴＶ事業費,11,需用費,780000,762037,0,0,0,17963,,H30決算書p36
2018,2,総務費,1,総務管理費,10,ＣＡＴＶ事業費,12,役務費,432000,265740,0,0,0,166260,,H30決算書p36
2018,2,総務費,1,総務管理費,10,ＣＡＴＶ事業費,13,委託料,17530000,16340400,0,0,0,1189600,,H30決算書p36
2018,2,総務費,1,総務管理費,10,ＣＡＴＶ事業費,14,使用料及び賃借料,5833000,5796040,0,0,0,36960,,H30決算書p36
2018,2,総務費,1,総務管理費,10,ＣＡＴＶ事業費,15,工事請負費,41741000,32784393,0,0,0,8956607,,H30決算書p36
2018,2,総務費,1,総務管理費,10,ＣＡＴＶ事業費,19,負担金補助及び交付金,64810000,62792897,0,0,0,2017103,,H30決算書p36
2018,2,総務費,2,徴税費,1,税務総務費,2,給料,6270000,6269700,0,0,0,300,,H30決算書p37
2018,2,総務費,2,徴税費,1,税務総務費,3,職員手当等,3972000,3901930,0,0,0,70070,,H30決算書p37
2018,2,総務費,2,徴税費,1,税務総務費,4,共済費,2055000,2054578,0,0,0,422,,H30決算書p37
2018,2,総務費,2,徴税費,1,税務総務費,11,需用費,58000,56219,0,0,0,1781,,H30決算書p37
2018,2,総務費,2,徴税費,1,税務総務費,12,役務費,256000,232131,0,0,0,23869,,H30決算書p37
2018,2,総務費,2,徴税費,1,税務総務費,13,委託料,6170000,5981585,0,0,0,188415,,H30決算書p37
2018,2,総務費,2,徴税費,1,税務総務費,14,使用料及び賃借料,1321000,1317789,0,0,0,3211,,H30決算書p37
2018,2,総務費,2,徴税費,1,税務総務費,19,負担金補助及び交付金,118000,108517,0,0,0,9483,,H30決算書p37
2018,2,総務費,2,徴税費,2,賦課徴収費,11,需用費,1163000,1162188,0,0,0,812,,H30決算書p38
2018,2,総務費,2,徴税費,2,賦課徴収費,23,償還金利子及び割引料,521000,520241,0,0,0,759,,H30決算書p38
2018,2,総務費,3,戸籍住民基本台帳費,1,戸籍住民基本台帳費,11,需用費,101000,96944,0,0,0,4056,,H30決算書p38
2018,2,総務費,3,戸籍住民基本台帳費,1,戸籍住民基本台帳費,13,委託料,10846000,10742112,0,0,0,103888,,H30決算書p38
2018,2,総務費,3,戸籍住民基本台帳費,1,戸籍住民基本台帳費,14,使用料及び賃借料,9604000,9603144,0,0,0,856,,H30決算書p38
2018,2,総務費,3,戸籍住民基本台帳費,1,戸籍住民基本台帳費,18,備品購入費,579000,578664,0,0,0,336,,H30決算書p38
2018,2,総務費,3,戸籍住民基本台帳費,1,戸籍住民基本台帳費,19,負担金補助及び交付金,1165000,1164400,0,0,0,600,,H30決算書p38
2018,2,総務費,4,選挙費,1,選挙管理委員会費,1,報酬,136000,118600,0,0,0,17400,,H30決算書p39
2018,2,総務費,4,選挙費,1,選挙管理委員会費,19,負担金補助及び交付金,15000,14600,0,0,0,400,,H30決算書p39
2018,2,総務費,4,選挙費,6,長野県議会議員選挙費,1,報酬,69000,68912,0,0,0,88,,H30決算書p39
2018,2,総務費,4,選挙費,6,長野県議会議員選挙費,3,職員手当等,123000,119376,0,0,0,3624,,H30決算書p39
2018,2,総務費,4,選挙費,6,長野県議会議員選挙費,11,需用費,616000,580825,0,0,0,35175,,H30決算書p39
2018,2,総務費,4,選挙費,6,長野県議会議員選挙費,12,役務費,31000,30212,0,0,0,788,,H30決算書p39
2018,2,総務費,4,選挙費,6,長野県議会議員選挙費,13,委託料,112000,111024,0,0,0,976,,H30決算書p39
2018,2,総務費,4,選挙費,10,長野県知事選挙費,1,報酬,834000,779512,0,0,0,54488,,H30決算書p39
2018,2,総務費,4,選挙費,10,長野県知事選挙費,3,職員手当等,1071000,1024058,0,0,0,46942,,H30決算書p39
2018,2,総務費,4,選挙費,10,長野県知事選挙費,11,需用費,962000,961733,0,0,0,267,,H30決算書p39
2018,2,総務費,4,選挙費,10,長野県知事選挙費,12,役務費,48000,31840,0,0,0,16160,,H30決算書p39
2018,2,総務費,4,選挙費,10,長野県知事選挙費,13,委託料,119000,118488,0,0,0,512,,H30決算書p39
2018,2,総務費,5,統計調査費,2,指定統計調査費,1,報酬,100000,99070,0,0,0,930,,H30決算書p40
2018,2,総務費,5,統計調査費,2,指定統計調査費,3,職員手当等,15000,14120,0,0,0,880,,H30決算書p40
2018,2,総務費,5,統計調査費,2,指定統計調査費,7,賃金,4000,4000,0,0,0,0,,H30決算書p40
2018,2,総務費,5,統計調査費,2,指定統計調査費,9,旅費,31000,30228,0,0,0,772,,H30決算書p40
2018,2,総務費,5,統計調査費,2,指定統計調査費,11,需用費,76000,67888,0,0,0,8112,,H30決算書p40
2018,2,総務費,5,統計調査費,2,指定統計調査費,12,役務費,3000,2996,0,0,0,4,,H30決算書p40
2018,2,総務費,6,監査委員費,1,監査委員費,1,報酬,520000,520000,0,0,0,0,,H30決算書p40
2018,2,総務費,6,監査委員費,1,監査委員費,9,旅費,50000,44000,0,0,0,6000,,H30決算書p40
2018,2,総務費,6,監査委員費,1,監査委員費,11,需用費,5000,2624,0,0,0,2376,,H30決算書p40
2018,2,総務費,6,監査委員費,1,監査委員費,19,負担金補助及び交付金,44000,44000,0,0,0,0,,H30決算書p40
2018,2,総務費,7,国土調査費,1,地籍調査費,2,給料,6013000,6012600,0,0,0,400,,H30決算書p40
2018,2,総務費,7,国土調査費,1,地籍調査費,3,職員手当等,3023000,2942287,0,0,0,80713,,H30決算書p40
2018,2,総務費,7,国土調査費,1,地籍調査費,4,共済費,1938000,1889254,0,0,0,48746,,H30決算書p41
2018,2,総務費,7,国土調査費,1,地籍調査費,7,賃金,1800000,1800000,0,0,0,0,,H30決算書p41
2018,2,総務費,7,国土調査費,1,地籍調査費,11,需用費,697000,669762,0,0,0,27238,,H30決算書p41
2018,2,総務費,7,国土調査費,1,地籍調査費,12,役務費,55000,50198,0,0,0,4802,,H30決算書p41
2018,2,総務費,7,国土調査費,1,地籍調査費,13,委託料,3231000,3226392,0,0,0,4608,,H30決算書p41
2018,2,総務費,7,国土調査費,1,地籍調査費,14,使用料及び賃借料,880000,878688,0,0,0,1312,,H30決算書p41
2018,2,総務費,7,国土調査費,1,地籍調査費,19,負担金補助及び交付金,30000,30000,0,0,0,0,,H30決算書p41
2018,2,総務費,7,国土調査費,1,地籍調査費,27,公課費,7000,6600,0,0,0,400,,H30決算書p41
2018,3,民生費,1,社会福祉費,1,社会福祉総務費,2,給料,8255000,8254200,0,0,0,800,,H30決算書p42
2018,3,民生費,1,社会福祉費,1,社会福祉総務費,3,職員手当等,3881000,3835750,0,0,0,45250,,H30決算書p42
2018,3,民生費,1,社会福祉費,1,社会福祉総務費,4,共済費,2623000,2557143,0,0,0,65857,,H30決算書p42
2018,3,民生費,1,社会福祉費,1,社会福祉総務費,7,賃金,1261000,1260200,0,0,0,800,,H30決算書p42
2018,3,民生費,1,社会福祉費,1,社会福祉総務費,8,報償費,2001000,1994640,0,0,0,6360,,H30決算書p42
2018,3,民生費,1,社会福祉費,1,社会福祉総務費,9,旅費,13000,10800,0,0,0,2200,,H30決算書p42
2018,3,民生費,1,社会福祉費,1,社会福祉総務費,11,需用費,100000,97402,0,0,0,2598,,H30決算書p42
2018,3,民生費,1,社会福祉費,1,社会福祉総務費,12,役務費,1000,0,0,0,0,1000,,H30決算書p42
2018,3,民生費,1,社会福祉費,1,社会福祉総務費,13,委託料,536000,535053,0,0,0,947,,H30決算書p42
2018,3,民生費,1,社会福祉費,1,社会福祉総務費,14,使用料及び賃借料,957000,956760,0,0,0,240,,H30決算書p42
2018,3,民生費,1,社会福祉費,1,社会福祉総務費,19,負担金補助及び交付金,26980000,26864008,0,0,0,115992,,H30決算書p42
2018,3,民生費,1,社会福祉費,1,社会福祉総務費,20,扶助費,4563000,4424187,0,0,0,138813,,H30決算書p42
2018,3,民生費,1,社会福祉費,1,社会福祉総務費,23,償還金利子及び割引料,54000,54000,0,0,0,0,,H30決算書p42
2018,3,民生費,1,社会福祉費,1,社会福祉総務費,28,繰出金,12237000,10932996,0,0,0,1304004,,H30決算書p42
2018,3,民生費,1,社会福祉費,2,老人福祉費,7,賃金,105000,98900,0,0,0,6100,,H30決算書p44
2018,3,民生費,1,社会福祉費,2,老人福祉費,8,報償費,106000,99300,0,0,0,6700,,H30決算書p44
2018,3,民生費,1,社会福祉費,2,老人福祉費,11,需用費,124000,106351,0,0,0,17649,,H30決算書p44
2018,3,民生費,1,社会福祉費,2,老人福祉費,12,役務費,142000,135462,0,0,0,6538,,H30決算書p44
2018,3,民生費,1,社会福祉費,2,老人福祉費,13,委託料,635000,407610,0,0,0,227390,,H30決算書p44
2018,3,民生費,1,社会福祉費,2,老人福祉費,19,負担金補助及び交付金,15367000,15261916,0,0,0,105084,,H30決算書p44
2018,3,民生費,1,社会福祉費,2,老人福祉費,20,扶助費,4384000,4323777,0,0,0,60223,,H30決算書p44
2018,3,民生費,1,社会福祉費,2,老人福祉費,28,繰出金,33852000,33130977,0,0,0,721023,,H30決算書p44
2018,3,民生費,1,社会福祉費,3,国民年金事務費,7,賃金,2536000,2516000,0,0,0,20000,,H30決算書p45
2018,3,民生費,1,社会福祉費,3,国民年金事務費,12,役務費,36000,36000,0,0,0,0,,H30決算書p45
2018,3,民生費,1,社会福祉費,3,国民年金事務費,13,委託料,347000,345600,0,0,0,1400,,H30決算書p45
2018,3,民生費,1,社会福祉費,4,障害者福祉費,8,報償費,52000,51833,0,0,0,167,,H30決算書p46
2018,3,民生費,1,社会福祉費,4,障害者福祉費,11,需用費,6000,5943,0,0,0,57,,H30決算書p46
2018,3,民生費,1,社会福祉費,4,障害者福祉費,13,委託料,766000,762660,0,0,0,3340,,H30決算書p46
2018,3,民生費,1,社会福祉費,4,障害者福祉費,19,負担金補助及び交付金,73000,73000,0,0,0,0,,H30決算書p46
2018,3,民生費,1,社会福祉費,4,障害者福祉費,20,扶助費,66519000,66123116,0,0,0,395884,,H30決算書p46
2018,3,民生費,1,社会福祉費,4,障害者福祉費,23,償還金利子及び割引料,160000,159733,0,0,0,267,,H30決算書p46
2018,3,民生費,1,社会福祉費,7,定住対策費,8,報償費,915000,914700,0,0,0,300,,H30決算書p46
2018,3,民生費,1,社会福祉費,7,定住対策費,9,旅費,68000,0,0,0,0,68000,,H30決算書p46
2018,3,民生費,1,社会福祉費,7,定住対策費,11,需用費,50000,0,0,0,0,50000,,H30決算書p46
2018,3,民生費,1,社会福祉費,7,定住対策費,19,負担金補助及び交付金,4638000,4637500,0,0,0,500,,H30決算書p46
2018,3,民生費,1,社会福祉費,10,老人福祉施設管理運営費,11,需用費,74000,73764,0,0,0,236,,H30決算書p47
2018,3,民生費,1,社会福祉費,10,老人福祉施設管理運営費,12,役務費,314000,313216,0,0,0,784,,H30決算書p47
2018,3,民生費,1,社会福祉費,10,老人福祉施設管理運営費,13,委託料,27444000,27442080,0,0,0,1920,,H30決算書p47
2018,3,民生費,1,社会福祉費,10,老人福祉施設管理運営費,14,使用料及び賃借料,334000,333965,0,0,0,35,,H30決算書p47
2018,3,民生費,1,社会福祉費,10,老人福祉施設管理運営費,15,工事請負費,3590000,3541150,0,0,0,48850,,H30決算書p47
2018,3,民生費,1,社会福祉費,10,老人福祉施設管理運営費,18,備品購入費,1062000,1060420,0,0,0,1580,,H30決算書p47
2018,3,民生費,1,社会福祉費,13,在宅介護支援センター運営費,7,賃金,778000,776064,0,0,0,1936,,H30決算書p47
2018,3,民生費,1,社会福祉費,13,在宅介護支援センター運営費,9,旅費,18000,16700,0,0,0,1300,,H30決算書p47
2018,3,民生費,1,社会福祉費,13,在宅介護支援センター運営費,11,需用費,344000,309337,0,0,0,34663,,H30決算書p47
2018,3,民生費,1,社会福祉費,13,在宅介護支援センター運営費,12,役務費,40000,38914,0,0,0,1086,,H30決算書p48
2018,3,民生費,1,社会福祉費,13,在宅介護支援センター運営費,13,委託料,20000,19440,0,0,0,560,,H30決算書p48
2018,3,民生費,1,社会福祉費,13,在宅介護支援センター運営費,14,使用料及び賃借料,324000,324000,0,0,0,0,,H30決算書p48
2018,3,民生費,1,社会福祉費,13,在宅介護支援センター運営費,19,負担金補助及び交付金,68000,58400,0,0,0,9600,,H30決算書p48
2018,3,民生費,1,社会福祉費,14,授産施設一般管理費,2,給料,4484000,4483500,0,0,0,500,,H30決算書p48
2018,3,民生費,1,社会福祉費,14,授産施設一般管理費,3,職員手当等,2555000,2551436,0,0,0,3564,,H30決算書p48
2018,3,民生費,1,社会福祉費,14,授産施設一般管理費,4,共済費,1478000,1477691,0,0,0,309,,H30決算書p48
2018,3,民生費,1,社会福祉費,14,授産施設一般管理費,7,賃金,9316000,8957968,0,0,0,358032,,H30決算書p48
2018,3,民生費,1,社会福祉費,14,授産施設一般管理費,11,需用費,2214000,2194335,0,0,0,19665,,H30決算書p48
2018,3,民生費,1,社会福祉費,14,授産施設一般管理費,12,役務費,313000,305231,0,0,0,7769,,H30決算書p48
2018,3,民生費,1,社会福祉費,14,授産施設一般管理費,13,委託料,146000,144396,0,0,0,1604,,H30決算書p48
2018,3,民生費,1,社会福祉費,14,授産施設一般管理費,14,使用料及び賃借料,641000,639971,0,0,0,1029,,H30決算書p48
2018,3,民生費,1,社会福祉費,14,授産施設一般管理費,19,負担金補助及び交付金,46000,44200,0,0,0,1800,,H30決算書p48
2018,3,民生費,1,社会福祉費,14,授産施設一般管理費,27,公課費,26000,25200,0,0,0,800,,H30決算書p48
2018,3,民生費,1,社会福祉費,15,授産施設業務費,7,賃金,5035000,5034188,0,0,0,812,,H30決算書p49
2018,3,民生費,1,社会福祉費,15,授産施設業務費,11,需用費,264000,261140,0,0,0,2860,,H30決算書p49
2018,3,民生費,1,社会福祉費,15,授産施設業務費,12,役務費,161000,160854,0,0,0,146,,H30決算書p50
2018,3,民生費,1,社会福祉費,15,授産施設業務費,13,委託料,208000,207550,0,0,0,450,,H30決算書p50
2018,3,民生費,1,社会福祉費,15,授産施設業務費,16,原材料費,235000,234728,0,0,0,272,,H30決算書p50
2018,3,民生費,2,児童福祉費,2,児童措置費,11,需用費,6000,5400,0,0,0,600,,H30決算書p50
2018,3,民生費,2,児童福祉費,2,児童措置費,20,扶助費,11656000,11265000,0,0,0,391000,,H30決算書p50
2018,3,民生費,2,児童福祉費,2,児童措置費,23,償還金利子及び割引料,233000,232668,0,0,0,332,,H30決算書p50
2018,3,民生費,2,児童福祉費,5,保育所費,2,給料,13504000,13496400,0,0,0,7600,,H30決算書p50
2018,3,民生費,2,児童福祉費,5,保育所費,3,職員手当等,6411000,6368190,0,0,0,42810,,H30決算書p50
2018,3,民生費,2,児童福祉費,5,保育所費,4,共済費,4187000,4084852,0,0,0,102148,,H30決算書p50
2018,3,民生費,2,児童福祉費,5,保育所費,7,賃金,4653000,4606256,0,0,0,46744,,H30決算書p50
2018,3,民生費,2,児童福祉費,5,保育所費,8,報償費,690000,687200,0,0,0,2800,,H30決算書p51
2018,3,民生費,2,児童福祉費,5,保育所費,9,旅費,12000,11420,0,0,0,580,,H30決算書p51
2018,3,民生費,2,児童福祉費,5,保育所費,11,需用費,4547000,4389830,0,0,0,157170,,H30決算書p51
2018,3,民生費,2,児童福祉費,5,保育所費,12,役務費,186000,184163,0,0,0,1837,,H30決算書p51
2018,3,民生費,2,児童福祉費,5,保育所費,13,委託料,8510000,346507,0,8077000,0,86493,,H30決算書p51
2018,3,民生費,2,児童福祉費,5,保育所費,14,使用料及び賃借料,494000,489662,0,0,0,4338,,H30決算書p51
2018,3,民生費,2,児童福祉費,5,保育所費,19,負担金補助及び交付金,103000,95180,0,0,0,7820,,H30決算書p51
2018,3,民生費,2,児童福祉費,7,児童クラブ運営費,12,役務費,38000,36800,0,0,0,1200,,H30決算書p52
2018,3,民生費,2,児童福祉費,7,児童クラブ運営費,13,委託料,2500000,2500000,0,0,0,0,,H30決算書p52
2018,3,民生費,2,児童福祉費,7,児童クラブ運営費,19,負担金補助及び交付金,10000,10000,0,0,0,0,,H30決算書p52
2018,3,民生費,2,児童福祉費,8,通学合宿事業費,7,賃金,62000,59800,0,0,0,2200,,H30決算書p52
2018,3,民生費,2,児童福祉費,8,通学合宿事業費,8,報償費,223000,222175,0,0,0,825,,H30決算書p52
2018,3,民生費,2,児童福祉費,8,通学合宿事業費,11,需用費,66000,61959,0,0,0,4041,,H30決算書p52
2018,3,民生費,2,児童福祉費,8,通学合宿事業費,14,使用料及び賃借料,1000,600,0,0,0,400,,H30決算書p52
2018,6,農林水産業費,1,農業費,1,農業委員会費,1,報酬,2146000,2146000,0,0,0,0,,H30決算書p58
2018,6,農林水産業費,1,農業費,1,農業委員会費,7,賃金,412000,409300,0,0,0,2700,,H30決算書p58
2018,6,農林水産業費,1,農業費,1,農業委員会費,9,旅費,8000,7800,0,0,0,200,,H30決算書p58
2018,6,農林水産業費,1,農業費,1,農業委員会費,11,需用費,71000,66153,0,0,0,4847,,H30決算書p58
2018,6,農林水産業費,1,農業費,1,農業委員会費,12,役務費,11000,10649,0,0,0,351,,H30決算書p58
2018,6,農林水産業費,1,農業費,1,農業委員会費,19,負担金補助及び交付金,115000,112740,0,0,0,2260,,H30決算書p58
2018,6,農林水産業費,1,農業費,2,農業総務費,2,給料,14460000,14459100,0,0,0,900,,H30決算書p59
2018,6,農林水産業費,1,農業費,2,農業総務費,3,職員手当等,7066000,7042634,0,0,0,23366,,H30決算書p59
2018,6,農林水産業費,1,農業費,2,農業総務費,4,共済費,4534000,4529443,0,0,0,4557,,H30決算書p59
2018,6,農林水産業費,1,農業費,2,農業総務費,11,需用費,152000,150603,0,0,0,1397,,H30決算書p59
2018,6,農林水産業費,1,農業費,2,農業総務費,12,役務費,23000,22090,0,0,0,910,,H30決算書p59
2018,6,農林水産業費,1,農業費,2,農業総務費,18,備品購入費,1296000,1267000,0,0,0,29000,,H30決算書p59
2018,6,農林水産業費,1,農業費,2,農業総務費,19,負担金補助及び交付金,56000,55530,0,0,0,470,,H30決算書p59
2018,6,農林水産業費,1,農業費,3,農業振興費,7,賃金,1153000,1150100,0,0,0,2900,,H30決算書p59
2018,6,農林水産業費,1,農業費,3,農業振興費,8,報償費,3495000,3494500,0,0,0,500,,H30決算書p59
2018,6,農林水産業費,1,農業費,3,農業振興費,11,需用費,1282000,1279227,0,0,0,2773,,H30決算書p59
2018,6,農林水産業費,1,農業費,3,農業振興費,12,役務費,14000,13605,0,0,0,395,,H30決算書p59
2018,6,農林水産業費,1,農業費,3,農業振興費,13,委託料,16080000,80000,0,16000000,0,0,,H30決算書p59
2018,6,農林水産業費,1,農業費,3,農業振興費,14,使用料及び賃借料,476000,473088,0,0,0,2912,,H30決算書p59
2018,6,農林水産業費,1,農業費,3,農業振興費,15,工事請負費,115000000,0,0,115000000,0,0,,H30決算書p59
2018,6,農林水産業費,1,農業費,3,農業振興費,18,備品購入費,3078000,3040000,0,0,0,38000,,H30決算書p60
2018,6,農林水産業費,1,農業費,3,農業振興費,19,負担金補助及び交付金,8628000,8603040,0,0,0,24960,,H30決算書p60
2018,6,農林水産業費,1,農業費,4,畜産業費,11,需用費,186000,185043,0,0,0,957,,H30決算書p61
2018,6,農林水産業費,1,農業費,4,畜産業費,13,委託料,960000,960000,0,0,0,0,,H30決算書p61
2018,6,農林水産業費,1,農業費,5,畜産振興費,15,工事請負費,661000,660960,0,0,0,40,,H30決算書p61
2018,6,農林水産業費,1,農業費,6,農地費,7,賃金,318000,0,0,0,0,318000,,H30決算書p61
2018,6,農林水産業費,1,農業費,6,農地費,13,委託料,810000,810000,0,0,0,0,,H30決算書p61
2018,6,農林水産業費,1,農業費,6,農地費,14,使用料及び賃借料,200000,187068,0,0,0,12932,,H30決算書p62
2018,6,農林水産業費,1,農業費,6,農地費,15,工事請負費,13450000,12542364,0,0,0,907636,,H30決算書p62
2018,6,農林水産業費,1,農業費,6,農地費,16,原材料費,80000,74484,0,0,0,5516,,H30決算書p62
2018,6,農林水産業費,1,農業費,6,農地費,19,負担金補助及び交付金,56000,55200,0,0,0,800,,H30決算書p62
2018,6,農林水産業費,1,農業費,7,農業振興地域整備促進事業費,7,賃金,48000,47300,0,0,0,700,,H30決算書p62
2018,6,農林水産業費,1,農業費,20,地域おこし協力隊事業,7,賃金,800000,800000,0,0,0,0,,H30決算書p62
2018,6,農林水産業費,1,農業費,20,地域おこし協力隊事業,11,需用費,29000,27417,0,0,0,1583,,H30決算書p62
2018,6,農林水産業費,1,農業費,20,地域おこし協力隊事業,12,役務費,20000,19040,0,0,0,960,,H30決算書p62
2018,6,農林水産業費,1,農業費,20,地域おこし協力隊事業,14,使用料及び賃借料,78000,77112,0,0,0,888,,H30決算書p62
2018,6,農林水産業費,1,農業費,21,日本型直接支払事業,7,賃金,366000,358400,0,0,0,7600,,H30決算書p62
2018,6,農林水産業費,1,農業費,21,日本型直接支払事業,11,需用費,93000,92161,0,0,0,839,,H30決算書p62
2018,6,農林水産業費,1,農業費,21,日本型直接支払事業,12,役務費,8000,8000,0,0,0,0,,H30決算書p62
2018,6,農林水産業費,1,農業費,21,日本型直接支払事業,19,負担金補助及び交付金,5151000,5149961,0,0,0,1039,,H30決算書p62
2018,6,農林水産業費,2,林業費,1,林業総務費,1,報酬,12000,11700,0,0,0,300,,H30決算書p63
2018,6,農林水産業費,2,林業費,1,林業総務費,2,給料,3736000,3694300,0,0,0,41700,,H30決算書p63
2018,6,農林水産業費,2,林業費,1,林業総務費,3,職員手当等,2456000,2278221,0,0,0,177779,,H30決算書p63
2018,6,農林水産業費,2,林業費,1,林業総務費,4,共済費,1472000,1273297,0,0,0,198703,,H30決算書p63
2018,6,農林水産業費,2,林業費,1,林業総務費,19,負担金補助及び交付金,553000,551771,0,0,0,1229,,H30決算書p63
2018,6,農林水産業費,2,林業費,2,林業振興費,7,賃金,26000,25800,0,0,0,200,,H30決算書p63
2018,6,農林水産業費,2,林業費,2,林業振興費,8,報償費,4295000,4291350,0,0,0,3650,,H30決算書p63
2018,6,農林水産業費,2,林業費,2,林業振興費,11,需用費,568000,555656,0,0,0,12344,,H30決算書p63
2018,6,農林水産業費,2,林業費,2,林業振興費,12,役務費,162000,158205,0,0,0,3795,,H30決算書p63
2018,6,農林水産業費,2,林業費,2,林業振興費,13,委託料,3466000,3444571,0,0,0,21429,,H30決算書p63
2018,6,農林水産業費,2,林業費,2,林業振興費,18,備品購入費,923000,843480,0,0,0,79520,,H30決算書p63
2018,6,農林水産業費,2,林業費,2,林業振興費,19,負担金補助及び交付金,357000,356100,0,0,0,900,,H30決算書p64
2018,6,農林水産業費,2,林業費,3,林道費,11,需用費,81000,79680,0,0,0,1320,,H30決算書p64
2018,6,農林水産業費,2,林業費,3,林道費,12,役務費,34000,29588,0,0,0,4412,,H30決算書p64
2018,6,農林水産業費,2,林業費,3,林道費,13,委託料,8631000,8578440,0,0,0,52560,,H30決算書p64
2018,6,農林水産業費,2,林業費,3,林道費,15,工事請負費,80051000,72221449,0,6000000,0,1829551,,H30決算書p64
2018,6,農林水産業費,2,林業費,4,造林費,15,工事請負費,25613000,25391880,0,0,0,221120,,H30決算書p65
2018,7,商工費,1,商工費,1,商工総務費,2,給料,3178000,3177600,0,0,0,400,,H30決算書p65
2018,7,商工費,1,商工費,1,商工総務費,3,職員手当等,1649000,1639342,0,0,0,9658,,H30決算書p65
2018,7,商工費,1,商工費,1,商工総務費,4,共済費,1043000,1025619,0,0,0,17381,,H30決算書p65
2018,7,商工費,1,商工費,1,商工総務費,19,負担金補助及び交付金,380000,379800,0,0,0,200,,H30決算書p65
2018,7,商工費,1,商工費,2,商工振興費,11,需用費,130000,113086,0,0,0,16914,,H30決算書p66
2018,7,商工費,1,商工費,2,商工振興費,12,役務費,12000,11298,0,0,0,702,,H30決算書p66
2018,7,商工費,1,商工費,2,商工振興費,14,使用料及び賃借料,212000,211824,0,0,0,176,,H30決算書p66
2018,7,商工費,1,商工費,2,商工振興費,19,負担金補助及び交付金,8771200,8767026,0,0,0,4174,,H30決算書p66
2018,7,商工費,1,商工費,2,商工振興費,22,補償補填及び賠償金,40000,36539,0,0,0,3461,,H30決算書p66
2018,7,商工費,1,商工費,3,観光費,7,賃金,278000,267950,0,0,0,10050,,H30決算書p66
2018,7,商工費,1,商工費,3,観光費,8,報償費,500000,500000,0,0,0,0,,H30決算書p66
2018,7,商工費,1,商工費,3,観光費,9,旅費,147000,145890,0,0,0,1110,,H30決算書p66
2018,7,商工費,1,商工費,3,観光費,11,需用費,10567000,10182626,0,0,0,384374,,H30決算書p66
2018,7,商工費,1,商工費,3,観光費,12,役務費,1267000,1248389,0,0,0,18611,,H30決算書p66
2018,7,商工費,1,商工費,3,観光費,13,委託料,14545000,14182428,0,0,0,362572,,H30決算書p67
2018,7,商工費,1,商工費,3,観光費,14,使用料及び賃借料,1431000,1375607,0,0,0,55393,,H30決算書p67
2018,7,商工費,1,商工費,3,観光費,15,工事請負費,355820800,351743148,0,0,0,4077652,,H30決算書p67
2018,7,商工費,1,商工費,3,観光費,16,原材料費,400000,397980,0,0,0,2020,,H30決算書p67
2018,7,商工費,1,商工費,3,観光費,18,備品購入費,63978000,59957911,0,0,0,4020089,,H30決算書p67
2018,7,商工費,1,商工費,3,観光費,19,負担金補助及び交付金,3108000,3104005,0,0,0,3995,,H30決算書p67
2018,7,商工費,1,商工費,4,地域おこし協力隊事業,7,賃金,6200000,6200000,0,0,0,0,,H30決算書p69
2018,7,商工費,1,商工費,4,地域おこし協力隊事業,9,旅費,332000,315678,0,0,0,16322,,H30決算書p69
2018,7,商工費,1,商工費,4,地域おこし協力隊事業,11,需用費,684000,676398,0,0,0,7602,,H30決算書p69
2018,7,商工費,1,商工費,4,地域おこし協力隊事業,12,役務費,62000,59724,0,0,0,2276,,H30決算書p69
2018,7,商工費,1,商工費,4,地域おこし協力隊事業,14,使用料及び賃借料,1652000,1637028,0,0,0,14972,,H30決算書p69
2018,7,商工費,1,商工費,4,地域おこし協力隊事業,19,負担金補助及び交付金,9000,8500,0,0,0,500,,H30決算書p69
2018,10,教育費,1,教育総務費,1,教育委員会費,1,報酬,820000,820000,0,0,0,0,,H30決算書p77
2018,10,教育費,1,教育総務費,1,教育委員会費,7,賃金,83000,27600,0,0,0,55400,,H30決算書p77
2018,10,教育費,1,教育総務費,1,教育委員会費,9,旅費,9000,0,0,0,0,9000,,H30決算書p77
2018,10,教育費,1,教育総務費,1,教育委員会費,19,負担金補助及び交付金,181000,175180,0,0,0,5820,,H30決算書p77
2018,10,教育費,1,教育総務費,2,事務局費,2,給料,12485000,12484800,0,0,0,200,,H30決算書p77
2018,10,教育費,1,教育総務費,2,事務局費,3,職員手当等,6011000,5980664,0,0,0,30336,,H30決算書p77
2018,10,教育費,1,教育総務費,2,事務局費,4,共済費,4052898,3914407,0,0,0,138491,,H30決算書p78
2018,10,教育費,1,教育総務費,2,事務局費,7,賃金,26000,25300,0,0,0,700,,H30決算書p78
2018,10,教育費,1,教育総務費,2,事務局費,8,報償費,254,0,0,0,0,254,,H30決算書p78
2018,10,教育費,1,教育総務費,2,事務局費,9,旅費,12000,11420,0,0,0,580,,H30決算書p78
2018,10,教育費,1,教育総務費,2,事務局費,11,需用費,1487000,1366263,0,0,0,120737,,H30決算書p78
2018,10,教育費,1,教育総務費,2,事務局費,12,役務費,158000,148344,0,0,0,9656,,H30決算書p78
2018,10,教育費,1,教育総務費,2,事務局費,13,委託料,284000,278280,0,0,0,5720,,H30決算書p78
2018,10,教育費,1,教育総務費,2,事務局費,14,使用料及び賃借料,2623848,2595158,0,0,0,28690,,H30決算書p78
2018,10,教育費,1,教育総務費,2,事務局費,18,備品購入費,363000,342144,0,0,0,20856,,H30決算書p78
2018,10,教育費,1,教育総務費,2,事務局費,19,負担金補助及び交付金,130000,129612,0,0,0,388,,H30決算書p78
2018,10,教育費,1,教育総務費,2,事務局費,27,公課費,7000,6600,0,0,0,400,,H30決算書p78
2018,10,教育費,1,教育総務費,4,文化財保存費,7,賃金,1023000,1022003,0,0,0,997,,H30決算書p79
2018,10,教育費,1,教育総務費,4,文化財保存費,8,報償費,10000,10000,0,0,0,0,,H30決算書p79
2018,10,教育費,1,教育総務費,4,文化財保存費,9,旅費,27000,26320,0,0,0,680,,H30決算書p79
2018,10,教育費,1,教育総務費,4,文化財保存費,11,需用費,705000,645023,0,0,0,59977,,H30決算書p79
2018,10,教育費,1,教育総務費,4,文化財保存費,12,役務費,200000,197361,0,0,0,2639,,H30決算書p79
2018,10,教育費,1,教育総務費,4,文化財保存費,13,委託料,1582000,1517500,0,0,0,64500,,H30決算書p79
2018,10,教育費,1,教育総務費,4,文化財保存費,15,工事請負費,7322000,6814260,0,0,0,507740,,H30決算書p79
2018,10,教育費,1,教育総務費,4,文化財保存費,17,公有財産購入費,179000,178980,0,0,0,20,,H30決算書p79
2018,10,教育費,1,教育総務費,4,文化財保存費,18,備品購入費,12000,10800,0,0,0,1200,,H30決算書p79
2018,10,教育費,1,教育総務費,4,文化財保存費,19,負担金補助及び交付金,1680000,1679560,0,0,0,440,,H30決算書p79
2018,10,教育費,1,教育総務費,6,文化施設費,7,賃金,2525000,2524041,0,0,0,959,,H30決算書p80
2018,10,教育費,1,教育総務費,6,文化施設費,8,報償費,30000,30000,0,0,0,0,,H30決算書p80
2018,10,教育費,1,教育総務費,6,文化施設費,9,旅費,267000,265966,0,0,0,1034,,H30決算書p81
2018,10,教育費,1,教育総務費,6,文化施設費,11,需用費,2258000,2241411,0,0,0,16589,,H30決算書p81
2018,10,教育費,1,教育総務費,6,文化施設費,12,役務費,507000,503769,0,0,0,3231,,H30決算書p81
2018,10,教育費,1,教育総務費,6,文化施設費,13,委託料,4696000,4684790,0,0,0,11210,,H30決算書p81
2018,10,教育費,1,教育総務費,6,文化施設費,14,使用料及び賃借料,254000,245342,0,0,0,8658,,H30決算書p81
2018,10,教育費,1,教育総務費,6,文化施設費,18,備品購入費,32000,31104,0,0,0,896,,H30決算書p81
2018,10,教育費,1,教育総務費,6,文化施設費,19,負担金補助及び交付金,284000,283480,0,0,0,520,,H30決算書p81
2018,10,教育費,2,小学校費,1,学校管理費,7,賃金,13375000,13157750,0,0,0,217250,,H30決算書p82
2018,10,教育費,2,小学校費,1,学校管理費,8,報償費,296000,295300,0,0,0,700,,H30決算書p82
2018,10,教育費,2,小学校費,1,学校管理費,9,旅費,25000,20885,0,0,0,4115,,H30決算書p82
2018,10,教育費,2,小学校費,1,学校管理費,11,需用費,5738000,5276843,0,0,0,461157,,H30決算書p82
2018,10,教育費,2,小学校費,1,学校管理費,12,役務費,847000,787990,0,0,0,59010,,H30決算書p82
2018,10,教育費,2,小学校費,1,学校管理費,13,委託料,3166000,2997341,0,0,0,168659,,H30決算書p82
2018,10,教育費,2,小学校費,1,学校管理費,14,使用料及び賃借料,1022000,936798,0,0,0,85202,,H30決算書p82
2018,10,教育費,2,小学校費,1,学校管理費,15,工事請負費,27330000,1911060,0,25418000,0,940,,H30決算書p82
2018,10,教育費,2,小学校費,1,学校管理費,16,原材料費,1000,626,0,0,0,374,,H30決算書p82
2018,10,教育費,2,小学校費,1,学校管理費,18,備品購入費,4406000,4355900,0,0,0,50100,,H30決算書p82
2018,10,教育費,2,小学校費,1,学校管理費,19,負担金補助及び交付金,109000,103840,0,0,0,5160,,H30決算書p83
2018,10,教育費,2,小学校費,1,学校管理費,27,公課費,25000,24600,0,0,0,400,,H30決算書p83
2018,10,教育費,2,小学校費,2,教育振興費,8,報償費,580000,539910,0,0,0,40090,,H30決算書p85
2018,10,教育費,2,小学校費,2,教育振興費,11,需用費,1374000,1316195,0,0,0,57805,,H30決算書p85
2018,10,教育費,2,小学校費,2,教育振興費,12,役務費,82000,74601,0,0,0,7399,,H30決算書p85
2018,10,教育費,2,小学校費,2,教育振興費,18,備品購入費,331000,321564,0,0,0,9436,,H30決算書p85
2018,10,教育費,2,小学校費,2,教育振興費,20,扶助費,294000,199830,0,0,0,94170,,H30決算書p85
2018,10,教育費,3,中学校費,1,学校管理費,7,賃金,355000,331600,0,0,0,23400,,H30決算書p85
2018,10,教育費,3,中学校費,1,学校管理費,8,報償費,296000,295300,0,0,0,700,,H30決算書p85
2018,10,教育費,3,中学校費,1,学校管理費,9,旅費,17000,17000,0,0,0,0,,H30決算書p85
2018,10,教育費,3,中学校費,1,学校管理費,11,需用費,4852000,4751659,0,0,0,100341,,H30決算書p85
2018,10,教育費,3,中学校費,1,学校管理費,12,役務費,457000,439859,0,0,0,17141,,H30決算書p85
2018,10,教育費,3,中学校費,1,学校管理費,13,委託料,6186000,6178044,0,0,0,7956,,H30決算書p85
2018,10,教育費,3,中学校費,1,学校管理費,14,使用料及び賃借料,1101000,1078857,0,0,0,22143,,H30決算書p85
2018,10,教育費,3,中学校費,1,学校管理費,15,工事請負費,19132000,1570320,0,17520000,0,41680,,H30決算書p85
2018,10,教育費,3,中学校費,1,学校管理費,16,原材料費,5000,4648,0,0,0,352,,H30決算書p86
2018,10,教育費,3,中学校費,1,学校管理費,18,備品購入費,124000,118044,0,0,0,5956,,H30決算書p86
2018,10,教育費,3,中学校費,1,学校管理費,19,負担金補助及び交付金,92000,91663,0,0,0,337,,H30決算書p86
2018,10,教育費,3,中学校費,2,教育振興費,8,報償費,29000,28795,0,0,0,205,,H30決算書p87
2018,10,教育費,3,中学校費,2,教育振興費,11,需用費,1090000,1051915,0,0,0,38085,,H30決算書p87
2018,10,教育費,3,中学校費,2,教育振興費,12,役務費,68000,62568,0,0,0,5432,,H30決算書p87
2018,10,教育費,3,中学校費,2,教育振興費,18,備品購入費,397000,396999,0,0,0,1,,H30決算書p87
2018,10,教育費,3,中学校費,2,教育振興費,20,扶助費,378000,290830,0,0,0,87170,,H30決算書p87
2018,10,教育費,4,社会教育費,1,社会教育総務費,2,給料,2915000,2914800,0,0,0,200,,H30決算書p88
2018,10,教育費,4,社会教育費,1,社会教育総務費,3,職員手当等,2222000,2205162,0,0,0,16838,,H30決算書p88
2018,10,教育費,4,社会教育費,1,社会教育総務費,4,共済費,980000,976258,0,0,0,3742,,H30決算書p88
2018,10,教育費,4,社会教育費,1,社会教育総務費,7,賃金,44000,39700,0,0,0,4300,,H30決算書p88
2018,10,教育費,4,社会教育費,1,社会教育総務費,19,負担金補助及び交付金,22000,21000,0,0,0,1000,,H30決算書p88
2018,10,教育費,4,社会教育費,2,公民館費,1,報酬,828000,828000,0,0,0,0,,H30決算書p88
2018,10,教育費,4,社会教育費,2,公民館費,7,賃金,844000,825274,0,0,0,18726,,H30決算書p88
2018,10,教育費,4,社会教育費,2,公民館費,8,報償費,325000,300648,0,0,0,24352,,H30決算書p88
2018,10,教育費,4,社会教育費,2,公民館費,9,旅費,39000,36060,0,0,0,2940,,H30決算書p88
2018,10,教育費,4,社会教育費,2,公民館費,11,需用費,4546000,4381936,0,0,0,164064,,H30決算書p89
2018,10,教育費,4,社会教育費,2,公民館費,12,役務費,668000,626075,0,0,0,41925,,H30決算書p89
2018,10,教育費,4,社会教育費,2,公民館費,13,委託料,2192000,2025360,0,0,0,166640,,H30決算書p89
2018,10,教育費,4,社会教育費,2,公民館費,14,使用料及び賃借料,401000,365360,0,0,0,35640,,H30決算書p89
2018,10,教育費,4,社会教育費,2,公民館費,15,工事請負費,15432000,15204560,0,0,0,227440,,H30決算書p89
2018,10,教育費,4,社会教育費,2,公民館費,19,負担金補助及び交付金,699000,655259,0,0,0,43741,,H30決算書p89
2018,10,教育費,5,保健体育費,1,保健体育総務費,7,賃金,19000,17200,0,0,0,1800,,H30決算書p90
2018,10,教育費,5,保健体育費,1,保健体育総務費,11,需用費,436000,427375,0,0,0,8625,,H30決算書p90
2018,10,教育費,5,保健体育費,1,保健体育総務費,12,役務費,12000,11100,0,0,0,900,,H30決算書p90
2018,10,教育費,5,保健体育費,1,保健体育総務費,19,負担金補助及び交付金,255000,254820,0,0,0,180,,H30決算書p90
2018,10,教育費,5,保健体育費,2,学校給食運営費,7,賃金,4523000,4488000,0,0,0,35000,,H30決算書p90
2018,10,教育費,5,保健体育費,2,学校給食運営費,11,需用費,1940000,1932374,0,0,0,7626,,H30決算書p90
2018,10,教育費,5,保健体育費,2,学校給食運営費,12,役務費,287000,282074,0,0,0,4926,,H30決算書p90
2018,10,教育費,5,保健体育費,2,学校給食運営費,13,委託料,210000,202176,0,0,0,7824,,H30決算書p90
2018,10,教育費,5,保健体育費,2,学校給食運営費,14,使用料及び賃借料,112000,111456,0,0,0,544,,H30決算書p91
2018,10,教育費,5,保健体育費,2,学校給食運営費,19,負担金補助及び交付金,1718000,1655170,0,0,0,62830,,H30決算書p91
2018,10,教育費,5,保健体育費,4,体育施設管理費,7,賃金,30000,30000,0,0,0,0,,H30決算書p92
2018,10,教育費,5,保健体育費,4,体育施設管理費,11,需用費,1060160,1025021,0,0,0,35139,,H30決算書p92
2018,10,教育費,5,保健体育費,4,体育施設管理費,12,役務費,4000,3247,0,0,0,753,,H30決算書p92
2018,10,教育費,5,保健体育費,4,体育施設管理費,13,委託料,122840,122715,0,0,0,125,,H30決算書p92
2018,10,教育費,5,保健体育費,4,体育施設管理費,15,工事請負費,1606000,1445802,0,0,0,160198,,H30決算書p92
2018,12,公債費,1,公債費,1,元金,23,償還金利子及び割引料,166883000,166881384,0,0,0,1616,,H30決算書p94
2018,12,公債費,1,公債費,2,利子,23,償還金利子及び割引料,7801000,5465901,0,0,0,2335099,,H30決算書p94
2018,13,諸支出金,1,基金費,1,財政調整基金費,25,積立金,1544000,1321136,0,0,0,222864,,H30決算書p94
2018,13,諸支出金,1,基金費,2,減債基金費,25,積立金,1500000,1499503,0,0,0,497,,H30決算書p94
2018,13,諸支出金,1,基金費,3,公共施設等整備基金費,25,積立金,2309000,2308969,0,0,0,31,,H30決算書p94
2018,13,諸支出金,1,基金費,4,文教施設整備基金費,25,積立金,42000,41867,0,0,0,133,,H30決算書p94
2018,13,諸支出金,1,基金費,5,ふるさとづくり基金費,25,積立金,6024000,5273296,0,0,0,750704,,H30決算書p94
2018,13,諸支出金,1,基金費,6,高齢者福祉基金費,25,積立金,55000,54393,0,0,0,607,,H30決算書p94
2018,13,諸支出金,1,基金費,13,奨学資金貸付基金,25,積立金,190000,190000,0,0,0,0,,H30決算書p94
2019,2,総務費,1,総務管理費,1,一般管理費,1,報酬,547000,523800,0,0,0,23200,,R1決算書p28
2019,2,総務費,1,総務管理費,1,一般管理費,2,給料,45757000,45656400,0,0,0,100600,,R1決算書p28
2019,2,総務費,1,総務管理費,1,一般管理費,3,職員手当等,52022000,50437757,0,0,0,1584243,,R1決算書p28
2019,2,総務費,1,総務管理費,1,一般管理費,4,共済費,21966000,19663315,0,0,0,2302685,,R1決算書p28
2019,2,総務費,1,総務管理費,1,一般管理費,7,賃金,1102000,1034100,0,0,0,67900,,R1決算書p28
2019,2,総務費,1,総務管理費,1,一般管理費,8,報償費,90000,76600,0,0,0,13400,,R1決算書p28
2019,2,総務費,1,総務管理費,1,一般管理費,9,旅費,118000,113410,0,0,0,4590,,R1決算書p28
2019,2,総務費,1,総務管理費,1,一般管理費,10,交際費,330000,322069,0,0,0,7931,,R1決算書p28
2019,2,総務費,1,総務管理費,1,一般管理費,11,需用費,7207000,6718408,0,0,0,488592,,R1決算書p28
2019,2,総務費,1,総務管理費,1,一般管理費,12,役務費,707000,671208,0,0,0,35792,,R1決算書p28
2019,2,総務費,1,総務管理費,1,一般管理費,13,委託料,2058000,1974048,0,0,0,83952,,R1決算書p28
2019,2,総務費,1,総務管理費,1,一般管理費,14,使用料及び賃借料,4209000,3606974,0,0,0,602026,,R1決算書p28
2019,2,総務費,1,総務管理費,1,一般管理費,18,備品購入費,1042000,869000,0,0,0,173000,,R1決算書p28
2019,2,総務費,1,総務管理費,1,一般管理費,19,負担金補助及び交付金,2351000,2086329,0,0,0,264671,,R1決算書p28
2019,2,総務費,1,総務管理費,1,一般管理費,26,寄付金,500000,500000,0,0,0,0,,R1決算書p28
2019,2,総務費,1,総務管理費,1,一般管理費,27,公課費,87000,84950,0,0,0,2050,,R1決算書p28
2019,2,総務費,1,総務管理費,2,文書広報費,1,報酬,231000,230500,0,0,0,500,,R1決算書p30
2019,2,総務費,1,総務管理費,2,文書広報費,7,賃金,225000,225000,0,0,0,0,,R1決算書p30
2019,2,総務費,1,総務管理費,2,文書広報費,11,需用費,2490000,2466553,0,0,0,23447,,R1決算書p30
2019,2,総務費,1,総務管理費,2,文書広報費,12,役務費,1742000,1740457,0,0,0,1543,,R1決算書p30
2019,2,総務費,1,総務管理費,2,文書広報費,13,委託料,1287000,1286200,0,0,0,800,,R1決算書p30
2019,2,総務費,1,総務管理費,2,文書広報費,14,使用料及び賃借料,26000,25500,0,0,0,500,,R1決算書p31
2019,2,総務費,1,総務管理費,2,文書広報費,15,工事請負費,783000,783000,0,0,0,0,,R1決算書p31
2019,2,総務費,1,総務管理費,3,財政管理費,11,需用費,54000,25172,0,0,0,28828,,R1決算書p31
2019,2,総務費,1,総務管理費,3,財政管理費,13,委託料,9053000,9042000,0,0,0,11000,,R1決算書p31
2019,2,総務費,1,総務管理費,5,財産管理費,11,需用費,7054000,5886202,0,0,0,1167798,,R1決算書p31
2019,2,総務費,1,総務管理費,5,財産管理費,12,役務費,1428000,1235129,0,0,0,192871,,R1決算書p31
2019,2,総務費,1,総務管理費,5,財産管理費,13,委託料,2148000,1745690,0,0,0,402310,,R1決算書p31
2019,2,総務費,1,総務管理費,5,財産管理費,14,使用料及び賃借料,435000,434781,0,0,0,219,,R1決算書p32
2019,2,総務費,1,総務管理費,5,財産管理費,15,工事請負費,39570000,5311066,0,34100000,0,158934,,R1決算書p32
2019,2,総務費,1,総務管理費,5,財産管理費,18,備品購入費,32000,32000,0,0,0,0,,R1決算書p32
2019,2,総務費,1,総務管理費,6,企画費,1,報酬,281000,149200,0,0,0,131800,,R1決算書p32
2019,2,総務費,1,総務管理費,6,企画費,4,共済費,1731000,1710340,0,0,0,20660,,R1決算書p32
2019,2,総務費,1,総務管理費,6,企画費,7,賃金,5343000,4916000,0,0,0,427000,,R1決算書p32
2019,2,総務費,1,総務管理費,6,企画費,8,報償費,650000,600000,0,0,0,50000,,R1決算書p32
2019,2,総務費,1,総務管理費,6,企画費,9,旅費,1819000,871360,0,0,0,947640,,R1決算書p33
2019,2,総務費,1,総務管理費,6,企画費,11,需用費,8133000,6306709,0,0,0,1826291,,R1決算書p33
2019,2,総務費,1,総務管理費,6,企画費,12,役務費,760000,419026,0,0,0,340974,,R1決算書p33
2019,2,総務費,1,総務管理費,6,企画費,13,委託料,22196000,19396660,0,0,0,2799340,,R1決算書p33
2019,2,総務費,1,総務管理費,6,企画費,14,使用料及び賃借料,2745000,2119516,0,0,0,625484,,R1決算書p33
2019,2,総務費,1,総務管理費,6,企画費,18,備品購入費,4856000,4762103,0,0,0,93897,,R1決算書p33
2019,2,総務費,1,総務管理費,6,企画費,19,負担金補助及び交付金,31900000,30567470,0,0,0,1332530,,R1決算書p33
2019,2,総務費,1,総務管理費,6,企画費,27,公課費,7000,6600,0,0,0,400,,R1決算書p33
2019,2,総務費,1,総務管理費,8,交通安全対策費,11,需用費,337000,333697,0,0,0,3303,,R1決算書p35
2019,2,総務費,1,総務管理費,8,交通安全対策費,12,役務費,26000,24908,0,0,0,1092,,R1決算書p35
2019,2,総務費,1,総務管理費,8,交通安全対策費,13,委託料,7553000,7344783,0,0,0,208217,,R1決算書p35
2019,2,総務費,1,総務管理費,8,交通安全対策費,15,工事請負費,1011000,1010400,0,0,0,600,,R1決算書p35
2019,2,総務費,1,総務管理費,8,交通安全対策費,16,原材料費,281000,280500,0,0,0,500,,R1決算書p35
2019,2,総務費,1,総務管理費,8,交通安全対策費,19,負担金補助及び交付金,604000,603200,0,0,0,800,,R1決算書p36
2019,2,総務費,1,総務管理費,9,電子計算費,11,需用費,50000,39641,0,0,0,10359,,R1決算書p36
2019,2,総務費,1,総務管理費,9,電子計算費,12,役務費,162000,156985,0,0,0,5015,,R1決算書p36
2019,2,総務費,1,総務管理費,9,電子計算費,13,委託料,7243000,6908233,0,0,0,334767,,R1決算書p36
2019,2,総務費,1,総務管理費,9,電子計算費,14,使用料及び賃借料,11808000,11801235,0,0,0,6765,,R1決算書p36
2019,2,総務費,1,総務管理費,9,電子計算費,19,負担金補助及び交付金,5057000,5054707,0,0,0,2293,,R1決算書p36
2019,2,総務費,1,総務管理費,10,ＣＡＴＶ事業費,11,需用費,230000,199015,0,0,0,30985,,R1決算書p37
2019,2,総務費,1,総務管理費,10,ＣＡＴＶ事業費,12,役務費,3944000,2817220,0,0,0,1126780,,R1決算書p37
2019,2,総務費,1,総務管理費,10,ＣＡＴＶ事業費,13,委託料,2597000,2579560,0,0,0,17440,,R1決算書p37
2019,2,総務費,1,総務管理費,10,ＣＡＴＶ事業費,14,使用料及び賃借料,2649000,2583119,0,0,0,65881,,R1決算書p37
2019,2,総務費,1,総務管理費,10,ＣＡＴＶ事業費,15,工事請負費,28605000,28407190,0,0,0,197810,,R1決算書p37
2019,2,総務費,1,総務管理費,10,ＣＡＴＶ事業費,19,負担金補助及び交付金,16516000,15081011,0,0,0,1434989,,R1決算書p37
2019,2,総務費,2,徴税費,1,税務総務費,2,給料,6420000,6419400,0,0,0,600,,R1決算書p38
2019,2,総務費,2,徴税費,1,税務総務費,3,職員手当等,4158000,4088748,0,0,0,69252,,R1決算書p38
2019,2,総務費,2,徴税費,1,税務総務費,4,共済費,2120000,2119197,0,0,0,803,,R1決算書p38
2019,2,総務費,2,徴税費,1,税務総務費,11,需用費,51000,49043,0,0,0,1957,,R1決算書p38
2019,2,総務費,2,徴税費,1,税務総務費,12,役務費,223000,181139,0,0,0,41861,,R1決算書p38
2019,2,総務費,2,徴税費,1,税務総務費,13,委託料,9109000,9105427,0,0,0,3573,,R1決算書p38
2019,2,総務費,2,徴税費,1,税務総務費,14,使用料及び賃借料,1896000,1892825,0,0,0,3175,,R1決算書p38
2019,2,総務費,2,徴税費,1,税務総務費,19,負担金補助及び交付金,117000,112401,0,0,0,4599,,R1決算書p38
2019,2,総務費,2,徴税費,2,賦課徴収費,11,需用費,890000,889941,0,0,0,59,,R1決算書p39
2019,2,総務費,2,徴税費,2,賦課徴収費,23,償還金利子及び割引料,336000,328492,0,0,0,7508,,R1決算書p39
2019,2,総務費,3,戸籍住民基本台帳費,1,戸籍住民基本台帳費,11,需用費,210000,190532,0,0,0,19468,,R1決算書p39
2019,2,総務費,3,戸籍住民基本台帳費,1,戸籍住民基本台帳費,12,役務費,22000,21875,0,0,0,125,,R1決算書p39
2019,2,総務費,3,戸籍住民基本台帳費,1,戸籍住民基本台帳費,13,委託料,4104000,4102746,0,0,0,1254,,R1決算書p39
2019,2,総務費,3,戸籍住民基本台帳費,1,戸籍住民基本台帳費,14,使用料及び賃借料,9693000,9692512,0,0,0,488,,R1決算書p39
2019,2,総務費,3,戸籍住民基本台帳費,1,戸籍住民基本台帳費,18,備品購入費,73000,69080,0,0,0,3920,,R1決算書p39
2019,2,総務費,3,戸籍住民基本台帳費,1,戸籍住民基本台帳費,19,負担金補助及び交付金,1221000,1220400,0,0,0,600,,R1決算書p39
2019,2,総務費,4,選挙費,1,選挙管理委員会費,1,報酬,136000,127900,0,0,0,8100,,R1決算書p40
2019,2,総務費,4,選挙費,1,選挙管理委員会費,11,需用費,5000,2420,0,0,0,2580,,R1決算書p40
2019,2,総務費,4,選挙費,1,選挙管理委員会費,19,負担金補助及び交付金,20000,17600,0,0,0,2400,,R1決算書p40
2019,2,総務費,4,選挙費,3,参議院議員選挙費,1,報酬,826000,819162,0,0,0,6838,,R1決算書p40
2019,2,総務費,4,選挙費,3,参議院議員選挙費,3,職員手当等,1097000,1095570,0,0,0,1430,,R1決算書p40
2019,2,総務費,4,選挙費,3,参議院議員選挙費,11,需用費,1417000,1408718,0,0,0,8282,,R1決算書p40
2019,2,総務費,4,選挙費,3,参議院議員選挙費,12,役務費,50000,37799,0,0,0,12201,,R1決算書p40
2019,2,総務費,4,選挙費,3,参議院議員選挙費,13,委託料,112000,111024,0,0,0,976,,R1決算書p40
2019,2,総務費,4,選挙費,3,参議院議員選挙費,14,使用料及び賃借料,70000,69120,0,0,0,880,,R1決算書p40
2019,2,総務費,4,選挙費,6,長野県議会議員選挙費,1,報酬,665000,608052,0,0,0,56948,,R1決算書p41
2019,2,総務費,4,選挙費,6,長野県議会議員選挙費,3,職員手当等,897000,847977,0,0,0,49023,,R1決算書p41
2019,2,総務費,4,選挙費,6,長野県議会議員選挙費,11,需用費,345000,336671,0,0,0,8329,,R1決算書p41
2019,2,総務費,4,選挙費,6,長野県議会議員選挙費,12,役務費,10000,10000,0,0,0,0,,R1決算書p41
2019,2,総務費,4,選挙費,7,村議会議員選挙費,1,報酬,676000,617840,0,0,0,58160,,R1決算書p41
2019,2,総務費,4,選挙費,7,村議会議員選挙費,3,職員手当等,927000,925488,0,0,0,1512,,R1決算書p41
2019,2,総務費,4,選挙費,7,村議会議員選挙費,11,需用費,964000,936916,0,0,0,27084,,R1決算書p41
2019,2,総務費,4,選挙費,7,村議会議員選挙費,12,役務費,185000,162170,0,0,0,22830,,R1決算書p41
2019,2,総務費,4,選挙費,7,村議会議員選挙費,13,委託料,112000,111024,0,0,0,976,,R1決算書p41
2019,2,総務費,5,統計調査費,2,指定統計調査費,1,報酬,442000,440320,0,0,0,1680,,R1決算書p41
2019,2,総務費,5,統計調査費,2,指定統計調査費,9,旅費,93000,79410,0,0,0,13590,,R1決算書p41
2019,2,総務費,5,統計調査費,2,指定統計調査費,11,需用費,162000,161614,0,0,0,386,,R1決算書p41
2019,2,総務費,5,統計調査費,2,指定統計調査費,12,役務費,21000,3864,0,0,0,17136,,R1決算書p41
2019,2,総務費,6,監査委員費,1,監査委員費,1,報酬,520000,520000,0,0,0,0,,R1決算書p42
2019,2,総務費,6,監査委員費,1,監査委員費,9,旅費,50000,46840,0,0,0,3160,,R1決算書p42
2019,2,総務費,6,監査委員費,1,監査委員費,19,負担金補助及び交付金,18000,9000,0,0,0,9000,,R1決算書p42
2019,2,総務費,7,国土調査費,1,地籍調査費,2,給料,6019000,6018900,0,0,0,100,,R1決算書p42
2019,2,総務費,7,国土調査費,1,地籍調査費,3,職員手当等,3039000,2879844,0,0,0,159156,,R1決算書p42
2019,2,総務費,7,国土調査費,1,地籍調査費,4,共済費,1981000,1897936,0,0,0,83064,,R1決算書p42
2019,2,総務費,7,国土調査費,1,地籍調査費,7,賃金,2810000,1810000,0,1000000,0,0,,R1決算書p42
2019,2,総務費,7,国土調査費,1,地籍調査費,11,需用費,1477000,609147,0,861000,0,6853,,R1決算書p42
2019,2,総務費,7,国土調査費,1,地籍調査費,12,役務費,26000,25358,0,0,0,642,,R1決算書p42
2019,2,総務費,7,国土調査費,1,地籍調査費,13,委託料,18171000,7786420,0,10376000,0,8580,,R1決算書p42
2019,2,総務費,7,国土調査費,1,地籍調査費,14,使用料及び賃借料,888000,878688,0,0,0,9312,,R1決算書p42
2019,2,総務費,7,国土調査費,1,地籍調査費,18,備品購入費,300000,0,0,300000,0,0,,R1決算書p42
2019,2,総務費,7,国土調査費,1,地籍調査費,19,負担金補助及び交付金,43000,43000,0,0,0,0,,R1決算書p42
2019,2,総務費,7,国土調査費,1,地籍調査費,22,補償補填及び賠償金,57000,0,0,57000,0,0,,R1決算書p42
2019,3,民生費,1,社会福祉費,1,社会福祉総務費,2,給料,7423000,7422900,0,0,0,100,,R1決算書p43
2019,3,民生費,1,社会福祉費,1,社会福祉総務費,3,職員手当等,3644000,3485694,0,0,0,158306,,R1決算書p43
2019,3,民生費,1,社会福祉費,1,社会福祉総務費,4,共済費,2365000,2291333,0,0,0,73667,,R1決算書p43
2019,3,民生費,1,社会福祉費,1,社会福祉総務費,7,賃金,4596000,4594600,0,0,0,1400,,R1決算書p43
2019,3,民生費,1,社会福祉費,1,社会福祉総務費,8,報償費,2041000,2039120,0,0,0,1880,,R1決算書p43
2019,3,民生費,1,社会福祉費,1,社会福祉総務費,9,旅費,25000,24000,0,0,0,1000,,R1決算書p43
2019,3,民生費,1,社会福祉費,1,社会福祉総務費,11,需用費,118000,112686,0,0,0,5314,,R1決算書p43
2019,3,民生費,1,社会福祉費,1,社会福祉総務費,12,役務費,55000,53764,0,0,0,1236,,R1決算書p43
2019,3,民生費,1,社会福祉費,1,社会福祉総務費,13,委託料,486000,484140,0,0,0,1860,,R1決算書p43
2019,3,民生費,1,社会福祉費,1,社会福祉総務費,14,使用料及び賃借料,1392000,1390056,0,0,0,1944,,R1決算書p43
2019,3,民生費,1,社会福祉費,1,社会福祉総務費,19,負担金補助及び交付金,23654000,19453118,0,0,0,4200882,,R1決算書p43
2019,3,民生費,1,社会福祉費,1,社会福祉総務費,20,扶助費,4951000,4904222,0,0,0,46778,,R1決算書p44
2019,3,民生費,1,社会福祉費,1,社会福祉総務費,21,貸付金,300000,0,0,0,0,300000,,R1決算書p44
2019,3,民生費,1,社会福祉費,1,社会福祉総務費,28,繰出金,11511000,11509192,0,0,0,1808,,R1決算書p44
2019,3,民生費,1,社会福祉費,2,老人福祉費,7,賃金,108000,107500,0,0,0,500,,R1決算書p46
2019,3,民生費,1,社会福祉費,2,老人福祉費,8,報償費,98000,95500,0,0,0,2500,,R1決算書p46
2019,3,民生費,1,社会福祉費,2,老人福祉費,11,需用費,261000,224515,0,0,0,36485,,R1決算書p46
2019,3,民生費,1,社会福祉費,2,老人福祉費,12,役務費,179000,165114,0,0,0,13886,,R1決算書p46
2019,3,民生費,1,社会福祉費,2,老人福祉費,13,委託料,310000,309710,0,0,0,290,,R1決算書p46
2019,3,民生費,1,社会福祉費,2,老人福祉費,18,備品購入費,495000,494220,0,0,0,780,,R1決算書p46
2019,3,民生費,1,社会福祉費,2,老人福祉費,19,負担金補助及び交付金,17045000,16478326,0,0,0,566674,,R1決算書p46
2019,3,民生費,1,社会福祉費,2,老人福祉費,20,扶助費,5504000,5454708,0,0,0,49292,,R1決算書p46
2019,3,民生費,1,社会福祉費,2,老人福祉費,27,公課費,7000,6600,0,0,0,400,,R1決算書p46
2019,3,民生費,1,社会福祉費,2,老人福祉費,28,繰出金,32885000,32787769,0,0,0,97231,,R1決算書p46
2019,3,民生費,1,社会福祉費,3,国民年金事務費,7,賃金,2550000,2530000,0,0,0,20000,,R1決算書p47
2019,3,民生費,1,社会福祉費,3,国民年金事務費,12,役務費,36000,36000,0,0,0,0,,R1決算書p47
2019,3,民生費,1,社会福祉費,3,国民年金事務費,13,委託料,110000,110000,0,0,0,0,,R1決算書p48
2019,3,民生費,1,社会福祉費,4,障害者福祉費,8,報償費,20000,19208,0,0,0,792,,R1決算書p48
2019,3,民生費,1,社会福祉費,4,障害者福祉費,11,需用費,3000,2607,0,0,0,393,,R1決算書p48
2019,3,民生費,1,社会福祉費,4,障害者福祉費,13,委託料,839000,838535,0,0,0,465,,R1決算書p48
2019,3,民生費,1,社会福祉費,4,障害者福祉費,19,負担金補助及び交付金,96000,96000,0,0,0,0,,R1決算書p48
2019,3,民生費,1,社会福祉費,4,障害者福祉費,20,扶助費,66733000,66489332,0,0,0,243668,,R1決算書p48
2019,3,民生費,1,社会福祉費,4,障害者福祉費,23,償還金利子及び割引料,732000,731589,0,0,0,411,,R1決算書p48
2019,3,民生費,1,社会福祉費,7,定住対策費,8,報償費,1685000,1625400,0,0,0,59600,,R1決算書p48
2019,3,民生費,1,社会福祉費,7,定住対策費,9,旅費,136000,80000,0,0,0,56000,,R1決算書p48
2019,3,民生費,1,社会福祉費,7,定住対策費,19,負担金補助及び交付金,5803000,5800500,0,0,0,2500,,R1決算書p48
2019,3,民生費,1,社会福祉費,10,老人福祉施設管理運営費,11,需用費,1016000,984420,0,0,0,31580,,R1決算書p49
2019,3,民生費,1,社会福祉費,10,老人福祉施設管理運営費,12,役務費,317000,316316,0,0,0,684,,R1決算書p49
2019,3,民生費,1,社会福祉費,10,老人福祉施設管理運営費,13,委託料,29560000,29541360,0,0,0,18640,,R1決算書p49
2019,3,民生費,1,社会福祉費,10,老人福祉施設管理運営費,14,使用料及び賃借料,334000,333965,0,0,0,35,,R1決算書p49
2019,3,民生費,1,社会福祉費,10,老人福祉施設管理運営費,18,備品購入費,22000,21210,0,0,0,790,,R1決算書p49
2019,3,民生費,1,社会福祉費,13,在宅介護支援センター運営費,7,賃金,830000,820494,0,0,0,9506,,R1決算書p49
2019,3,民生費,1,社会福祉費,13,在宅介護支援センター運営費,9,旅費,122000,121300,0,0,0,700,,R1決算書p49
2019,3,民生費,1,社会福祉費,13,在宅介護支援センター運営費,11,需用費,305000,304346,0,0,0,654,,R1決算書p49
2019,3,民生費,1,社会福祉費,13,在宅介護支援センター運営費,12,役務費,120000,101124,0,0,0,18876,,R1決算書p50
2019,3,民生費,1,社会福祉費,13,在宅介護支援センター運営費,13,委託料,20000,19440,0,0,0,560,,R1決算書p50
2019,3,民生費,1,社会福祉費,13,在宅介護支援センター運営費,14,使用料及び賃借料,330000,327000,0,0,0,3000,,R1決算書p50
2019,3,民生費,1,社会福祉費,13,在宅介護支援センター運営費,19,負担金補助及び交付金,70000,54860,0,0,0,15140,,R1決算書p50
2019,3,民生費,1,社会福祉費,14,授産施設一般管理費,2,給料,4636000,4635300,0,0,0,700,,R1決算書p50
2019,3,民生費,1,社会福祉費,14,授産施設一般管理費,3,職員手当等,2640000,2638834,0,0,0,1166,,R1決算書p50
2019,3,民生費,1,社会福祉費,14,授産施設一般管理費,4,共済費,1530000,1529230,0,0,0,770,,R1決算書p50
2019,3,民生費,1,社会福祉費,14,授産施設一般管理費,7,賃金,9372000,7845949,0,0,0,1526051,,R1決算書p50
2019,3,民生費,1,社会福祉費,14,授産施設一般管理費,9,旅費,12000,12000,0,0,0,0,,R1決算書p50
2019,3,民生費,1,社会福祉費,14,授産施設一般管理費,11,需用費,2049000,1965516,0,0,0,83484,,R1決算書p50
2019,3,民生費,1,社会福祉費,14,授産施設一般管理費,12,役務費,362000,343923,0,0,0,18077,,R1決算書p50
2019,3,民生費,1,社会福祉費,14,授産施設一般管理費,13,委託料,132660,130570,0,0,0,2090,,R1決算書p50
2019,3,民生費,1,社会福祉費,14,授産施設一般管理費,14,使用料及び賃借料,640040,639071,0,0,0,969,,R1決算書p50
2019,3,民生費,1,社会福祉費,14,授産施設一般管理費,19,負担金補助及び交付金,46300,45300,0,0,0,1000,,R1決算書p50
2019,3,民生費,1,社会福祉費,14,授産施設一般管理費,27,公課費,42000,41600,0,0,0,400,,R1決算書p50
2019,3,民生費,1,社会福祉費,15,授産施設業務費,7,賃金,4892000,4891245,0,0,0,755,,R1決算書p51
2019,3,民生費,1,社会福祉費,15,授産施設業務費,11,需用費,237000,235240,0,0,0,1760,,R1決算書p51
2019,3,民生費,1,社会福祉費,15,授産施設業務費,12,役務費,128000,127834,0,0,0,166,,R1決算書p51
2019,3,民生費,1,社会福祉費,15,授産施設業務費,13,委託料,180000,179800,0,0,0,200,,R1決算書p52
2019,3,民生費,1,社会福祉費,15,授産施設業務費,16,原材料費,485000,484876,0,0,0,124,,R1決算書p52
2019,3,民生費,2,児童福祉費,1,児童福祉総務費,12,役務費,5000,4990,0,0,0,10,,R1決算書p52
2019,3,民生費,2,児童福祉費,1,児童福祉総務費,13,委託料,1188000,1188000,0,0,0,0,,R1決算書p52
2019,3,民生費,2,児童福祉費,2,児童措置費,11,需用費,6000,5500,0,0,0,500,,R1決算書p52
2019,3,民生費,2,児童福祉費,2,児童措置費,19,負担金補助及び交付金,38000,38000,0,0,0,0,,R1決算書p52
2019,3,民生費,2,児童福祉費,2,児童措置費,20,扶助費,12132000,12064000,0,0,0,68000,,R1決算書p52
2019,3,民生費,2,児童福祉費,5,保育所費,2,給料,13779000,13089300,0,0,0,689700,,R1決算書p53
2019,3,民生費,2,児童福祉費,5,保育所費,3,職員手当等,6660000,6429174,0,0,0,230826,,R1決算書p53
2019,3,民生費,2,児童福祉費,5,保育所費,4,共済費,4286000,3833891,0,0,0,452109,,R1決算書p53
2019,3,民生費,2,児童福祉費,5,保育所費,7,賃金,5585000,5579873,0,0,0,5127,,R1決算書p53
2019,3,民生費,2,児童福祉費,5,保育所費,8,報償費,369000,368680,0,0,0,320,,R1決算書p53
2019,3,民生費,2,児童福祉費,5,保育所費,11,需用費,3385000,3335809,0,0,0,49191,,R1決算書p53
2019,3,民生費,2,児童福祉費,5,保育所費,12,役務費,247000,244142,0,0,0,2858,,R1決算書p53
2019,3,民生費,2,児童福祉費,5,保育所費,13,委託料,17449000,13835871,0,3597000,0,16129,,R1決算書p53
2019,3,民生費,2,児童福祉費,5,保育所費,14,使用料及び賃借料,491000,489120,0,0,0,1880,,R1決算書p53
2019,3,民生費,2,児童福祉費,5,保育所費,15,工事請負費,323600000,63585938,0,260000000,0,14062,,R1決算書p53
2019,3,民生費,2,児童福祉費,5,保育所費,18,備品購入費,2706000,501600,0,2200000,0,4400,,R1決算書p53
2019,3,民生費,2,児童福祉費,5,保育所費,19,負担金補助及び交付金,22000,21170,0,0,0,830,,R1決算書p53
2019,3,民生費,2,児童福祉費,5,保育所費,22,補償補填及び賠償金,66000,30491,0,0,0,35509,,R1決算書p53
2019,3,民生費,2,児童福祉費,7,児童クラブ運営費,12,役務費,37000,36800,0,0,0,200,,R1決算書p54
2019,3,民生費,2,児童福祉費,7,児童クラブ運営費,13,委託料,2636000,2636000,0,0,0,0,,R1決算書p54
2019,3,民生費,2,児童福祉費,7,児童クラブ運営費,19,負担金補助及び交付金,10000,10000,0,0,0,0,,R1決算書p54
2019,3,民生費,2,児童福祉費,8,通学合宿事業費,7,賃金,110000,105800,0,0,0,4200,,R1決算書p55
2019,3,民生費,2,児童福祉費,8,通学合宿事業費,8,報償費,178000,167575,0,0,0,10425,,R1決算書p55
2019,3,民生費,2,児童福祉費,8,通学合宿事業費,11,需用費,89000,82434,0,0,0,6566,,R1決算書p55
2019,6,農林水産業費,1,農業費,1,農業委員会費,1,報酬,2146000,2146000,0,0,0,0,,R1決算書p60
2019,6,農林水産業費,1,農業費,1,農業委員会費,7,賃金,670000,655300,0,0,0,14700,,R1決算書p61
2019,6,農林水産業費,1,農業費,1,農業委員会費,9,旅費,92000,91860,0,0,0,140,,R1決算書p61
2019,6,農林水産業費,1,農業費,1,農業委員会費,11,需用費,42000,41530,0,0,0,470,,R1決算書p61
2019,6,農林水産業費,1,農業費,1,農業委員会費,12,役務費,12000,11473,0,0,0,527,,R1決算書p61
2019,6,農林水産業費,1,農業費,1,農業委員会費,19,負担金補助及び交付金,127000,125850,0,0,0,1150,,R1決算書p61
2019,6,農林水産業費,1,農業費,2,農業総務費,2,給料,11604000,11603400,0,0,0,600,,R1決算書p61
2019,6,農林水産業費,1,農業費,2,農業総務費,3,職員手当等,5490000,5476185,0,0,0,13815,,R1決算書p61
2019,6,農林水産業費,1,農業費,2,農業総務費,4,共済費,3637000,3610252,0,0,0,26748,,R1決算書p61
2019,6,農林水産業費,1,農業費,2,農業総務費,11,需用費,139000,134686,0,0,0,4314,,R1決算書p61
2019,6,農林水産業費,1,農業費,2,農業総務費,19,負担金補助及び交付金,38000,38000,0,0,0,0,,R1決算書p61
2019,6,農林水産業費,1,農業費,3,農業振興費,7,賃金,915000,908200,0,0,0,6800,,R1決算書p62
2019,6,農林水産業費,1,農業費,3,農業振興費,8,報償費,2410000,2257000,0,0,0,153000,,R1決算書p62
2019,6,農林水産業費,1,農業費,3,農業振興費,11,需用費,1089000,1086624,0,0,0,2376,,R1決算書p62
2019,6,農林水産業費,1,農業費,3,農業振興費,12,役務費,16000,15728,0,0,0,272,,R1決算書p62
2019,6,農林水産業費,1,農業費,3,農業振興費,13,委託料,16080000,15720000,0,0,0,360000,,R1決算書p62
2019,6,農林水産業費,1,農業費,3,農業振興費,14,使用料及び賃借料,540000,539496,0,0,0,504,,R1決算書p62
2019,6,農林水産業費,1,農業費,3,農業振興費,15,工事請負費,122226000,122188000,0,0,0,38000,,R1決算書p62
2019,6,農林水産業費,1,農業費,3,農業振興費,18,備品購入費,1844000,1835913,0,0,0,8087,,R1決算書p62
2019,6,農林水産業費,1,農業費,3,農業振興費,19,負担金補助及び交付金,9265000,9056377,0,0,0,208623,,R1決算書p62
2019,6,農林水産業費,1,農業費,4,畜産業費,11,需用費,216000,200353,0,0,0,15647,,R1決算書p64
2019,6,農林水産業費,1,農業費,4,畜産業費,13,委託料,1100000,1060000,0,0,0,40000,,R1決算書p64
2019,6,農林水産業費,1,農業費,5,畜産振興費,11,需用費,45000,41080,0,0,0,3920,,R1決算書p64
2019,6,農林水産業費,1,農業費,5,畜産振興費,15,工事請負費,546000,540000,0,0,0,6000,,R1決算書p64
2019,6,農林水産業費,1,農業費,6,農地費,7,賃金,767000,767000,0,0,0,0,,R1決算書p64
2019,6,農林水産業費,1,農業費,6,農地費,14,使用料及び賃借料,260000,244520,0,0,0,15480,,R1決算書p64
2019,6,農林水産業費,1,農業費,6,農地費,15,工事請負費,1427000,1426200,0,0,0,800,,R1決算書p64
2019,6,農林水産業費,1,農業費,6,農地費,16,原材料費,1294000,1293837,0,0,0,163,,R1決算書p64
2019,6,農林水産業費,1,農業費,6,農地費,19,負担金補助及び交付金,5000,4200,0,0,0,800,,R1決算書p64
2019,6,農林水産業費,1,農業費,6,農地費,22,補償補填及び賠償金,21000,20615,0,0,0,385,,R1決算書p64
2019,6,農林水産業費,1,農業費,20,地域おこし協力隊事業,7,賃金,1500000,0,0,0,0,1500000,,R1決算書p65
2019,6,農林水産業費,1,農業費,20,地域おこし協力隊事業,9,旅費,6000,4170,0,0,0,1830,,R1決算書p65
2019,6,農林水産業費,1,農業費,20,地域おこし協力隊事業,11,需用費,208000,147777,0,0,0,60223,,R1決算書p65
2019,6,農林水産業費,1,農業費,20,地域おこし協力隊事業,12,役務費,20000,18320,0,0,0,1680,,R1決算書p65
2019,6,農林水産業費,1,農業費,20,地域おこし協力隊事業,14,使用料及び賃借料,569000,558544,0,0,0,10456,,R1決算書p65
2019,6,農林水産業費,1,農業費,21,日本型直接支払事業,7,賃金,316000,315600,0,0,0,400,,R1決算書p65
2019,6,農林水産業費,1,農業費,21,日本型直接支払事業,11,需用費,30000,16500,0,0,0,13500,,R1決算書p65
2019,6,農林水産業費,1,農業費,21,日本型直接支払事業,19,負担金補助及び交付金,4993000,4991721,0,0,0,1279,,R1決算書p65
2019,6,農林水産業費,2,林業費,1,林業総務費,1,報酬,12000,11700,0,0,0,300,,R1決算書p65
2019,6,農林水産業費,2,林業費,1,林業総務費,2,給料,3324000,3323100,0,0,0,900,,R1決算書p65
2019,6,農林水産業費,2,林業費,1,林業総務費,3,職員手当等,2077000,1988038,0,0,0,88962,,R1決算書p65
2019,6,農林水産業費,2,林業費,1,林業総務費,4,共済費,1077000,1077000,0,0,0,0,,R1決算書p65
2019,6,農林水産業費,2,林業費,1,林業総務費,19,負担金補助及び交付金,668000,666572,0,0,0,1428,,R1決算書p65
2019,6,農林水産業費,2,林業費,2,林業振興費,7,賃金,35000,34400,0,0,0,600,,R1決算書p66
2019,6,農林水産業費,2,林業費,2,林業振興費,8,報償費,6879000,6332650,0,0,0,546350,,R1決算書p66
2019,6,農林水産業費,2,林業費,2,林業振興費,11,需用費,1304000,1267249,0,0,0,36751,,R1決算書p66
2019,6,農林水産業費,2,林業費,2,林業振興費,12,役務費,177000,166439,0,0,0,10561,,R1決算書p66
2019,6,農林水産業費,2,林業費,2,林業振興費,13,委託料,3277000,3271400,0,0,0,5600,,R1決算書p66
2019,6,農林水産業費,2,林業費,2,林業振興費,17,公有財産購入費,157000,156195,0,0,0,805,,R1決算書p66
2019,6,農林水産業費,2,林業費,2,林業振興費,19,負担金補助及び交付金,301000,300100,0,0,0,900,,R1決算書p66
2019,6,農林水産業費,2,林業費,3,林道費,11,需用費,107000,106283,0,0,0,717,,R1決算書p67
2019,6,農林水産業費,2,林業費,3,林道費,12,役務費,31000,28328,0,0,0,2672,,R1決算書p67
2019,6,農林水産業費,2,林業費,3,林道費,13,委託料,4278000,4271937,0,0,0,6063,,R1決算書p67
2019,6,農林水産業費,2,林業費,3,林道費,15,工事請負費,73219000,64697538,0,7536000,0,985462,,R1決算書p67
2019,6,農林水産業費,2,林業費,4,造林費,15,工事請負費,12215000,12120314,0,0,0,94686,,R1決算書p67
2019,6,農林水産業費,2,林業費,4,造林費,19,負担金補助及び交付金,3620000,3412376,0,0,0,207624,,R1決算書p67
2019,6,農林水産業費,2,林業費,6,森林総合研究所受託事業費,13,委託料,33000,32400,0,0,0,600,,R1決算書p68
2019,6,農林水産業費,2,林業費,10,森林環境譲与税活用費,15,工事請負費,3402000,3388000,0,0,0,14000,,R1決算書p68
2019,6,農林水産業費,2,林業費,10,森林環境譲与税活用費,18,備品購入費,1360000,1359320,0,0,0,680,,R1決算書p68
2019,7,商工費,1,商工費,1,商工総務費,2,給料,3235000,3234900,0,0,0,100,,R1決算書p68
2019,7,商工費,1,商工費,1,商工総務費,3,職員手当等,1685000,1604165,0,0,0,80835,,R1決算書p68
2019,7,商工費,1,商工費,1,商工総務費,4,共済費,1064000,1028928,0,0,0,35072,,R1決算書p68
2019,7,商工費,1,商工費,1,商工総務費,19,負担金補助及び交付金,836000,835800,0,0,0,200,,R1決算書p68
2019,7,商工費,1,商工費,2,商工振興費,11,需用費,115000,114748,0,0,0,252,,R1決算書p69
2019,7,商工費,1,商工費,2,商工振興費,12,役務費,20000,19134,0,0,0,866,,R1決算書p69
2019,7,商工費,1,商工費,2,商工振興費,13,委託料,2015000,2014980,0,0,0,20,,R1決算書p69
2019,7,商工費,1,商工費,2,商工振興費,14,使用料及び賃借料,212000,211824,0,0,0,176,,R1決算書p69
2019,7,商工費,1,商工費,2,商工振興費,19,負担金補助及び交付金,11375000,11374344,0,0,0,656,,R1決算書p69
2019,7,商工費,1,商工費,2,商工振興費,22,補償補填及び賠償金,326000,325492,0,0,0,508,,R1決算書p69
2019,7,商工費,1,商工費,3,観光費,7,賃金,478000,477700,0,0,0,300,,R1決算書p69
2019,7,商工費,1,商工費,3,観光費,9,旅費,340000,339048,0,0,0,952,,R1決算書p69
2019,7,商工費,1,商工費,3,観光費,11,需用費,12294000,11984923,0,0,0,309077,,R1決算書p69
2019,7,商工費,1,商工費,3,観光費,12,役務費,921000,919047,0,0,0,1953,,R1決算書p69
2019,7,商工費,1,商工費,3,観光費,13,委託料,3705000,3398144,0,0,0,306856,,R1決算書p69
2019,7,商工費,1,商工費,3,観光費,14,使用料及び賃借料,1119000,1115688,0,0,0,3312,,R1決算書p69
2019,7,商工費,1,商工費,3,観光費,15,工事請負費,4400000,4083610,0,0,0,316390,,R1決算書p69
2019,7,商工費,1,商工費,3,観光費,18,備品購入費,720000,719064,0,0,0,936,,R1決算書p69
2019,7,商工費,1,商工費,3,観光費,19,負担金補助及び交付金,5908000,5745744,0,0,0,162256,,R1決算書p69
2019,7,商工費,1,商工費,4,地域おこし協力隊事業,7,賃金,4800000,4800000,0,0,0,0,,R1決算書p71
2019,7,商工費,1,商工費,4,地域おこし協力隊事業,9,旅費,65000,64267,0,0,0,733,,R1決算書p71
2019,7,商工費,1,商工費,4,地域おこし協力隊事業,11,需用費,606000,604664,0,0,0,1336,,R1決算書p71
2019,7,商工費,1,商工費,4,地域おこし協力隊事業,12,役務費,103000,101981,0,0,0,1019,,R1決算書p71
2019,7,商工費,1,商工費,4,地域おこし協力隊事業,14,使用料及び賃借料,1391000,1389980,0,0,0,1020,,R1決算書p71
2019,7,商工費,1,商工費,4,地域おこし協力隊事業,19,負担金補助及び交付金,4000,4000,0,0,0,0,,R1決算書p71
2019,7,商工費,1,商工費,4,地域おこし協力隊事業,27,公課費,7000,6600,0,0,0,400,,R1決算書p71
2019,10,教育費,1,教育総務費,1,教育委員会費,1,報酬,820000,788000,0,0,0,32000,,R1決算書p79
2019,10,教育費,1,教育総務費,1,教育委員会費,19,負担金補助及び交付金,211000,206750,0,0,0,4250,,R1決算書p79
2019,10,教育費,1,教育総務費,2,事務局費,2,給料,12631000,11652800,0,0,0,978200,,R1決算書p79
2019,10,教育費,1,教育総務費,2,事務局費,3,職員手当等,6820000,5788342,0,0,0,1031658,,R1決算書p79
2019,10,教育費,1,教育総務費,2,事務局費,4,共済費,4152000,3616612,0,0,0,535388,,R1決算書p79
2019,10,教育費,1,教育総務費,2,事務局費,7,賃金,28000,25300,0,0,0,2700,,R1決算書p79
2019,10,教育費,1,教育総務費,2,事務局費,11,需用費,1082000,1022693,0,0,0,59307,,R1決算書p79
2019,10,教育費,1,教育総務費,2,事務局費,12,役務費,68000,64079,0,0,0,3921,,R1決算書p79
2019,10,教育費,1,教育総務費,2,事務局費,13,委託料,270000,256219,0,0,0,13781,,R1決算書p79
2019,10,教育費,1,教育総務費,2,事務局費,14,使用料及び賃借料,2745000,2645976,0,0,0,99024,,R1決算書p79
2019,10,教育費,1,教育総務費,2,事務局費,18,備品購入費,16000,15950,0,0,0,50,,R1決算書p80
2019,10,教育費,1,教育総務費,2,事務局費,19,負担金補助及び交付金,193000,189612,0,0,0,3388,,R1決算書p80
2019,10,教育費,1,教育総務費,4,文化財保存費,7,賃金,1049000,971539,0,0,0,77461,,R1決算書p80
2019,10,教育費,1,教育総務費,4,文化財保存費,8,報償費,10000,10000,0,0,0,0,,R1決算書p80
2019,10,教育費,1,教育総務費,4,文化財保存費,11,需用費,1091000,1083187,0,0,0,7813,,R1決算書p81
2019,10,教育費,1,教育総務費,4,文化財保存費,12,役務費,254000,250110,0,0,0,3890,,R1決算書p81
2019,10,教育費,1,教育総務費,4,文化財保存費,13,委託料,1155000,1148120,0,0,0,6880,,R1決算書p81
2019,10,教育費,1,教育総務費,4,文化財保存費,15,工事請負費,1410000,1151468,0,0,0,258532,,R1決算書p81
2019,10,教育費,1,教育総務費,4,文化財保存費,19,負担金補助及び交付金,2016000,2015960,0,0,0,40,,R1決算書p81
2019,10,教育費,1,教育総務費,6,文化施設費,7,賃金,2957000,2854855,0,0,0,102145,,R1決算書p82
2019,10,教育費,1,教育総務費,6,文化施設費,8,報償費,80000,80000,0,0,0,0,,R1決算書p82
2019,10,教育費,1,教育総務費,6,文化施設費,9,旅費,151000,150320,0,0,0,680,,R1決算書p82
2019,10,教育費,1,教育総務費,6,文化施設費,11,需用費,2515000,2332458,0,0,0,182542,,R1決算書p82
2019,10,教育費,1,教育総務費,6,文化施設費,12,役務費,508000,505692,0,0,0,2308,,R1決算書p82
2019,10,教育費,1,教育総務費,6,文化施設費,13,委託料,4292000,4285105,0,0,0,6895,,R1決算書p82
2019,10,教育費,1,教育総務費,6,文化施設費,14,使用料及び賃借料,100000,99189,0,0,0,811,,R1決算書p82
2019,10,教育費,1,教育総務費,6,文化施設費,15,工事請負費,3564000,3564000,0,0,0,0,,R1決算書p82
2019,10,教育費,1,教育総務費,6,文化施設費,18,備品購入費,616000,601394,0,0,0,14606,,R1決算書p82
2019,10,教育費,1,教育総務費,6,文化施設費,19,負担金補助及び交付金,213000,204900,0,0,0,8100,,R1決算書p82
2019,10,教育費,2,小学校費,1,学校管理費,7,賃金,8281000,7847475,0,0,0,433525,,R1決算書p83
2019,10,教育費,2,小学校費,1,学校管理費,8,報償費,376000,375300,0,0,0,700,,R1決算書p83
2019,10,教育費,2,小学校費,1,学校管理費,9,旅費,950,0,0,0,0,950,,R1決算書p83
2019,10,教育費,2,小学校費,1,学校管理費,11,需用費,6295000,5989422,0,0,0,305578,,R1決算書p83
2019,10,教育費,2,小学校費,1,学校管理費,12,役務費,822574,777756,0,0,0,44818,,R1決算書p83
2019,10,教育費,2,小学校費,1,学校管理費,13,委託料,3806476,3738146,0,0,0,68330,,R1決算書p83
2019,10,教育費,2,小学校費,1,学校管理費,14,使用料及び賃借料,872000,787052,0,0,0,84948,,R1決算書p83
2019,10,教育費,2,小学校費,1,学校管理費,15,工事請負費,35485000,35420600,0,0,0,64400,,R1決算書p83
2019,10,教育費,2,小学校費,1,学校管理費,16,原材料費,1000,50,0,0,0,950,,R1決算書p84
2019,10,教育費,2,小学校費,1,学校管理費,19,負担金補助及び交付金,111000,106140,0,0,0,4860,,R1決算書p84
2019,10,教育費,2,小学校費,1,学校管理費,27,公課費,41000,41000,0,0,0,0,,R1決算書p84
2019,10,教育費,2,小学校費,2,教育振興費,8,報償費,795000,580235,0,0,0,214765,,R1決算書p86
2019,10,教育費,2,小学校費,2,教育振興費,11,需用費,1370000,1283371,0,0,0,86629,,R1決算書p86
2019,10,教育費,2,小学校費,2,教育振興費,12,役務費,122000,110254,0,0,0,11746,,R1決算書p86
2019,10,教育費,2,小学校費,2,教育振興費,18,備品購入費,176000,170046,0,0,0,5954,,R1決算書p86
2019,10,教育費,2,小学校費,2,教育振興費,20,扶助費,250000,239530,0,0,0,10470,,R1決算書p86
2019,10,教育費,3,中学校費,1,学校管理費,7,賃金,217000,199700,0,0,0,17300,,R1決算書p86
2019,10,教育費,3,中学校費,1,学校管理費,8,報償費,366000,365300,0,0,0,700,,R1決算書p86
2019,10,教育費,3,中学校費,1,学校管理費,9,旅費,11000,10500,0,0,0,500,,R1決算書p86
2019,10,教育費,3,中学校費,1,学校管理費,11,需用費,4965000,4945705,0,0,0,19295,,R1決算書p86
2019,10,教育費,3,中学校費,1,学校管理費,12,役務費,480000,476429,0,0,0,3571,,R1決算書p86
2019,10,教育費,3,中学校費,1,学校管理費,13,委託料,7177000,7148464,0,0,0,28536,,R1決算書p86
2019,10,教育費,3,中学校費,1,学校管理費,14,使用料及び賃借料,1344000,1333964,0,0,0,10036,,R1決算書p86
2019,10,教育費,3,中学校費,1,学校管理費,15,工事請負費,30035000,29997200,0,0,0,37800,,R1決算書p86
2019,10,教育費,3,中学校費,1,学校管理費,16,原材料費,1000,798,0,0,0,202,,R1決算書p86
2019,10,教育費,3,中学校費,1,学校管理費,18,備品購入費,30000,29992,0,0,0,8,,R1決算書p87
2019,10,教育費,3,中学校費,1,学校管理費,19,負担金補助及び交付金,97000,96455,0,0,0,545,,R1決算書p87
2019,10,教育費,3,中学校費,2,教育振興費,8,報償費,121000,120156,0,0,0,844,,R1決算書p88
2019,10,教育費,3,中学校費,2,教育振興費,11,需用費,1160000,1157551,0,0,0,2449,,R1決算書p88
2019,10,教育費,3,中学校費,2,教育振興費,12,役務費,86000,85148,0,0,0,852,,R1決算書p88
2019,10,教育費,3,中学校費,2,教育振興費,18,備品購入費,326000,325644,0,0,0,356,,R1決算書p88
2019,10,教育費,3,中学校費,2,教育振興費,20,扶助費,351000,330440,0,0,0,20560,,R1決算書p88
2019,10,教育費,4,社会教育費,1,社会教育総務費,2,給料,3119000,3054900,0,0,0,64100,,R1決算書p89
2019,10,教育費,4,社会教育費,1,社会教育総務費,3,職員手当等,2428000,2353650,0,0,0,74350,,R1決算書p89
2019,10,教育費,4,社会教育費,1,社会教育総務費,4,共済費,1057000,989445,0,0,0,67555,,R1決算書p89
2019,10,教育費,4,社会教育費,1,社会教育総務費,7,賃金,67000,64600,0,0,0,2400,,R1決算書p89
2019,10,教育費,4,社会教育費,1,社会教育総務費,9,旅費,2000,1860,0,0,0,140,,R1決算書p89
2019,10,教育費,4,社会教育費,1,社会教育総務費,19,負担金補助及び交付金,2000,2000,0,0,0,0,,R1決算書p89
2019,10,教育費,4,社会教育費,2,公民館費,1,報酬,828000,828000,0,0,0,0,,R1決算書p89
2019,10,教育費,4,社会教育費,2,公民館費,7,賃金,911000,901360,0,0,0,9640,,R1決算書p89
2019,10,教育費,4,社会教育費,2,公民館費,8,報償費,476000,449921,0,0,0,26079,,R1決算書p89
2019,10,教育費,4,社会教育費,2,公民館費,9,旅費,44000,40240,0,0,0,3760,,R1決算書p89
2019,10,教育費,4,社会教育費,2,公民館費,11,需用費,4692000,4501442,0,0,0,190558,,R1決算書p90
2019,10,教育費,4,社会教育費,2,公民館費,12,役務費,837000,805471,0,0,0,31529,,R1決算書p90
2019,10,教育費,4,社会教育費,2,公民館費,13,委託料,2105000,2005930,0,0,0,99070,,R1決算書p90
2019,10,教育費,4,社会教育費,2,公民館費,14,使用料及び賃借料,340000,306690,0,0,0,33310,,R1決算書p90
2019,10,教育費,4,社会教育費,2,公民館費,15,工事請負費,120000,120000,0,0,0,0,,R1決算書p90
2019,10,教育費,4,社会教育費,2,公民館費,18,備品購入費,114000,107984,0,0,0,6016,,R1決算書p90
2019,10,教育費,4,社会教育費,2,公民館費,19,負担金補助及び交付金,286000,282600,0,0,0,3400,,R1決算書p90
2019,10,教育費,5,保健体育費,1,保健体育総務費,7,賃金,54000,48800,0,0,0,5200,,R1決算書p91
2019,10,教育費,5,保健体育費,1,保健体育総務費,11,需用費,503000,472432,0,0,0,30568,,R1決算書p91
2019,10,教育費,5,保健体育費,1,保健体育総務費,12,役務費,13000,12950,0,0,0,50,,R1決算書p91
2019,10,教育費,5,保健体育費,1,保健体育総務費,19,負担金補助及び交付金,222000,221420,0,0,0,580,,R1決算書p91
2019,10,教育費,5,保健体育費,2,学校給食運営費,7,賃金,4613000,4567000,0,0,0,46000,,R1決算書p91
2019,10,教育費,5,保健体育費,2,学校給食運営費,11,需用費,2011000,1980470,0,0,0,30530,,R1決算書p91
2019,10,教育費,5,保健体育費,2,学校給食運営費,12,役務費,301000,296008,0,0,0,4992,,R1決算書p91
2019,10,教育費,5,保健体育費,2,学校給食運営費,13,委託料,215000,207220,0,0,0,7780,,R1決算書p92
2019,10,教育費,5,保健体育費,2,学校給食運営費,14,使用料及び賃借料,114000,112488,0,0,0,1512,,R1決算書p92
2019,10,教育費,5,保健体育費,2,学校給食運営費,18,備品購入費,1452000,1382560,0,0,0,69440,,R1決算書p92
2019,10,教育費,5,保健体育費,2,学校給食運営費,19,負担金補助及び交付金,1691000,1690250,0,0,0,750,,R1決算書p92
2019,10,教育費,5,保健体育費,2,学校給食運営費,27,公課費,7000,6600,0,0,0,400,,R1決算書p92
2019,10,教育費,5,保健体育費,4,体育施設管理費,7,賃金,4000,3600,0,0,0,400,,R1決算書p93
2019,10,教育費,5,保健体育費,4,体育施設管理費,8,報償費,400000,400000,0,0,0,0,,R1決算書p93
2019,10,教育費,5,保健体育費,4,体育施設管理費,11,需用費,294000,277575,0,0,0,16425,,R1決算書p93
2019,10,教育費,5,保健体育費,4,体育施設管理費,12,役務費,272000,272000,0,0,0,0,,R1決算書p93
2019,10,教育費,5,保健体育費,4,体育施設管理費,13,委託料,18622000,7150000,0,3300000,0,8172000,,R1決算書p93
2019,10,教育費,5,保健体育費,4,体育施設管理費,15,工事請負費,277906000,0,0,276760000,0,1146000,,R1決算書p93
2019,12,公債費,1,公債費,1,元金,23,償還金利子及び割引料,150248000,149775392,0,0,0,472608,,R1決算書p94
2019,12,公債費,1,公債費,2,利子,23,償還金利子及び割引料,5620000,4027033,0,0,0,1592967,,R1決算書p95
2019,13,諸支出金,1,基金費,1,財政調整基金費,25,積立金,1452000,1087051,0,0,0,364949,,R1決算書p95
2019,13,諸支出金,1,基金費,2,減債基金費,25,積立金,1504000,1503288,0,0,0,712,,R1決算書p95
2019,13,諸支出金,1,基金費,3,公共施設等整備基金費,25,積立金,43826000,43825856,0,0,0,144,,R1決算書p95
2019,13,諸支出金,1,基金費,4,文教施設整備基金費,25,積立金,42000,41899,0,0,0,101,,R1決算書p95
2019,13,諸支出金,1,基金費,5,ふるさとづくり基金費,25,積立金,4593000,4592806,0,0,0,194,,R1決算書p95
2019,13,諸支出金,1,基金費,6,高齢者福祉基金費,25,積立金,55000,54434,0,0,0,566,,R1決算書p95
2019,13,諸支出金,1,基金費,13,奨学資金貸付基金,25,積立金,50000,50000,0,0,0,0,,R1決算書p95
2020,2,総務費,1,総務管理費,1,一般管理費,1,報酬,522000,510200,0,0,0,11800,,R2決算書p27
2020,2,総務費,1,総務管理費,1,一般管理費,2,給料,48838000,46390799,0,0,0,2447201,,R2決算書p28
2020,2,総務費,1,総務管理費,1,一般管理費,3,職員手当等,56173000,52480984,0,0,0,3692016,,R2決算書p28
2020,2,総務費,1,総務管理費,1,一般管理費,4,共済費,30390000,22399191,0,0,0,7990809,,R2決算書p28
2020,2,総務費,1,総務管理費,1,一般管理費,7,報償費,70000,69650,0,0,0,350,,R2決算書p28
2020,2,総務費,1,総務管理費,1,一般管理費,8,旅費,100000,62940,0,0,0,37060,,R2決算書p28
2020,2,総務費,1,総務管理費,1,一般管理費,9,交際費,270000,249000,0,0,0,21000,,R2決算書p28
2020,2,総務費,1,総務管理費,1,一般管理費,10,需用費,7087000,6818281,0,0,0,268719,,R2決算書p28
2020,2,総務費,1,総務管理費,1,一般管理費,11,役務費,768000,673900,0,0,0,94100,,R2決算書p28
2020,2,総務費,1,総務管理費,1,一般管理費,12,委託料,2677000,2527696,0,0,0,149304,,R2決算書p28
2020,2,総務費,1,総務管理費,1,一般管理費,13,使用料及び賃借料,3038000,2769153,0,0,0,268847,,R2決算書p28
2020,2,総務費,1,総務管理費,1,一般管理費,18,負担金補助及び交付金,101701000,101528996,0,0,0,172004,,R2決算書p28
2020,2,総務費,1,総務管理費,1,一般管理費,26,公課費,49000,48700,0,0,0,300,,R2決算書p28
2020,2,総務費,1,総務管理費,2,文書広報費,1,報酬,247000,228750,0,0,0,18250,,R2決算書p30
2020,2,総務費,1,総務管理費,2,文書広報費,10,需用費,2512000,2478929,0,0,0,33071,,R2決算書p30
2020,2,総務費,1,総務管理費,2,文書広報費,11,役務費,1804000,1734302,0,0,0,69698,,R2決算書p30
2020,2,総務費,1,総務管理費,2,文書広報費,12,委託料,1369000,1368875,0,0,0,125,,R2決算書p30
2020,2,総務費,1,総務管理費,2,文書広報費,14,工事請負費,47157000,47074500,0,0,0,82500,,R2決算書p30
2020,2,総務費,1,総務管理費,3,財政管理費,10,需用費,58000,30030,0,0,0,27970,,R2決算書p31
2020,2,総務費,1,総務管理費,3,財政管理費,12,委託料,10186000,10186000,0,0,0,0,,R2決算書p31
2020,2,総務費,1,総務管理費,5,財産管理費,10,需用費,5570000,5418331,0,0,0,151669,,R2決算書p31
2020,2,総務費,1,総務管理費,5,財産管理費,11,役務費,1292000,1227355,0,0,0,64645,,R2決算書p31
2020,2,総務費,1,総務管理費,5,財産管理費,12,委託料,926000,911265,0,0,0,14735,,R2決算書p31
2020,2,総務費,1,総務管理費,5,財産管理費,13,使用料及び賃借料,968000,959210,0,0,0,8790,,R2決算書p31
2020,2,総務費,1,総務管理費,5,財産管理費,14,工事請負費,43976000,43410730,0,0,0,565270,,R2決算書p31
2020,2,総務費,1,総務管理費,6,企画費,1,報酬,5496000,5412400,0,0,0,83600,,R2決算書p32
2020,2,総務費,1,総務管理費,6,企画費,4,共済費,994000,905928,0,0,0,88072,,R2決算書p32
2020,2,総務費,1,総務管理費,6,企画費,8,旅費,26000,26000,0,0,0,0,,R2決算書p32
2020,2,総務費,1,総務管理費,6,企画費,10,需用費,4589000,2369576,0,0,0,2219424,,R2決算書p32
2020,2,総務費,1,総務管理費,6,企画費,11,役務費,139000,37830,0,0,0,101170,,R2決算書p32
2020,2,総務費,1,総務管理費,6,企画費,12,委託料,3019000,147400,0,2871000,0,600,,R2決算書p32
2020,2,総務費,1,総務管理費,6,企画費,13,使用料及び賃借料,1636000,1525074,0,0,0,110926,,R2決算書p32
2020,2,総務費,1,総務管理費,6,企画費,14,工事請負費,26455000,7800000,0,18655000,0,0,,R2決算書p32
2020,2,総務費,1,総務管理費,6,企画費,15,原材料費,80000,79600,0,0,0,400,,R2決算書p32
2020,2,総務費,1,総務管理費,6,企画費,17,備品購入費,2851000,2723820,0,0,0,127180,,R2決算書p32
2020,2,総務費,1,総務管理費,6,企画費,18,負担金補助及び交付金,29219000,28493944,0,0,0,725056,,R2決算書p32
2020,2,総務費,1,総務管理費,8,交通安全対策費,10,需用費,754516,752819,0,0,0,1697,,R2決算書p34
2020,2,総務費,1,総務管理費,8,交通安全対策費,11,役務費,49000,47560,0,0,0,1440,,R2決算書p34
2020,2,総務費,1,総務管理費,8,交通安全対策費,12,委託料,11093984,4112690,0,6700000,0,281294,,R2決算書p34
2020,2,総務費,1,総務管理費,8,交通安全対策費,14,工事請負費,2602000,2593800,0,0,0,8200,,R2決算書p34
2020,2,総務費,1,総務管理費,8,交通安全対策費,15,原材料費,2007500,2007357,0,0,0,143,,R2決算書p34
2020,2,総務費,1,総務管理費,8,交通安全対策費,18,負担金補助及び交付金,548000,542300,0,0,0,5700,,R2決算書p34
2020,2,総務費,1,総務管理費,8,交通安全対策費,26,公課費,7000,6600,0,0,0,400,,R2決算書p34
2020,2,総務費,1,総務管理費,9,電子計算費,7,報償費,200000,88000,0,0,0,112000,,R2決算書p35
2020,2,総務費,1,総務管理費,9,電子計算費,10,需用費,303000,107375,0,0,0,195625,,R2決算書p35
2020,2,総務費,1,総務管理費,9,電子計算費,11,役務費,1444000,1443128,0,0,0,872,,R2決算書p35
2020,2,総務費,1,総務管理費,9,電子計算費,12,委託料,6498000,4352150,0,0,0,2145850,,R2決算書p35
2020,2,総務費,1,総務管理費,9,電子計算費,13,使用料及び賃借料,12175000,11767873,0,0,0,407127,,R2決算書p35
2020,2,総務費,1,総務管理費,9,電子計算費,17,備品購入費,3166000,3003000,0,0,0,163000,,R2決算書p35
2020,2,総務費,1,総務管理費,9,電子計算費,18,負担金補助及び交付金,5689000,5685880,0,0,0,3120,,R2決算書p36
2020,2,総務費,1,総務管理費,10,ＣＡＴＶ事業費,10,需用費,35000,32771,0,0,0,2229,,R2決算書p36
2020,2,総務費,1,総務管理費,10,ＣＡＴＶ事業費,11,役務費,2622000,2134425,0,0,0,487575,,R2決算書p36
2020,2,総務費,1,総務管理費,10,ＣＡＴＶ事業費,12,委託料,36799000,36720938,0,0,0,78062,,R2決算書p36
2020,2,総務費,1,総務管理費,10,ＣＡＴＶ事業費,14,工事請負費,6291000,2497770,0,0,0,3793230,,R2決算書p36
2020,2,総務費,1,総務管理費,10,ＣＡＴＶ事業費,18,負担金補助及び交付金,18438000,13968743,0,0,0,4469257,,R2決算書p36
2020,2,総務費,2,徴税費,1,税務総務費,2,給料,6108000,6107400,0,0,0,600,,R2決算書p37
2020,2,総務費,2,徴税費,1,税務総務費,3,職員手当等,3512000,3447700,0,0,0,64300,,R2決算書p37
2020,2,総務費,2,徴税費,1,税務総務費,4,共済費,1980000,1979200,0,0,0,800,,R2決算書p37
2020,2,総務費,2,徴税費,1,税務総務費,10,需用費,56000,54663,0,0,0,1337,,R2決算書p37
2020,2,総務費,2,徴税費,1,税務総務費,11,役務費,188000,187226,0,0,0,774,,R2決算書p37
2020,2,総務費,2,徴税費,1,税務総務費,12,委託料,6695000,6668667,0,0,0,26333,,R2決算書p37
2020,2,総務費,2,徴税費,1,税務総務費,13,使用料及び賃借料,1840000,1839280,0,0,0,720,,R2決算書p37
2020,2,総務費,2,徴税費,1,税務総務費,18,負担金補助及び交付金,115000,112345,0,0,0,2655,,R2決算書p37
2020,2,総務費,2,徴税費,2,賦課徴収費,10,需用費,691000,690360,0,0,0,640,,R2決算書p38
2020,2,総務費,2,徴税費,2,賦課徴収費,22,償還金利子及び割引料,233000,232894,0,0,0,106,,R2決算書p38
2020,2,総務費,3,戸籍住民基本台帳費,1,戸籍住民基本台帳費,10,需用費,66000,65081,0,0,0,919,,R2決算書p38
2020,2,総務費,3,戸籍住民基本台帳費,1,戸籍住民基本台帳費,11,役務費,30000,29618,0,0,0,382,,R2決算書p38
2020,2,総務費,3,戸籍住民基本台帳費,1,戸籍住民基本台帳費,12,委託料,18505000,16312120,0,2189000,0,3880,,R2決算書p38
2020,2,総務費,3,戸籍住民基本台帳費,1,戸籍住民基本台帳費,13,使用料及び賃借料,6716000,6715500,0,0,0,500,,R2決算書p38
2020,2,総務費,3,戸籍住民基本台帳費,1,戸籍住民基本台帳費,18,負担金補助及び交付金,1620000,1596800,0,0,0,23200,,R2決算書p39
2020,2,総務費,4,選挙費,1,選挙管理委員会費,1,報酬,86000,84700,0,0,0,1300,,R2決算書p39
2020,2,総務費,4,選挙費,1,選挙管理委員会費,18,負担金補助及び交付金,5000,5000,0,0,0,0,,R2決算書p39
2020,2,総務費,4,選挙費,4,村長選挙費,1,報酬,147000,116100,0,0,0,30900,,R2決算書p39
2020,2,総務費,4,選挙費,4,村長選挙費,10,需用費,1803000,1635836,0,0,0,167164,,R2決算書p39
2020,2,総務費,4,選挙費,4,村長選挙費,11,役務費,48000,46662,0,0,0,1338,,R2決算書p39
2020,2,総務費,4,選挙費,4,村長選挙費,12,委託料,121000,113080,0,0,0,7920,,R2決算書p39
2020,2,総務費,4,選挙費,7,村議会議員選挙費,10,需用費,459000,415330,0,0,0,43670,,R2決算書p40
2020,2,総務費,5,統計調査費,2,指定統計調査費,1,報酬,927000,919730,0,0,0,7270,,R2決算書p40
2020,2,総務費,5,統計調査費,2,指定統計調査費,8,旅費,47000,11280,0,0,0,35720,,R2決算書p40
2020,2,総務費,5,統計調査費,2,指定統計調査費,10,需用費,624000,492465,0,0,0,131535,,R2決算書p40
2020,2,総務費,5,統計調査費,2,指定統計調査費,11,役務費,29000,7040,0,0,0,21960,,R2決算書p40
2020,2,総務費,5,統計調査費,2,指定統計調査費,13,使用料及び賃借料,206000,151800,0,0,0,54200,,R2決算書p40
2020,2,総務費,6,監査委員費,1,監査委員費,1,報酬,520000,479645,0,0,0,40355,,R2決算書p40
2020,2,総務費,6,監査委員費,1,監査委員費,10,需用費,5000,4840,0,0,0,160,,R2決算書p40
2020,2,総務費,6,監査委員費,1,監査委員費,18,負担金補助及び交付金,9000,7000,0,0,0,2000,,R2決算書p40
2020,2,総務費,7,国土調査費,1,地籍調査費,1,報酬,2080000,1830000,0,0,0,250000,,R2決算書p40
2020,2,総務費,7,国土調査費,1,地籍調査費,2,給料,6209000,6208200,0,0,0,800,,R2決算書p40
2020,2,総務費,7,国土調査費,1,地籍調査費,3,職員手当等,3418000,3292383,0,0,0,125617,,R2決算書p40
2020,2,総務費,7,国土調査費,1,地籍調査費,4,共済費,2016000,2012383,0,0,0,3617,,R2決算書p41
2020,2,総務費,7,国土調査費,1,地籍調査費,10,需用費,1052000,884714,0,0,0,167286,,R2決算書p41
2020,2,総務費,7,国土調査費,1,地籍調査費,11,役務費,55000,50850,0,0,0,4150,,R2決算書p41
2020,2,総務費,7,国土調査費,1,地籍調査費,12,委託料,13306000,13013165,0,0,0,292835,,R2決算書p41
2020,2,総務費,7,国土調査費,1,地籍調査費,13,使用料及び賃借料,895000,863382,0,0,0,31618,,R2決算書p41
2020,2,総務費,7,国土調査費,1,地籍調査費,17,備品購入費,200000,195800,0,0,0,4200,,R2決算書p41
2020,2,総務費,7,国土調査費,1,地籍調査費,18,負担金補助及び交付金,57000,57000,0,0,0,0,,R2決算書p41
2020,2,総務費,7,国土調査費,1,地籍調査費,21,補償補填及び賠償金,57000,26300,0,0,0,30700,,R2決算書p41
2020,2,総務費,7,国土調査費,1,地籍調査費,26,公課費,7000,6600,0,0,0,400,,R2決算書p41
2020,3,民生費,1,社会福祉費,1,社会福祉総務費,1,報酬,2452000,2394457,0,0,0,57543,,R2決算書p42
2020,3,民生費,1,社会福祉費,1,社会福祉総務費,2,給料,11428000,11426800,0,0,0,1200,,R2決算書p42
2020,3,民生費,1,社会福祉費,1,社会福祉総務費,3,職員手当等,5485127,5011449,0,0,0,473678,,R2決算書p42
2020,3,民生費,1,社会福祉費,1,社会福祉総務費,4,共済費,3009000,3008756,0,0,0,244,,R2決算書p42
2020,3,民生費,1,社会福祉費,1,社会福祉総務費,7,報償費,2308000,2285840,0,0,0,22160,,R2決算書p42
2020,3,民生費,1,社会福祉費,1,社会福祉総務費,8,旅費,8000,4040,0,0,0,3960,,R2決算書p42
2020,3,民生費,1,社会福祉費,1,社会福祉総務費,10,需用費,117000,115899,0,0,0,1101,,R2決算書p42
2020,3,民生費,1,社会福祉費,1,社会福祉総務費,11,役務費,29000,26132,0,0,0,2868,,R2決算書p42
2020,3,民生費,1,社会福祉費,1,社会福祉総務費,12,委託料,482000,473377,0,0,0,8623,,R2決算書p42
2020,3,民生費,1,社会福祉費,1,社会福祉総務費,13,使用料及び賃借料,942000,928756,0,0,0,13244,,R2決算書p42
2020,3,民生費,1,社会福祉費,1,社会福祉総務費,18,負担金補助及び交付金,26475000,20236602,0,550000,0,5688398,,R2決算書p42
2020,3,民生費,1,社会福祉費,1,社会福祉総務費,19,扶助費,4839000,4797521,0,0,0,41479,,R2決算書p42
2020,3,民生費,1,社会福祉費,1,社会福祉総務費,27,繰出金,10962000,10960829,0,0,0,1171,,R2決算書p42
2020,3,民生費,1,社会福祉費,2,老人福祉費,1,報酬,99000,98900,0,0,0,100,,R2決算書p44
2020,3,民生費,1,社会福祉費,2,老人福祉費,7,報償費,95000,85000,0,0,0,10000,,R2決算書p45
2020,3,民生費,1,社会福祉費,2,老人福祉費,10,需用費,227000,210428,0,0,0,16572,,R2決算書p45
2020,3,民生費,1,社会福祉費,2,老人福祉費,11,役務費,81000,79330,0,0,0,1670,,R2決算書p45
2020,3,民生費,1,社会福祉費,2,老人福祉費,12,委託料,917000,916482,0,0,0,518,,R2決算書p45
2020,3,民生費,1,社会福祉費,2,老人福祉費,18,負担金補助及び交付金,19753000,16907659,0,0,0,2845341,,R2決算書p45
2020,3,民生費,1,社会福祉費,2,老人福祉費,19,扶助費,5058000,4915634,0,0,0,142366,,R2決算書p45
2020,3,民生費,1,社会福祉費,2,老人福祉費,22,償還金利子及び割引料,33000,32625,0,0,0,375,,R2決算書p45
2020,3,民生費,1,社会福祉費,2,老人福祉費,27,繰出金,34162000,34045500,0,0,0,116500,,R2決算書p45
2020,3,民生費,1,社会福祉費,3,国民年金事務費,2,給料,2187000,2186400,0,0,0,600,,R2決算書p46
2020,3,民生費,1,社会福祉費,3,国民年金事務費,3,職員手当等,548885,538605,0,0,0,10280,,R2決算書p46
2020,3,民生費,1,社会福祉費,3,国民年金事務費,11,役務費,36000,36000,0,0,0,0,,R2決算書p46
2020,3,民生費,1,社会福祉費,3,国民年金事務費,12,委託料,60000,59400,0,0,0,600,,R2決算書p46
2020,3,民生費,1,社会福祉費,3,国民年金事務費,22,償還金利子及び割引料,24000,23802,0,0,0,198,,R2決算書p46
2020,3,民生費,1,社会福祉費,4,障害者福祉費,7,報償費,16000,15400,0,0,0,600,,R2決算書p46
2020,3,民生費,1,社会福祉費,4,障害者福祉費,10,需用費,16000,13739,0,0,0,2261,,R2決算書p46
2020,3,民生費,1,社会福祉費,4,障害者福祉費,12,委託料,733000,723661,0,0,0,9339,,R2決算書p46
2020,3,民生費,1,社会福祉費,4,障害者福祉費,17,備品購入費,205000,204600,0,0,0,400,,R2決算書p46
2020,3,民生費,1,社会福祉費,4,障害者福祉費,18,負担金補助及び交付金,541000,541000,0,0,0,0,,R2決算書p47
2020,3,民生費,1,社会福祉費,4,障害者福祉費,19,扶助費,61480000,61315008,0,0,0,164992,,R2決算書p47
2020,3,民生費,1,社会福祉費,4,障害者福祉費,22,償還金利子及び割引料,178000,177094,0,0,0,906,,R2決算書p47
2020,3,民生費,1,社会福祉費,7,定住対策費,7,報償費,786000,577668,0,0,0,208332,,R2決算書p47
2020,3,民生費,1,社会福祉費,7,定住対策費,10,需用費,3000,2240,0,0,0,760,,R2決算書p47
2020,3,民生費,1,社会福祉費,7,定住対策費,18,負担金補助及び交付金,6000000,4837500,0,0,0,1162500,,R2決算書p47
2020,3,民生費,1,社会福祉費,10,老人福祉施設管理運営費,10,需用費,100000,12166,0,0,0,87834,,R2決算書p48
2020,3,民生費,1,社会福祉費,10,老人福祉施設管理運営費,11,役務費,366000,310562,0,0,0,55438,,R2決算書p48
2020,3,民生費,1,社会福祉費,10,老人福祉施設管理運営費,12,委託料,26158000,26152400,0,0,0,5600,,R2決算書p48
2020,3,民生費,1,社会福祉費,10,老人福祉施設管理運営費,13,使用料及び賃借料,334000,333965,0,0,0,35,,R2決算書p48
2020,3,民生費,1,社会福祉費,10,老人福祉施設管理運営費,14,工事請負費,2974000,2934800,0,0,0,39200,,R2決算書p48
2020,3,民生費,1,社会福祉費,13,在宅介護支援センター運営費,8,旅費,58000,58000,0,0,0,0,,R2決算書p48
2020,3,民生費,1,社会福祉費,13,在宅介護支援センター運営費,10,需用費,360000,359709,0,0,0,291,,R2決算書p48
2020,3,民生費,1,社会福祉費,13,在宅介護支援センター運営費,11,役務費,123000,114612,0,0,0,8388,,R2決算書p48
2020,3,民生費,1,社会福祉費,13,在宅介護支援センター運営費,12,委託料,855000,854327,0,0,0,673,,R2決算書p48
2020,3,民生費,1,社会福祉費,13,在宅介護支援センター運営費,13,使用料及び賃借料,330000,330000,0,0,0,0,,R2決算書p48
2020,3,民生費,1,社会福祉費,13,在宅介護支援センター運営費,18,負担金補助及び交付金,78000,77740,0,0,0,260,,R2決算書p48
2020,3,民生費,1,社会福祉費,14,授産施設一般管理費,1,報酬,1815000,1392044,0,0,0,422956,,R2決算書p49
2020,3,民生費,1,社会福祉費,14,授産施設一般管理費,2,給料,8462000,8460900,0,0,0,1100,,R2決算書p49
2020,3,民生費,1,社会福祉費,14,授産施設一般管理費,3,職員手当等,3946988,3777258,0,0,0,169730,,R2決算書p49
2020,3,民生費,1,社会福祉費,14,授産施設一般管理費,4,共済費,1531000,1530253,0,0,0,747,,R2決算書p49
2020,3,民生費,1,社会福祉費,14,授産施設一般管理費,10,需用費,1430000,1424347,0,0,0,5653,,R2決算書p49
2020,3,民生費,1,社会福祉費,14,授産施設一般管理費,11,役務費,268000,264601,0,0,0,3399,,R2決算書p49
2020,3,民生費,1,社会福祉費,14,授産施設一般管理費,12,委託料,131000,130570,0,0,0,430,,R2決算書p49
2020,3,民生費,1,社会福祉費,14,授産施設一般管理費,13,使用料及び賃借料,643000,639071,0,0,0,3929,,R2決算書p49
2020,3,民生費,1,社会福祉費,14,授産施設一般管理費,18,負担金補助及び交付金,42000,37500,0,0,0,4500,,R2決算書p49
2020,3,民生費,1,社会福祉費,14,授産施設一般管理費,26,公課費,26000,25200,0,0,0,800,,R2決算書p49
2020,3,民生費,1,社会福祉費,15,授産施設業務費,1,報酬,3524000,3523603,0,0,0,397,,R2決算書p50
2020,3,民生費,1,社会福祉費,15,授産施設業務費,10,需用費,107000,105992,0,0,0,1008,,R2決算書p50
2020,3,民生費,1,社会福祉費,15,授産施設業務費,11,役務費,61000,60668,0,0,0,332,,R2決算書p50
2020,3,民生費,1,社会福祉費,15,授産施設業務費,12,委託料,124000,123400,0,0,0,600,,R2決算書p50
2020,3,民生費,1,社会福祉費,15,授産施設業務費,15,原材料費,641000,640260,0,0,0,740,,R2決算書p50
2020,3,民生費,2,児童福祉費,2,児童措置費,10,需用費,81000,75933,0,0,0,5067,,R2決算書p51
2020,3,民生費,2,児童福祉費,2,児童措置費,11,役務費,8000,7822,0,0,0,178,,R2決算書p51
2020,3,民生費,2,児童福祉費,2,児童措置費,12,委託料,644000,641740,0,0,0,2260,,R2決算書p51
2020,3,民生費,2,児童福祉費,2,児童措置費,18,負担金補助及び交付金,1053000,1053000,0,0,0,0,,R2決算書p51
2020,3,民生費,2,児童福祉費,2,児童措置費,19,扶助費,11667000,11667000,0,0,0,0,,R2決算書p51
2020,3,民生費,2,児童福祉費,5,保育所費,1,報酬,3772000,3587476,0,0,0,184524,,R2決算書p51
2020,3,民生費,2,児童福祉費,5,保育所費,2,給料,15912000,13264800,0,0,0,2647200,,R2決算書p52
2020,3,民生費,2,児童福祉費,5,保育所費,3,職員手当等,9187000,7232135,0,0,0,1954865,,R2決算書p52
2020,3,民生費,2,児童福祉費,5,保育所費,4,共済費,5077000,4134118,0,0,0,942882,,R2決算書p52
2020,3,民生費,2,児童福祉費,5,保育所費,7,報償費,130000,130000,0,0,0,0,,R2決算書p52
2020,3,民生費,2,児童福祉費,5,保育所費,10,需用費,4876000,4451898,0,0,0,424102,,R2決算書p52
2020,3,民生費,2,児童福祉費,5,保育所費,11,役務費,481000,470662,0,0,0,10338,,R2決算書p52
2020,3,民生費,2,児童福祉費,5,保育所費,12,委託料,3915000,3898651,0,0,0,16349,,R2決算書p52
2020,3,民生費,2,児童福祉費,5,保育所費,13,使用料及び賃借料,504000,492240,0,0,0,11760,,R2決算書p52
2020,3,民生費,2,児童福祉費,5,保育所費,14,工事請負費,264300000,263161800,0,0,0,1138200,,R2決算書p52
2020,3,民生費,2,児童福祉費,5,保育所費,17,備品購入費,5432000,5123800,0,0,0,308200,,R2決算書p52
2020,3,民生費,2,児童福祉費,5,保育所費,18,負担金補助及び交付金,35000,23295,0,0,0,11705,,R2決算書p52
2020,3,民生費,2,児童福祉費,7,児童クラブ運営費,7,報償費,37000,34000,0,0,0,3000,,R2決算書p53
2020,3,民生費,2,児童福祉費,7,児童クラブ運営費,11,役務費,40000,37600,0,0,0,2400,,R2決算書p53
2020,3,民生費,2,児童福祉費,7,児童クラブ運営費,12,委託料,2500000,2500000,0,0,0,0,,R2決算書p53
2020,3,民生費,2,児童福祉費,7,児童クラブ運営費,18,負担金補助及び交付金,52000,52000,0,0,0,0,,R2決算書p54
2020,3,民生費,2,児童福祉費,8,通学合宿事業費,1,報酬,61000,55200,0,0,0,5800,,R2決算書p54
2020,3,民生費,2,児童福祉費,8,通学合宿事業費,10,需用費,12000,10548,0,0,0,1452,,R2決算書p54
2020,6,農林水産業費,1,農業費,1,農業委員会費,1,報酬,2765000,2747500,0,0,0,17500,,R2決算書p60
2020,6,農林水産業費,1,農業費,1,農業委員会費,8,旅費,3000,2880,0,0,0,120,,R2決算書p60
2020,6,農林水産業費,1,農業費,1,農業委員会費,10,需用費,73000,68590,0,0,0,4410,,R2決算書p60
2020,6,農林水産業費,1,農業費,1,農業委員会費,11,役務費,13000,10640,0,0,0,2360,,R2決算書p60
2020,6,農林水産業費,1,農業費,1,農業委員会費,18,負担金補助及び交付金,77000,74500,0,0,0,2500,,R2決算書p60
2020,6,農林水産業費,1,農業費,2,農業総務費,2,給料,12421000,12420300,0,0,0,700,,R2決算書p60
2020,6,農林水産業費,1,農業費,2,農業総務費,3,職員手当等,5733000,5550507,0,0,0,182493,,R2決算書p60
2020,6,農林水産業費,1,農業費,2,農業総務費,4,共済費,3647000,3613108,0,0,0,33892,,R2決算書p60
2020,6,農林水産業費,1,農業費,2,農業総務費,8,旅費,4000,4000,0,0,0,0,,R2決算書p60
2020,6,農林水産業費,1,農業費,2,農業総務費,10,需用費,225000,212226,0,0,0,12774,,R2決算書p60
2020,6,農林水産業費,1,農業費,2,農業総務費,11,役務費,17000,16880,0,0,0,120,,R2決算書p60
2020,6,農林水産業費,1,農業費,2,農業総務費,18,負担金補助及び交付金,49000,47441,0,0,0,1559,,R2決算書p60
2020,6,農林水産業費,1,農業費,3,農業振興費,1,報酬,849000,781400,0,0,0,67600,,R2決算書p61
2020,6,農林水産業費,1,農業費,3,農業振興費,7,報償費,3880000,3880000,0,0,0,0,,R2決算書p61
2020,6,農林水産業費,1,農業費,3,農業振興費,10,需用費,689000,676483,0,0,0,12517,,R2決算書p61
2020,6,農林水産業費,1,農業費,3,農業振興費,11,役務費,16000,15146,0,0,0,854,,R2決算書p61
2020,6,農林水産業費,1,農業費,3,農業振興費,12,委託料,1080000,1015000,0,0,0,65000,,R2決算書p61
2020,6,農林水産業費,1,農業費,3,農業振興費,14,工事請負費,1421000,1419000,0,0,0,2000,,R2決算書p61
2020,6,農林水産業費,1,農業費,3,農業振興費,17,備品購入費,4342000,4283530,0,0,0,58470,,R2決算書p61
2020,6,農林水産業費,1,農業費,3,農業振興費,18,負担金補助及び交付金,14631000,14561233,0,0,0,69767,,R2決算書p61
2020,6,農林水産業費,1,農業費,4,畜産業費,10,需用費,167000,163648,0,0,0,3352,,R2決算書p63
2020,6,農林水産業費,1,農業費,4,畜産業費,12,委託料,1100000,1040000,0,0,0,60000,,R2決算書p63
2020,6,農林水産業費,1,農業費,5,畜産振興費,10,需用費,48000,40405,0,0,0,7595,,R2決算書p63
2020,6,農林水産業費,1,農業費,5,畜産振興費,14,工事請負費,124000,115280,0,0,0,8720,,R2決算書p63
2020,6,農林水産業費,1,農業費,6,農地費,1,報酬,476000,476000,0,0,0,0,,R2決算書p63
2020,6,農林水産業費,1,農業費,6,農地費,12,委託料,2959000,1705000,0,1254000,0,0,,R2決算書p63
2020,6,農林水産業費,1,農業費,6,農地費,14,工事請負費,5005000,4963200,0,0,0,41800,,R2決算書p63
2020,6,農林水産業費,1,農業費,6,農地費,15,原材料費,706000,705106,0,0,0,894,,R2決算書p63
2020,6,農林水産業費,1,農業費,6,農地費,18,負担金補助及び交付金,1817000,1327200,0,0,0,489800,,R2決算書p63
2020,6,農林水産業費,1,農業費,20,地域おこし協力隊事業,1,報酬,2400000,2400000,0,0,0,0,,R2決算書p63
2020,6,農林水産業費,1,農業費,20,地域おこし協力隊事業,10,需用費,111000,104721,0,0,0,6279,,R2決算書p63
2020,6,農林水産業費,1,農業費,20,地域おこし協力隊事業,11,役務費,17000,16160,0,0,0,840,,R2決算書p63
2020,6,農林水産業費,1,農業費,20,地域おこし協力隊事業,13,使用料及び賃借料,814000,772032,0,0,0,41968,,R2決算書p64
2020,6,農林水産業費,1,農業費,20,地域おこし協力隊事業,18,負担金補助及び交付金,143000,143000,0,0,0,0,,R2決算書p64
2020,6,農林水産業費,1,農業費,21,日本型直接支払事業,1,報酬,186000,175000,0,0,0,11000,,R2決算書p64
2020,6,農林水産業費,1,農業費,21,日本型直接支払事業,10,需用費,40000,40000,0,0,0,0,,R2決算書p64
2020,6,農林水産業費,1,農業費,21,日本型直接支払事業,18,負担金補助及び交付金,4574000,4449822,0,0,0,124178,,R2決算書p64
2020,6,農林水産業費,2,林業費,1,林業総務費,1,報酬,22000,21100,0,0,0,900,,R2決算書p64
2020,6,農林水産業費,2,林業費,1,林業総務費,2,給料,4407000,3673200,0,0,0,733800,,R2決算書p64
2020,6,農林水産業費,2,林業費,1,林業総務費,3,職員手当等,2360000,2259491,0,0,0,100509,,R2決算書p64
2020,6,農林水産業費,2,林業費,1,林業総務費,4,共済費,1409000,1264024,0,0,0,144976,,R2決算書p64
2020,6,農林水産業費,2,林業費,1,林業総務費,18,負担金補助及び交付金,1902000,1900436,0,0,0,1564,,R2決算書p64
2020,6,農林水産業費,2,林業費,2,林業振興費,1,報酬,31000,30100,0,0,0,900,,R2決算書p65
2020,6,農林水産業費,2,林業費,2,林業振興費,7,報償費,6453000,6373250,0,0,0,79750,,R2決算書p65
2020,6,農林水産業費,2,林業費,2,林業振興費,10,需用費,590000,581045,0,0,0,8955,,R2決算書p65
2020,6,農林水産業費,2,林業費,2,林業振興費,11,役務費,181000,174413,0,0,0,6587,,R2決算書p65
2020,6,農林水産業費,2,林業費,2,林業振興費,12,委託料,1847000,1845800,0,0,0,1200,,R2決算書p65
2020,6,農林水産業費,2,林業費,2,林業振興費,14,工事請負費,142000,140910,0,0,0,1090,,R2決算書p65
2020,6,農林水産業費,2,林業費,2,林業振興費,17,備品購入費,267000,256300,0,0,0,10700,,R2決算書p65
2020,6,農林水産業費,2,林業費,2,林業振興費,18,負担金補助及び交付金,301000,300100,0,0,0,900,,R2決算書p65
2020,6,農林水産業費,2,林業費,3,林道費,10,需用費,178000,177385,0,0,0,615,,R2決算書p66
2020,6,農林水産業費,2,林業費,3,林道費,11,役務費,51000,49180,0,0,0,1820,,R2決算書p66
2020,6,農林水産業費,2,林業費,3,林道費,12,委託料,5977000,5976300,0,0,0,700,,R2決算書p66
2020,6,農林水産業費,2,林業費,3,林道費,14,工事請負費,85404000,67591815,0,12040000,0,5772185,,R2決算書p66
2020,6,農林水産業費,2,林業費,3,林道費,21,補償補填及び賠償金,296000,295665,0,0,0,335,,R2決算書p66
2020,6,農林水産業費,2,林業費,3,林道費,26,公課費,7000,6600,0,0,0,400,,R2決算書p66
2020,6,農林水産業費,2,林業費,4,造林費,14,工事請負費,1945000,1943920,0,0,0,1080,,R2決算書p67
2020,6,農林水産業費,2,林業費,4,造林費,17,備品購入費,847000,829200,0,0,0,17800,,R2決算書p67
2020,6,農林水産業費,2,林業費,4,造林費,18,負担金補助及び交付金,3131000,3050881,0,0,0,80119,,R2決算書p67
2020,6,農林水産業費,2,林業費,4,造林費,21,補償補填及び賠償金,30000,29905,0,0,0,95,,R2決算書p67
2020,6,農林水産業費,2,林業費,6,森林総合研究所受託事業費,12,委託料,4556000,4555100,0,0,0,900,,R2決算書p67
2020,6,農林水産業費,2,林業費,10,森林環境譲与税活用費,12,委託料,1386000,1386000,0,0,0,0,,R2決算書p67
2020,6,農林水産業費,2,林業費,10,森林環境譲与税活用費,14,工事請負費,3200000,0,0,3190000,0,10000,,R2決算書p67
2020,7,商工費,1,商工費,1,商工総務費,2,給料,3324000,3323100,0,0,0,900,,R2決算書p67
2020,7,商工費,1,商工費,1,商工総務費,3,職員手当等,2327000,2253402,0,0,0,73598,,R2決算書p67
2020,7,商工費,1,商工費,1,商工総務費,4,共済費,1101000,1035186,0,0,0,65814,,R2決算書p67
2020,7,商工費,1,商工費,1,商工総務費,18,負担金補助及び交付金,586000,585800,0,0,0,200,,R2決算書p68
2020,7,商工費,1,商工費,2,商工振興費,10,需用費,98000,97720,0,0,0,280,,R2決算書p68
2020,7,商工費,1,商工費,2,商工振興費,11,役務費,20000,18802,0,0,0,1198,,R2決算書p68
2020,7,商工費,1,商工費,2,商工振興費,13,使用料及び賃借料,212000,211824,0,0,0,176,,R2決算書p68
2020,7,商工費,1,商工費,2,商工振興費,18,負担金補助及び交付金,52877000,50347867,0,0,0,2529133,,R2決算書p68
2020,7,商工費,1,商工費,2,商工振興費,21,補償補填及び賠償金,547000,536115,0,0,0,10885,,R2決算書p68
2020,7,商工費,1,商工費,3,観光費,1,報酬,960000,900000,0,0,0,60000,,R2決算書p68
2020,7,商工費,1,商工費,3,観光費,8,旅費,12000,4000,0,0,0,8000,,R2決算書p69
2020,7,商工費,1,商工費,3,観光費,10,需用費,11257000,11032820,0,0,0,224180,,R2決算書p69
2020,7,商工費,1,商工費,3,観光費,11,役務費,1182000,1162998,0,0,0,19002,,R2決算書p69
2020,7,商工費,1,商工費,3,観光費,12,委託料,4110000,3551330,0,275000,0,283670,,R2決算書p69
2020,7,商工費,1,商工費,3,観光費,13,使用料及び賃借料,898000,896829,0,0,0,1171,,R2決算書p69
2020,7,商工費,1,商工費,3,観光費,14,工事請負費,21823000,15873000,0,5500000,0,450000,,R2決算書p69
2020,7,商工費,1,商工費,3,観光費,17,備品購入費,222000,221760,0,0,0,240,,R2決算書p69
2020,7,商工費,1,商工費,3,観光費,18,負担金補助及び交付金,13197000,13124159,0,0,0,72841,,R2決算書p69
2020,7,商工費,1,商工費,4,地域おこし協力隊事業,1,報酬,1810000,1807200,0,0,0,2800,,R2決算書p70
2020,7,商工費,1,商工費,4,地域おこし協力隊事業,3,職員手当等,18000,18000,0,0,0,0,,R2決算書p70
2020,7,商工費,1,商工費,4,地域おこし協力隊事業,10,需用費,485300,481145,0,0,0,4155,,R2決算書p70
2020,7,商工費,1,商工費,4,地域おこし協力隊事業,11,役務費,108700,108180,0,0,0,520,,R2決算書p70
2020,7,商工費,1,商工費,4,地域おこし協力隊事業,13,使用料及び賃借料,1643000,1553544,0,0,0,89456,,R2決算書p70
2020,10,教育費,1,教育総務費,1,教育委員会費,1,報酬,775000,772600,0,0,0,2400,,R2決算書p78
2020,10,教育費,1,教育総務費,1,教育委員会費,18,負担金補助及び交付金,151000,149390,0,0,0,1610,,R2決算書p78
2020,10,教育費,1,教育総務費,2,事務局費,1,報酬,19000,18400,0,0,0,600,,R2決算書p78
2020,10,教育費,1,教育総務費,2,事務局費,2,給料,12698000,12697200,0,0,0,800,,R2決算書p78
2020,10,教育費,1,教育総務費,2,事務局費,3,職員手当等,5593000,5554611,0,0,0,38389,,R2決算書p78
2020,10,教育費,1,教育総務費,2,事務局費,4,共済費,3350000,3227861,0,0,0,122139,,R2決算書p78
2020,10,教育費,1,教育総務費,2,事務局費,10,需用費,1046000,986628,0,0,0,59372,,R2決算書p78
2020,10,教育費,1,教育総務費,2,事務局費,11,役務費,135000,128435,0,0,0,6565,,R2決算書p78
2020,10,教育費,1,教育総務費,2,事務局費,12,委託料,415000,401500,0,0,0,13500,,R2決算書p78
2020,10,教育費,1,教育総務費,2,事務局費,13,使用料及び賃借料,2719000,2707880,0,0,0,11120,,R2決算書p78
2020,10,教育費,1,教育総務費,2,事務局費,18,負担金補助及び交付金,149000,148900,0,0,0,100,,R2決算書p78
2020,10,教育費,1,教育総務費,2,事務局費,26,公課費,27000,26600,0,0,0,400,,R2決算書p78
2020,10,教育費,1,教育総務費,4,文化財保存費,1,報酬,18000,17200,0,0,0,800,,R2決算書p79
2020,10,教育費,1,教育総務費,4,文化財保存費,7,報償費,248000,218854,0,0,0,29146,,R2決算書p79
2020,10,教育費,1,教育総務費,4,文化財保存費,10,需用費,797000,785833,0,0,0,11167,,R2決算書p80
2020,10,教育費,1,教育総務費,4,文化財保存費,11,役務費,166000,165061,0,0,0,939,,R2決算書p80
2020,10,教育費,1,教育総務費,4,文化財保存費,12,委託料,1017000,1002750,0,0,0,14250,,R2決算書p80
2020,10,教育費,1,教育総務費,4,文化財保存費,14,工事請負費,773000,772200,0,0,0,800,,R2決算書p80
2020,10,教育費,1,教育総務費,4,文化財保存費,18,負担金補助及び交付金,55000,55000,0,0,0,0,,R2決算書p80
2020,10,教育費,1,教育総務費,6,文化施設費,1,報酬,2449000,2355403,0,0,0,93597,,R2決算書p80
2020,10,教育費,1,教育総務費,6,文化施設費,3,職員手当等,500000,479352,0,0,0,20648,,R2決算書p80
2020,10,教育費,1,教育総務費,6,文化施設費,7,報償費,47000,47000,0,0,0,0,,R2決算書p80
2020,10,教育費,1,教育総務費,6,文化施設費,8,旅費,27000,26040,0,0,0,960,,R2決算書p81
2020,10,教育費,1,教育総務費,6,文化施設費,10,需用費,1617000,1596965,0,0,0,20035,,R2決算書p81
2020,10,教育費,1,教育総務費,6,文化施設費,11,役務費,517000,512970,0,0,0,4030,,R2決算書p81
2020,10,教育費,1,教育総務費,6,文化施設費,12,委託料,3980000,3979160,0,0,0,840,,R2決算書p81
2020,10,教育費,1,教育総務費,6,文化施設費,13,使用料及び賃借料,89000,87659,0,0,0,1341,,R2決算書p81
2020,10,教育費,1,教育総務費,6,文化施設費,17,備品購入費,64000,63250,0,0,0,750,,R2決算書p81
2020,10,教育費,1,教育総務費,6,文化施設費,18,負担金補助及び交付金,267000,267000,0,0,0,0,,R2決算書p81
2020,10,教育費,1,教育総務費,8,新型コロナウイルス感染症対策費,10,需用費,76000,75270,0,0,0,730,,R2決算書p82
2020,10,教育費,1,教育総務費,8,新型コロナウイルス感染症対策費,11,役務費,10000,9690,0,0,0,310,,R2決算書p82
2020,10,教育費,1,教育総務費,8,新型コロナウイルス感染症対策費,18,負担金補助及び交付金,226000,226000,0,0,0,0,,R2決算書p82
2020,10,教育費,2,小学校費,1,学校管理費,1,報酬,3704000,3449894,0,0,0,254106,,R2決算書p82
2020,10,教育費,2,小学校費,1,学校管理費,3,職員手当等,808000,759508,0,0,0,48492,,R2決算書p82
2020,10,教育費,2,小学校費,1,学校管理費,7,報償費,306000,301200,0,0,0,4800,,R2決算書p82
2020,10,教育費,2,小学校費,1,学校管理費,8,旅費,1000,840,0,0,0,160,,R2決算書p82
2020,10,教育費,2,小学校費,1,学校管理費,10,需用費,8099000,7466086,0,0,0,632914,,R2決算書p82
2020,10,教育費,2,小学校費,1,学校管理費,11,役務費,953000,906666,0,0,0,46334,,R2決算書p82
2020,10,教育費,2,小学校費,1,学校管理費,12,委託料,11154000,10859426,0,0,0,294574,,R2決算書p82
2020,10,教育費,2,小学校費,1,学校管理費,13,使用料及び賃借料,1260000,1134587,0,0,0,125413,,R2決算書p82
2020,10,教育費,2,小学校費,1,学校管理費,14,工事請負費,2700000,2642200,0,0,0,57800,,R2決算書p82
2020,10,教育費,2,小学校費,1,学校管理費,15,原材料費,3000,2018,0,0,0,982,,R2決算書p82
2020,10,教育費,2,小学校費,1,学校管理費,17,備品購入費,2801000,2760740,0,0,0,40260,,R2決算書p82
2020,10,教育費,2,小学校費,1,学校管理費,18,負担金補助及び交付金,115000,107893,0,0,0,7107,,R2決算書p82
2020,10,教育費,2,小学校費,1,学校管理費,26,公課費,41000,41000,0,0,0,0,,R2決算書p83
2020,10,教育費,2,小学校費,2,教育振興費,7,報償費,598000,538887,0,0,0,59113,,R2決算書p84
2020,10,教育費,2,小学校費,2,教育振興費,10,需用費,2913000,2697906,0,0,0,215094,,R2決算書p85
2020,10,教育費,2,小学校費,2,教育振興費,11,役務費,126000,118605,0,0,0,7395,,R2決算書p85
2020,10,教育費,2,小学校費,2,教育振興費,17,備品購入費,985000,887370,0,0,0,97630,,R2決算書p85
2020,10,教育費,2,小学校費,2,教育振興費,19,扶助費,220000,201550,0,0,0,18450,,R2決算書p85
2020,10,教育費,3,中学校費,1,学校管理費,1,報酬,184000,181900,0,0,0,2100,,R2決算書p85
2020,10,教育費,3,中学校費,1,学校管理費,7,報償費,294000,288400,0,0,0,5600,,R2決算書p85
2020,10,教育費,3,中学校費,1,学校管理費,10,需用費,5410000,5071089,0,0,0,338911,,R2決算書p85
2020,10,教育費,3,中学校費,1,学校管理費,11,役務費,626000,605634,0,0,0,20366,,R2決算書p85
2020,10,教育費,3,中学校費,1,学校管理費,12,委託料,7901000,7850773,0,0,0,50227,,R2決算書p85
2020,10,教育費,3,中学校費,1,学校管理費,13,使用料及び賃借料,1157000,1058611,0,0,0,98389,,R2決算書p85
2020,10,教育費,3,中学校費,1,学校管理費,14,工事請負費,320000,297000,0,0,0,23000,,R2決算書p85
2020,10,教育費,3,中学校費,1,学校管理費,17,備品購入費,1461000,1421080,0,0,0,39920,,R2決算書p85
2020,10,教育費,3,中学校費,1,学校管理費,18,負担金補助及び交付金,99000,91111,0,0,0,7889,,R2決算書p85
2020,10,教育費,3,中学校費,2,教育振興費,7,報償費,137000,124000,0,0,0,13000,,R2決算書p87
2020,10,教育費,3,中学校費,2,教育振興費,10,需用費,959000,864296,0,0,0,94704,,R2決算書p87
2020,10,教育費,3,中学校費,2,教育振興費,11,役務費,86000,84715,0,0,0,1285,,R2決算書p87
2020,10,教育費,3,中学校費,2,教育振興費,17,備品購入費,1087000,999845,0,0,0,87155,,R2決算書p87
2020,10,教育費,3,中学校費,2,教育振興費,19,扶助費,190000,175650,0,0,0,14350,,R2決算書p87
2020,10,教育費,4,社会教育費,1,社会教育総務費,1,報酬,67000,66000,0,0,0,1000,,R2決算書p88
2020,10,教育費,4,社会教育費,1,社会教育総務費,2,給料,3200000,3199800,0,0,0,200,,R2決算書p88
2020,10,教育費,4,社会教育費,1,社会教育総務費,3,職員手当等,2673000,2629954,0,0,0,43046,,R2決算書p88
2020,10,教育費,4,社会教育費,1,社会教育総務費,4,共済費,1116000,1083200,0,0,0,32800,,R2決算書p88
2020,10,教育費,4,社会教育費,1,社会教育総務費,8,旅費,2000,1860,0,0,0,140,,R2決算書p88
2020,10,教育費,4,社会教育費,2,公民館費,1,報酬,1339000,1288300,0,0,0,50700,,R2決算書p88
2020,10,教育費,4,社会教育費,2,公民館費,7,報償費,194000,177800,0,0,0,16200,,R2決算書p88
2020,10,教育費,4,社会教育費,2,公民館費,8,旅費,15000,13980,0,0,0,1020,,R2決算書p88
2020,10,教育費,4,社会教育費,2,公民館費,10,需用費,5044000,4896836,0,0,0,147164,,R2決算書p88
2020,10,教育費,4,社会教育費,2,公民館費,11,役務費,877000,820939,0,0,0,56061,,R2決算書p88
2020,10,教育費,4,社会教育費,2,公民館費,12,委託料,1009000,959242,0,0,0,49758,,R2決算書p88
2020,10,教育費,4,社会教育費,2,公民館費,13,使用料及び賃借料,856000,771048,0,0,0,84952,,R2決算書p88
2020,10,教育費,4,社会教育費,2,公民館費,14,工事請負費,616000,593630,0,0,0,22370,,R2決算書p88
2020,10,教育費,4,社会教育費,2,公民館費,17,備品購入費,352000,330100,0,0,0,21900,,R2決算書p89
2020,10,教育費,4,社会教育費,2,公民館費,18,負担金補助及び交付金,328000,326900,0,0,0,1100,,R2決算書p89
2020,10,教育費,5,保健体育費,1,保健体育総務費,10,需用費,286000,285954,0,0,0,46,,R2決算書p90
2020,10,教育費,5,保健体育費,1,保健体育総務費,11,役務費,13000,12950,0,0,0,50,,R2決算書p90
2020,10,教育費,5,保健体育費,1,保健体育総務費,17,備品購入費,242000,220000,0,0,0,22000,,R2決算書p90
2020,10,教育費,5,保健体育費,1,保健体育総務費,18,負担金補助及び交付金,272000,271600,0,0,0,400,,R2決算書p90
2020,10,教育費,5,保健体育費,2,学校給食運営費,1,報酬,3784000,3659708,0,0,0,124292,,R2決算書p90
2020,10,教育費,5,保健体育費,2,学校給食運営費,3,職員手当等,980000,922646,0,0,0,57354,,R2決算書p90
2020,10,教育費,5,保健体育費,2,学校給食運営費,10,需用費,1797000,1716881,0,0,0,80119,,R2決算書p90
2020,10,教育費,5,保健体育費,2,学校給食運営費,11,役務費,291000,282071,0,0,0,8929,,R2決算書p90
2020,10,教育費,5,保健体育費,2,学校給食運営費,12,委託料,240000,221870,0,0,0,18130,,R2決算書p90
2020,10,教育費,5,保健体育費,2,学校給食運営費,13,使用料及び賃借料,114000,113520,0,0,0,480,,R2決算書p90
2020,10,教育費,5,保健体育費,2,学校給食運営費,14,工事請負費,1925000,0,0,1925000,0,0,,R2決算書p90
2020,10,教育費,5,保健体育費,2,学校給食運営費,17,備品購入費,734000,711590,0,0,0,22410,,R2決算書p90
2020,10,教育費,5,保健体育費,2,学校給食運営費,18,負担金補助及び交付金,1823000,1707730,0,0,0,115270,,R2決算書p90
2020,10,教育費,5,保健体育費,4,体育施設管理費,7,報償費,20000,18000,0,0,0,2000,,R2決算書p91
2020,10,教育費,5,保健体育費,4,体育施設管理費,10,需用費,431000,430509,0,0,0,491,,R2決算書p91
2020,10,教育費,5,保健体育費,4,体育施設管理費,12,委託料,3300000,3300000,0,0,0,0,,R2決算書p91
2020,10,教育費,5,保健体育費,4,体育施設管理費,14,工事請負費,278850000,275293700,0,0,0,3556300,,R2決算書p91
2020,10,教育費,5,保健体育費,4,体育施設管理費,17,備品購入費,1623000,1588840,0,0,0,34160,,R2決算書p91
2020,12,公債費,1,公債費,1,元金,22,償還金利子及び割引料,220380453,219600485,0,0,0,779968,,R2決算書p93
2020,12,公債費,1,公債費,2,利子,22,償還金利子及び割引料,9392547,2820366,0,0,0,6572181,,R2決算書p93
2020,13,諸支出金,1,基金費,1,財政調整基金費,24,積立金,1318000,467906,0,0,0,850094,,R2決算書p94
2020,13,諸支出金,1,基金費,2,減債基金費,24,積立金,36512000,36511212,0,0,0,788,,R2決算書p94
2020,13,諸支出金,1,基金費,3,公共施設等整備基金費,24,積立金,2085000,2084584,0,0,0,416,,R2決算書p94
2020,13,諸支出金,1,基金費,4,文教施設整備基金費,24,積立金,34043000,34042045,0,0,0,955,,R2決算書p94
2020,13,諸支出金,1,基金費,5,ふるさとづくり基金費,24,積立金,104090000,104089467,0,0,0,533,,R2決算書p94
2020,13,諸支出金,1,基金費,6,高齢者福祉基金費,24,積立金,55000,54624,0,0,0,376,,R2決算書p94
2020,13,諸支出金,1,基金費,14,森林環境譲与税基金,24,積立金,7889000,7888680,0,0,0,320,,R2決算書p94
2021,2,総務費,1,総務管理費,1,一般管理費,1,報酬,562000,552400,0,0,0,9600,,R3決算書p28
2021,2,総務費,1,総務管理費,1,一般管理費,2,給料,46708000,44432700,0,0,0,2275300,,R3決算書p28
2021,2,総務費,1,総務管理費,1,一般管理費,3,職員手当等,52566000,50868073,0,0,0,1697927,,R3決算書p29
2021,2,総務費,1,総務管理費,1,一般管理費,4,共済費,21225000,19750009,0,0,0,1474991,,R3決算書p29
2021,2,総務費,1,総務管理費,1,一般管理費,7,報償費,90000,74600,0,0,0,15400,,R3決算書p29
2021,2,総務費,1,総務管理費,1,一般管理費,8,旅費,200000,119920,0,0,0,80080,,R3決算書p29
2021,2,総務費,1,総務管理費,1,一般管理費,9,交際費,120000,112310,0,0,0,7690,,R3決算書p29
2021,2,総務費,1,総務管理費,1,一般管理費,10,需用費,6546000,6262557,0,100000,0,183443,,R3決算書p29
2021,2,総務費,1,総務管理費,1,一般管理費,11,役務費,814000,684883,0,78000,0,51117,,R3決算書p29
2021,2,総務費,1,総務管理費,1,一般管理費,12,委託料,2260000,2225179,0,0,0,34821,,R3決算書p29
2021,2,総務費,1,総務管理費,1,一般管理費,13,使用料及び賃借料,3035000,2876027,0,0,0,158973,,R3決算書p29
2021,2,総務費,1,総務管理費,1,一般管理費,18,負担金補助及び交付金,25463000,19555042,0,5400000,0,507958,,R3決算書p29
2021,2,総務費,1,総務管理費,1,一般管理費,26,公課費,103000,100300,0,0,0,2700,,R3決算書p29
2021,2,総務費,1,総務管理費,2,文書広報費,1,報酬,247000,227000,0,0,0,20000,,R3決算書p31
2021,2,総務費,1,総務管理費,2,文書広報費,10,需用費,3027000,2923880,0,0,0,103120,,R3決算書p31
2021,2,総務費,1,総務管理費,2,文書広報費,11,役務費,1659000,1585379,0,0,0,73621,,R3決算書p31
2021,2,総務費,1,総務管理費,2,文書広報費,12,委託料,1523000,1485875,0,0,0,37125,,R3決算書p31
2021,2,総務費,1,総務管理費,2,文書広報費,14,工事請負費,9405000,495000,0,8800000,0,110000,,R3決算書p31
2021,2,総務費,1,総務管理費,3,財政管理費,8,旅費,2000,2000,0,0,0,0,,R3決算書p32
2021,2,総務費,1,総務管理費,3,財政管理費,10,需用費,58000,3564,0,0,0,54436,,R3決算書p32
2021,2,総務費,1,総務管理費,3,財政管理費,12,委託料,13475000,13475000,0,0,0,0,,R3決算書p32
2021,2,総務費,1,総務管理費,5,財産管理費,10,需用費,12414000,6591314,0,3850000,0,1972686,,R3決算書p32
2021,2,総務費,1,総務管理費,5,財産管理費,11,役務費,1268000,1228800,0,0,0,39200,,R3決算書p32
2021,2,総務費,1,総務管理費,5,財産管理費,12,委託料,1266000,1264068,0,0,0,1932,,R3決算書p32
2021,2,総務費,1,総務管理費,5,財産管理費,13,使用料及び賃借料,2419000,2250610,0,0,0,168390,,R3決算書p33
2021,2,総務費,1,総務管理費,5,財産管理費,14,工事請負費,67820000,66750200,0,0,0,1069800,,R3決算書p33
2021,2,総務費,1,総務管理費,5,財産管理費,17,備品購入費,894000,0,0,817000,0,77000,,R3決算書p33
2021,2,総務費,1,総務管理費,6,企画費,1,報酬,6715000,6260000,0,0,0,455000,,R3決算書p33
2021,2,総務費,1,総務管理費,6,企画費,4,共済費,2598000,1541230,0,0,0,1056770,,R3決算書p33
2021,2,総務費,1,総務管理費,6,企画費,7,報償費,326000,325140,0,0,0,860,,R3決算書p33
2021,2,総務費,1,総務管理費,6,企画費,8,旅費,295000,294086,0,0,0,914,,R3決算書p33
2021,2,総務費,1,総務管理費,6,企画費,10,需用費,2980000,2695074,0,0,0,284926,,R3決算書p33
2021,2,総務費,1,総務管理費,6,企画費,11,役務費,98000,89777,0,0,0,8223,,R3決算書p34
2021,2,総務費,1,総務管理費,6,企画費,12,委託料,10708000,10608400,0,0,0,99600,,R3決算書p34
2021,2,総務費,1,総務管理費,6,企画費,13,使用料及び賃借料,1538000,1475342,0,0,0,62658,,R3決算書p34
2021,2,総務費,1,総務管理費,6,企画費,14,工事請負費,18655000,11131000,0,0,0,7524000,,R3決算書p34
2021,2,総務費,1,総務管理費,6,企画費,15,原材料費,100000,95520,0,0,0,4480,,R3決算書p34
2021,2,総務費,1,総務管理費,6,企画費,17,備品購入費,2345000,2340195,0,0,0,4805,,R3決算書p34
2021,2,総務費,1,総務管理費,6,企画費,18,負担金補助及び交付金,32911000,31924995,0,0,0,986005,,R3決算書p34
2021,2,総務費,1,総務管理費,6,企画費,26,公課費,7000,6600,0,0,0,400,,R3決算書p34
2021,2,総務費,1,総務管理費,8,交通安全対策費,10,需用費,499000,321600,0,0,0,177400,,R3決算書p36
2021,2,総務費,1,総務管理費,8,交通安全対策費,11,役務費,26000,25100,0,0,0,900,,R3決算書p36
2021,2,総務費,1,総務管理費,8,交通安全対策費,12,委託料,20190440,19696173,0,0,0,494267,,R3決算書p36
2021,2,総務費,1,総務管理費,8,交通安全対策費,14,工事請負費,4134000,4074400,0,0,0,59600,,R3決算書p36
2021,2,総務費,1,総務管理費,8,交通安全対策費,15,原材料費,2935560,2351184,0,0,0,584376,,R3決算書p36
2021,2,総務費,1,総務管理費,8,交通安全対策費,18,負担金補助及び交付金,497000,473200,0,0,0,23800,,R3決算書p36
2021,2,総務費,1,総務管理費,9,電子計算費,10,需用費,100000,74140,0,0,0,25860,,R3決算書p37
2021,2,総務費,1,総務管理費,9,電子計算費,11,役務費,1441000,1428240,0,0,0,12760,,R3決算書p37
2021,2,総務費,1,総務管理費,9,電子計算費,12,委託料,13266000,12719800,0,0,0,546200,,R3決算書p37
2021,2,総務費,1,総務管理費,9,電子計算費,13,使用料及び賃借料,10838000,10747459,0,0,0,90541,,R3決算書p37
2021,2,総務費,1,総務管理費,9,電子計算費,17,備品購入費,878000,838200,0,0,0,39800,,R3決算書p37
2021,2,総務費,1,総務管理費,9,電子計算費,18,負担金補助及び交付金,4512000,4505450,0,0,0,6550,,R3決算書p37
2021,2,総務費,1,総務管理費,10,ＣＡＴＶ事業費,10,需用費,24720,22255,0,0,0,2465,,R3決算書p38
2021,2,総務費,1,総務管理費,10,ＣＡＴＶ事業費,11,役務費,2721000,2158007,0,0,0,562993,,R3決算書p38
2021,2,総務費,1,総務管理費,10,ＣＡＴＶ事業費,12,委託料,8712280,8524780,0,0,0,187500,,R3決算書p38
2021,2,総務費,1,総務管理費,10,ＣＡＴＶ事業費,13,使用料及び賃借料,2112000,2072400,0,0,0,39600,,R3決算書p38
2021,2,総務費,1,総務管理費,10,ＣＡＴＶ事業費,14,工事請負費,1663000,869360,0,0,0,793640,,R3決算書p38
2021,2,総務費,1,総務管理費,10,ＣＡＴＶ事業費,18,負担金補助及び交付金,16064000,12589342,0,0,0,3474658,,R3決算書p38
2021,2,総務費,2,徴税費,1,税務総務費,2,給料,5634000,5583000,0,0,0,51000,,R3決算書p39
2021,2,総務費,2,徴税費,1,税務総務費,3,職員手当等,2692000,2380371,0,0,0,311629,,R3決算書p39
2021,2,総務費,2,徴税費,1,税務総務費,4,共済費,1769000,1692680,0,0,0,76320,,R3決算書p39
2021,2,総務費,2,徴税費,1,税務総務費,8,旅費,4000,4000,0,0,0,0,,R3決算書p39
2021,2,総務費,2,徴税費,1,税務総務費,10,需用費,56000,55011,0,0,0,989,,R3決算書p39
2021,2,総務費,2,徴税費,1,税務総務費,11,役務費,179000,178281,0,0,0,719,,R3決算書p39
2021,2,総務費,2,徴税費,1,税務総務費,12,委託料,5849000,5819679,0,0,0,29321,,R3決算書p39
2021,2,総務費,2,徴税費,1,税務総務費,13,使用料及び賃借料,1840000,1839130,0,0,0,870,,R3決算書p39
2021,2,総務費,2,徴税費,1,税務総務費,18,負担金補助及び交付金,116000,113449,0,0,0,2551,,R3決算書p39
2021,2,総務費,2,徴税費,2,賦課徴収費,10,需用費,1057000,1056693,0,0,0,307,,R3決算書p40
2021,2,総務費,2,徴税費,2,賦課徴収費,22,償還金利子及び割引料,806000,805168,0,0,0,832,,R3決算書p40
2021,2,総務費,3,戸籍住民基本台帳費,1,戸籍住民基本台帳費,10,需用費,79000,77707,0,0,0,1293,,R3決算書p40
2021,2,総務費,3,戸籍住民基本台帳費,1,戸籍住民基本台帳費,11,役務費,33000,32199,0,0,0,801,,R3決算書p40
2021,2,総務費,3,戸籍住民基本台帳費,1,戸籍住民基本台帳費,12,委託料,13895000,11076340,0,2728000,0,90660,,R3決算書p40
2021,2,総務費,3,戸籍住民基本台帳費,1,戸籍住民基本台帳費,13,使用料及び賃借料,6716000,6715500,0,0,0,500,,R3決算書p40
2021,2,総務費,3,戸籍住民基本台帳費,1,戸籍住民基本台帳費,17,備品購入費,60000,59950,0,0,0,50,,R3決算書p40
2021,2,総務費,3,戸籍住民基本台帳費,1,戸籍住民基本台帳費,18,負担金補助及び交付金,1674000,1673300,0,0,0,700,,R3決算書p41
2021,2,総務費,4,選挙費,1,選挙管理委員会費,1,報酬,76000,71200,0,0,0,4800,,R3決算書p41
2021,2,総務費,4,選挙費,1,選挙管理委員会費,10,需用費,5000,1980,0,0,0,3020,,R3決算書p41
2021,2,総務費,4,選挙費,1,選挙管理委員会費,18,負担金補助及び交付金,5000,5000,0,0,0,0,,R3決算書p41
2021,2,総務費,4,選挙費,8,参議院議員補欠選挙費,1,報酬,794000,787562,0,0,0,6438,,R3決算書p41
2021,2,総務費,4,選挙費,8,参議院議員補欠選挙費,3,職員手当等,1196000,1194582,0,0,0,1418,,R3決算書p41
2021,2,総務費,4,選挙費,8,参議院議員補欠選挙費,10,需用費,1893000,1885684,0,0,0,7316,,R3決算書p42
2021,2,総務費,4,選挙費,8,参議院議員補欠選挙費,11,役務費,52000,51645,0,0,0,355,,R3決算書p42
2021,2,総務費,4,選挙費,8,参議院議員補欠選挙費,12,委託料,114000,113080,0,0,0,920,,R3決算書p42
2021,2,総務費,4,選挙費,9,衆議院議員選挙費,1,報酬,800000,750108,0,0,0,49892,,R3決算書p42
2021,2,総務費,4,選挙費,9,衆議院議員選挙費,3,職員手当等,1170000,1099791,0,0,0,70209,,R3決算書p42
2021,2,総務費,4,選挙費,9,衆議院議員選挙費,10,需用費,1013000,950386,0,0,0,62614,,R3決算書p42
2021,2,総務費,4,選挙費,9,衆議院議員選挙費,11,役務費,30000,28543,0,0,0,1457,,R3決算書p42
2021,2,総務費,4,選挙費,9,衆議院議員選挙費,12,委託料,114000,113080,0,0,0,920,,R3決算書p42
2021,2,総務費,5,統計調査費,2,指定統計調査費,1,報酬,58000,57900,0,0,0,100,,R3決算書p42
2021,2,総務費,5,統計調査費,2,指定統計調査費,8,旅費,2000,1510,0,0,0,490,,R3決算書p42
2021,2,総務費,5,統計調査費,2,指定統計調査費,10,需用費,85000,83893,0,0,0,1107,,R3決算書p42
2021,2,総務費,5,統計調査費,2,指定統計調査費,11,役務費,7000,6482,0,0,0,518,,R3決算書p42
2021,2,総務費,5,統計調査費,2,指定統計調査費,13,使用料及び賃借料,40000,40000,0,0,0,0,,R3決算書p42
2021,2,総務費,6,監査委員費,1,監査委員費,1,報酬,525000,524300,0,0,0,700,,R3決算書p43
2021,2,総務費,6,監査委員費,1,監査委員費,10,需用費,5000,0,0,0,0,5000,,R3決算書p43
2021,2,総務費,6,監査委員費,1,監査委員費,18,負担金補助及び交付金,18000,13400,0,0,0,4600,,R3決算書p43
2021,2,総務費,7,国土調査費,1,地籍調査費,1,報酬,1800000,1800000,0,0,0,0,,R3決算書p43
2021,2,総務費,7,国土調査費,1,地籍調査費,2,給料,6350000,4756259,0,0,0,1593741,,R3決算書p43
2021,2,総務費,7,国土調査費,1,地籍調査費,3,職員手当等,3553000,2608685,0,0,0,944315,,R3決算書p43
2021,2,総務費,7,国土調査費,1,地籍調査費,4,共済費,2058000,1644877,0,0,0,413123,,R3決算書p43
2021,2,総務費,7,国土調査費,1,地籍調査費,10,需用費,948000,896096,0,0,0,51904,,R3決算書p43
2021,2,総務費,7,国土調査費,1,地籍調査費,11,役務費,26000,25550,0,0,0,450,,R3決算書p43
2021,2,総務費,7,国土調査費,1,地籍調査費,12,委託料,13303000,13255935,0,0,0,47065,,R3決算書p43
2021,2,総務費,7,国土調査費,1,地籍調査費,13,使用料及び賃借料,857000,856680,0,0,0,320,,R3決算書p43
2021,2,総務費,7,国土調査費,1,地籍調査費,18,負担金補助及び交付金,57000,55000,0,0,0,2000,,R3決算書p43
2021,3,民生費,1,社会福祉費,1,社会福祉総務費,1,報酬,502000,501600,0,0,0,400,,R3決算書p44
2021,3,民生費,1,社会福祉費,1,社会福祉総務費,2,給料,10620000,10614000,0,0,0,6000,,R3決算書p44
2021,3,民生費,1,社会福祉費,1,社会福祉総務費,3,職員手当等,5367000,5273006,0,0,0,93994,,R3決算書p44
2021,3,民生費,1,社会福祉費,1,社会福祉総務費,4,共済費,2855000,2854712,0,0,0,288,,R3決算書p44
2021,3,民生費,1,社会福祉費,1,社会福祉総務費,7,報償費,2512000,2501640,0,0,0,10360,,R3決算書p44
2021,3,民生費,1,社会福祉費,1,社会福祉総務費,8,旅費,3000,2020,0,0,0,980,,R3決算書p44
2021,3,民生費,1,社会福祉費,1,社会福祉総務費,10,需用費,156000,140391,0,0,0,15609,,R3決算書p44
2021,3,民生費,1,社会福祉費,1,社会福祉総務費,11,役務費,49000,46282,0,0,0,2718,,R3決算書p44
2021,3,民生費,1,社会福祉費,1,社会福祉総務費,12,委託料,640000,639076,0,0,0,924,,R3決算書p44
2021,3,民生費,1,社会福祉費,1,社会福祉総務費,13,使用料及び賃借料,591000,591000,0,0,0,0,,R3決算書p44
2021,3,民生費,1,社会福祉費,1,社会福祉総務費,18,負担金補助及び交付金,32027000,20886214,0,0,0,11140786,,R3決算書p44
2021,3,民生費,1,社会福祉費,1,社会福祉総務費,19,扶助費,4743000,4470036,0,0,0,272964,,R3決算書p44
2021,3,民生費,1,社会福祉費,1,社会福祉総務費,20,貸付金,300000,0,0,0,0,300000,,R3決算書p44
2021,3,民生費,1,社会福祉費,1,社会福祉総務費,26,公課費,5000,5000,0,0,0,0,,R3決算書p44
2021,3,民生費,1,社会福祉費,1,社会福祉総務費,27,繰出金,11145000,11142029,0,0,0,2971,,R3決算書p45
2021,3,民生費,1,社会福祉費,2,老人福祉費,1,報酬,95000,94600,0,0,0,400,,R3決算書p47
2021,3,民生費,1,社会福祉費,2,老人福祉費,7,報償費,105000,105000,0,0,0,0,,R3決算書p47
2021,3,民生費,1,社会福祉費,2,老人福祉費,10,需用費,232000,216792,0,0,0,15208,,R3決算書p47
2021,3,民生費,1,社会福祉費,2,老人福祉費,11,役務費,107000,106380,0,0,0,620,,R3決算書p47
2021,3,民生費,1,社会福祉費,2,老人福祉費,12,委託料,1723000,1721291,0,0,0,1709,,R3決算書p47
2021,3,民生費,1,社会福祉費,2,老人福祉費,18,負担金補助及び交付金,19476000,19396369,0,0,0,79631,,R3決算書p47
2021,3,民生費,1,社会福祉費,2,老人福祉費,19,扶助費,5132000,5092862,0,0,0,39138,,R3決算書p47
2021,3,民生費,1,社会福祉費,2,老人福祉費,22,償還金利子及び割引料,1046000,1046000,0,0,0,0,,R3決算書p47
2021,3,民生費,1,社会福祉費,2,老人福祉費,27,繰出金,34224000,34218985,0,0,0,5015,,R3決算書p47
2021,3,民生費,1,社会福祉費,3,国民年金事務費,2,給料,2634000,2633100,0,0,0,900,,R3決算書p48
2021,3,民生費,1,社会福祉費,3,国民年金事務費,3,職員手当等,1641000,1627112,0,0,0,13888,,R3決算書p48
2021,3,民生費,1,社会福祉費,3,国民年金事務費,4,共済費,867000,803272,0,0,0,63728,,R3決算書p48
2021,3,民生費,1,社会福祉費,3,国民年金事務費,11,役務費,36000,36000,0,0,0,0,,R3決算書p48
2021,3,民生費,1,社会福祉費,4,障害者福祉費,7,報償費,36000,29700,0,0,0,6300,,R3決算書p49
2021,3,民生費,1,社会福祉費,4,障害者福祉費,10,需用費,6000,4883,0,0,0,1117,,R3決算書p49
2021,3,民生費,1,社会福祉費,4,障害者福祉費,12,委託料,574000,571424,0,0,0,2576,,R3決算書p49
2021,3,民生費,1,社会福祉費,4,障害者福祉費,18,負担金補助及び交付金,555000,555000,0,0,0,0,,R3決算書p49
2021,3,民生費,1,社会福祉費,4,障害者福祉費,19,扶助費,61830000,61203625,0,0,0,626375,,R3決算書p49
2021,3,民生費,1,社会福祉費,4,障害者福祉費,22,償還金利子及び割引料,177000,176561,0,0,0,439,,R3決算書p49
2021,3,民生費,1,社会福祉費,7,定住対策費,7,報償費,800000,800000,0,0,0,0,,R3決算書p49
2021,3,民生費,1,社会福祉費,7,定住対策費,18,負担金補助及び交付金,8968000,8968000,0,0,0,0,,R3決算書p49
2021,3,民生費,1,社会福祉費,10,老人福祉施設管理運営費,10,需用費,971000,970332,0,0,0,668,,R3決算書p49
2021,3,民生費,1,社会福祉費,10,老人福祉施設管理運営費,11,役務費,284000,283062,0,0,0,938,,R3決算書p49
2021,3,民生費,1,社会福祉費,10,老人福祉施設管理運営費,12,委託料,31905000,28614400,0,0,0,3290600,,R3決算書p49
2021,3,民生費,1,社会福祉費,10,老人福祉施設管理運営費,13,使用料及び賃借料,602000,601265,0,0,0,735,,R3決算書p50
2021,3,民生費,1,社会福祉費,10,老人福祉施設管理運営費,14,工事請負費,47630000,47630000,0,0,0,0,,R3決算書p50
2021,3,民生費,1,社会福祉費,10,老人福祉施設管理運営費,17,備品購入費,231000,231000,0,0,0,0,,R3決算書p50
2021,3,民生費,1,社会福祉費,13,在宅介護支援センター運営費,10,需用費,360000,337185,0,0,0,22815,,R3決算書p50
2021,3,民生費,1,社会福祉費,13,在宅介護支援センター運営費,11,役務費,89000,88133,0,0,0,867,,R3決算書p50
2021,3,民生費,1,社会福祉費,13,在宅介護支援センター運営費,12,委託料,739000,738298,0,0,0,702,,R3決算書p50
2021,3,民生費,1,社会福祉費,13,在宅介護支援センター運営費,13,使用料及び賃借料,330000,330000,0,0,0,0,,R3決算書p50
2021,3,民生費,1,社会福祉費,13,在宅介護支援センター運営費,17,備品購入費,109000,108900,0,0,0,100,,R3決算書p50
2021,3,民生費,1,社会福祉費,13,在宅介護支援センター運営費,18,負担金補助及び交付金,60000,59540,0,0,0,460,,R3決算書p50
2021,3,民生費,1,社会福祉費,14,授産施設一般管理費,1,報酬,1549000,1518684,0,0,0,30316,,R3決算書p51
2021,3,民生費,1,社会福祉費,14,授産施設一般管理費,2,給料,8848000,8847200,0,0,0,800,,R3決算書p51
2021,3,民生費,1,社会福祉費,14,授産施設一般管理費,3,職員手当等,3941000,3829860,0,0,0,111140,,R3決算書p51
2021,3,民生費,1,社会福祉費,14,授産施設一般管理費,4,共済費,1623000,1622876,0,0,0,124,,R3決算書p51
2021,3,民生費,1,社会福祉費,14,授産施設一般管理費,10,需用費,1392000,1386841,0,0,0,5159,,R3決算書p51
2021,3,民生費,1,社会福祉費,14,授産施設一般管理費,11,役務費,219000,217151,0,0,0,1849,,R3決算書p51
2021,3,民生費,1,社会福祉費,14,授産施設一般管理費,12,委託料,97000,96470,0,0,0,530,,R3決算書p51
2021,3,民生費,1,社会福祉費,14,授産施設一般管理費,13,使用料及び賃借料,494000,492766,0,0,0,1234,,R3決算書p51
2021,3,民生費,1,社会福祉費,14,授産施設一般管理費,17,備品購入費,19000,18030,0,0,0,970,,R3決算書p51
2021,3,民生費,1,社会福祉費,14,授産施設一般管理費,18,負担金補助及び交付金,30000,29300,0,0,0,700,,R3決算書p51
2021,3,民生費,1,社会福祉費,14,授産施設一般管理費,26,公課費,34000,33400,0,0,0,600,,R3決算書p51
2021,3,民生費,1,社会福祉費,15,授産施設業務費,1,報酬,3271000,3270172,0,0,0,828,,R3決算書p52
2021,3,民生費,1,社会福祉費,15,授産施設業務費,10,需用費,125000,122856,0,0,0,2144,,R3決算書p52
2021,3,民生費,1,社会福祉費,15,授産施設業務費,11,役務費,65000,64783,0,0,0,217,,R3決算書p52
2021,3,民生費,1,社会福祉費,15,授産施設業務費,12,委託料,76000,75186,0,0,0,814,,R3決算書p52
2021,3,民生費,1,社会福祉費,15,授産施設業務費,15,原材料費,111000,110611,0,0,0,389,,R3決算書p52
2021,3,民生費,2,児童福祉費,2,児童措置費,10,需用費,21000,18932,0,0,0,2068,,R3決算書p53
2021,3,民生費,2,児童福祉費,2,児童措置費,11,役務費,7000,6384,0,0,0,616,,R3決算書p53
2021,3,民生費,2,児童福祉費,2,児童措置費,12,委託料,1711000,1710500,0,0,0,500,,R3決算書p53
2021,3,民生費,2,児童福祉費,2,児童措置費,18,負担金補助及び交付金,2000000,1850000,0,0,0,150000,,R3決算書p53
2021,3,民生費,2,児童福祉費,2,児童措置費,19,扶助費,23293000,23253000,0,0,0,40000,,R3決算書p53
2021,3,民生費,2,児童福祉費,2,児童措置費,22,償還金利子及び割引料,260000,260000,0,0,0,0,,R3決算書p53
2021,3,民生費,2,児童福祉費,5,保育所費,1,報酬,4729000,3814748,0,0,0,914252,,R3決算書p54
2021,3,民生費,2,児童福祉費,5,保育所費,2,給料,16705000,15818660,0,0,0,886340,,R3決算書p54
2021,3,民生費,2,児童福祉費,5,保育所費,3,職員手当等,9529000,8172954,0,0,0,1356046,,R3決算書p54
2021,3,民生費,2,児童福祉費,5,保育所費,4,共済費,5143000,4783076,0,0,0,359924,,R3決算書p54
2021,3,民生費,2,児童福祉費,5,保育所費,7,報償費,130000,130000,0,0,0,0,,R3決算書p54
2021,3,民生費,2,児童福祉費,5,保育所費,8,旅費,11000,7200,0,0,0,3800,,R3決算書p54
2021,3,民生費,2,児童福祉費,5,保育所費,10,需用費,5459000,4960331,0,0,0,498669,,R3決算書p54
2021,3,民生費,2,児童福祉費,5,保育所費,11,役務費,475000,472073,0,0,0,2927,,R3決算書p54
2021,3,民生費,2,児童福祉費,5,保育所費,12,委託料,289000,260491,0,0,0,28509,,R3決算書p54
2021,3,民生費,2,児童福祉費,5,保育所費,13,使用料及び賃借料,504000,492240,0,0,0,11760,,R3決算書p54
2021,3,民生費,2,児童福祉費,5,保育所費,18,負担金補助及び交付金,3335000,3319728,0,0,0,15272,,R3決算書p54
2021,3,民生費,2,児童福祉費,7,児童クラブ運営費,8,旅費,48000,47760,0,0,0,240,,R3決算書p55
2021,3,民生費,2,児童福祉費,7,児童クラブ運営費,12,委託料,2820000,2820000,0,0,0,0,,R3決算書p55
2021,3,民生費,2,児童福祉費,7,児童クラブ運営費,18,負担金補助及び交付金,2000,2000,0,0,0,0,,R3決算書p55
2021,3,民生費,2,児童福祉費,8,通学合宿事業費,1,報酬,23000,23000,0,0,0,0,,R3決算書p55
2021,6,農林水産業費,1,農業費,1,農業委員会費,1,報酬,2815000,2752600,0,0,0,62400,,R3決算書p62
2021,6,農林水産業費,1,農業費,1,農業委員会費,8,旅費,50000,49440,0,0,0,560,,R3決算書p62
2021,6,農林水産業費,1,農業費,1,農業委員会費,10,需用費,36000,35210,0,0,0,790,,R3決算書p62
2021,6,農林水産業費,1,農業費,1,農業委員会費,11,役務費,13000,12069,0,0,0,931,,R3決算書p62
2021,6,農林水産業費,1,農業費,1,農業委員会費,18,負担金補助及び交付金,58000,57500,0,0,0,500,,R3決算書p62
2021,6,農林水産業費,1,農業費,2,農業総務費,2,給料,9661000,9609900,0,0,0,51100,,R3決算書p62
2021,6,農林水産業費,1,農業費,2,農業総務費,3,職員手当等,4479000,4273446,0,0,0,205554,,R3決算書p62
2021,6,農林水産業費,1,農業費,2,農業総務費,4,共済費,3009000,2956105,0,0,0,52895,,R3決算書p62
2021,6,農林水産業費,1,農業費,2,農業総務費,8,旅費,19000,18000,0,0,0,1000,,R3決算書p63
2021,6,農林水産業費,1,農業費,2,農業総務費,10,需用費,118000,116058,0,0,0,1942,,R3決算書p63
2021,6,農林水産業費,1,農業費,2,農業総務費,11,役務費,30000,29580,0,0,0,420,,R3決算書p63
2021,6,農林水産業費,1,農業費,2,農業総務費,13,使用料及び賃借料,2000,1900,0,0,0,100,,R3決算書p63
2021,6,農林水産業費,1,農業費,2,農業総務費,17,備品購入費,1590000,1590000,0,0,0,0,,R3決算書p63
2021,6,農林水産業費,1,農業費,2,農業総務費,18,負担金補助及び交付金,44000,41762,0,0,0,2238,,R3決算書p63
2021,6,農林水産業費,1,農業費,3,農業振興費,1,報酬,750000,749700,0,0,0,300,,R3決算書p63
2021,6,農林水産業費,1,農業費,3,農業振興費,7,報償費,1678000,1495000,0,0,0,183000,,R3決算書p63
2021,6,農林水産業費,1,農業費,3,農業振興費,10,需用費,3005000,2982454,0,0,0,22546,,R3決算書p63
2021,6,農林水産業費,1,農業費,3,農業振興費,11,役務費,843000,832991,0,0,0,10009,,R3決算書p63
2021,6,農林水産業費,1,農業費,3,農業振興費,12,委託料,2021000,2011072,0,0,0,9928,,R3決算書p63
2021,6,農林水産業費,1,農業費,3,農業振興費,13,使用料及び賃借料,264000,263905,0,0,0,95,,R3決算書p63
2021,6,農林水産業費,1,農業費,3,農業振興費,14,工事請負費,37861000,36614190,0,902000,0,344810,,R3決算書p64
2021,6,農林水産業費,1,農業費,3,農業振興費,17,備品購入費,1237000,1188739,0,0,0,48261,,R3決算書p64
2021,6,農林水産業費,1,農業費,3,農業振興費,18,負担金補助及び交付金,7116000,6646439,0,0,0,469561,,R3決算書p64
2021,6,農林水産業費,1,農業費,3,農業振興費,21,補償補填及び賠償金,215000,214170,0,0,0,830,,R3決算書p64
2021,6,農林水産業費,1,農業費,4,畜産業費,10,需用費,200000,199594,0,0,0,406,,R3決算書p65
2021,6,農林水産業費,1,農業費,4,畜産業費,12,委託料,1040000,1040000,0,0,0,0,,R3決算書p65
2021,6,農林水産業費,1,農業費,5,畜産振興費,10,需用費,19000,18400,0,0,0,600,,R3決算書p65
2021,6,農林水産業費,1,農業費,5,畜産振興費,14,工事請負費,3000000,0,0,2970000,0,30000,,R3決算書p65
2021,6,農林水産業費,1,農業費,6,農地費,1,報酬,746000,746000,0,0,0,0,,R3決算書p65
2021,6,農林水産業費,1,農業費,6,農地費,12,委託料,1254000,1254000,0,0,0,0,,R3決算書p66
2021,6,農林水産業費,1,農業費,6,農地費,14,工事請負費,724000,723250,0,0,0,750,,R3決算書p66
2021,6,農林水産業費,1,農業費,6,農地費,15,原材料費,643000,634964,0,0,0,8036,,R3決算書p66
2021,6,農林水産業費,1,農業費,6,農地費,18,負担金補助及び交付金,989000,985200,0,0,0,3800,,R3決算書p66
2021,6,農林水産業費,1,農業費,7,農業振興地域整備促進事業費,1,報酬,35000,34400,0,0,0,600,,R3決算書p66
2021,6,農林水産業費,1,農業費,20,地域おこし協力隊事業,1,報酬,2700000,2700000,0,0,0,0,,R3決算書p66
2021,6,農林水産業費,1,農業費,20,地域おこし協力隊事業,10,需用費,308000,304970,0,0,0,3030,,R3決算書p66
2021,6,農林水産業費,1,農業費,20,地域おこし協力隊事業,11,役務費,15000,14990,0,0,0,10,,R3決算書p66
2021,6,農林水産業費,1,農業費,20,地域おこし協力隊事業,13,使用料及び賃借料,828000,827472,0,0,0,528,,R3決算書p66
2021,6,農林水産業費,1,農業費,20,地域おこし協力隊事業,17,備品購入費,130000,127600,0,0,0,2400,,R3決算書p66
2021,6,農林水産業費,1,農業費,20,地域おこし協力隊事業,18,負担金補助及び交付金,10000,10000,0,0,0,0,,R3決算書p66
2021,6,農林水産業費,1,農業費,21,日本型直接支払事業,1,報酬,177000,177000,0,0,0,0,,R3決算書p67
2021,6,農林水産業費,1,農業費,21,日本型直接支払事業,18,負担金補助及び交付金,4544000,4133293,0,0,0,410707,,R3決算書p67
2021,6,農林水産業費,2,林業費,1,林業総務費,1,報酬,10000,9400,0,0,0,600,,R3決算書p67
2021,6,農林水産業費,2,林業費,1,林業総務費,2,給料,4435000,4434600,0,0,0,400,,R3決算書p67
2021,6,農林水産業費,2,林業費,1,林業総務費,3,職員手当等,2330000,2328498,0,0,0,1502,,R3決算書p67
2021,6,農林水産業費,2,林業費,1,林業総務費,4,共済費,1431000,1430972,0,0,0,28,,R3決算書p67
2021,6,農林水産業費,2,林業費,1,林業総務費,12,委託料,1309000,99000,0,1210000,0,0,,R3決算書p67
2021,6,農林水産業費,2,林業費,1,林業総務費,18,負担金補助及び交付金,1509000,1422535,0,0,0,86465,,R3決算書p67
2021,6,農林水産業費,2,林業費,2,林業振興費,1,報酬,135000,134000,0,0,0,1000,,R3決算書p67
2021,6,農林水産業費,2,林業費,2,林業振興費,7,報償費,9718000,9717950,0,0,0,50,,R3決算書p68
2021,6,農林水産業費,2,林業費,2,林業振興費,10,需用費,576000,573552,0,0,0,2448,,R3決算書p68
2021,6,農林水産業費,2,林業費,2,林業振興費,11,役務費,212000,207544,0,0,0,4456,,R3決算書p68
2021,6,農林水産業費,2,林業費,2,林業振興費,12,委託料,1847000,1845800,0,0,0,1200,,R3決算書p68
2021,6,農林水産業費,2,林業費,2,林業振興費,14,工事請負費,2833000,2831400,0,0,0,1600,,R3決算書p68
2021,6,農林水産業費,2,林業費,2,林業振興費,16,公有財産購入費,59000,58005,0,0,0,995,,R3決算書p68
2021,6,農林水産業費,2,林業費,2,林業振興費,17,備品購入費,248000,247500,0,0,0,500,,R3決算書p68
2021,6,農林水産業費,2,林業費,2,林業振興費,18,負担金補助及び交付金,301000,300100,0,0,0,900,,R3決算書p68
2021,6,農林水産業費,2,林業費,2,林業振興費,21,補償補填及び賠償金,30000,22777,0,0,0,7223,,R3決算書p68
2021,6,農林水産業費,2,林業費,3,林道費,10,需用費,215000,213663,0,0,0,1337,,R3決算書p69
2021,6,農林水産業費,2,林業費,3,林道費,11,役務費,26000,25550,0,0,0,450,,R3決算書p69
2021,6,農林水産業費,2,林業費,3,林道費,12,委託料,7404000,6852200,0,528000,0,23800,,R3決算書p69
2021,6,農林水産業費,2,林業費,3,林道費,14,工事請負費,81393000,58428102,0,19239000,0,3725898,,R3決算書p69
2021,6,農林水産業費,2,林業費,4,造林費,14,工事請負費,2090000,2090000,0,0,0,0,,R3決算書p69
2021,6,農林水産業費,2,林業費,4,造林費,18,負担金補助及び交付金,5700000,5665432,0,0,0,34568,,R3決算書p70
2021,6,農林水産業費,2,林業費,6,森林整備センター受託事業費,12,委託料,477000,476300,0,0,0,700,,R3決算書p70
2021,6,農林水産業費,2,林業費,10,森林環境譲与税活用費,11,役務費,7000,6538,0,0,0,462,,R3決算書p70
2021,6,農林水産業費,2,林業費,10,森林環境譲与税活用費,12,委託料,4330000,594000,0,3410000,0,326000,,R3決算書p70
2021,6,農林水産業費,2,林業費,10,森林環境譲与税活用費,14,工事請負費,3729000,3729000,0,0,0,0,,R3決算書p70
2021,7,商工費,1,商工費,1,商工総務費,2,給料,3404000,3403200,0,0,0,800,,R3決算書p70
2021,7,商工費,1,商工費,1,商工総務費,3,職員手当等,2252000,2204150,0,0,0,47850,,R3決算書p70
2021,7,商工費,1,商工費,1,商工総務費,4,共済費,1125000,1088799,0,0,0,36201,,R3決算書p70
2021,7,商工費,1,商工費,1,商工総務費,18,負担金補助及び交付金,463000,462700,0,0,0,300,,R3決算書p70
2021,7,商工費,1,商工費,2,商工振興費,10,需用費,130000,105735,0,0,0,24265,,R3決算書p70
2021,7,商工費,1,商工費,2,商工振興費,11,役務費,19000,0,0,0,0,19000,,R3決算書p71
2021,7,商工費,1,商工費,2,商工振興費,13,使用料及び賃借料,212000,211824,0,0,0,176,,R3決算書p71
2021,7,商工費,1,商工費,2,商工振興費,18,負担金補助及び交付金,40825000,38388467,0,0,0,2436533,,R3決算書p71
2021,7,商工費,1,商工費,2,商工振興費,21,補償補填及び賠償金,950000,913847,0,0,0,36153,,R3決算書p71
2021,7,商工費,1,商工費,3,観光費,1,報酬,995000,881500,0,0,0,113500,,R3決算書p71
2021,7,商工費,1,商工費,3,観光費,4,共済費,37000,36170,0,0,0,830,,R3決算書p71
2021,7,商工費,1,商工費,3,観光費,7,報償費,514000,513400,0,0,0,600,,R3決算書p71
2021,7,商工費,1,商工費,3,観光費,8,旅費,27000,14680,0,0,0,12320,,R3決算書p71
2021,7,商工費,1,商工費,3,観光費,10,需用費,10171000,9761870,0,0,0,409130,,R3決算書p71
2021,7,商工費,1,商工費,3,観光費,11,役務費,1805000,806184,0,0,0,998816,,R3決算書p71
2021,7,商工費,1,商工費,3,観光費,12,委託料,6356000,3200540,0,1485000,0,1670460,,R3決算書p71
2021,7,商工費,1,商工費,3,観光費,13,使用料及び賃借料,1136000,1114475,0,0,0,21525,,R3決算書p71
2021,7,商工費,1,商工費,3,観光費,14,工事請負費,20664000,7968400,0,5500000,0,7195600,,R3決算書p71
2021,7,商工費,1,商工費,3,観光費,17,備品購入費,414000,255200,0,109000,0,49800,,R3決算書p71
2021,7,商工費,1,商工費,3,観光費,18,負担金補助及び交付金,5274000,5061940,0,0,0,212060,,R3決算書p71
2021,7,商工費,1,商工費,4,地域おこし協力隊事業,1,報酬,4950000,4950000,0,0,0,0,,R3決算書p73
2021,7,商工費,1,商工費,4,地域おこし協力隊事業,3,職員手当等,24000,24000,0,0,0,0,,R3決算書p73
2021,7,商工費,1,商工費,4,地域おこし協力隊事業,8,旅費,2000,2000,0,0,0,0,,R3決算書p73
2021,7,商工費,1,商工費,4,地域おこし協力隊事業,10,需用費,697000,677511,0,0,0,19489,,R3決算書p73
2021,7,商工費,1,商工費,4,地域おこし協力隊事業,11,役務費,48000,47471,0,0,0,529,,R3決算書p73
2021,7,商工費,1,商工費,4,地域おこし協力隊事業,13,使用料及び賃借料,1905000,1834942,0,0,0,70058,,R3決算書p73
2021,7,商工費,1,商工費,4,地域おこし協力隊事業,18,負担金補助及び交付金,3000,3000,0,0,0,0,,R3決算書p73
2021,10,教育費,1,教育総務費,1,教育委員会費,1,報酬,624000,624000,0,0,0,0,,R3決算書p80
2021,10,教育費,1,教育総務費,1,教育委員会費,8,旅費,4000,3240,0,0,0,760,,R3決算書p80
2021,10,教育費,1,教育総務費,1,教育委員会費,18,負担金補助及び交付金,123000,121560,0,0,0,1440,,R3決算書p80
2021,10,教育費,1,教育総務費,2,事務局費,1,報酬,1155000,1115535,0,0,0,39465,,R3決算書p80
2021,10,教育費,1,教育総務費,2,事務局費,2,給料,11856000,11797600,0,0,0,58400,,R3決算書p80
2021,10,教育費,1,教育総務費,2,事務局費,3,職員手当等,5058000,3697907,0,0,0,1360093,,R3決算書p81
2021,10,教育費,1,教育総務費,2,事務局費,4,共済費,3436458,3089386,0,0,0,347072,,R3決算書p81
2021,10,教育費,1,教育総務費,2,事務局費,10,需用費,1438000,1391335,0,0,0,46665,,R3決算書p81
2021,10,教育費,1,教育総務費,2,事務局費,11,役務費,89000,85765,0,0,0,3235,,R3決算書p81
2021,10,教育費,1,教育総務費,2,事務局費,12,委託料,271542,269500,0,0,0,2042,,R3決算書p81
2021,10,教育費,1,教育総務費,2,事務局費,13,使用料及び賃借料,2733000,2713033,0,0,0,19967,,R3決算書p81
2021,10,教育費,1,教育総務費,2,事務局費,17,備品購入費,46000,45100,0,0,0,900,,R3決算書p81
2021,10,教育費,1,教育総務費,2,事務局費,18,負担金補助及び交付金,204000,202436,0,0,0,1564,,R3決算書p81
2021,10,教育費,1,教育総務費,4,文化財保存費,1,報酬,39000,38700,0,0,0,300,,R3決算書p82
2021,10,教育費,1,教育総務費,4,文化財保存費,7,報償費,248000,162318,0,0,0,85682,,R3決算書p82
2021,10,教育費,1,教育総務費,4,文化財保存費,8,旅費,39000,38060,0,0,0,940,,R3決算書p82
2021,10,教育費,1,教育総務費,4,文化財保存費,10,需用費,2756000,2632451,0,0,0,123549,,R3決算書p82
2021,10,教育費,1,教育総務費,4,文化財保存費,11,役務費,155000,151442,0,0,0,3558,,R3決算書p82
2021,10,教育費,1,教育総務費,4,文化財保存費,12,委託料,2420000,2394693,0,0,0,25307,,R3決算書p82
2021,10,教育費,1,教育総務費,4,文化財保存費,14,工事請負費,10943000,10169500,0,0,0,773500,,R3決算書p82
2021,10,教育費,1,教育総務費,4,文化財保存費,18,負担金補助及び交付金,2151000,1273000,0,849000,0,29000,,R3決算書p82
2021,10,教育費,1,教育総務費,6,文化施設費,1,報酬,3117000,3114969,0,0,0,2031,,R3決算書p83
2021,10,教育費,1,教育総務費,6,文化施設費,3,職員手当等,478000,477506,0,0,0,494,,R3決算書p83
2021,10,教育費,1,教育総務費,6,文化施設費,8,旅費,84000,35760,0,0,0,48240,,R3決算書p83
2021,10,教育費,1,教育総務費,6,文化施設費,10,需用費,2866000,2807175,0,0,0,58825,,R3決算書p83
2021,10,教育費,1,教育総務費,6,文化施設費,11,役務費,743000,736553,0,0,0,6447,,R3決算書p83
2021,10,教育費,1,教育総務費,6,文化施設費,12,委託料,12002000,10709400,0,1210000,0,82600,,R3決算書p83
2021,10,教育費,1,教育総務費,6,文化施設費,13,使用料及び賃借料,91000,88783,0,0,0,2217,,R3決算書p83
2021,10,教育費,1,教育総務費,6,文化施設費,14,工事請負費,190850000,176689700,0,13880000,0,280300,,R3決算書p83
2021,10,教育費,1,教育総務費,6,文化施設費,17,備品購入費,3632000,3630160,0,0,0,1840,,R3決算書p84
2021,10,教育費,1,教育総務費,6,文化施設費,18,負担金補助及び交付金,239000,239000,0,0,0,0,,R3決算書p84
2021,10,教育費,1,教育総務費,8,新型コロナウイルス感染症対策費,10,需用費,61000,60080,0,0,0,920,,R3決算書p85
2021,10,教育費,1,教育総務費,8,新型コロナウイルス感染症対策費,18,負担金補助及び交付金,120000,120000,0,0,0,0,,R3決算書p85
2021,10,教育費,2,小学校費,1,学校管理費,1,報酬,5294000,4463619,0,0,0,830381,,R3決算書p85
2021,10,教育費,2,小学校費,1,学校管理費,3,職員手当等,1221000,1141612,0,0,0,79388,,R3決算書p85
2021,10,教育費,2,小学校費,1,学校管理費,7,報償費,387000,386700,0,0,0,300,,R3決算書p85
2021,10,教育費,2,小学校費,1,学校管理費,8,旅費,4000,2460,0,0,0,1540,,R3決算書p85
2021,10,教育費,2,小学校費,1,学校管理費,10,需用費,6001000,5973945,0,0,0,27055,,R3決算書p85
2021,10,教育費,2,小学校費,1,学校管理費,11,役務費,775000,747455,0,0,0,27545,,R3決算書p85
2021,10,教育費,2,小学校費,1,学校管理費,12,委託料,6187000,6112023,0,0,0,74977,,R3決算書p85
2021,10,教育費,2,小学校費,1,学校管理費,13,使用料及び賃借料,5273000,5229745,0,0,0,43255,,R3決算書p85
2021,10,教育費,2,小学校費,1,学校管理費,14,工事請負費,7524000,7524000,0,0,0,0,,R3決算書p85
2021,10,教育費,2,小学校費,1,学校管理費,15,原材料費,6000,5033,0,0,0,967,,R3決算書p85
2021,10,教育費,2,小学校費,1,学校管理費,17,備品購入費,826000,763240,0,0,0,62760,,R3決算書p85
2021,10,教育費,2,小学校費,1,学校管理費,18,負担金補助及び交付金,118000,109850,0,0,0,8150,,R3決算書p85
2021,10,教育費,2,小学校費,1,学校管理費,26,公課費,41000,41000,0,0,0,0,,R3決算書p85
2021,10,教育費,2,小学校費,2,教育振興費,7,報償費,492000,490322,0,0,0,1678,,R3決算書p88
2021,10,教育費,2,小学校費,2,教育振興費,10,需用費,1190000,1162191,0,0,0,27809,,R3決算書p88
2021,10,教育費,2,小学校費,2,教育振興費,11,役務費,127000,119675,0,0,0,7325,,R3決算書p88
2021,10,教育費,2,小学校費,2,教育振興費,17,備品購入費,215000,204984,0,0,0,10016,,R3決算書p88
2021,10,教育費,2,小学校費,2,教育振興費,19,扶助費,1227000,1224160,0,0,0,2840,,R3決算書p88
2021,10,教育費,3,中学校費,1,学校管理費,1,報酬,194000,191250,0,0,0,2750,,R3決算書p88
2021,10,教育費,3,中学校費,1,学校管理費,7,報償費,331000,330300,0,0,0,700,,R3決算書p88
2021,10,教育費,3,中学校費,1,学校管理費,10,需用費,5603000,5144944,0,0,0,458056,,R3決算書p88
2021,10,教育費,3,中学校費,1,学校管理費,11,役務費,457000,428507,0,0,0,28493,,R3決算書p88
2021,10,教育費,3,中学校費,1,学校管理費,12,委託料,7185000,7079910,0,0,0,105090,,R3決算書p88
2021,10,教育費,3,中学校費,1,学校管理費,13,使用料及び賃借料,2867000,2586481,0,0,0,280519,,R3決算書p88
2021,10,教育費,3,中学校費,1,学校管理費,14,工事請負費,17001000,16995000,0,0,0,6000,,R3決算書p88
2021,10,教育費,3,中学校費,1,学校管理費,15,原材料費,1000,0,0,0,0,1000,,R3決算書p88
2021,10,教育費,3,中学校費,1,学校管理費,17,備品購入費,536000,517962,0,0,0,18038,,R3決算書p89
2021,10,教育費,3,中学校費,1,学校管理費,18,負担金補助及び交付金,93000,84586,0,0,0,8414,,R3決算書p89
2021,10,教育費,3,中学校費,2,教育振興費,7,報償費,70000,65050,0,0,0,4950,,R3決算書p90
2021,10,教育費,3,中学校費,2,教育振興費,10,需用費,1897000,1708123,0,0,0,188877,,R3決算書p90
2021,10,教育費,3,中学校費,2,教育振興費,11,役務費,85000,81255,0,0,0,3745,,R3決算書p90
2021,10,教育費,3,中学校費,2,教育振興費,17,備品購入費,180000,162250,0,0,0,17750,,R3決算書p90
2021,10,教育費,3,中学校費,2,教育振興費,19,扶助費,172000,171820,0,0,0,180,,R3決算書p90
2021,10,教育費,4,社会教育費,1,社会教育総務費,1,報酬,59000,53600,0,0,0,5400,,R3決算書p91
2021,10,教育費,4,社会教育費,1,社会教育総務費,2,給料,3284000,3283500,0,0,0,500,,R3決算書p91
2021,10,教育費,4,社会教育費,1,社会教育総務費,3,職員手当等,2673000,2644073,0,0,0,28927,,R3決算書p91
2021,10,教育費,4,社会教育費,1,社会教育総務費,4,共済費,1141000,1110720,0,0,0,30280,,R3決算書p91
2021,10,教育費,4,社会教育費,1,社会教育総務費,8,旅費,1000,1000,0,0,0,0,,R3決算書p91
2021,10,教育費,4,社会教育費,1,社会教育総務費,18,負担金補助及び交付金,1000,1000,0,0,0,0,,R3決算書p91
2021,10,教育費,4,社会教育費,2,公民館費,1,報酬,1423000,1363500,0,0,0,59500,,R3決算書p91
2021,10,教育費,4,社会教育費,2,公民館費,7,報償費,388000,357020,0,0,0,30980,,R3決算書p91
2021,10,教育費,4,社会教育費,2,公民館費,8,旅費,9000,8940,0,0,0,60,,R3決算書p91
2021,10,教育費,4,社会教育費,2,公民館費,10,需用費,6054000,5793825,0,0,0,260175,,R3決算書p91
2021,10,教育費,4,社会教育費,2,公民館費,11,役務費,913000,879164,0,0,0,33836,,R3決算書p91
2021,10,教育費,4,社会教育費,2,公民館費,12,委託料,980000,920615,0,0,0,59385,,R3決算書p92
2021,10,教育費,4,社会教育費,2,公民館費,13,使用料及び賃借料,839000,810592,0,0,0,28408,,R3決算書p92
2021,10,教育費,4,社会教育費,2,公民館費,14,工事請負費,2500000,2478300,0,0,0,21700,,R3決算書p92
2021,10,教育費,4,社会教育費,2,公民館費,17,備品購入費,264000,237600,0,0,0,26400,,R3決算書p92
2021,10,教育費,4,社会教育費,2,公民館費,18,負担金補助及び交付金,393000,389600,0,0,0,3400,,R3決算書p92
2021,10,教育費,5,保健体育費,1,保健体育総務費,1,報酬,5000,4300,0,0,0,700,,R3決算書p93
2021,10,教育費,5,保健体育費,1,保健体育総務費,7,報償費,111000,100000,0,0,0,11000,,R3決算書p93
2021,10,教育費,5,保健体育費,1,保健体育総務費,10,需用費,646000,627551,0,0,0,18449,,R3決算書p93
2021,10,教育費,5,保健体育費,1,保健体育総務費,18,負担金補助及び交付金,233000,232500,0,0,0,500,,R3決算書p93
2021,10,教育費,5,保健体育費,2,学校給食運営費,1,報酬,3747000,3746140,0,0,0,860,,R3決算書p93
2021,10,教育費,5,保健体育費,2,学校給食運営費,3,職員手当等,921000,920096,0,0,0,904,,R3決算書p93
2021,10,教育費,5,保健体育費,2,学校給食運営費,10,需用費,2307000,2090604,0,0,0,216396,,R3決算書p93
2021,10,教育費,5,保健体育費,2,学校給食運営費,11,役務費,323000,302633,0,0,0,20367,,R3決算書p93
2021,10,教育費,5,保健体育費,2,学校給食運営費,12,委託料,246000,225720,0,0,0,20280,,R3決算書p93
2021,10,教育費,5,保健体育費,2,学校給食運営費,13,使用料及び賃借料,114000,113520,0,0,0,480,,R3決算書p94
2021,10,教育費,5,保健体育費,2,学校給食運営費,14,工事請負費,2385000,2310000,0,0,0,75000,,R3決算書p94
2021,10,教育費,5,保健体育費,2,学校給食運営費,17,備品購入費,35000,31790,0,0,0,3210,,R3決算書p94
2021,10,教育費,5,保健体育費,2,学校給食運営費,18,負担金補助及び交付金,3733000,3572462,0,0,0,160538,,R3決算書p94
2021,10,教育費,5,保健体育費,2,学校給食運営費,26,公課費,7000,6600,0,0,0,400,,R3決算書p94
2021,10,教育費,5,保健体育費,4,体育施設管理費,7,報償費,76000,68850,0,0,0,7150,,R3決算書p95
2021,10,教育費,5,保健体育費,4,体育施設管理費,10,需用費,2175000,2037034,0,0,0,137966,,R3決算書p95
2021,10,教育費,5,保健体育費,4,体育施設管理費,11,役務費,92000,91082,0,0,0,918,,R3決算書p95
2021,10,教育費,5,保健体育費,4,体育施設管理費,12,委託料,165000,121000,0,0,0,44000,,R3決算書p95
2021,10,教育費,5,保健体育費,4,体育施設管理費,14,工事請負費,363000,363000,0,0,0,0,,R3決算書p95
2021,10,教育費,5,保健体育費,4,体育施設管理費,17,備品購入費,102000,92400,0,0,0,9600,,R3決算書p95
2021,12,公債費,1,公債費,1,元金,22,償還金利子及び割引料,192280000,192211513,0,0,0,68487,,R3決算書p96
2021,12,公債費,1,公債費,2,利子,22,償還金利子及び割引料,5050000,2439913,0,0,0,2610087,,R3決算書p97
2021,13,諸支出金,1,基金費,1,財政調整基金費,24,積立金,20307000,20306805,0,0,0,195,,R3決算書p97
2021,13,諸支出金,1,基金費,2,減債基金費,24,積立金,1198000,1197728,0,0,0,272,,R3決算書p97
2021,13,諸支出金,1,基金費,3,公共施設等整備基金費,24,積立金,87833000,87832708,0,0,0,292,,R3決算書p97
2021,13,諸支出金,1,基金費,4,文教施設整備基金費,24,積立金,40000,39167,0,0,0,833,,R3決算書p97
2021,13,諸支出金,1,基金費,5,ふるさとづくり基金費,24,積立金,83770000,83769402,0,0,0,598,,R3決算書p97
2021,13,諸支出金,1,基金費,6,高齢者福祉基金費,24,積立金,51000,50884,0,0,0,116,,R3決算書p97
2021,13,諸支出金,1,基金費,14,森林環境譲与税基金,24,積立金,11608000,11608000,0,0,0,0,,R3決算書p97
2022,2,総務費,1,総務管理費,1,一般管理費,1,報酬,601000,551900,0,0,0,49100,,R4決算書p29
2022,2,総務費,1,総務管理費,1,一般管理費,2,給料,45193000,45193000,0,0,0,0,,R4決算書p29
2022,2,総務費,1,総務管理費,1,一般管理費,3,職員手当等,51140000,50402882,0,0,0,737118,,R4決算書p29
2022,2,総務費,1,総務管理費,1,一般管理費,4,共済費,21593000,21156457,0,0,0,436543,,R4決算書p29
2022,2,総務費,1,総務管理費,1,一般管理費,7,報償費,90000,71300,0,0,0,18700,,R4決算書p29
2022,2,総務費,1,総務管理費,1,一般管理費,8,旅費,200000,193720,0,0,0,6280,,R4決算書p29
2022,2,総務費,1,総務管理費,1,一般管理費,9,交際費,500000,217540,0,0,0,282460,,R4決算書p29
2022,2,総務費,1,総務管理費,1,一般管理費,10,需用費,6968000,5978720,0,0,0,989280,,R4決算書p29
2022,2,総務費,1,総務管理費,1,一般管理費,11,役務費,909000,783135,0,0,0,125865,,R4決算書p29
2022,2,総務費,1,総務管理費,1,一般管理費,12,委託料,2726000,2716042,0,0,0,9958,,R4決算書p29
2022,2,総務費,1,総務管理費,1,一般管理費,13,使用料及び賃借料,4571000,3421533,0,0,0,1149467,,R4決算書p29
2022,2,総務費,1,総務管理費,1,一般管理費,18,負担金補助及び交付金,20216000,16005316,0,0,0,4210684,,R4決算書p29
2022,2,総務費,1,総務管理費,1,一般管理費,26,公課費,70000,49900,0,0,0,20100,,R4決算書p29
2022,2,総務費,1,総務管理費,2,文書広報費,1,報酬,247000,226500,0,0,0,20500,,R4決算書p32
2022,2,総務費,1,総務管理費,2,文書広報費,10,需用費,2840000,2687131,0,0,0,152869,,R4決算書p32
2022,2,総務費,1,総務管理費,2,文書広報費,11,役務費,1631000,1599007,0,0,0,31993,,R4決算書p32
2022,2,総務費,1,総務管理費,2,文書広報費,12,委託料,1717000,1702028,0,0,0,14972,,R4決算書p32
2022,2,総務費,1,総務管理費,2,文書広報費,14,工事請負費,12665000,12639000,0,0,0,26000,,R4決算書p32
2022,2,総務費,1,総務管理費,3,財政管理費,12,委託料,8228000,8228000,0,0,0,0,,R4決算書p33
2022,2,総務費,1,総務管理費,5,財産管理費,10,需用費,11388000,10553100,0,0,0,834900,,R4決算書p33
2022,2,総務費,1,総務管理費,5,財産管理費,11,役務費,1251000,1188444,0,0,0,62556,,R4決算書p33
2022,2,総務費,1,総務管理費,5,財産管理費,12,委託料,1266000,830470,0,0,0,435530,,R4決算書p33
2022,2,総務費,1,総務管理費,5,財産管理費,13,使用料及び賃借料,3013000,2998720,0,0,0,14280,,R4決算書p33
2022,2,総務費,1,総務管理費,5,財産管理費,14,工事請負費,20674000,19404000,0,0,0,1270000,,R4決算書p33
2022,2,総務費,1,総務管理費,5,財産管理費,17,備品購入費,10285000,10195240,0,0,0,89760,,R4決算書p33
2022,2,総務費,1,総務管理費,6,企画費,1,報酬,5732000,5435748,0,0,0,296252,,R4決算書p34
2022,2,総務費,1,総務管理費,6,企画費,3,職員手当等,56000,55579,0,0,0,421,,R4決算書p34
2022,2,総務費,1,総務管理費,6,企画費,4,共済費,3158000,2873833,0,0,0,284167,,R4決算書p34
2022,2,総務費,1,総務管理費,6,企画費,7,報償費,172000,172000,0,0,0,0,,R4決算書p34
2022,2,総務費,1,総務管理費,6,企画費,8,旅費,503000,488710,0,0,0,14290,,R4決算書p34
2022,2,総務費,1,総務管理費,6,企画費,10,需用費,2817000,2597138,0,0,0,219862,,R4決算書p34
2022,2,総務費,1,総務管理費,6,企画費,11,役務費,204000,187588,0,0,0,16412,,R4決算書p34
2022,2,総務費,1,総務管理費,6,企画費,12,委託料,6352000,6000798,0,0,0,351202,,R4決算書p34
2022,2,総務費,1,総務管理費,6,企画費,13,使用料及び賃借料,891000,869558,0,0,0,21442,,R4決算書p34
2022,2,総務費,1,総務管理費,6,企画費,14,工事請負費,1320000,1320000,0,0,0,0,,R4決算書p34
2022,2,総務費,1,総務管理費,6,企画費,15,原材料費,100000,98800,0,0,0,1200,,R4決算書p35
2022,2,総務費,1,総務管理費,6,企画費,17,備品購入費,2559000,2502000,0,0,0,57000,,R4決算書p35
2022,2,総務費,1,総務管理費,6,企画費,18,負担金補助及び交付金,33817000,31792579,0,0,0,2024421,,R4決算書p35
2022,2,総務費,1,総務管理費,8,交通安全対策費,10,需用費,424000,420218,0,0,0,3782,,R4決算書p37
2022,2,総務費,1,総務管理費,8,交通安全対策費,11,役務費,68380,67390,0,0,0,990,,R4決算書p37
2022,2,総務費,1,総務管理費,8,交通安全対策費,12,委託料,16532500,16376921,0,0,0,155579,,R4決算書p37
2022,2,総務費,1,総務管理費,8,交通安全対策費,15,原材料費,1952500,1948799,0,0,0,3701,,R4決算書p37
2022,2,総務費,1,総務管理費,8,交通安全対策費,17,備品購入費,1500620,1500000,0,0,0,620,,R4決算書p37
2022,2,総務費,1,総務管理費,8,交通安全対策費,18,負担金補助及び交付金,417000,410800,0,0,0,6200,,R4決算書p37
2022,2,総務費,1,総務管理費,8,交通安全対策費,26,公課費,9000,8200,0,0,0,800,,R4決算書p37
2022,2,総務費,1,総務管理費,9,電子計算費,10,需用費,34000,30782,0,0,0,3218,,R4決算書p38
2022,2,総務費,1,総務管理費,9,電子計算費,11,役務費,1429000,1425171,0,0,0,3829,,R4決算書p38
2022,2,総務費,1,総務管理費,9,電子計算費,12,委託料,13763000,11464200,0,0,0,2298800,,R4決算書p38
2022,2,総務費,1,総務管理費,9,電子計算費,13,使用料及び賃借料,15526000,14785208,0,0,0,740792,,R4決算書p38
2022,2,総務費,1,総務管理費,9,電子計算費,14,工事請負費,110000,99000,0,0,0,11000,,R4決算書p38
2022,2,総務費,1,総務管理費,9,電子計算費,17,備品購入費,178000,177540,0,0,0,460,,R4決算書p38
2022,2,総務費,1,総務管理費,9,電子計算費,18,負担金補助及び交付金,4663000,4581362,0,0,0,81638,,R4決算書p38
2022,2,総務費,1,総務管理費,10,ＣＡＴＶ事業費,10,需用費,5000,2200,0,0,0,2800,,R4決算書p39
2022,2,総務費,1,総務管理費,10,ＣＡＴＶ事業費,11,役務費,2746000,2600439,0,0,0,145561,,R4決算書p39
2022,2,総務費,1,総務管理費,10,ＣＡＴＶ事業費,12,委託料,5297000,5296500,0,0,0,500,,R4決算書p39
2022,2,総務費,1,総務管理費,10,ＣＡＴＶ事業費,13,使用料及び賃借料,2112000,2072400,0,0,0,39600,,R4決算書p39
2022,2,総務費,1,総務管理費,10,ＣＡＴＶ事業費,14,工事請負費,59000,58783,0,0,0,217,,R4決算書p39
2022,2,総務費,1,総務管理費,10,ＣＡＴＶ事業費,18,負担金補助及び交付金,11820000,11819846,0,0,0,154,,R4決算書p39
2022,2,総務費,2,徴税費,1,税務総務費,2,給料,5847000,5846100,0,0,0,900,,R4決算書p39
2022,2,総務費,2,徴税費,1,税務総務費,3,職員手当等,2787000,2638012,0,0,0,148988,,R4決算書p39
2022,2,総務費,2,徴税費,1,税務総務費,4,共済費,1856000,1759175,0,0,0,96825,,R4決算書p39
2022,2,総務費,2,徴税費,1,税務総務費,8,旅費,4000,4000,0,0,0,0,,R4決算書p40
2022,2,総務費,2,徴税費,1,税務総務費,10,需用費,45000,42646,0,0,0,2354,,R4決算書p40
2022,2,総務費,2,徴税費,1,税務総務費,11,役務費,171000,170346,0,0,0,654,,R4決算書p40
2022,2,総務費,2,徴税費,1,税務総務費,12,委託料,12063000,12061369,0,0,0,1631,,R4決算書p40
2022,2,総務費,2,徴税費,1,税務総務費,13,使用料及び賃借料,1840000,1839254,0,0,0,746,,R4決算書p40
2022,2,総務費,2,徴税費,1,税務総務費,18,負担金補助及び交付金,128000,125047,0,0,0,2953,,R4決算書p40
2022,2,総務費,2,徴税費,2,賦課徴収費,10,需用費,1233000,1232143,0,0,0,857,,R4決算書p41
2022,2,総務費,2,徴税費,2,賦課徴収費,22,償還金利子及び割引料,354000,353806,0,0,0,194,,R4決算書p41
2022,2,総務費,3,戸籍住民基本台帳費,1,戸籍住民基本台帳費,10,需用費,1286000,1285287,0,0,0,713,,R4決算書p41
2022,2,総務費,3,戸籍住民基本台帳費,1,戸籍住民基本台帳費,11,役務費,139000,138451,0,0,0,549,,R4決算書p41
2022,2,総務費,3,戸籍住民基本台帳費,1,戸籍住民基本台帳費,12,委託料,15828000,14779050,0,0,0,1048950,,R4決算書p41
2022,2,総務費,3,戸籍住民基本台帳費,1,戸籍住民基本台帳費,13,使用料及び賃借料,6730000,6729204,0,0,0,796,,R4決算書p41
2022,2,総務費,3,戸籍住民基本台帳費,1,戸籍住民基本台帳費,18,負担金補助及び交付金,1350000,1349300,0,0,0,700,,R4決算書p41
2022,2,総務費,4,選挙費,1,選挙管理委員会費,1,報酬,66000,40500,0,0,0,25500,,R4決算書p42
2022,2,総務費,4,選挙費,1,選挙管理委員会費,8,旅費,7000,1860,0,0,0,5140,,R4決算書p42
2022,2,総務費,4,選挙費,1,選挙管理委員会費,18,負担金補助及び交付金,3000,3000,0,0,0,0,,R4決算書p42
2022,2,総務費,4,選挙費,3,参議院議員選挙費,1,報酬,864000,840118,0,0,0,23882,,R4決算書p42
2022,2,総務費,4,選挙費,3,参議院議員選挙費,3,職員手当等,1222000,1219896,0,0,0,2104,,R4決算書p42
2022,2,総務費,4,選挙費,3,参議院議員選挙費,10,需用費,1835000,1814268,0,0,0,20732,,R4決算書p42
2022,2,総務費,4,選挙費,3,参議院議員選挙費,11,役務費,50000,49915,0,0,0,85,,R4決算書p42
2022,2,総務費,4,選挙費,3,参議院議員選挙費,12,委託料,114000,113080,0,0,0,920,,R4決算書p42
2022,2,総務費,4,選挙費,6,長野県議会議員選挙費,1,報酬,36000,35600,0,0,0,400,,R4決算書p42
2022,2,総務費,4,選挙費,6,長野県議会議員選挙費,3,職員手当等,11000,9672,0,0,0,1328,,R4決算書p42
2022,2,総務費,4,選挙費,6,長野県議会議員選挙費,10,需用費,1234000,1232072,0,0,0,1928,,R4決算書p42
2022,2,総務費,4,選挙費,6,長野県議会議員選挙費,11,役務費,50000,24654,0,0,0,25346,,R4決算書p42
2022,2,総務費,4,選挙費,6,長野県議会議員選挙費,12,委託料,114000,113080,0,0,0,920,,R4決算書p42
2022,2,総務費,4,選挙費,10,長野県知事選挙費,1,報酬,864000,792462,0,0,0,71538,,R4決算書p43
2022,2,総務費,4,選挙費,10,長野県知事選挙費,3,職員手当等,1222000,1119442,0,0,0,102558,,R4決算書p43
2022,2,総務費,4,選挙費,10,長野県知事選挙費,10,需用費,1703000,1686088,0,0,0,16912,,R4決算書p43
2022,2,総務費,4,選挙費,10,長野県知事選挙費,11,役務費,50000,44657,0,0,0,5343,,R4決算書p43
2022,2,総務費,4,選挙費,10,長野県知事選挙費,12,委託料,114000,113080,0,0,0,920,,R4決算書p43
2022,2,総務費,5,統計調査費,2,指定統計調査費,1,報酬,15000,11170,0,0,0,3830,,R4決算書p43
2022,2,総務費,5,統計調査費,2,指定統計調査費,8,旅費,5000,960,0,0,0,4040,,R4決算書p43
2022,2,総務費,5,統計調査費,2,指定統計調査費,10,需用費,11000,6274,0,0,0,4726,,R4決算書p43
2022,2,総務費,5,統計調査費,2,指定統計調査費,11,役務費,3000,802,0,0,0,2198,,R4決算書p43
2022,2,総務費,6,監査委員費,1,監査委員費,1,報酬,540000,537900,0,0,0,2100,,R4決算書p43
2022,2,総務費,6,監査委員費,1,監査委員費,8,旅費,79000,72000,0,0,0,7000,,R4決算書p43
2022,2,総務費,6,監査委員費,1,監査委員費,18,負担金補助及び交付金,32000,23000,0,0,0,9000,,R4決算書p43
2022,2,総務費,7,国土調査費,1,地籍調査費,1,報酬,1980000,1820000,0,0,0,160000,,R4決算書p44
2022,2,総務費,7,国土調査費,1,地籍調査費,2,給料,6273000,6273000,0,0,0,0,,R4決算書p44
2022,2,総務費,7,国土調査費,1,地籍調査費,3,職員手当等,2853000,2733858,0,0,0,119142,,R4決算書p44
2022,2,総務費,7,国土調査費,1,地籍調査費,4,共済費,1978000,1913835,0,0,0,64165,,R4決算書p44
2022,2,総務費,7,国土調査費,1,地籍調査費,10,需用費,812000,769747,0,0,0,42253,,R4決算書p44
2022,2,総務費,7,国土調査費,1,地籍調査費,11,役務費,48000,47000,0,0,0,1000,,R4決算書p44
2022,2,総務費,7,国土調査費,1,地籍調査費,12,委託料,6731000,6482135,0,0,0,248865,,R4決算書p44
2022,2,総務費,7,国土調査費,1,地籍調査費,13,使用料及び賃借料,857000,856680,0,0,0,320,,R4決算書p44
2022,2,総務費,7,国土調査費,1,地籍調査費,18,負担金補助及び交付金,38000,38000,0,0,0,0,,R4決算書p44
2022,2,総務費,7,国土調査費,1,地籍調査費,21,補償補填及び賠償金,2000,1815,0,0,0,185,,R4決算書p44
2022,2,総務費,7,国土調査費,1,地籍調査費,26,公課費,7000,6600,0,0,0,400,,R4決算書p44
2022,3,民生費,1,社会福祉費,1,社会福祉総務費,1,報酬,2857000,2856200,0,0,0,800,,R4決算書p45
2022,3,民生費,1,社会福祉費,1,社会福祉総務費,2,給料,10926000,10925700,0,0,0,300,,R4決算書p45
2022,3,民生費,1,社会福祉費,1,社会福祉総務費,3,職員手当等,5664000,5538484,0,0,0,125516,,R4決算書p45
2022,3,民生費,1,社会福祉費,1,社会福祉総務費,4,共済費,2957000,2882127,0,0,0,74873,,R4決算書p45
2022,3,民生費,1,社会福祉費,1,社会福祉総務費,7,報償費,2462000,2387500,0,0,0,74500,,R4決算書p45
2022,3,民生費,1,社会福祉費,1,社会福祉総務費,8,旅費,42000,31801,0,0,0,10199,,R4決算書p45
2022,3,民生費,1,社会福祉費,1,社会福祉総務費,10,需用費,111000,103905,0,0,0,7095,,R4決算書p45
2022,3,民生費,1,社会福祉費,1,社会福祉総務費,11,役務費,27000,25243,0,0,0,1757,,R4決算書p45
2022,3,民生費,1,社会福祉費,1,社会福祉総務費,12,委託料,515000,503192,0,0,0,11808,,R4決算書p45
2022,3,民生費,1,社会福祉費,1,社会福祉総務費,13,使用料及び賃借料,920000,888740,0,0,0,31260,,R4決算書p45
2022,3,民生費,1,社会福祉費,1,社会福祉総務費,18,負担金補助及び交付金,33348000,25528065,0,0,0,7819935,,R4決算書p45
2022,3,民生費,1,社会福祉費,1,社会福祉総務費,19,扶助費,5137000,5097671,0,0,0,39329,,R4決算書p45
2022,3,民生費,1,社会福祉費,1,社会福祉総務費,27,繰出金,11905000,11903693,0,0,0,1307,,R4決算書p45
2022,3,民生費,1,社会福祉費,2,老人福祉費,1,報酬,99000,98900,0,0,0,100,,R4決算書p47
2022,3,民生費,1,社会福祉費,2,老人福祉費,7,報償費,75000,75000,0,0,0,0,,R4決算書p47
2022,3,民生費,1,社会福祉費,2,老人福祉費,10,需用費,151000,144551,0,0,0,6449,,R4決算書p48
2022,3,民生費,1,社会福祉費,2,老人福祉費,11,役務費,144000,143030,0,0,0,970,,R4決算書p48
2022,3,民生費,1,社会福祉費,2,老人福祉費,12,委託料,2269000,2181538,0,0,0,87462,,R4決算書p48
2022,3,民生費,1,社会福祉費,2,老人福祉費,18,負担金補助及び交付金,18186000,18169223,0,0,0,16777,,R4決算書p48
2022,3,民生費,1,社会福祉費,2,老人福祉費,19,扶助費,4849000,4813028,0,0,0,35972,,R4決算書p48
2022,3,民生費,1,社会福祉費,2,老人福祉費,27,繰出金,30041000,30035688,0,0,0,5312,,R4決算書p48
2022,3,民生費,1,社会福祉費,3,国民年金事務費,2,給料,2710000,2709300,0,0,0,700,,R4決算書p49
2022,3,民生費,1,社会福祉費,3,国民年金事務費,3,職員手当等,1716000,1557079,0,0,0,158921,,R4決算書p49
2022,3,民生費,1,社会福祉費,3,国民年金事務費,4,共済費,889000,865521,0,0,0,23479,,R4決算書p49
2022,3,民生費,1,社会福祉費,3,国民年金事務費,11,役務費,36000,36000,0,0,0,0,,R4決算書p49
2022,3,民生費,1,社会福祉費,4,障害者福祉費,7,報償費,26000,22968,0,0,0,3032,,R4決算書p49
2022,3,民生費,1,社会福祉費,4,障害者福祉費,10,需用費,6000,3080,0,0,0,2920,,R4決算書p49
2022,3,民生費,1,社会福祉費,4,障害者福祉費,12,委託料,763000,752852,0,0,0,10148,,R4決算書p49
2022,3,民生費,1,社会福祉費,4,障害者福祉費,18,負担金補助及び交付金,513000,513000,0,0,0,0,,R4決算書p49
2022,3,民生費,1,社会福祉費,4,障害者福祉費,19,扶助費,63958000,62754190,0,0,0,1203810,,R4決算書p49
2022,3,民生費,1,社会福祉費,4,障害者福祉費,22,償還金利子及び割引料,677000,676858,0,0,0,142,,R4決算書p49
2022,3,民生費,1,社会福祉費,7,定住対策費,7,報償費,1400000,1400000,0,0,0,0,,R4決算書p50
2022,3,民生費,1,社会福祉費,7,定住対策費,18,負担金補助及び交付金,5476000,5476000,0,0,0,0,,R4決算書p50
2022,3,民生費,1,社会福祉費,10,老人福祉施設管理運営費,10,需用費,624000,623700,0,0,0,300,,R4決算書p50
2022,3,民生費,1,社会福祉費,10,老人福祉施設管理運営費,11,役務費,338000,322186,0,0,0,15814,,R4決算書p50
2022,3,民生費,1,社会福祉費,10,老人福祉施設管理運営費,12,委託料,30984000,29710138,0,0,0,1273862,,R4決算書p50
2022,3,民生費,1,社会福祉費,10,老人福祉施設管理運営費,13,使用料及び賃借料,691000,690365,0,0,0,635,,R4決算書p50
2022,3,民生費,1,社会福祉費,10,老人福祉施設管理運営費,14,工事請負費,363000,363000,0,0,0,0,,R4決算書p50
2022,3,民生費,1,社会福祉費,13,在宅介護支援センター運営費,10,需用費,540000,530190,0,0,0,9810,,R4決算書p51
2022,3,民生費,1,社会福祉費,13,在宅介護支援センター運営費,11,役務費,243000,227005,0,0,0,15995,,R4決算書p51
2022,3,民生費,1,社会福祉費,13,在宅介護支援センター運営費,12,委託料,681000,680022,0,0,0,978,,R4決算書p51
2022,3,民生費,1,社会福祉費,13,在宅介護支援センター運営費,13,使用料及び賃借料,330000,330000,0,0,0,0,,R4決算書p51
2022,3,民生費,1,社会福祉費,13,在宅介護支援センター運営費,17,備品購入費,39000,35750,0,0,0,3250,,R4決算書p51
2022,3,民生費,1,社会福祉費,14,授産施設一般管理費,1,報酬,1618000,1617366,0,0,0,634,,R4決算書p51
2022,3,民生費,1,社会福祉費,14,授産施設一般管理費,2,給料,8724000,8723400,0,0,0,600,,R4決算書p51
2022,3,民生費,1,社会福祉費,14,授産施設一般管理費,3,職員手当等,3932000,3764956,0,0,0,167044,,R4決算書p51
2022,3,民生費,1,社会福祉費,14,授産施設一般管理費,4,共済費,1508000,1506474,0,0,0,1526,,R4決算書p51
2022,3,民生費,1,社会福祉費,14,授産施設一般管理費,10,需用費,1393000,1312912,0,0,0,80088,,R4決算書p51
2022,3,民生費,1,社会福祉費,14,授産施設一般管理費,11,役務費,228000,219900,0,0,0,8100,,R4決算書p51
2022,3,民生費,1,社会福祉費,14,授産施設一般管理費,12,委託料,97000,96470,0,0,0,530,,R4決算書p51
2022,3,民生費,1,社会福祉費,14,授産施設一般管理費,13,使用料及び賃借料,534000,532366,0,0,0,1634,,R4決算書p51
2022,3,民生費,1,社会福祉費,14,授産施設一般管理費,26,公課費,32000,31800,0,0,0,200,,R4決算書p51
2022,3,民生費,1,社会福祉費,15,授産施設業務費,1,報酬,3005000,3004907,0,0,0,93,,R4決算書p52
2022,3,民生費,1,社会福祉費,15,授産施設業務費,10,需用費,208000,194279,0,0,0,13721,,R4決算書p52
2022,3,民生費,1,社会福祉費,15,授産施設業務費,11,役務費,135000,132872,0,0,0,2128,,R4決算書p53
2022,3,民生費,1,社会福祉費,15,授産施設業務費,12,委託料,236000,200579,0,0,0,35421,,R4決算書p53
2022,3,民生費,1,社会福祉費,15,授産施設業務費,15,原材料費,448000,436348,0,0,0,11652,,R4決算書p53
2022,3,民生費,2,児童福祉費,2,児童措置費,10,需用費,20000,18909,0,0,0,1091,,R4決算書p53
2022,3,民生費,2,児童福祉費,2,児童措置費,11,役務費,3000,2209,0,0,0,791,,R4決算書p53
2022,3,民生費,2,児童福祉費,2,児童措置費,12,委託料,201000,200200,0,0,0,800,,R4決算書p53
2022,3,民生費,2,児童福祉費,2,児童措置費,18,負担金補助及び交付金,2066000,2066000,0,0,0,0,,R4決算書p53
2022,3,民生費,2,児童福祉費,2,児童措置費,19,扶助費,12091000,12091000,0,0,0,0,,R4決算書p53
2022,3,民生費,2,児童福祉費,2,児童措置費,22,償還金利子及び割引料,301000,301000,0,0,0,0,,R4決算書p53
2022,3,民生費,2,児童福祉費,5,保育所費,1,報酬,3573000,3554169,0,0,0,18831,,R4決算書p54
2022,3,民生費,2,児童福祉費,5,保育所費,2,給料,16442000,16441600,0,0,0,400,,R4決算書p54
2022,3,民生費,2,児童福祉費,5,保育所費,3,職員手当等,8366000,8060957,0,0,0,305043,,R4決算書p54
2022,3,民生費,2,児童福祉費,5,保育所費,4,共済費,4527000,4527000,0,0,0,0,,R4決算書p54
2022,3,民生費,2,児童福祉費,5,保育所費,7,報償費,130000,130000,0,0,0,0,,R4決算書p54
2022,3,民生費,2,児童福祉費,5,保育所費,10,需用費,5333000,4936182,0,0,0,396818,,R4決算書p54
2022,3,民生費,2,児童福祉費,5,保育所費,11,役務費,476000,467494,0,0,0,8506,,R4決算書p54
2022,3,民生費,2,児童福祉費,5,保育所費,12,委託料,580000,554677,0,0,0,25323,,R4決算書p54
2022,3,民生費,2,児童福祉費,5,保育所費,13,使用料及び賃借料,504000,495000,0,0,0,9000,,R4決算書p54
2022,3,民生費,2,児童福祉費,5,保育所費,18,負担金補助及び交付金,3061000,3051845,0,0,0,9155,,R4決算書p54
2022,3,民生費,2,児童福祉費,5,保育所費,22,償還金利子及び割引料,121000,120786,0,0,0,214,,R4決算書p54
2022,3,民生費,2,児童福祉費,7,児童クラブ運営費,10,需用費,150000,104830,0,0,0,45170,,R4決算書p55
2022,3,民生費,2,児童福祉費,7,児童クラブ運営費,11,役務費,39000,36088,0,0,0,2912,,R4決算書p55
2022,3,民生費,2,児童福祉費,7,児童クラブ運営費,12,委託料,2882000,2882000,0,0,0,0,,R4決算書p56
2022,3,民生費,2,児童福祉費,7,児童クラブ運営費,17,備品購入費,650000,649000,0,0,0,1000,,R4決算書p56
2022,3,民生費,2,児童福祉費,7,児童クラブ運営費,18,負担金補助及び交付金,10000,0,0,0,0,10000,,R4決算書p56
2022,6,農林水産業費,1,農業費,1,農業委員会費,1,報酬,2837000,2791750,0,0,0,45250,,R4決算書p62
2022,6,農林水産業費,1,農業費,1,農業委員会費,8,旅費,6000,6000,0,0,0,0,,R4決算書p62
2022,6,農林水産業費,1,農業費,1,農業委員会費,10,需用費,107000,103816,0,0,0,3184,,R4決算書p62
2022,6,農林水産業費,1,農業費,1,農業委員会費,11,役務費,31000,30418,0,0,0,582,,R4決算書p62
2022,6,農林水産業費,1,農業費,1,農業委員会費,18,負担金補助及び交付金,51000,50500,0,0,0,500,,R4決算書p62
2022,6,農林水産業費,1,農業費,2,農業総務費,2,給料,10032000,9828200,0,0,0,203800,,R4決算書p63
2022,6,農林水産業費,1,農業費,2,農業総務費,3,職員手当等,6057000,5753575,0,0,0,303425,,R4決算書p63
2022,6,農林水産業費,1,農業費,2,農業総務費,4,共済費,3252000,3252000,0,0,0,0,,R4決算書p63
2022,6,農林水産業費,1,農業費,2,農業総務費,8,旅費,3000,3000,0,0,0,0,,R4決算書p63
2022,6,農林水産業費,1,農業費,2,農業総務費,10,需用費,147000,127140,0,0,0,19860,,R4決算書p63
2022,6,農林水産業費,1,農業費,2,農業総務費,11,役務費,22000,20480,0,0,0,1520,,R4決算書p63
2022,6,農林水産業費,1,農業費,2,農業総務費,18,負担金補助及び交付金,40000,37543,0,0,0,2457,,R4決算書p63
2022,6,農林水産業費,1,農業費,3,農業振興費,1,報酬,926000,916800,0,0,0,9200,,R4決算書p63
2022,6,農林水産業費,1,農業費,3,農業振興費,7,報償費,910000,832000,0,0,0,78000,,R4決算書p64
2022,6,農林水産業費,1,農業費,3,農業振興費,10,需用費,4778140,4601868,0,0,0,176272,,R4決算書p64
2022,6,農林水産業費,1,農業費,3,農業振興費,11,役務費,472000,450731,0,0,0,21269,,R4決算書p64
2022,6,農林水産業費,1,農業費,3,農業振興費,12,委託料,3572860,3370510,0,0,0,202350,,R4決算書p64
2022,6,農林水産業費,1,農業費,3,農業振興費,13,使用料及び賃借料,360000,358945,0,0,0,1055,,R4決算書p64
2022,6,農林水産業費,1,農業費,3,農業振興費,14,工事請負費,6683000,6578550,0,0,0,104450,,R4決算書p64
2022,6,農林水産業費,1,農業費,3,農業振興費,17,備品購入費,3800000,3765372,0,0,0,34628,,R4決算書p64
2022,6,農林水産業費,1,農業費,3,農業振興費,18,負担金補助及び交付金,15595000,15140591,0,0,0,454409,,R4決算書p64
2022,6,農林水産業費,1,農業費,4,畜産業費,10,需用費,196000,179296,0,0,0,16704,,R4決算書p66
2022,6,農林水産業費,1,農業費,4,畜産業費,12,委託料,1040000,1040000,0,0,0,0,,R4決算書p66
2022,6,農林水産業費,1,農業費,5,畜産振興費,14,工事請負費,3292000,3285590,0,0,0,6410,,R4決算書p66
2022,6,農林水産業費,1,農業費,6,農地費,1,報酬,747000,747000,0,0,0,0,,R4決算書p66
2022,6,農林水産業費,1,農業費,6,農地費,14,工事請負費,620000,594000,0,0,0,26000,,R4決算書p66
2022,6,農林水産業費,1,農業費,6,農地費,15,原材料費,936000,920656,0,0,0,15344,,R4決算書p66
2022,6,農林水産業費,1,農業費,6,農地費,18,負担金補助及び交付金,405000,403200,0,0,0,1800,,R4決算書p66
2022,6,農林水産業費,1,農業費,20,地域おこし協力隊事業,1,報酬,1165000,1165000,0,0,0,0,,R4決算書p66
2022,6,農林水産業費,1,農業費,20,地域おこし協力隊事業,10,需用費,113000,92543,0,0,0,20457,,R4決算書p66
2022,6,農林水産業費,1,農業費,20,地域おこし協力隊事業,11,役務費,24000,23490,0,0,0,510,,R4決算書p66
2022,6,農林水産業費,1,農業費,20,地域おこし協力隊事業,13,使用料及び賃借料,412000,405380,0,0,0,6620,,R4決算書p66
2022,6,農林水産業費,1,農業費,20,地域おこし協力隊事業,18,負担金補助及び交付金,14000,13300,0,0,0,700,,R4決算書p66
2022,6,農林水産業費,1,農業費,21,日本型直接支払事業,1,報酬,230000,207900,0,0,0,22100,,R4決算書p67
2022,6,農林水産業費,1,農業費,21,日本型直接支払事業,18,負担金補助及び交付金,4886000,4397953,0,0,0,488047,,R4決算書p67
2022,6,農林水産業費,2,林業費,1,林業総務費,1,報酬,12000,11700,0,0,0,300,,R4決算書p67
2022,6,農林水産業費,2,林業費,1,林業総務費,2,給料,4458000,4457100,0,0,0,900,,R4決算書p67
2022,6,農林水産業費,2,林業費,1,林業総務費,3,職員手当等,2593000,2529159,0,0,0,63841,,R4決算書p67
2022,6,農林水産業費,2,林業費,1,林業総務費,4,共済費,1423000,1423000,0,0,0,0,,R4決算書p67
2022,6,農林水産業費,2,林業費,1,林業総務費,12,委託料,1210000,1210000,0,0,0,0,,R4決算書p67
2022,6,農林水産業費,2,林業費,1,林業総務費,18,負担金補助及び交付金,3341000,3339452,0,0,0,1548,,R4決算書p67
2022,6,農林水産業費,2,林業費,2,林業振興費,1,報酬,137000,136000,0,0,0,1000,,R4決算書p68
2022,6,農林水産業費,2,林業費,2,林業振興費,7,報償費,6424000,6394550,0,0,0,29450,,R4決算書p68
2022,6,農林水産業費,2,林業費,2,林業振興費,10,需用費,526000,519627,0,0,0,6373,,R4決算書p68
2022,6,農林水産業費,2,林業費,2,林業振興費,11,役務費,227000,208559,0,0,0,18441,,R4決算書p68
2022,6,農林水産業費,2,林業費,2,林業振興費,12,委託料,4325000,4261840,0,0,0,63160,,R4決算書p68
2022,6,農林水産業費,2,林業費,2,林業振興費,14,工事請負費,6056000,3676750,0,2046000,0,333250,,R4決算書p68
2022,6,農林水産業費,2,林業費,2,林業振興費,16,公有財産購入費,358000,238016,0,0,0,119984,,R4決算書p68
2022,6,農林水産業費,2,林業費,2,林業振興費,18,負担金補助及び交付金,41000,40100,0,0,0,900,,R4決算書p68
2022,6,農林水産業費,2,林業費,2,林業振興費,21,補償補填及び賠償金,70000,67728,0,0,0,2272,,R4決算書p68
2022,6,農林水産業費,2,林業費,3,林道費,10,需用費,211000,205900,0,0,0,5100,,R4決算書p69
2022,6,農林水産業費,2,林業費,3,林道費,11,役務費,48000,47000,0,0,0,1000,,R4決算書p69
2022,6,農林水産業費,2,林業費,3,林道費,12,委託料,6758000,6380000,0,0,0,378000,,R4決算書p69
2022,6,農林水産業費,2,林業費,3,林道費,14,工事請負費,93831000,87559585,0,3267000,0,3004415,,R4決算書p69
2022,6,農林水産業費,2,林業費,3,林道費,21,補償補填及び賠償金,5000,4055,0,0,0,945,,R4決算書p69
2022,6,農林水産業費,2,林業費,3,林道費,26,公課費,7000,6600,0,0,0,400,,R4決算書p69
2022,6,農林水産業費,2,林業費,4,造林費,14,工事請負費,6864000,6710000,0,0,0,154000,,R4決算書p70
2022,6,農林水産業費,2,林業費,4,造林費,18,負担金補助及び交付金,3460000,2861405,0,0,0,598595,,R4決算書p70
2022,6,農林水産業費,2,林業費,10,森林環境譲与税活用費,11,役務費,1000,240,0,0,0,760,,R4決算書p70
2022,6,農林水産業費,2,林業費,10,森林環境譲与税活用費,12,委託料,12870000,4180000,0,8690000,0,0,,R4決算書p70
2022,6,農林水産業費,2,林業費,10,森林環境譲与税活用費,17,備品購入費,282000,281600,0,0,0,400,,R4決算書p70
2022,7,商工費,1,商工費,1,商工総務費,2,給料,4382000,4381665,0,0,0,335,,R4決算書p70
2022,7,商工費,1,商工費,1,商工総務費,3,職員手当等,1702000,1593750,0,0,0,108250,,R4決算書p71
2022,7,商工費,1,商工費,1,商工総務費,4,共済費,1742000,1698161,0,0,0,43839,,R4決算書p71
2022,7,商工費,1,商工費,1,商工総務費,18,負担金補助及び交付金,930000,929600,0,0,0,400,,R4決算書p71
2022,7,商工費,1,商工費,2,商工振興費,10,需用費,160000,159634,0,0,0,366,,R4決算書p71
2022,7,商工費,1,商工費,2,商工振興費,11,役務費,19000,18802,0,0,0,198,,R4決算書p71
2022,7,商工費,1,商工費,2,商工振興費,13,使用料及び賃借料,212000,211824,0,0,0,176,,R4決算書p71
2022,7,商工費,1,商工費,2,商工振興費,18,負担金補助及び交付金,30291409,30245956,0,0,0,45453,,R4決算書p71
2022,7,商工費,1,商工費,2,商工振興費,21,補償補填及び賠償金,376591,376591,0,0,0,0,,R4決算書p71
2022,7,商工費,1,商工費,3,観光費,1,報酬,1063096,1063096,0,0,0,0,,R4決算書p71
2022,7,商工費,1,商工費,3,観光費,4,共済費,111000,110480,0,0,0,520,,R4決算書p72
2022,7,商工費,1,商工費,3,観光費,7,報償費,74000,73700,0,0,0,300,,R4決算書p72
2022,7,商工費,1,商工費,3,観光費,8,旅費,466904,49506,0,0,0,417398,,R4決算書p72
2022,7,商工費,1,商工費,3,観光費,10,需用費,12888000,12772311,0,0,0,115689,,R4決算書p72
2022,7,商工費,1,商工費,3,観光費,11,役務費,2308000,2239517,0,0,0,68483,,R4決算書p72
2022,7,商工費,1,商工費,3,観光費,12,委託料,4076000,3805470,0,0,0,270530,,R4決算書p72
2022,7,商工費,1,商工費,3,観光費,13,使用料及び賃借料,1338000,1325433,0,0,0,12567,,R4決算書p72
2022,7,商工費,1,商工費,3,観光費,14,工事請負費,51049000,42819700,0,2585000,0,5644300,,R4決算書p72
2022,7,商工費,1,商工費,3,観光費,17,備品購入費,2011000,2009980,0,0,0,1020,,R4決算書p72
2022,7,商工費,1,商工費,3,観光費,18,負担金補助及び交付金,5758000,5617382,0,0,0,140618,,R4決算書p72
2022,7,商工費,1,商工費,4,地域おこし協力隊事業,1,報酬,2796000,2796000,0,0,0,0,,R4決算書p74
2022,7,商工費,1,商工費,4,地域おこし協力隊事業,3,職員手当等,24000,24000,0,0,0,0,,R4決算書p74
2022,7,商工費,1,商工費,4,地域おこし協力隊事業,10,需用費,536000,534084,0,0,0,1916,,R4決算書p74
2022,7,商工費,1,商工費,4,地域おこし協力隊事業,11,役務費,53000,51950,0,0,0,1050,,R4決算書p74
2022,7,商工費,1,商工費,4,地域おこし協力隊事業,13,使用料及び賃借料,989000,988130,0,0,0,870,,R4決算書p74
2022,7,商工費,1,商工費,5,集落支援事業,1,報酬,409000,408290,0,0,0,710,,R4決算書p74
2022,7,商工費,1,商工費,5,集落支援事業,3,職員手当等,131000,130903,0,0,0,97,,R4決算書p74
2022,7,商工費,1,商工費,5,集落支援事業,10,需用費,57000,55415,0,0,0,1585,,R4決算書p74
2022,7,商工費,1,商工費,5,集落支援事業,13,使用料及び賃借料,324000,323980,0,0,0,20,,R4決算書p74
2022,10,教育費,1,教育総務費,1,教育委員会費,1,報酬,707000,663100,0,0,0,43900,,R4決算書p82
2022,10,教育費,1,教育総務費,1,教育委員会費,8,旅費,11000,5580,0,0,0,5420,,R4決算書p82
2022,10,教育費,1,教育総務費,1,教育委員会費,18,負担金補助及び交付金,194000,132220,0,0,0,61780,,R4決算書p82
2022,10,教育費,1,教育総務費,2,事務局費,1,報酬,1812000,1788241,0,0,0,23759,,R4決算書p82
2022,10,教育費,1,教育総務費,2,事務局費,2,給料,8727000,8726400,0,0,0,600,,R4決算書p82
2022,10,教育費,1,教育総務費,2,事務局費,3,職員手当等,3498000,3379987,0,0,0,118013,,R4決算書p82
2022,10,教育費,1,教育総務費,2,事務局費,4,共済費,2751000,2721000,0,0,0,30000,,R4決算書p82
2022,10,教育費,1,教育総務費,2,事務局費,10,需用費,1037000,723274,0,0,0,313726,,R4決算書p82
2022,10,教育費,1,教育総務費,2,事務局費,11,役務費,131000,129605,0,0,0,1395,,R4決算書p82
2022,10,教育費,1,教育総務費,2,事務局費,12,委託料,325000,283800,0,0,0,41200,,R4決算書p82
2022,10,教育費,1,教育総務費,2,事務局費,13,使用料及び賃借料,2987000,2947078,0,0,0,39922,,R4決算書p82
2022,10,教育費,1,教育総務費,2,事務局費,17,備品購入費,77000,75680,0,0,0,1320,,R4決算書p82
2022,10,教育費,1,教育総務費,2,事務局費,18,負担金補助及び交付金,323000,202436,0,0,0,120564,,R4決算書p82
2022,10,教育費,1,教育総務費,2,事務局費,26,公課費,27000,20000,0,0,0,7000,,R4決算書p82
2022,10,教育費,1,教育総務費,4,文化財保存費,7,報償費,262000,199720,0,0,0,62280,,R4決算書p83
2022,10,教育費,1,教育総務費,4,文化財保存費,10,需用費,538000,485908,0,0,0,52092,,R4決算書p83
2022,10,教育費,1,教育総務費,4,文化財保存費,11,役務費,168000,163032,0,0,0,4968,,R4決算書p83
2022,10,教育費,1,教育総務費,4,文化財保存費,12,委託料,1953000,1876752,0,0,0,76248,,R4決算書p84
2022,10,教育費,1,教育総務費,4,文化財保存費,14,工事請負費,1871000,1760000,0,0,0,111000,,R4決算書p84
2022,10,教育費,1,教育総務費,4,文化財保存費,18,負担金補助及び交付金,12836000,11872000,0,0,0,964000,,R4決算書p84
2022,10,教育費,1,教育総務費,6,文化施設費,1,報酬,4836000,4834328,0,0,0,1672,,R4決算書p84
2022,10,教育費,1,教育総務費,6,文化施設費,3,職員手当等,750000,701117,0,0,0,48883,,R4決算書p84
2022,10,教育費,1,教育総務費,6,文化施設費,7,報償費,80000,79530,0,0,0,470,,R4決算書p84
2022,10,教育費,1,教育総務費,6,文化施設費,8,旅費,104000,103632,0,0,0,368,,R4決算書p84
2022,10,教育費,1,教育総務費,6,文化施設費,10,需用費,5345000,5253353,0,0,0,91647,,R4決算書p84
2022,10,教育費,1,教育総務費,6,文化施設費,11,役務費,491000,477308,0,0,0,13692,,R4決算書p85
2022,10,教育費,1,教育総務費,6,文化施設費,12,委託料,3989000,3987240,0,0,0,1760,,R4決算書p85
2022,10,教育費,1,教育総務費,6,文化施設費,13,使用料及び賃借料,849000,808955,0,0,0,40045,,R4決算書p85
2022,10,教育費,1,教育総務費,6,文化施設費,14,工事請負費,14165000,14067900,0,0,0,97100,,R4決算書p85
2022,10,教育費,1,教育総務費,6,文化施設費,17,備品購入費,585000,541590,0,0,0,43410,,R4決算書p85
2022,10,教育費,1,教育総務費,6,文化施設費,18,負担金補助及び交付金,315000,302950,0,0,0,12050,,R4決算書p85
2022,10,教育費,2,小学校費,1,学校管理費,1,報酬,4274000,4273189,0,0,0,811,,R4決算書p86
2022,10,教育費,2,小学校費,1,学校管理費,3,職員手当等,1005000,1003865,0,0,0,1135,,R4決算書p86
2022,10,教育費,2,小学校費,1,学校管理費,7,報償費,367000,366700,0,0,0,300,,R4決算書p86
2022,10,教育費,2,小学校費,1,学校管理費,10,需用費,9722000,8667501,0,605000,0,449499,,R4決算書p86
2022,10,教育費,2,小学校費,1,学校管理費,11,役務費,1216000,717810,0,0,0,498190,,R4決算書p86
2022,10,教育費,2,小学校費,1,学校管理費,12,委託料,7270000,6191960,0,0,0,1078040,,R4決算書p86
2022,10,教育費,2,小学校費,1,学校管理費,13,使用料及び賃借料,8156000,7408161,0,0,0,747839,,R4決算書p86
2022,10,教育費,2,小学校費,1,学校管理費,14,工事請負費,2165000,1980000,0,0,0,185000,,R4決算書p86
2022,10,教育費,2,小学校費,1,学校管理費,15,原材料費,9000,8160,0,0,0,840,,R4決算書p86
2022,10,教育費,2,小学校費,1,学校管理費,17,備品購入費,1098000,1083680,0,0,0,14320,,R4決算書p86
2022,10,教育費,2,小学校費,1,学校管理費,18,負担金補助及び交付金,129000,120949,0,0,0,8051,,R4決算書p86
2022,10,教育費,2,小学校費,1,学校管理費,26,公課費,41000,41000,0,0,0,0,,R4決算書p87
2022,10,教育費,2,小学校費,2,教育振興費,7,報償費,409000,394030,0,0,0,14970,,R4決算書p88
2022,10,教育費,2,小学校費,2,教育振興費,10,需用費,1129115,1106263,0,0,0,22852,,R4決算書p89
2022,10,教育費,2,小学校費,2,教育振興費,11,役務費,139885,134245,0,0,0,5640,,R4決算書p89
2022,10,教育費,2,小学校費,2,教育振興費,17,備品購入費,325000,317620,0,0,0,7380,,R4決算書p89
2022,10,教育費,2,小学校費,2,教育振興費,18,負担金補助及び交付金,1060000,1051087,0,0,0,8913,,R4決算書p89
2022,10,教育費,2,小学校費,2,教育振興費,19,扶助費,1496000,1092440,0,0,0,403560,,R4決算書p89
2022,10,教育費,3,中学校費,1,学校管理費,1,報酬,8153960,8153960,0,0,0,0,,R4決算書p89
2022,10,教育費,3,中学校費,1,学校管理費,3,職員手当等,4208000,3929100,0,0,0,278900,,R4決算書p89
2022,10,教育費,3,中学校費,1,学校管理費,7,報償費,472040,426700,0,0,0,45340,,R4決算書p89
2022,10,教育費,3,中学校費,1,学校管理費,8,旅費,232000,211725,0,0,0,20275,,R4決算書p89
2022,10,教育費,3,中学校費,1,学校管理費,10,需用費,6022000,5355191,0,0,0,666809,,R4決算書p89
2022,10,教育費,3,中学校費,1,学校管理費,11,役務費,479000,406927,0,0,0,72073,,R4決算書p89
2022,10,教育費,3,中学校費,1,学校管理費,12,委託料,7328000,7145217,0,0,0,182783,,R4決算書p89
2022,10,教育費,3,中学校費,1,学校管理費,13,使用料及び賃借料,5549000,5249916,0,0,0,299084,,R4決算書p90
2022,10,教育費,3,中学校費,1,学校管理費,14,工事請負費,13898000,13695000,0,0,0,203000,,R4決算書p90
2022,10,教育費,3,中学校費,1,学校管理費,17,備品購入費,400000,398959,0,0,0,1041,,R4決算書p90
2022,10,教育費,3,中学校費,1,学校管理費,18,負担金補助及び交付金,95000,82456,0,0,0,12544,,R4決算書p90
2022,10,教育費,3,中学校費,2,教育振興費,7,報償費,95000,94360,0,0,0,640,,R4決算書p91
2022,10,教育費,3,中学校費,2,教育振興費,10,需用費,796000,716667,0,0,0,79333,,R4決算書p92
2022,10,教育費,3,中学校費,2,教育振興費,11,役務費,82000,74530,0,0,0,7470,,R4決算書p92
2022,10,教育費,3,中学校費,2,教育振興費,17,備品購入費,38000,34980,0,0,0,3020,,R4決算書p92
2022,10,教育費,3,中学校費,2,教育振興費,18,負担金補助及び交付金,961000,865726,0,0,0,95274,,R4決算書p92
2022,10,教育費,4,社会教育費,1,社会教育総務費,1,報酬,67000,13400,0,0,0,53600,,R4決算書p92
2022,10,教育費,4,社会教育費,1,社会教育総務費,2,給料,2583000,2551800,0,0,0,31200,,R4決算書p92
2022,10,教育費,4,社会教育費,1,社会教育総務費,3,職員手当等,652000,544346,0,0,0,107654,,R4決算書p92
2022,10,教育費,4,社会教育費,1,社会教育総務費,4,共済費,799000,701296,0,0,0,97704,,R4決算書p92
2022,10,教育費,4,社会教育費,1,社会教育総務費,18,負担金補助及び交付金,1000,1000,0,0,0,0,,R4決算書p92
2022,10,教育費,4,社会教育費,2,公民館費,1,報酬,1696000,1346200,0,0,0,349800,,R4決算書p92
2022,10,教育費,4,社会教育費,2,公民館費,7,報償費,793000,565750,0,0,0,227250,,R4決算書p93
2022,10,教育費,4,社会教育費,2,公民館費,8,旅費,38000,25540,0,0,0,12460,,R4決算書p93
2022,10,教育費,4,社会教育費,2,公民館費,10,需用費,5762000,5323911,0,0,0,438089,,R4決算書p93
2022,10,教育費,4,社会教育費,2,公民館費,11,役務費,961000,884891,0,0,0,76109,,R4決算書p93
2022,10,教育費,4,社会教育費,2,公民館費,12,委託料,5569000,988699,0,4444000,0,136301,,R4決算書p93
2022,10,教育費,4,社会教育費,2,公民館費,13,使用料及び賃借料,1128000,865152,0,0,0,262848,,R4決算書p93
2022,10,教育費,4,社会教育費,2,公民館費,14,工事請負費,28412000,27933400,0,0,0,478600,,R4決算書p93
2022,10,教育費,4,社会教育費,2,公民館費,17,備品購入費,57000,55000,0,0,0,2000,,R4決算書p93
2022,10,教育費,4,社会教育費,2,公民館費,18,負担金補助及び交付金,610000,490600,0,0,0,119400,,R4決算書p93
2022,10,教育費,5,保健体育費,1,保健体育総務費,1,報酬,67000,0,0,0,0,67000,,R4決算書p94
2022,10,教育費,5,保健体育費,1,保健体育総務費,7,報償費,400000,250000,0,0,0,150000,,R4決算書p94
2022,10,教育費,5,保健体育費,1,保健体育総務費,8,旅費,2000,1860,0,0,0,140,,R4決算書p94
2022,10,教育費,5,保健体育費,1,保健体育総務費,10,需用費,149000,142391,0,0,0,6609,,R4決算書p94
2022,10,教育費,5,保健体育費,1,保健体育総務費,11,役務費,13000,12994,0,0,0,6,,R4決算書p94
2022,10,教育費,5,保健体育費,1,保健体育総務費,18,負担金補助及び交付金,721000,202242,0,0,0,518758,,R4決算書p94
2022,10,教育費,5,保健体育費,2,学校給食運営費,1,報酬,4165000,4104926,0,0,0,60074,,R4決算書p95
2022,10,教育費,5,保健体育費,2,学校給食運営費,3,職員手当等,998000,861678,0,0,0,136322,,R4決算書p95
2022,10,教育費,5,保健体育費,2,学校給食運営費,10,需用費,2415000,2157899,0,0,0,257101,,R4決算書p95
2022,10,教育費,5,保健体育費,2,学校給食運営費,11,役務費,285000,271099,0,0,0,13901,,R4決算書p95
2022,10,教育費,5,保健体育費,2,学校給食運営費,12,委託料,261000,239030,0,0,0,21970,,R4決算書p95
2022,10,教育費,5,保健体育費,2,学校給食運営費,13,使用料及び賃借料,114000,113520,0,0,0,480,,R4決算書p95
2022,10,教育費,5,保健体育費,2,学校給食運営費,18,負担金補助及び交付金,3915000,3786630,0,0,0,128370,,R4決算書p95
2022,10,教育費,5,保健体育費,4,体育施設管理費,7,報償費,114000,105600,0,0,0,8400,,R4決算書p96
2022,10,教育費,5,保健体育費,4,体育施設管理費,10,需用費,1237000,1172391,0,0,0,64609,,R4決算書p96
2022,10,教育費,5,保健体育費,4,体育施設管理費,11,役務費,73000,72272,0,0,0,728,,R4決算書p96
2022,10,教育費,5,保健体育費,4,体育施設管理費,12,委託料,231000,229900,0,0,0,1100,,R4決算書p96
2022,10,教育費,5,保健体育費,4,体育施設管理費,14,工事請負費,3220000,3219700,0,0,0,300,,R4決算書p96
2022,10,教育費,5,保健体育費,4,体育施設管理費,17,備品購入費,288000,283800,0,0,0,4200,,R4決算書p96
2022,12,公債費,1,公債費,1,元金,22,償還金利子及び割引料,195978000,193717870,0,0,0,2260130,,R4決算書p97
2022,12,公債費,1,公債費,2,利子,22,償還金利子及び割引料,6901000,2726683,0,0,0,4174317,,R4決算書p97
2022,13,諸支出金,1,基金費,1,財政調整基金費,24,積立金,343000,342499,0,0,0,501,,R4決算書p98
2022,13,諸支出金,1,基金費,2,減債基金費,24,積立金,456000,455634,0,0,0,366,,R4決算書p98
2022,13,諸支出金,1,基金費,3,公共施設等整備基金費,24,積立金,61433000,60531148,0,0,0,901852,,R4決算書p98
2022,13,諸支出金,1,基金費,4,文教施設整備基金費,24,積立金,25040000,25019797,0,0,0,20203,,R4決算書p98
2022,13,諸支出金,1,基金費,5,ふるさとづくり基金費,24,積立金,102070000,101828396,0,0,0,241604,,R4決算書p98
2022,13,諸支出金,1,基金費,6,高齢者福祉基金費,24,積立金,51000,16002,0,0,0,34998,,R4決算書p98
2022,13,諸支出金,1,基金費,14,森林環境譲与税基金,24,積立金,4882000,4881946,0,0,0,54,,R4決算書p98
2023,2,総務費,1,総務管理費,1,一般管理費,1,報酬,562000,533400,,,,28600,,R5決算書p18
2023,2,総務費,1,総務管理費,1,一般管理費,2,給料,46052000,46050900,,,,1100,,R5決算書p18
2023,2,総務費,1,総務管理費,1,一般管理費,3,職員手当等,47461000,47454446,,,,6554,,R5決算書p18
2023,2,総務費,1,総務管理費,1,一般管理費,4,共済費,25650000,25152882,,,,497118,,R5決算書p18
2023,2,総務費,1,総務管理費,1,一般管理費,7,報償費,78000,77240,,,,760,,R5決算書p18
2023,2,総務費,1,総務管理費,1,一般管理費,8,旅費,558000,519650,,,,38350,,R5決算書p18
2023,2,総務費,1,総務管理費,1,一般管理費,9,交際費,114000,114000,,,,0,,R5決算書p18
2023,2,総務費,1,総務管理費,1,一般管理費,10,需用費,5533000,5488331,,,,44669,,R5決算書p18
2023,2,総務費,1,総務管理費,1,一般管理費,11,役務費,694000,665943,,,,28057,,R5決算書p19
2023,2,総務費,1,総務管理費,1,一般管理費,12,委託料,1759000,1654744,,,,104256,,R5決算書p19
2023,2,総務費,1,総務管理費,1,一般管理費,13,使用料及び賃借料,3534000,3474238,,,,59762,,R5決算書p19
2023,2,総務費,1,総務管理費,1,一般管理費,18,負担金補助及び交付金,1794000,1743890,,,,50110,,R5決算書p19
2023,2,総務費,1,総務管理費,1,一般管理費,25,寄付金,250000,250000,,,,0,,R5決算書p19
2023,2,総務費,1,総務管理費,1,一般管理費,26,公課費,124000,114800,,,,9200,,R5決算書p19
2023,2,総務費,1,総務管理費,2,文書広報費,1,報酬,0,0,,,,0,,R5決算書p20
2023,2,総務費,1,総務管理費,2,文書広報費,10,需用費,2877000,2817633,,,,59367,,R5決算書p20
2023,2,総務費,1,総務管理費,2,文書広報費,11,役務費,1665000,1614735,,,,50265,,R5決算書p20
2023,2,総務費,1,総務管理費,2,文書広報費,12,委託料,7515000,7453930,,,,61070,,R5決算書p20
2023,2,総務費,1,総務管理費,2,文書広報費,14,工事請負費,15620000,15620000,,,,0,,R5決算書p21
2023,2,総務費,1,総務管理費,3,財政管理費,10,需用費,0,0,,,,0,,R5決算書p21
2023,2,総務費,1,総務管理費,3,財政管理費,12,委託料,6922000,6921200,,,,800,,R5決算書p21
2023,2,総務費,1,総務管理費,5,財産管理費,10,需用費,7942000,7295689,,,,646311,,R5決算書p21
2023,2,総務費,1,総務管理費,5,財産管理費,11,役務費,1236000,1145651,,,,90349,,R5決算書p21
2023,2,総務費,1,総務管理費,5,財産管理費,12,委託料,1144000,1049568,,,,94432,,R5決算書p21
2023,2,総務費,1,総務管理費,5,財産管理費,13,使用料及び賃借料,3086000,3068790,,,,17210,,R5決算書p21
2023,2,総務費,1,総務管理費,5,財産管理費,14,工事請負費,0,0,,,,0,,R5決算書p21
2023,2,総務費,1,総務管理費,6,企画費,1,報酬,2795000,2789900,,,,5100,,R5決算書p22
2023,2,総務費,1,総務管理費,6,企画費,3,職員手当等,24000,24000,,,,0,,R5決算書p22
2023,2,総務費,1,総務管理費,6,企画費,4,共済費,757000,756833,,,,167,,R5決算書p22
2023,2,総務費,1,総務管理費,6,企画費,7,報償費,339000,338700,,,,300,,R5決算書p22
2023,2,総務費,1,総務管理費,6,企画費,8,旅費,795000,791960,,,,3040,,R5決算書p22
2023,2,総務費,1,総務管理費,6,企画費,10,需用費,2635000,2628316,,,,6684,,R5決算書p22
2023,2,総務費,1,総務管理費,6,企画費,11,役務費,74000,73022,,,,978,,R5決算書p22
2023,2,総務費,1,総務管理費,6,企画費,12,委託料,3214000,3212550,,,,1450,,R5決算書p22
2023,2,総務費,1,総務管理費,6,企画費,13,使用料及び賃借料,1209000,1205357,,,,3643,,R5決算書p22
2023,2,総務費,1,総務管理費,6,企画費,15,原材料費,100000,99900,,,,100,,R5決算書p22
2023,2,総務費,1,総務管理費,6,企画費,17,備品購入費,457000,456500,,,,500,,R5決算書p22
2023,2,総務費,1,総務管理費,6,企画費,18,負担金補助及び交付金,98198000,33182337,,65000000,,15663,,R5決算書p22
2023,2,総務費,1,総務管理費,6,企画費,23,投資及び出資金,300000,300000,,,,0,,R5決算書p22
2023,2,総務費,1,総務管理費,6,企画費,26,公課費,7000,6600,,,,400,,R5決算書p22
2023,2,総務費,1,総務管理費,8,交通安全対策費,10,需用費,362000,359928,,,,2072,,R5決算書p23
2023,2,総務費,1,総務管理費,8,交通安全対策費,11,役務費,32000,20120,,,,11880,,R5決算書p23
2023,2,総務費,1,総務管理費,8,交通安全対策費,12,委託料,10274000,10161294,,,,112706,,R5決算書p23
2023,2,総務費,1,総務管理費,8,交通安全対策費,14,工事請負費,306000,189200,,,,116800,,R5決算書p23
2023,2,総務費,1,総務管理費,8,交通安全対策費,15,原材料費,1218000,1157068,,,,60932,,R5決算書p23
2023,2,総務費,1,総務管理費,8,交通安全対策費,18,負担金補助及び交付金,449000,435000,,,,14000,,R5決算書p24
2023,2,総務費,1,総務管理費,9,電子計算費,10,需用費,132000,132000,,,,0,,R5決算書p24
2023,2,総務費,1,総務管理費,9,電子計算費,11,役務費,1273000,1272009,,,,991,,R5決算書p24
2023,2,総務費,1,総務管理費,9,電子計算費,12,委託料,7789000,7785668,,,,3332,,R5決算書p24
2023,2,総務費,1,総務管理費,9,電子計算費,13,使用料及び賃借料,16015000,16012480,,,,2520,,R5決算書p24
2023,2,総務費,1,総務管理費,9,電子計算費,18,負担金補助及び交付金,4830000,4829044,,,,956,,R5決算書p24
2023,2,総務費,1,総務管理費,10,ＣＡＴＶ事業費,10,需用費,75000,70875,,,,4125,,R5決算書p24
2023,2,総務費,1,総務管理費,10,ＣＡＴＶ事業費,11,役務費,2751000,2711108,,,,39892,,R5決算書p25
2023,2,総務費,1,総務管理費,10,ＣＡＴＶ事業費,12,委託料,5605000,5590860,,,,14140,,R5決算書p25
2023,2,総務費,1,総務管理費,10,ＣＡＴＶ事業費,13,使用料及び賃借料,2310000,2270400,,,,39600,,R5決算書p25
2023,2,総務費,1,総務管理費,10,ＣＡＴＶ事業費,14,工事請負費,386000,335512,,,,50488,,R5決算書p25
2023,2,総務費,1,総務管理費,10,ＣＡＴＶ事業費,18,負担金補助及び交付金,11433000,11432964,,,,36,,R5決算書p25
2023,2,総務費,2,徴税費,1,税務総務費,1,報酬,0,0,,,,0,,R5決算書p25
2023,2,総務費,2,徴税費,1,税務総務費,2,給料,5933000,5932500,,,,500,,R5決算書p25
2023,2,総務費,2,徴税費,1,税務総務費,3,職員手当等,2663000,2660887,,,,2113,,R5決算書p25
2023,2,総務費,2,徴税費,1,税務総務費,4,共済費,1737000,1736361,,,,639,,R5決算書p25
2023,2,総務費,2,徴税費,1,税務総務費,8,旅費,0,0,,,,0,,R5決算書p25
2023,2,総務費,2,徴税費,1,税務総務費,10,需用費,153000,148440,,,,4560,,R5決算書p25
2023,2,総務費,2,徴税費,1,税務総務費,11,役務費,129000,128727,,,,273,,R5決算書p25
2023,2,総務費,2,徴税費,1,税務総務費,12,委託料,21063000,20268460,,,,794540,,R5決算書p25
2023,2,総務費,2,徴税費,1,税務総務費,13,使用料及び賃借料,2072000,2068406,,,,3594,,R5決算書p25
2023,2,総務費,2,徴税費,1,税務総務費,18,負担金補助及び交付金,157000,147121,,,,9879,,R5決算書p25
2023,2,総務費,2,徴税費,2,賦課徴収費,1,報酬,0,0,,,,0,,R5決算書p26
2023,2,総務費,2,徴税費,2,賦課徴収費,10,需用費,3361000,3302046,,,,58954,,R5決算書p26
2023,2,総務費,2,徴税費,2,賦課徴収費,22,償還金利子及び割引料,616000,615710,,,,290,,R5決算書p26
2023,2,総務費,3,戸籍住民基本台帳費,1,戸籍住民基本台帳費,8,旅費,1000,1000,,,,0,,R5決算書p26
2023,2,総務費,3,戸籍住民基本台帳費,1,戸籍住民基本台帳費,10,需用費,166000,164692,,,,1308,,R5決算書p26
2023,2,総務費,3,戸籍住民基本台帳費,1,戸籍住民基本台帳費,11,役務費,4000,3840,,,,160,,R5決算書p26
2023,2,総務費,3,戸籍住民基本台帳費,1,戸籍住民基本台帳費,12,委託料,15935000,7980940,,7951900,,2160,,R5決算書p26
2023,2,総務費,3,戸籍住民基本台帳費,1,戸籍住民基本台帳費,13,使用料及び賃借料,6716000,6715500,,,,500,,R5決算書p26
2023,2,総務費,3,戸籍住民基本台帳費,1,戸籍住民基本台帳費,18,負担金補助及び交付金,1350000,1349300,,,,700,,R5決算書p26
2023,2,総務費,4,選挙費,1,選挙管理委員会費,1,報酬,134000,133500,,,,500,,R5決算書p27
2023,2,総務費,4,選挙費,1,選挙管理委員会費,8,旅費,3000,3000,,,,0,,R5決算書p27
2023,2,総務費,4,選挙費,1,選挙管理委員会費,10,需用費,2000,1540,,,,460,,R5決算書p27
2023,2,総務費,4,選挙費,1,選挙管理委員会費,18,負担金補助及び交付金,8000,7500,,,,500,,R5決算書p27
2023,2,総務費,4,選挙費,6,長野県議会議員選挙費,1,報酬,670000,634214,,,,35786,,R5決算書p27
2023,2,総務費,4,選挙費,6,長野県議会議員選挙費,3,職員手当等,1061400,1018504,,,,42896,,R5決算書p27
2023,2,総務費,4,選挙費,6,長野県議会議員選挙費,10,需用費,349000,348529,,,,471,,R5決算書p27
2023,2,総務費,4,選挙費,6,長野県議会議員選挙費,11,役務費,21000,20340,,,,660,,R5決算書p27
2023,2,総務費,4,選挙費,6,長野県議会議員選挙費,12,委託料,0,0,,,,0,,R5決算書p27
2023,2,総務費,4,選挙費,7,村議会議員選挙費,1,報酬,89600,89000,,,,600,,R5決算書p27
2023,2,総務費,4,選挙費,7,村議会議員選挙費,3,職員手当等,668,0,,,,668,,R5決算書p27
2023,2,総務費,4,選挙費,7,村議会議員選挙費,10,需用費,1889332,1889332,,,,0,,R5決算書p27
2023,2,総務費,4,選挙費,7,村議会議員選挙費,11,役務費,0,0,,,,0,,R5決算書p27
2023,2,総務費,4,選挙費,7,村議会議員選挙費,12,委託料,114000,113080,,,,920,,R5決算書p27
2023,2,総務費,5,統計調査費,2,指定統計調査費,1,報酬,60000,54650,,,,5350,,R5決算書p27
2023,2,総務費,5,統計調査費,2,指定統計調査費,3,職員手当等,15000,0,,,,15000,,R5決算書p27
2023,2,総務費,5,統計調査費,2,指定統計調査費,8,旅費,7000,6040,,,,960,,R5決算書p27
2023,2,総務費,5,統計調査費,2,指定統計調査費,10,需用費,42139,42139,,,,0,,R5決算書p27
2023,2,総務費,5,統計調査費,2,指定統計調査費,11,役務費,861,360,,,,501,,R5決算書p27
2023,2,総務費,6,監査委員費,1,監査委員費,1,報酬,540000,540000,,,,0,,R5決算書p28
2023,2,総務費,6,監査委員費,1,監査委員費,8,旅費,79000,73000,,,,6000,,R5決算書p28
2023,2,総務費,6,監査委員費,1,監査委員費,10,需用費,3000,2970,,,,30,,R5決算書p28
2023,2,総務費,6,監査委員費,1,監査委員費,18,負担金補助及び交付金,19000,18500,,,,500,,R5決算書p28
2023,2,総務費,7,国土調査費,1,地籍調査費,1,報酬,301000,294516,,,,6484,,R5決算書p28
2023,2,総務費,7,国土調査費,1,地籍調査費,2,給料,6504000,6503400,,,,600,,R5決算書p28
2023,2,総務費,7,国土調査費,1,地籍調査費,3,職員手当等,3565000,3562962,,,,2038,,R5決算書p28
2023,2,総務費,7,国土調査費,1,地籍調査費,4,共済費,2085000,2084814,,,,186,,R5決算書p28
2023,2,総務費,7,国土調査費,1,地籍調査費,8,旅費,2000,2000,,,,0,,R5決算書p28
2023,2,総務費,7,国土調査費,1,地籍調査費,10,需用費,793000,740934,,,,52066,,R5決算書p28
2023,2,総務費,7,国土調査費,1,地籍調査費,11,役務費,52000,49700,,,,2300,,R5決算書p28
2023,2,総務費,7,国土調査費,1,地籍調査費,12,委託料,4411000,4068955,,,,342045,,R5決算書p28
2023,2,総務費,7,国土調査費,1,地籍調査費,13,使用料及び賃借料,857000,856680,,,,320,,R5決算書p28
2023,2,総務費,7,国土調査費,1,地籍調査費,17,備品購入費,242000,218130,,,,23870,,R5決算書p28
2023,2,総務費,7,国土調査費,1,地籍調査費,18,負担金補助及び交付金,33000,33000,,,,0,,R5決算書p28
2023,2,総務費,7,国土調査費,1,地籍調査費,21,補償補填及び賠償金,0,0,,,,0,,R5決算書p28
2023,2,総務費,7,国土調査費,1,地籍調査費,26,公課費,7000,6600,,,,400,,R5決算書p28
2023,3,民生費,1,社会福祉費,1,社会福祉総務費,1,報酬,2822000,2821800,,,,200,,R5決算書p29
2023,3,民生費,1,社会福祉費,1,社会福祉総務費,2,給料,12068000,12067200,,,,800,,R5決算書p29
2023,3,民生費,1,社会福祉費,1,社会福祉総務費,3,職員手当等,6258000,6183145,,,,74855,,R5決算書p29
2023,3,民生費,1,社会福祉費,1,社会福祉総務費,4,共済費,2923000,2922273,,,,727,,R5決算書p29
2023,3,民生費,1,社会福祉費,1,社会福祉総務費,7,報償費,2415000,2308210,,,,106790,,R5決算書p29
2023,3,民生費,1,社会福祉費,1,社会福祉総務費,8,旅費,8000,2000,,,,6000,,R5決算書p29
2023,3,民生費,1,社会福祉費,1,社会福祉総務費,10,需用費,612000,548563,,,,63437,,R5決算書p29
2023,3,民生費,1,社会福祉費,1,社会福祉総務費,11,役務費,103000,81066,,,,21934,,R5決算書p29
2023,3,民生費,1,社会福祉費,1,社会福祉総務費,12,委託料,1506000,1489404,,,,16596,,R5決算書p29
2023,3,民生費,1,社会福祉費,1,社会福祉総務費,13,使用料及び賃借料,903000,879000,,,,24000,,R5決算書p29
2023,3,民生費,1,社会福祉費,1,社会福祉総務費,18,負担金補助及び交付金,58139000,51279544,,,,6859456,,R5決算書p29
2023,3,民生費,1,社会福祉費,1,社会福祉総務費,19,扶助費,4608000,4380272,,,,227728,,R5決算書p29
2023,3,民生費,1,社会福祉費,1,社会福祉総務費,20,貸付金,300000,0,,,,300000,,R5決算書p29
2023,3,民生費,1,社会福祉費,1,社会福祉総務費,26,公課費,7000,5000,,,,2000,,R5決算書p29
2023,3,民生費,1,社会福祉費,1,社会福祉総務費,27,繰出金,11854000,11852070,,,,1930,,R5決算書p29
2023,3,民生費,1,社会福祉費,2,老人福祉費,1,報酬,55000,47300,,,,7700,,R5決算書p31
2023,3,民生費,1,社会福祉費,2,老人福祉費,7,報償費,110000,110000,,,,0,,R5決算書p31
2023,3,民生費,1,社会福祉費,2,老人福祉費,10,需用費,275000,251810,,,,23190,,R5決算書p31
2023,3,民生費,1,社会福祉費,2,老人福祉費,11,役務費,173000,140410,,,,32590,,R5決算書p31
2023,3,民生費,1,社会福祉費,2,老人福祉費,12,委託料,2747000,2607414,,,,139586,,R5決算書p31
2023,3,民生費,1,社会福祉費,2,老人福祉費,17,備品購入費,1900000,1900000,,,,0,,R5決算書p31
2023,3,民生費,1,社会福祉費,2,老人福祉費,18,負担金補助及び交付金,20676000,19702733,,,,973267,,R5決算書p31
2023,3,民生費,1,社会福祉費,2,老人福祉費,19,扶助費,5990000,5035507,,,,954493,,R5決算書p31
2023,3,民生費,1,社会福祉費,2,老人福祉費,27,繰出金,29696000,29647053,,,,48947,,R5決算書p31
2023,3,民生費,1,社会福祉費,3,国民年金事務費,2,給料,2808000,2807100,,,,900,,R5決算書p32
2023,3,民生費,1,社会福祉費,3,国民年金事務費,3,職員手当等,1763000,1760463,,,,2537,,R5決算書p32
2023,3,民生費,1,社会福祉費,3,国民年金事務費,4,共済費,892000,891309,,,,691,,R5決算書p32
2023,3,民生費,1,社会福祉費,3,国民年金事務費,10,需用費,6000,5346,,,,654,,R5決算書p32
2023,3,民生費,1,社会福祉費,3,国民年金事務費,11,役務費,36000,36000,,,,0,,R5決算書p32
2023,3,民生費,1,社会福祉費,4,障害者福祉費,7,報償費,14000,12100,,,,1900,,R5決算書p32
2023,3,民生費,1,社会福祉費,4,障害者福祉費,8,旅費,1000,1000,,,,0,,R5決算書p32
2023,3,民生費,1,社会福祉費,4,障害者福祉費,10,需用費,0,0,,,,0,,R5決算書p32
2023,3,民生費,1,社会福祉費,4,障害者福祉費,12,委託料,671000,639987,,,,31013,,R5決算書p32
2023,3,民生費,1,社会福祉費,4,障害者福祉費,18,負担金補助及び交付金,614000,614000,,,,0,,R5決算書p32
2023,3,民生費,1,社会福祉費,4,障害者福祉費,19,扶助費,63676000,61138500,,,,2537500,,R5決算書p32
2023,3,民生費,1,社会福祉費,7,定住対策費,7,報償費,400000,400000,,,,0,,R5決算書p32
2023,3,民生費,1,社会福祉費,7,定住対策費,18,負担金補助及び交付金,4193000,4193000,,,,0,,R5決算書p32
2023,3,民生費,1,社会福祉費,10,老人福祉施設管理運営費,10,需用費,846000,625110,,,,220890,,R5決算書p32
2023,3,民生費,1,社会福祉費,10,老人福祉施設管理運営費,11,役務費,403000,325690,,,,77310,,R5決算書p33
2023,3,民生費,1,社会福祉費,10,老人福祉施設管理運営費,12,委託料,34939000,28113752,,,,6825248,,R5決算書p33
2023,3,民生費,1,社会福祉費,10,老人福祉施設管理運営費,13,使用料及び賃借料,691000,690365,,,,635,,R5決算書p33
2023,3,民生費,1,社会福祉費,13,在宅介護支援センター運営費,8,旅費,6000,3000,,,,3000,,R5決算書p33
2023,3,民生費,1,社会福祉費,13,在宅介護支援センター運営費,10,需用費,260000,157685,,,,102315,,R5決算書p33
2023,3,民生費,1,社会福祉費,13,在宅介護支援センター運営費,11,役務費,264000,233092,,,,30908,,R5決算書p33
2023,3,民生費,1,社会福祉費,13,在宅介護支援センター運営費,12,委託料,180000,179765,,,,235,,R5決算書p33
2023,3,民生費,1,社会福祉費,13,在宅介護支援センター運営費,13,使用料及び賃借料,330000,330000,,,,0,,R5決算書p33
2023,3,民生費,1,社会福祉費,13,在宅介護支援センター運営費,18,負担金補助及び交付金,73000,52400,,,,20600,,R5決算書p33
2023,3,民生費,1,社会福祉費,14,授産施設一般管理費,1,報酬,1815000,1814562,,,,438,,R5決算書p33
2023,3,民生費,1,社会福祉費,14,授産施設一般管理費,2,給料,8461000,8460000,,,,1000,,R5決算書p33
2023,3,民生費,1,社会福祉費,14,授産施設一般管理費,3,職員手当等,2855000,2852274,,,,2726,,R5決算書p33
2023,3,民生費,1,社会福祉費,14,授産施設一般管理費,4,共済費,895000,894071,,,,929,,R5決算書p33
2023,3,民生費,1,社会福祉費,14,授産施設一般管理費,8,旅費,0,0,,,,0,,R5決算書p33
2023,3,民生費,1,社会福祉費,14,授産施設一般管理費,10,需用費,1257100,1200923,,,,56177,,R5決算書p33
2023,3,民生費,1,社会福祉費,14,授産施設一般管理費,11,役務費,278000,270183,,,,7817,,R5決算書p33
2023,3,民生費,1,社会福祉費,14,授産施設一般管理費,12,委託料,97000,96470,,,,530,,R5決算書p33
2023,3,民生費,1,社会福祉費,14,授産施設一般管理費,13,使用料及び賃借料,534000,532366,,,,1634,,R5決算書p33
2023,3,民生費,1,社会福祉費,14,授産施設一般管理費,18,負担金補助及び交付金,25900,24900,,,,1000,,R5決算書p33
2023,3,民生費,1,社会福祉費,14,授産施設一般管理費,26,公課費,34000,33400,,,,600,,R5決算書p34
2023,3,民生費,1,社会福祉費,15,授産施設業務費,1,報酬,3567000,3566902,,,,98,,R5決算書p34
2023,3,民生費,1,社会福祉費,15,授産施設業務費,10,需用費,289000,288074,,,,926,,R5決算書p34
2023,3,民生費,1,社会福祉費,15,授産施設業務費,11,役務費,149358,148391,,,,967,,R5決算書p34
2023,3,民生費,1,社会福祉費,15,授産施設業務費,12,委託料,351642,351054,,,,588,,R5決算書p34
2023,3,民生費,1,社会福祉費,15,授産施設業務費,13,使用料及び賃借料,0,0,,,,0,,R5決算書p34
2023,3,民生費,1,社会福祉費,15,授産施設業務費,15,原材料費,1040000,1039164,,,,836,,R5決算書p34
2023,3,民生費,2,児童福祉費,2,児童措置費,10,需用費,139000,122815,,,,16185,,R5決算書p35
2023,3,民生費,2,児童福祉費,2,児童措置費,11,役務費,14000,6716,,,,7284,,R5決算書p35
2023,3,民生費,2,児童福祉費,2,児童措置費,12,委託料,624000,622600,,,,1400,,R5決算書p35
2023,3,民生費,2,児童福祉費,2,児童措置費,18,負担金補助及び交付金,5850000,4870000,,,,980000,,R5決算書p35
2023,3,民生費,2,児童福祉費,2,児童措置費,19,扶助費,12486000,12296000,,,,190000,,R5決算書p35
2023,3,民生費,2,児童福祉費,2,児童措置費,22,償還金利子及び割引料,597000,597000,,,,0,,R5決算書p35
2023,3,民生費,2,児童福祉費,5,保育所費,1,報酬,3383000,3362064,,,,20936,,R5決算書p35
2023,3,民生費,2,児童福祉費,5,保育所費,2,給料,14048000,14047498,,,,502,,R5決算書p35
2023,3,民生費,2,児童福祉費,5,保育所費,3,職員手当等,5502000,5238787,,,,263213,,R5決算書p35
2023,3,民生費,2,児童福祉費,5,保育所費,4,共済費,2255000,2254617,,,,383,,R5決算書p35
2023,3,民生費,2,児童福祉費,5,保育所費,7,報償費,267000,267000,,,,0,,R5決算書p35
2023,3,民生費,2,児童福祉費,5,保育所費,8,旅費,0,0,,,,0,,R5決算書p35
2023,3,民生費,2,児童福祉費,5,保育所費,10,需用費,5273000,4995059,,,,277941,,R5決算書p35
2023,3,民生費,2,児童福祉費,5,保育所費,11,役務費,456000,453186,,,,2814,,R5決算書p35
2023,3,民生費,2,児童福祉費,5,保育所費,12,委託料,545000,542590,,,,2410,,R5決算書p35
2023,3,民生費,2,児童福祉費,5,保育所費,13,使用料及び賃借料,504000,502366,,,,1634,,R5決算書p36
2023,3,民生費,2,児童福祉費,5,保育所費,17,備品購入費,67000,62700,,,,4300,,R5決算書p36
2023,3,民生費,2,児童福祉費,5,保育所費,18,負担金補助及び交付金,31000,29860,,,,1140,,R5決算書p36
2023,3,民生費,2,児童福祉費,5,保育所費,20,貸付金,0,0,,,,0,,R5決算書p36
2023,3,民生費,2,児童福祉費,7,児童クラブ運営費,7,報償費,0,0,,,,0,,R5決算書p37
2023,3,民生費,2,児童福祉費,7,児童クラブ運営費,8,旅費,44000,42960,,,,1040,,R5決算書p37
2023,3,民生費,2,児童福祉費,7,児童クラブ運営費,10,需用費,431000,416109,,,,14891,,R5決算書p37
2023,3,民生費,2,児童福祉費,7,児童クラブ運営費,11,役務費,120000,112536,,,,7464,,R5決算書p37
2023,3,民生費,2,児童福祉費,7,児童クラブ運営費,12,委託料,3208000,3206725,,,,1275,,R5決算書p37
2023,3,民生費,2,児童福祉費,7,児童クラブ運営費,17,備品購入費,157000,144782,,,,12218,,R5決算書p37
2023,3,民生費,2,児童福祉費,7,児童クラブ運営費,18,負担金補助及び交付金,0,0,,,,0,,R5決算書p37
2023,3,民生費,2,児童福祉費,8,通学合宿事業費,1,報酬,0,0,,,,0,,R5決算書p37
2023,3,民生費,2,児童福祉費,8,通学合宿事業費,7,報償費,0,0,,,,0,,R5決算書p37
2023,3,民生費,2,児童福祉費,8,通学合宿事業費,10,需用費,0,0,,,,0,,R5決算書p37
2023,3,民生費,2,児童福祉費,8,通学合宿事業費,13,使用料及び賃借料,0,0,,,,0,,R5決算書p37
2023,6,農林水産業費,1,農業費,1,農業委員会費,1,報酬,2839000,2746060,,,,92940,,R5決算書p42
2023,6,農林水産業費,1,農業費,1,農業委員会費,8,旅費,66000,65760,,,,240,,R5決算書p42
2023,6,農林水産業費,1,農業費,1,農業委員会費,10,需用費,239000,231578,,,,7422,,R5決算書p42
2023,6,農林水産業費,1,農業費,1,農業委員会費,11,役務費,25000,24393,,,,607,,R5決算書p42
2023,6,農林水産業費,1,農業費,1,農業委員会費,18,負担金補助及び交付金,60000,59000,,,,1000,,R5決算書p42
2023,6,農林水産業費,1,農業費,2,農業総務費,2,給料,10579000,10578900,,,,100,,R5決算書p42
2023,6,農林水産業費,1,農業費,2,農業総務費,3,職員手当等,6733000,6731424,,,,1576,,R5決算書p42
2023,6,農林水産業費,1,農業費,2,農業総務費,4,共済費,3331000,3330999,,,,1,,R5決算書p42
2023,6,農林水産業費,1,農業費,2,農業総務費,8,旅費,45000,44200,,,,800,,R5決算書p42
2023,6,農林水産業費,1,農業費,2,農業総務費,10,需用費,210000,196118,,,,13882,,R5決算書p42
2023,6,農林水産業費,1,農業費,2,農業総務費,11,役務費,15000,14990,,,,10,,R5決算書p42
2023,6,農林水産業費,1,農業費,2,農業総務費,18,負担金補助及び交付金,50000,49360,,,,640,,R5決算書p42
2023,6,農林水産業費,1,農業費,2,農業総務費,26,公課費,0,0,,,,0,,R5決算書p42
2023,6,農林水産業費,1,農業費,3,農業振興費,1,報酬,996000,988250,,,,7750,,R5決算書p43
2023,6,農林水産業費,1,農業費,3,農業振興費,7,報償費,812000,812000,,,,0,,R5決算書p43
2023,6,農林水産業費,1,農業費,3,農業振興費,8,旅費,13000,13000,,,,0,,R5決算書p43
2023,6,農林水産業費,1,農業費,3,農業振興費,10,需用費,4118000,3890951,,,,227049,,R5決算書p43
2023,6,農林水産業費,1,農業費,3,農業振興費,11,役務費,547000,532243,,,,14757,,R5決算書p43
2023,6,農林水産業費,1,農業費,3,農業振興費,12,委託料,4353000,4061230,,,,291770,,R5決算書p43
2023,6,農林水産業費,1,農業費,3,農業振興費,13,使用料及び賃借料,639000,629647,,,,9353,,R5決算書p43
2023,6,農林水産業費,1,農業費,3,農業振興費,14,工事請負費,13359000,13138400,,,,220600,,R5決算書p43
2023,6,農林水産業費,1,農業費,3,農業振興費,17,備品購入費,150000,140800,,,,9200,,R5決算書p43
2023,6,農林水産業費,1,農業費,3,農業振興費,18,負担金補助及び交付金,10273000,9501223,,,,771777,,R5決算書p43
2023,6,農林水産業費,1,農業費,4,畜産業費,10,需用費,170000,169266,,,,734,,R5決算書p44
2023,6,農林水産業費,1,農業費,4,畜産業費,12,委託料,1080000,1080000,,,,0,,R5決算書p44
2023,6,農林水産業費,1,農業費,5,畜産振興費,10,需用費,21000,20500,,,,500,,R5決算書p44
2023,6,農林水産業費,1,農業費,5,畜産振興費,14,工事請負費,534000,531300,,,,2700,,R5決算書p44
2023,6,農林水産業費,1,農業費,6,農地費,1,報酬,747000,747000,,,,0,,R5決算書p45
2023,6,農林水産業費,1,農業費,6,農地費,14,工事請負費,4107000,4106300,,,,700,,R5決算書p45
2023,6,農林水産業費,1,農業費,6,農地費,15,原材料費,201000,192225,,,,8775,,R5決算書p45
2023,6,農林水産業費,1,農業費,6,農地費,18,負担金補助及び交付金,498000,490200,,,,7800,,R5決算書p45
2023,6,農林水産業費,1,農業費,7,農業振興地域整備促進事業費,1,報酬,0,0,,,,0,,R5決算書p45
2023,6,農林水産業費,1,農業費,20,地域おこし協力隊事業,1,報酬,0,0,,,,0,,R5決算書p45
2023,6,農林水産業費,1,農業費,20,地域おこし協力隊事業,8,旅費,0,0,,,,0,,R5決算書p45
2023,6,農林水産業費,1,農業費,20,地域おこし協力隊事業,10,需用費,160,0,,,,160,,R5決算書p45
2023,6,農林水産業費,1,農業費,20,地域おこし協力隊事業,11,役務費,25840,25840,,,,0,,R5決算書p45
2023,6,農林水産業費,1,農業費,20,地域おこし協力隊事業,13,使用料及び賃借料,0,0,,,,0,,R5決算書p45
2023,6,農林水産業費,1,農業費,20,地域おこし協力隊事業,18,負担金補助及び交付金,0,0,,,,0,,R5決算書p45
2023,6,農林水産業費,1,農業費,21,日本型直接支払事業,1,報酬,239000,239000,,,,0,,R5決算書p45
2023,6,農林水産業費,1,農業費,21,日本型直接支払事業,18,負担金補助及び交付金,4460000,4318374,,,,141626,,R5決算書p45
2023,6,農林水産業費,1,農業費,22,集落支援事業,1,報酬,3612000,3611448,,,,552,,R5決算書p45
2023,6,農林水産業費,1,農業費,22,集落支援事業,3,職員手当等,536000,534934,,,,1066,,R5決算書p45
2023,6,農林水産業費,1,農業費,22,集落支援事業,8,旅費,0,0,,,,0,,R5決算書p45
2023,6,農林水産業費,1,農業費,22,集落支援事業,10,需用費,71000,69993,,,,1007,,R5決算書p45
2023,6,農林水産業費,1,農業費,22,集落支援事業,11,役務費,0,0,,,,0,,R5決算書p45
2023,6,農林水産業費,1,農業費,22,集落支援事業,13,使用料及び賃借料,398000,397320,,,,680,,R5決算書p46
2023,6,農林水産業費,2,林業費,1,林業総務費,1,報酬,12000,11700,,,,300,,R5決算書p46
2023,6,農林水産業費,2,林業費,1,林業総務費,2,給料,4396000,4395300,,,,700,,R5決算書p46
2023,6,農林水産業費,2,林業費,1,林業総務費,3,職員手当等,2076000,2074056,,,,1944,,R5決算書p46
2023,6,農林水産業費,2,林業費,1,林業総務費,4,共済費,1406000,1405489,,,,511,,R5決算書p46
2023,6,農林水産業費,2,林業費,1,林業総務費,12,委託料,0,0,,,,0,,R5決算書p46
2023,6,農林水産業費,2,林業費,1,林業総務費,18,負担金補助及び交付金,1795000,1794120,,,,880,,R5決算書p46
2023,6,農林水産業費,2,林業費,2,林業振興費,1,報酬,125000,124800,,,,200,,R5決算書p46
2023,6,農林水産業費,2,林業費,2,林業振興費,7,報償費,6209000,6208500,,,,500,,R5決算書p46
2023,6,農林水産業費,2,林業費,2,林業振興費,10,需用費,1028000,1025845,,,,2155,,R5決算書p46
2023,6,農林水産業費,2,林業費,2,林業振興費,11,役務費,143000,141011,,,,1989,,R5決算書p46
2023,6,農林水産業費,2,林業費,2,林業振興費,12,委託料,2016000,1864680,,,,151320,,R5決算書p46
2023,6,農林水産業費,2,林業費,2,林業振興費,14,工事請負費,4480000,4413000,,,,67000,,R5決算書p46
2023,6,農林水産業費,2,林業費,2,林業振興費,18,負担金補助及び交付金,41000,40100,,,,900,,R5決算書p46
2023,6,農林水産業費,2,林業費,2,林業振興費,21,補償補填及び賠償金,70000,69720,,,,280,,R5決算書p46
2023,6,農林水産業費,2,林業費,3,林道費,10,需用費,178000,177390,,,,610,,R5決算書p47
2023,6,農林水産業費,2,林業費,3,林道費,11,役務費,28000,27970,,,,30,,R5決算書p47
2023,6,農林水産業費,2,林業費,3,林道費,12,委託料,7726000,7725300,,,,700,,R5決算書p47
2023,6,農林水産業費,2,林業費,3,林道費,14,工事請負費,98205000,65203600,,32989000,,12400,,R5決算書p47
2023,6,農林水産業費,2,林業費,3,林道費,21,補償補填及び賠償金,245000,244152,,,,848,,R5決算書p47
2023,6,農林水産業費,2,林業費,4,造林費,14,工事請負費,141,0,,,,141,,R5決算書p47
2023,6,農林水産業費,2,林業費,4,造林費,18,負担金補助及び交付金,4894859,4894859,,,,0,,R5決算書p47
2023,6,農林水産業費,2,林業費,6,森林整備センター受託事業費,12,委託料,770000,770000,,,,0,,R5決算書p47
2023,6,農林水産業費,2,林業費,10,森林環境譲与税活用費,11,役務費,0,0,,,,0,,R5決算書p48
2023,6,農林水産業費,2,林業費,10,森林環境譲与税活用費,12,委託料,21978000,8888000,,13090000,,0,,R5決算書p48
2023,6,農林水産業費,2,林業費,11,集落支援事業,12,委託料,5000,4300,,,,700,,R5決算書p48
2023,7,商工費,1,商工費,1,商工総務費,2,給料,7289000,7288020,,,,980,,R5決算書p48
2023,7,商工費,1,商工費,1,商工総務費,3,職員手当等,3023000,3021290,,,,1710,,R5決算書p48
2023,7,商工費,1,商工費,1,商工総務費,4,共済費,2103000,2102642,,,,358,,R5決算書p48
2023,7,商工費,1,商工費,1,商工総務費,18,負担金補助及び交付金,931000,930600,,,,400,,R5決算書p48
2023,7,商工費,1,商工費,2,商工振興費,1,報酬,604920,586980,,,,17940,,R5決算書p48
2023,7,商工費,1,商工費,2,商工振興費,7,報償費,80,0,,,,80,,R5決算書p48
2023,7,商工費,1,商工費,2,商工振興費,8,旅費,11000,10500,,,,500,,R5決算書p48
2023,7,商工費,1,商工費,2,商工振興費,10,需用費,115000,114585,,,,415,,R5決算書p48
2023,7,商工費,1,商工費,2,商工振興費,11,役務費,19000,18802,,,,198,,R5決算書p48
2023,7,商工費,1,商工費,2,商工振興費,13,使用料及び賃借料,212000,211824,,,,176,,R5決算書p49
2023,7,商工費,1,商工費,2,商工振興費,18,負担金補助及び交付金,24541000,23143789,,,,1397211,,R5決算書p49
2023,7,商工費,1,商工費,2,商工振興費,21,補償補填及び賠償金,427000,426542,,,,458,,R5決算書p49
2023,7,商工費,1,商工費,3,観光費,1,報酬,5061000,5019204,,,,41796,,R5決算書p49
2023,7,商工費,1,商工費,3,観光費,3,職員手当等,573000,571629,,,,1371,,R5決算書p49
2023,7,商工費,1,商工費,3,観光費,7,報償費,326000,323000,,,,3000,,R5決算書p49
2023,7,商工費,1,商工費,3,観光費,8,旅費,588000,558297,,,,29703,,R5決算書p49
2023,7,商工費,1,商工費,3,観光費,10,需用費,12720000,12566024,,,,153976,,R5決算書p49
2023,7,商工費,1,商工費,3,観光費,11,役務費,1497000,1481240,,,,15760,,R5決算書p49
2023,7,商工費,1,商工費,3,観光費,12,委託料,7287000,7285120,,,,1880,,R5決算書p49
2023,7,商工費,1,商工費,3,観光費,13,使用料及び賃借料,1094000,1091363,,,,2637,,R5決算書p49
2023,7,商工費,1,商工費,3,観光費,14,工事請負費,20148000,20125600,,,,22400,,R5決算書p49
2023,7,商工費,1,商工費,3,観光費,15,原材料費,0,0,,,,0,,R5決算書p49
2023,7,商工費,1,商工費,3,観光費,17,備品購入費,1737000,1735060,,,,1940,,R5決算書p49
2023,7,商工費,1,商工費,3,観光費,18,負担金補助及び交付金,4882000,4871351,,,,10649,,R5決算書p49
2023,7,商工費,1,商工費,4,地域おこし協力隊事業,1,報酬,2620000,2526192,,,,93808,,R5決算書p50
2023,7,商工費,1,商工費,4,地域おこし協力隊事業,3,職員手当等,196000,195600,,,,400,,R5決算書p50
2023,7,商工費,1,商工費,4,地域おこし協力隊事業,8,旅費,30000,30000,,,,0,,R5決算書p50
2023,7,商工費,1,商工費,4,地域おこし協力隊事業,10,需用費,271000,266972,,,,4028,,R5決算書p51
2023,7,商工費,1,商工費,4,地域おこし協力隊事業,11,役務費,70000,68636,,,,1364,,R5決算書p51
2023,7,商工費,1,商工費,4,地域おこし協力隊事業,13,使用料及び賃借料,371000,370920,,,,80,,R5決算書p51
2023,7,商工費,1,商工費,4,地域おこし協力隊事業,18,負担金補助及び交付金,40000,40000,,,,0,,R5決算書p51
2023,7,商工費,1,商工費,5,集落支援事業,1,報酬,1255000,1254564,,,,436,,R5決算書p51
2023,7,商工費,1,商工費,5,集落支援事業,3,職員手当等,281000,280139,,,,861,,R5決算書p51
2023,7,商工費,1,商工費,5,集落支援事業,10,需用費,113000,110540,,,,2460,,R5決算書p51
2023,7,商工費,1,商工費,5,集落支援事業,11,役務費,37000,36530,,,,470,,R5決算書p51
2023,7,商工費,1,商工費,5,集落支援事業,13,使用料及び賃借料,744000,743880,,,,120,,R5決算書p51
2023,7,商工費,1,商工費,5,集落支援事業,26,公課費,7000,6600,,,,400,,R5決算書p51
2023,10,教育費,1,教育総務費,1,教育委員会費,1,報酬,624000,624000,,,,0,,R5決算書p56
2023,10,教育費,1,教育総務費,1,教育委員会費,8,旅費,26000,23140,,,,2860,,R5決算書p56
2023,10,教育費,1,教育総務費,1,教育委員会費,18,負担金補助及び交付金,198000,178920,,,,19080,,R5決算書p56
2023,10,教育費,1,教育総務費,2,事務局費,1,報酬,2003000,1935340,,,,67660,,R5決算書p57
2023,10,教育費,1,教育総務費,2,事務局費,2,給料,13614000,13613135,,,,865,,R5決算書p57
2023,10,教育費,1,教育総務費,2,事務局費,3,職員手当等,5941000,5939207,,,,1793,,R5決算書p57
2023,10,教育費,1,教育総務費,2,事務局費,4,共済費,4164000,4152743,,,,11257,,R5決算書p57
2023,10,教育費,1,教育総務費,2,事務局費,7,報償費,400000,380000,,,,20000,,R5決算書p57
2023,10,教育費,1,教育総務費,2,事務局費,10,需用費,895000,753975,,,,141025,,R5決算書p57
2023,10,教育費,1,教育総務費,2,事務局費,11,役務費,81000,75144,,,,5856,,R5決算書p57
2023,10,教育費,1,教育総務費,2,事務局費,12,委託料,325000,283800,,,,41200,,R5決算書p57
2023,10,教育費,1,教育総務費,2,事務局費,13,使用料及び賃借料,2959000,2866262,,,,92738,,R5決算書p57
2023,10,教育費,1,教育総務費,2,事務局費,14,工事請負費,150000000,0,,150000000,,0,,R5決算書p57
2023,10,教育費,1,教育総務費,2,事務局費,18,負担金補助及び交付金,34000,33436,,,,564,,R5決算書p57
2023,10,教育費,1,教育総務費,4,文化財保存費,1,報酬,0,0,,,,0,,R5決算書p58
2023,10,教育費,1,教育総務費,4,文化財保存費,7,報償費,271000,211760,,,,59240,,R5決算書p58
2023,10,教育費,1,教育総務費,4,文化財保存費,8,旅費,18000,16000,,,,2000,,R5決算書p58
2023,10,教育費,1,教育総務費,4,文化財保存費,10,需用費,1033000,850112,,,,182888,,R5決算書p58
2023,10,教育費,1,教育総務費,4,文化財保存費,11,役務費,224000,185528,,,,38472,,R5決算書p58
2023,10,教育費,1,教育総務費,4,文化財保存費,12,委託料,1884000,1846702,,,,37298,,R5決算書p58
2023,10,教育費,1,教育総務費,4,文化財保存費,18,負担金補助及び交付金,3231000,3215000,,,,16000,,R5決算書p58
2023,10,教育費,1,教育総務費,6,文化施設費,1,報酬,5659000,5576166,,,,82834,,R5決算書p58
2023,10,教育費,1,教育総務費,6,文化施設費,3,職員手当等,952000,951746,,,,254,,R5決算書p58
2023,10,教育費,1,教育総務費,6,文化施設費,7,報償費,330000,330000,,,,0,,R5決算書p59
2023,10,教育費,1,教育総務費,6,文化施設費,8,旅費,251000,237660,,,,13340,,R5決算書p59
2023,10,教育費,1,教育総務費,6,文化施設費,10,需用費,4271000,4151875,,,,119125,,R5決算書p59
2023,10,教育費,1,教育総務費,6,文化施設費,11,役務費,601000,495418,,,,105582,,R5決算書p59
2023,10,教育費,1,教育総務費,6,文化施設費,12,委託料,988000,947990,,,,40010,,R5決算書p59
2023,10,教育費,1,教育総務費,6,文化施設費,13,使用料及び賃借料,1046000,979612,,,,66388,,R5決算書p59
2023,10,教育費,1,教育総務費,6,文化施設費,14,工事請負費,95000,93500,,,,1500,,R5決算書p59
2023,10,教育費,1,教育総務費,6,文化施設費,17,備品購入費,1014000,935000,,,,79000,,R5決算書p59
2023,10,教育費,1,教育総務費,6,文化施設費,18,負担金補助及び交付金,268000,252452,,,,15548,,R5決算書p59
2023,10,教育費,2,小学校費,1,学校管理費,1,報酬,5239000,5238265,,,,735,,R5決算書p59
2023,10,教育費,2,小学校費,1,学校管理費,3,職員手当等,1188000,1186934,,,,1066,,R5決算書p60
2023,10,教育費,2,小学校費,1,学校管理費,7,報償費,367000,346700,,,,20300,,R5決算書p60
2023,10,教育費,2,小学校費,1,学校管理費,8,旅費,3000,2790,,,,210,,R5決算書p60
2023,10,教育費,2,小学校費,1,学校管理費,10,需用費,8486000,7722435,,,,763565,,R5決算書p60
2023,10,教育費,2,小学校費,1,学校管理費,11,役務費,724000,649403,,,,74597,,R5決算書p60
2023,10,教育費,2,小学校費,1,学校管理費,12,委託料,6336000,5768085,,,,567915,,R5決算書p60
2023,10,教育費,2,小学校費,1,学校管理費,13,使用料及び賃借料,7919000,7900453,,,,18547,,R5決算書p60
2023,10,教育費,2,小学校費,1,学校管理費,15,原材料費,0,0,,,,0,,R5決算書p60
2023,10,教育費,2,小学校費,1,学校管理費,17,備品購入費,571000,534360,,,,36640,,R5決算書p60
2023,10,教育費,2,小学校費,1,学校管理費,18,負担金補助及び交付金,120000,111533,,,,8467,,R5決算書p60
2023,10,教育費,2,小学校費,1,学校管理費,26,公課費,41000,41000,,,,0,,R5決算書p60
2023,10,教育費,2,小学校費,2,教育振興費,7,報償費,297000,294475,,,,2525,,R5決算書p61
2023,10,教育費,2,小学校費,2,教育振興費,10,需用費,1042000,1013083,,,,28917,,R5決算書p61
2023,10,教育費,2,小学校費,2,教育振興費,11,役務費,115000,114290,,,,710,,R5決算書p61
2023,10,教育費,2,小学校費,2,教育振興費,17,備品購入費,196000,192549,,,,3451,,R5決算書p61
2023,10,教育費,2,小学校費,2,教育振興費,18,負担金補助及び交付金,1541000,1540950,,,,50,,R5決算書p61
2023,10,教育費,2,小学校費,2,教育振興費,19,扶助費,3731000,3532540,,,,198460,,R5決算書p61
2023,10,教育費,3,中学校費,1,学校管理費,1,報酬,10394000,10390933,,,,3067,,R5決算書p62
2023,10,教育費,3,中学校費,1,学校管理費,3,職員手当等,7552000,6819179,,,,732821,,R5決算書p62
2023,10,教育費,3,中学校費,1,学校管理費,7,報償費,407000,396700,,,,10300,,R5決算書p62
2023,10,教育費,3,中学校費,1,学校管理費,8,旅費,96000,85558,,,,10442,,R5決算書p62
2023,10,教育費,3,中学校費,1,学校管理費,10,需用費,7131000,6442264,,,,688736,,R5決算書p62
2023,10,教育費,3,中学校費,1,学校管理費,11,役務費,432000,406822,,,,25178,,R5決算書p62
2023,10,教育費,3,中学校費,1,学校管理費,12,委託料,6383000,6275930,,,,107070,,R5決算書p62
2023,10,教育費,3,中学校費,1,学校管理費,13,使用料及び賃借料,5669000,5377333,,,,291667,,R5決算書p62
2023,10,教育費,3,中学校費,1,学校管理費,15,原材料費,3000,2342,,,,658,,R5決算書p62
2023,10,教育費,3,中学校費,1,学校管理費,17,備品購入費,451000,450970,,,,30,,R5決算書p62
2023,10,教育費,3,中学校費,1,学校管理費,18,負担金補助及び交付金,93000,85008,,,,7992,,R5決算書p62
2023,10,教育費,3,中学校費,2,教育振興費,7,報償費,5000,4860,,,,140,,R5決算書p63
2023,10,教育費,3,中学校費,2,教育振興費,10,需用費,1023000,920877,,,,102123,,R5決算書p63
2023,10,教育費,3,中学校費,2,教育振興費,11,役務費,96000,93570,,,,2430,,R5決算書p63
2023,10,教育費,3,中学校費,2,教育振興費,17,備品購入費,457000,411873,,,,45127,,R5決算書p63
2023,10,教育費,3,中学校費,2,教育振興費,18,負担金補助及び交付金,1062000,956265,,,,105735,,R5決算書p63
2023,10,教育費,3,中学校費,2,教育振興費,19,扶助費,297000,238500,,,,58500,,R5決算書p63
2023,10,教育費,4,社会教育費,1,社会教育総務費,1,報酬,43000,6700,,,,36300,,R5決算書p64
2023,10,教育費,4,社会教育費,1,社会教育総務費,2,給料,3075000,3074400,,,,600,,R5決算書p64
2023,10,教育費,4,社会教育費,1,社会教育総務費,3,職員手当等,829000,827596,,,,1404,,R5決算書p64
2023,10,教育費,4,社会教育費,1,社会教育総務費,4,共済費,791000,790598,,,,402,,R5決算書p64
2023,10,教育費,4,社会教育費,1,社会教育総務費,8,旅費,0,0,,,,0,,R5決算書p64
2023,10,教育費,4,社会教育費,1,社会教育総務費,18,負担金補助及び交付金,1000,1000,,,,0,,R5決算書p64
2023,10,教育費,4,社会教育費,2,公民館費,1,報酬,611000,486200,,,,124800,,R5決算書p64
2023,10,教育費,4,社会教育費,2,公民館費,7,報償費,537000,490700,,,,46300,,R5決算書p64
2023,10,教育費,4,社会教育費,2,公民館費,8,旅費,44000,38420,,,,5580,,R5決算書p64
2023,10,教育費,4,社会教育費,2,公民館費,10,需用費,5155000,5013143,,,,141857,,R5決算書p64
2023,10,教育費,4,社会教育費,2,公民館費,11,役務費,869000,840079,,,,28921,,R5決算書p64
2023,10,教育費,4,社会教育費,2,公民館費,12,委託料,8332000,8224144,,,,107856,,R5決算書p64
2023,10,教育費,4,社会教育費,2,公民館費,13,使用料及び賃借料,858000,840892,,,,17108,,R5決算書p64
2023,10,教育費,4,社会教育費,2,公民館費,14,工事請負費,108426000,103935260,,,,4490740,,R5決算書p64
2023,10,教育費,4,社会教育費,2,公民館費,17,備品購入費,2805000,2709300,,,,95700,,R5決算書p64
2023,10,教育費,4,社会教育費,2,公民館費,18,負担金補助及び交付金,723000,667655,,,,55345,,R5決算書p64
2023,10,教育費,5,保健体育費,1,保健体育総務費,1,報酬,70000,0,,,,70000,,R5決算書p65
2023,10,教育費,5,保健体育費,1,保健体育総務費,7,報償費,0,0,,,,0,,R5決算書p65
2023,10,教育費,5,保健体育費,1,保健体育総務費,8,旅費,0,0,,,,0,,R5決算書p65
2023,10,教育費,5,保健体育費,1,保健体育総務費,10,需用費,188000,185989,,,,2011,,R5決算書p65
2023,10,教育費,5,保健体育費,1,保健体育総務費,11,役務費,0,0,,,,0,,R5決算書p65
2023,10,教育費,5,保健体育費,1,保健体育総務費,18,負担金補助及び交付金,90000,47700,,,,42300,,R5決算書p65
2023,10,教育費,5,保健体育費,2,学校給食運営費,1,報酬,4907000,4823935,,,,83065,,R5決算書p65
2023,10,教育費,5,保健体育費,2,学校給食運営費,3,職員手当等,1051000,1050369,,,,631,,R5決算書p65
2023,10,教育費,5,保健体育費,2,学校給食運営費,10,需用費,2210000,1997343,,,,212657,,R5決算書p65
2023,10,教育費,5,保健体育費,2,学校給食運営費,11,役務費,303000,283775,,,,19225,,R5決算書p65
2023,10,教育費,5,保健体育費,2,学校給食運営費,12,委託料,250000,195580,,,,54420,,R5決算書p66
2023,10,教育費,5,保健体育費,2,学校給食運営費,13,使用料及び賃借料,114000,113520,,,,480,,R5決算書p66
2023,10,教育費,5,保健体育費,2,学校給食運営費,18,負担金補助及び交付金,4364000,3952883,,,,411117,,R5決算書p66
2023,10,教育費,5,保健体育費,2,学校給食運営費,26,公課費,7000,6600,,,,400,,R5決算書p66
2023,10,教育費,5,保健体育費,4,体育施設管理費,7,報償費,0,0,,,,0,,R5決算書p66
2023,10,教育費,5,保健体育費,4,体育施設管理費,10,需用費,1112000,1101925,,,,10075,,R5決算書p66
2023,10,教育費,5,保健体育費,4,体育施設管理費,11,役務費,78000,77272,,,,728,,R5決算書p66
2023,10,教育費,5,保健体育費,4,体育施設管理費,12,委託料,183000,182600,,,,400,,R5決算書p66
2023,12,公債費,1,公債費,1,元金,22,償還金利子及び割引料,217374000,217370369,,,,3631,,R5決算書p67
2023,12,公債費,1,公債費,2,利子,22,償還金利子及び割引料,5148000,5045653,,,,102347,,R5決算書p67
2023,13,諸支出金,1,基金費,1,財政調整基金費,24,積立金,94000,93179,,,,821,,R5決算書p67
2023,13,諸支出金,1,基金費,2,減債基金費,24,積立金,30120000,30119946,,,,54,,R5決算書p68
2023,13,諸支出金,1,基金費,3,公共施設等整備基金費,24,積立金,17161000,17160939,,,,61,,R5決算書p68
2023,13,諸支出金,1,基金費,4,文教施設整備基金費,24,積立金,5000,4500,,,,500,,R5決算書p68
2023,13,諸支出金,1,基金費,5,ふるさとづくり基金費,24,積立金,102625000,102624044,,,,956,,R5決算書p68
2023,13,諸支出金,1,基金費,6,高齢者福祉基金費,24,積立金,4000,3637,,,,363,,R5決算書p68
2023,13,諸支出金,1,基金費,14,森林環境譲与税基金,24,積立金,1337000,1336974,,,,26,,R5決算書p68
2024,2,総務費,1,総務管理費,1,一般管理費,1,報酬,601000,545600,,,,55400,,R6決算書p18
2024,2,総務費,1,総務管理費,1,一般管理費,2,給料,48596000,48594900,,,,1100,,R6決算書p18
2024,2,総務費,1,総務管理費,1,一般管理費,3,職員手当等,47801000,47631226,,,,169774,,R6決算書p18
2024,2,総務費,1,総務管理費,1,一般管理費,4,共済費,24874000,24868625,,,,5375,,R6決算書p18
2024,2,総務費,1,総務管理費,1,一般管理費,7,報償費,466000,247436,,,,218564,,R6決算書p18
2024,2,総務費,1,総務管理費,1,一般管理費,8,旅費,296000,295990,,,,10,,R6決算書p18
2024,2,総務費,1,総務管理費,1,一般管理費,9,交際費,127000,110300,,,,16700,,R6決算書p18
2024,2,総務費,1,総務管理費,1,一般管理費,10,需用費,7215470,6373700,,,,841770,,R6決算書p19
2024,2,総務費,1,総務管理費,1,一般管理費,11,役務費,761000,661320,,,,99680,,R6決算書p19
2024,2,総務費,1,総務管理費,1,一般管理費,12,委託料,10455000,9999700,,,,455300,,R6決算書p19
2024,2,総務費,1,総務管理費,1,一般管理費,13,使用料及び賃借料,3561000,2991147,,,,569853,,R6決算書p19
2024,2,総務費,1,総務管理費,1,一般管理費,18,負担金補助及び交付金,2127980,1863330,,,,264650,,R6決算書p19
2024,2,総務費,1,総務管理費,1,一般管理費,26,公課費,13000,13000,,,,0,,R6決算書p19
2024,2,総務費,1,総務管理費,2,文書広報費,1,報酬,247000,220250,,,,26750,,R6決算書p20
2024,2,総務費,1,総務管理費,2,文書広報費,10,需用費,3193000,2720332,,,,472668,,R6決算書p20
2024,2,総務費,1,総務管理費,2,文書広報費,11,役務費,2191550,1886612,,,,304938,,R6決算書p20
2024,2,総務費,1,総務管理費,2,文書広報費,12,委託料,8362000,8338735,,,,23265,,R6決算書p20
2024,2,総務費,1,総務管理費,2,文書広報費,13,使用料及び賃借料,24000,23800,,,,200,,R6決算書p20
2024,2,総務費,1,総務管理費,2,文書広報費,14,工事請負費,40105000,0,,39600000,,505000,,R6決算書p21
2024,2,総務費,1,総務管理費,3,財政管理費,10,需用費,0,0,,,,0,,R6決算書p21
2024,2,総務費,1,総務管理費,3,財政管理費,12,委託料,7076000,7075200,,,,800,,R6決算書p21
2024,2,総務費,1,総務管理費,5,財産管理費,10,需用費,9421000,7525258,,,,1895742,,R6決算書p21
2024,2,総務費,1,総務管理費,5,財産管理費,11,役務費,1420000,1320802,,,,99198,,R6決算書p21
2024,2,総務費,1,総務管理費,5,財産管理費,12,委託料,1094000,936700,,,,157300,,R6決算書p21
2024,2,総務費,1,総務管理費,5,財産管理費,13,使用料及び賃借料,3104000,3101856,,,,2144,,R6決算書p21
2024,2,総務費,1,総務管理費,5,財産管理費,14,工事請負費,1000000,418000,,,,582000,,R6決算書p21
2024,2,総務費,1,総務管理費,6,企画費,1,報酬,3294000,3290500,,,,3500,,R6決算書p22
2024,2,総務費,1,総務管理費,6,企画費,3,職員手当等,424000,24000,,,,400000,,R6決算書p22
2024,2,総務費,1,総務管理費,6,企画費,4,共済費,2754000,2744022,,,,9978,,R6決算書p22
2024,2,総務費,1,総務管理費,6,企画費,8,旅費,497000,241711,,,,255289,,R6決算書p22
2024,2,総務費,1,総務管理費,6,企画費,10,需用費,3048000,2330595,,,,717405,,R6決算書p22
2024,2,総務費,1,総務管理費,6,企画費,11,役務費,495000,218063,,,,276937,,R6決算書p22
2024,2,総務費,1,総務管理費,6,企画費,12,委託料,9455000,7483250,,1845000,,126750,,R6決算書p22
2024,2,総務費,1,総務管理費,6,企画費,13,使用料及び賃借料,1318000,1284433,,,,33567,,R6決算書p22
2024,2,総務費,1,総務管理費,6,企画費,18,負担金補助及び交付金,119098000,114826792,,,,4271208,,R6決算書p22
2024,2,総務費,1,総務管理費,6,企画費,22,償還金利子及び割引料,120000,119703,,,,297,,R6決算書p22
2024,2,総務費,1,総務管理費,8,交通安全対策費,10,需用費,266000,225804,,,,40196,,R6決算書p23
2024,2,総務費,1,総務管理費,8,交通安全対策費,11,役務費,54000,38560,,,,15440,,R6決算書p23
2024,2,総務費,1,総務管理費,8,交通安全対策費,12,委託料,10289000,9271297,,,,1017703,,R6決算書p23
2024,2,総務費,1,総務管理費,8,交通安全対策費,14,工事請負費,1210000,1210000,,,,0,,R6決算書p23
2024,2,総務費,1,総務管理費,8,交通安全対策費,15,原材料費,2200000,2200000,,,,0,,R6決算書p23
2024,2,総務費,1,総務管理費,8,交通安全対策費,17,備品購入費,1600000,1353000,,,,247000,,R6決算書p23
2024,2,総務費,1,総務管理費,8,交通安全対策費,18,負担金補助及び交付金,420000,414000,,,,6000,,R6決算書p23
2024,2,総務費,1,総務管理費,8,交通安全対策費,26,公課費,22000,20000,,,,2000,,R6決算書p23
2024,2,総務費,1,総務管理費,9,電子計算費,10,需用費,20000,15488,,,,4512,,R6決算書p24
2024,2,総務費,1,総務管理費,9,電子計算費,11,役務費,904000,842129,,,,61871,,R6決算書p24
2024,2,総務費,1,総務管理費,9,電子計算費,12,委託料,9288000,9097330,,,,190670,,R6決算書p24
2024,2,総務費,1,総務管理費,9,電子計算費,13,使用料及び賃借料,20036000,18526728,,,,1509272,,R6決算書p24
2024,2,総務費,1,総務管理費,9,電子計算費,17,備品購入費,846000,803000,,,,43000,,R6決算書p24
2024,2,総務費,1,総務管理費,9,電子計算費,18,負担金補助及び交付金,8257000,8249376,,,,7624,,R6決算書p24
2024,2,総務費,1,総務管理費,10,ＣＡＴＶ事業費,10,需用費,127000,106326,,,,20674,,R6決算書p25
2024,2,総務費,1,総務管理費,10,ＣＡＴＶ事業費,11,役務費,2936000,2814171,,,,121829,,R6決算書p25
2024,2,総務費,1,総務管理費,10,ＣＡＴＶ事業費,12,委託料,165000,165000,,,,0,,R6決算書p25
2024,2,総務費,1,総務管理費,10,ＣＡＴＶ事業費,13,使用料及び賃借料,2271000,2270400,,,,600,,R6決算書p25
2024,2,総務費,1,総務管理費,10,ＣＡＴＶ事業費,14,工事請負費,256000,248070,,,,7930,,R6決算書p25
2024,2,総務費,1,総務管理費,10,ＣＡＴＶ事業費,18,負担金補助及び交付金,11385000,11130338,,,,254662,,R6決算書p25
2024,2,総務費,2,徴税費,1,税務総務費,1,報酬,0,0,,,,0,,R6決算書p25
2024,2,総務費,2,徴税費,1,税務総務費,2,給料,6145000,6144300,,,,700,,R6決算書p25
2024,2,総務費,2,徴税費,1,税務総務費,3,職員手当等,3990000,3967710,,,,22290,,R6決算書p25
2024,2,総務費,2,徴税費,1,税務総務費,4,共済費,1826000,1775047,,,,50953,,R6決算書p25
2024,2,総務費,2,徴税費,1,税務総務費,8,旅費,0,0,,,,0,,R6決算書p25
2024,2,総務費,2,徴税費,1,税務総務費,10,需用費,54000,52043,,,,1957,,R6決算書p25
2024,2,総務費,2,徴税費,1,税務総務費,11,役務費,141000,139923,,,,1077,,R6決算書p25
2024,2,総務費,2,徴税費,1,税務総務費,12,委託料,10317000,9850356,,,,466644,,R6決算書p25
2024,2,総務費,2,徴税費,1,税務総務費,13,使用料及び賃借料,2074000,2071026,,,,2974,,R6決算書p25
2024,2,総務費,2,徴税費,1,税務総務費,18,負担金補助及び交付金,6385000,6191626,,,,193374,,R6決算書p25
2024,2,総務費,2,徴税費,2,賦課徴収費,1,報酬,0,0,,,,0,,R6決算書p26
2024,2,総務費,2,徴税費,2,賦課徴収費,10,需用費,2065000,2064700,,,,300,,R6決算書p26
2024,2,総務費,2,徴税費,2,賦課徴収費,22,償還金利子及び割引料,34000,33719,,,,281,,R6決算書p26
2024,2,総務費,3,戸籍住民基本台帳費,1,戸籍住民基本台帳費,8,旅費,0,0,,,,0,,R6決算書p26
2024,2,総務費,3,戸籍住民基本台帳費,1,戸籍住民基本台帳費,10,需用費,59000,57218,,,,1782,,R6決算書p26
2024,2,総務費,3,戸籍住民基本台帳費,1,戸籍住民基本台帳費,11,役務費,8000,7673,,,,327,,R6決算書p26
2024,2,総務費,3,戸籍住民基本台帳費,1,戸籍住民基本台帳費,12,委託料,39248900,37082540,,,,2166360,,R6決算書p26
2024,2,総務費,3,戸籍住民基本台帳費,1,戸籍住民基本台帳費,13,使用料及び賃借料,9375000,9374860,,,,140,,R6決算書p26
2024,2,総務費,3,戸籍住民基本台帳費,1,戸籍住民基本台帳費,18,負担金補助及び交付金,1350000,1349300,,,,700,,R6決算書p26
2024,2,総務費,4,選挙費,1,選挙管理委員会費,1,報酬,148000,147900,,,,100,,R6決算書p27
2024,2,総務費,4,選挙費,1,選挙管理委員会費,8,旅費,7000,7000,,,,0,,R6決算書p27
2024,2,総務費,4,選挙費,1,選挙管理委員会費,10,需用費,0,0,,,,0,,R6決算書p27
2024,2,総務費,4,選挙費,1,選挙管理委員会費,18,負担金補助及び交付金,3000,3000,,,,0,,R6決算書p27
2024,2,総務費,4,選挙費,4,村長選挙費,1,報酬,107000,106600,,,,400,,R6決算書p27
2024,2,総務費,4,選挙費,4,村長選挙費,3,職員手当等,0,0,,,,0,,R6決算書p27
2024,2,総務費,4,選挙費,4,村長選挙費,10,需用費,723000,722105,,,,895,,R6決算書p27
2024,2,総務費,4,選挙費,4,村長選挙費,11,役務費,63000,62390,,,,610,,R6決算書p27
2024,2,総務費,4,選挙費,4,村長選挙費,12,委託料,125000,124630,,,,370,,R6決算書p27
2024,2,総務費,4,選挙費,9,衆議院議員選挙費,1,報酬,734382,734382,,,,0,,R6決算書p27
2024,2,総務費,4,選挙費,9,衆議院議員選挙費,3,職員手当等,1125108,1125108,,,,0,,R6決算書p27
2024,2,総務費,4,選挙費,9,衆議院議員選挙費,10,需用費,1050128,1050128,,,,0,,R6決算書p27
2024,2,総務費,4,選挙費,9,衆議院議員選挙費,11,役務費,72382,65095,,,,7287,,R6決算書p27
2024,2,総務費,4,選挙費,9,衆議院議員選挙費,12,委託料,125000,124630,,,,370,,R6決算書p27
2024,2,総務費,5,統計調査費,2,指定統計調査費,1,報酬,329000,328230,,,,770,,R6決算書p27
2024,2,総務費,5,統計調査費,2,指定統計調査費,3,職員手当等,0,0,,,,0,,R6決算書p27
2024,2,総務費,5,統計調査費,2,指定統計調査費,8,旅費,40000,39750,,,,250,,R6決算書p27
2024,2,総務費,5,統計調査費,2,指定統計調査費,10,需用費,142000,141293,,,,707,,R6決算書p27
2024,2,総務費,5,統計調査費,2,指定統計調査費,11,役務費,10000,9018,,,,982,,R6決算書p27
2024,2,総務費,5,統計調査費,2,指定統計調査費,13,使用料及び賃借料,0,0,,,,0,,R6決算書p27
2024,2,総務費,6,監査委員費,1,監査委員費,1,報酬,540000,540000,,,,0,,R6決算書p28
2024,2,総務費,6,監査委員費,1,監査委員費,8,旅費,36000,35440,,,,560,,R6決算書p28
2024,2,総務費,6,監査委員費,1,監査委員費,10,需用費,0,0,,,,0,,R6決算書p28
2024,2,総務費,6,監査委員費,1,監査委員費,18,負担金補助及び交付金,29000,24500,,,,4500,,R6決算書p28
2024,2,総務費,7,国土調査費,1,地籍調査費,2,給料,6917000,6916800,,,,200,,R6決算書p28
2024,2,総務費,7,国土調査費,1,地籍調査費,3,職員手当等,3855000,3833890,,,,21110,,R6決算書p28
2024,2,総務費,7,国土調査費,1,地籍調査費,4,共済費,2104000,2100412,,,,3588,,R6決算書p28
2024,2,総務費,7,国土調査費,1,地籍調査費,8,旅費,2000,2000,,,,0,,R6決算書p28
2024,2,総務費,7,国土調査費,1,地籍調査費,10,需用費,689000,663135,,,,25865,,R6決算書p28
2024,2,総務費,7,国土調査費,1,地籍調査費,11,役務費,31000,28880,,,,2120,,R6決算書p28
2024,2,総務費,7,国土調査費,1,地籍調査費,12,委託料,6369000,6084320,,,,284680,,R6決算書p28
2024,2,総務費,7,国土調査費,1,地籍調査費,13,使用料及び賃借料,857000,856680,,,,320,,R6決算書p28
2024,2,総務費,7,国土調査費,1,地籍調査費,18,負担金補助及び交付金,31000,31000,,,,0,,R6決算書p28
2024,2,総務費,7,国土調査費,1,地籍調査費,21,補償補填及び賠償金,0,0,,,,0,,R6決算書p28
2024,3,民生費,1,社会福祉費,1,社会福祉総務費,1,報酬,3788000,3603075,,,,184925,,R6決算書p29
2024,3,民生費,1,社会福祉費,1,社会福祉総務費,2,給料,11098000,11097000,,,,1000,,R6決算書p29
2024,3,民生費,1,社会福祉費,1,社会福祉総務費,3,職員手当等,5681000,5393871,,,,287129,,R6決算書p29
2024,3,民生費,1,社会福祉費,1,社会福祉総務費,4,共済費,2687000,2686612,,,,388,,R6決算書p29
2024,3,民生費,1,社会福祉費,1,社会福祉総務費,7,報償費,2191000,2104810,,,,86190,,R6決算書p29
2024,3,民生費,1,社会福祉費,1,社会福祉総務費,8,旅費,9000,1470,,,,7530,,R6決算書p29
2024,3,民生費,1,社会福祉費,1,社会福祉総務費,10,需用費,209000,200750,,,,8250,,R6決算書p29
2024,3,民生費,1,社会福祉費,1,社会福祉総務費,11,役務費,78000,39020,,,,38980,,R6決算書p29
2024,3,民生費,1,社会福祉費,1,社会福祉総務費,12,委託料,4391000,3795046,,483000,,112954,,R6決算書p29
2024,3,民生費,1,社会福祉費,1,社会福祉総務費,13,使用料及び賃借料,903000,879000,,,,24000,,R6決算書p29
2024,3,民生費,1,社会福祉費,1,社会福祉総務費,18,負担金補助及び交付金,53735000,46122972,,200000,,7412028,,R6決算書p29
2024,3,民生費,1,社会福祉費,1,社会福祉総務費,19,扶助費,4650000,4426338,,,,223662,,R6決算書p29
2024,3,民生費,1,社会福祉費,1,社会福祉総務費,20,貸付金,300000,0,,,,300000,,R6決算書p29
2024,3,民生費,1,社会福祉費,1,社会福祉総務費,22,償還金利子及び割引料,71000,71000,,,,0,,R6決算書p29
2024,3,民生費,1,社会福祉費,1,社会福祉総務費,27,繰出金,13601000,13599082,,,,1918,,R6決算書p29
2024,3,民生費,1,社会福祉費,2,老人福祉費,1,報酬,74000,68800,,,,5200,,R6決算書p31
2024,3,民生費,1,社会福祉費,2,老人福祉費,7,報償費,139000,138600,,,,400,,R6決算書p31
2024,3,民生費,1,社会福祉費,2,老人福祉費,10,需用費,224000,194200,,,,29800,,R6決算書p31
2024,3,民生費,1,社会福祉費,2,老人福祉費,11,役務費,112000,111530,,,,470,,R6決算書p31
2024,3,民生費,1,社会福祉費,2,老人福祉費,12,委託料,2513000,1927974,,,,585026,,R6決算書p31
2024,3,民生費,1,社会福祉費,2,老人福祉費,17,備品購入費,0,0,,,,0,,R6決算書p31
2024,3,民生費,1,社会福祉費,2,老人福祉費,18,負担金補助及び交付金,16496000,16311689,,,,184311,,R6決算書p31
2024,3,民生費,1,社会福祉費,2,老人福祉費,19,扶助費,5050000,4758586,,,,291414,,R6決算書p31
2024,3,民生費,1,社会福祉費,2,老人福祉費,26,公課費,0,0,,,,0,,R6決算書p31
2024,3,民生費,1,社会福祉費,2,老人福祉費,27,繰出金,31225000,31109767,,,,115233,,R6決算書p31
2024,3,民生費,1,社会福祉費,3,国民年金事務費,2,給料,3165000,3164400,,,,600,,R6決算書p32
2024,3,民生費,1,社会福祉費,3,国民年金事務費,3,職員手当等,1948000,1945688,,,,2312,,R6決算書p32
2024,3,民生費,1,社会福祉費,3,国民年金事務費,4,共済費,994000,993421,,,,579,,R6決算書p32
2024,3,民生費,1,社会福祉費,3,国民年金事務費,11,役務費,36000,36000,,,,0,,R6決算書p32
2024,3,民生費,1,社会福祉費,4,障害者福祉費,7,報償費,24000,23100,,,,900,,R6決算書p32
2024,3,民生費,1,社会福祉費,4,障害者福祉費,10,需用費,4000,3135,,,,865,,R6決算書p32
2024,3,民生費,1,社会福祉費,4,障害者福祉費,12,委託料,801000,768890,,,,32110,,R6決算書p32
2024,3,民生費,1,社会福祉費,4,障害者福祉費,18,負担金補助及び交付金,762000,741000,,,,21000,,R6決算書p32
2024,3,民生費,1,社会福祉費,4,障害者福祉費,19,扶助費,60380000,56897953,,,,3482047,,R6決算書p32
2024,3,民生費,1,社会福祉費,4,障害者福祉費,22,償還金利子及び割引料,505000,504909,,,,91,,R6決算書p32
2024,3,民生費,1,社会福祉費,7,定住対策費,1,報酬,22000,21500,,,,500,,R6決算書p32
2024,3,民生費,1,社会福祉費,7,定住対策費,7,報償費,1000000,1000000,,,,0,,R6決算書p32
2024,3,民生費,1,社会福祉費,7,定住対策費,18,負担金補助及び交付金,5701000,5701000,,,,0,,R6決算書p32
2024,3,民生費,1,社会福祉費,10,老人福祉施設管理運営費,10,需用費,1486000,1445950,,,,40050,,R6決算書p33
2024,3,民生費,1,社会福祉費,10,老人福祉施設管理運営費,11,役務費,326000,325690,,,,310,,R6決算書p33
2024,3,民生費,1,社会福祉費,10,老人福祉施設管理運営費,12,委託料,35718000,34482948,,,,1235052,,R6決算書p33
2024,3,民生費,1,社会福祉費,10,老人福祉施設管理運営費,13,使用料及び賃借料,691000,690365,,,,635,,R6決算書p33
2024,3,民生費,1,社会福祉費,10,老人福祉施設管理運営費,16,公有財産購入費,3762000,3761076,,,,924,,R6決算書p33
2024,3,民生費,1,社会福祉費,13,在宅介護支援センター運営費,8,旅費,1000,1000,,,,0,,R6決算書p33
2024,3,民生費,1,社会福祉費,13,在宅介護支援センター運営費,10,需用費,360000,295878,,,,64122,,R6決算書p33
2024,3,民生費,1,社会福祉費,13,在宅介護支援センター運営費,11,役務費,264000,190091,,,,73909,,R6決算書p33
2024,3,民生費,1,社会福祉費,13,在宅介護支援センター運営費,12,委託料,20000,19800,,,,200,,R6決算書p33
2024,3,民生費,1,社会福祉費,13,在宅介護支援センター運営費,13,使用料及び賃借料,330000,330000,,,,0,,R6決算書p33
2024,3,民生費,1,社会福祉費,13,在宅介護支援センター運営費,17,備品購入費,396000,396000,,,,0,,R6決算書p33
2024,3,民生費,1,社会福祉費,13,在宅介護支援センター運営費,18,負担金補助及び交付金,73000,55600,,,,17400,,R6決算書p33
2024,3,民生費,1,社会福祉費,14,授産施設一般管理費,1,報酬,0,0,,,,0,,R6決算書p33
2024,3,民生費,1,社会福祉費,14,授産施設一般管理費,2,給料,11515000,11412000,,,,103000,,R6決算書p33
2024,3,民生費,1,社会福祉費,14,授産施設一般管理費,3,職員手当等,3138000,3134503,,,,3497,,R6決算書p33
2024,3,民生費,1,社会福祉費,14,授産施設一般管理費,4,共済費,874000,872762,,,,1238,,R6決算書p33
2024,3,民生費,1,社会福祉費,14,授産施設一般管理費,8,旅費,0,0,,,,0,,R6決算書p33
2024,3,民生費,1,社会福祉費,14,授産施設一般管理費,10,需用費,1489000,1454103,,,,34897,,R6決算書p34
2024,3,民生費,1,社会福祉費,14,授産施設一般管理費,11,役務費,200000,192560,,,,7440,,R6決算書p34
2024,3,民生費,1,社会福祉費,14,授産施設一般管理費,12,委託料,97000,96470,,,,530,,R6決算書p34
2024,3,民生費,1,社会福祉費,14,授産施設一般管理費,13,使用料及び賃借料,534000,532366,,,,1634,,R6決算書p34
2024,3,民生費,1,社会福祉費,14,授産施設一般管理費,17,備品購入費,330000,308000,,,,22000,,R6決算書p34
2024,3,民生費,1,社会福祉費,14,授産施設一般管理費,18,負担金補助及び交付金,22000,20900,,,,1100,,R6決算書p34
2024,3,民生費,1,社会福祉費,14,授産施設一般管理費,26,公課費,7000,6600,,,,400,,R6決算書p34
2024,3,民生費,1,社会福祉費,15,授産施設業務費,1,報酬,3630000,3629209,,,,791,,R6決算書p34
2024,3,民生費,1,社会福祉費,15,授産施設業務費,10,需用費,192000,139622,,,,52378,,R6決算書p34
2024,3,民生費,1,社会福祉費,15,授産施設業務費,11,役務費,127000,124979,,,,2021,,R6決算書p34
2024,3,民生費,1,社会福祉費,15,授産施設業務費,12,委託料,784000,783100,,,,900,,R6決算書p35
2024,3,民生費,1,社会福祉費,15,授産施設業務費,13,使用料及び賃借料,0,0,,,,0,,R6決算書p35
2024,3,民生費,1,社会福祉費,15,授産施設業務費,15,原材料費,1392000,1391448,,,,552,,R6決算書p35
2024,3,民生費,2,児童福祉費,2,児童措置費,10,需用費,17000,7315,,,,9685,,R6決算書p35
2024,3,民生費,2,児童福祉費,2,児童措置費,11,役務費,1000,398,,,,602,,R6決算書p35
2024,3,民生費,2,児童福祉費,2,児童措置費,12,委託料,1393000,1386000,,,,7000,,R6決算書p35
2024,3,民生費,2,児童福祉費,2,児童措置費,18,負担金補助及び交付金,30000,30000,,,,0,,R6決算書p35
2024,3,民生費,2,児童福祉費,2,児童措置費,19,扶助費,14867000,14612000,,,,255000,,R6決算書p35
2024,3,民生費,2,児童福祉費,2,児童措置費,22,償還金利子及び割引料,100000,100000,,,,0,,R6決算書p35
2024,3,民生費,2,児童福祉費,5,保育所費,1,報酬,4103000,4101052,,,,1948,,R6決算書p35
2024,3,民生費,2,児童福祉費,5,保育所費,2,給料,13834000,13684800,,,,149200,,R6決算書p35
2024,3,民生費,2,児童福祉費,5,保育所費,3,職員手当等,6206000,6010804,,,,195196,,R6決算書p35
2024,3,民生費,2,児童福祉費,5,保育所費,4,共済費,2738000,2737578,,,,422,,R6決算書p35
2024,3,民生費,2,児童福祉費,5,保育所費,7,報償費,243000,232640,,,,10360,,R6決算書p35
2024,3,民生費,2,児童福祉費,5,保育所費,10,需用費,5631000,5466584,,,,164416,,R6決算書p35
2024,3,民生費,2,児童福祉費,5,保育所費,11,役務費,475000,450206,,,,24794,,R6決算書p36
2024,3,民生費,2,児童福祉費,5,保育所費,12,委託料,1455000,1232277,,,,222723,,R6決算書p36
2024,3,民生費,2,児童福祉費,5,保育所費,13,使用料及び賃借料,504000,502329,,,,1671,,R6決算書p36
2024,3,民生費,2,児童福祉費,5,保育所費,18,負担金補助及び交付金,843000,827375,,,,15625,,R6決算書p36
2024,3,民生費,2,児童福祉費,5,保育所費,20,貸付金,1000000,1000000,,,,0,,R6決算書p36
2024,3,民生費,2,児童福祉費,7,児童クラブ運営費,7,報償費,0,0,,,,0,,R6決算書p37
2024,3,民生費,2,児童福祉費,7,児童クラブ運営費,11,役務費,34000,33644,,,,356,,R6決算書p37
2024,3,民生費,2,児童福祉費,7,児童クラブ運営費,12,委託料,3411000,3410400,,,,600,,R6決算書p37
2024,3,民生費,2,児童福祉費,7,児童クラブ運営費,18,負担金補助及び交付金,0,0,,,,0,,R6決算書p37
2024,6,農林水産業費,1,農業費,1,農業委員会費,1,報酬,2945000,2940335,,,,4665,,R6決算書p41
2024,6,農林水産業費,1,農業費,1,農業委員会費,8,旅費,61000,59820,,,,1180,,R6決算書p41
2024,6,農林水産業費,1,農業費,1,農業委員会費,10,需用費,93000,91301,,,,1699,,R6決算書p41
2024,6,農林水産業費,1,農業費,1,農業委員会費,11,役務費,32000,31666,,,,334,,R6決算書p41
2024,6,農林水産業費,1,農業費,1,農業委員会費,18,負担金補助及び交付金,82000,81000,,,,1000,,R6決算書p41
2024,6,農林水産業費,1,農業費,2,農業総務費,2,給料,10791000,10790400,,,,600,,R6決算書p41
2024,6,農林水産業費,1,農業費,2,農業総務費,3,職員手当等,7499000,7493906,,,,5094,,R6決算書p41
2024,6,農林水産業費,1,農業費,2,農業総務費,4,共済費,3358000,3352873,,,,5127,,R6決算書p41
2024,6,農林水産業費,1,農業費,2,農業総務費,8,旅費,32000,31600,,,,400,,R6決算書p42
2024,6,農林水産業費,1,農業費,2,農業総務費,10,需用費,202000,185337,,,,16663,,R6決算書p42
2024,6,農林水産業費,1,農業費,2,農業総務費,11,役務費,35000,34330,,,,670,,R6決算書p42
2024,6,農林水産業費,1,農業費,2,農業総務費,18,負担金補助及び交付金,56000,54670,,,,1330,,R6決算書p42
2024,6,農林水産業費,1,農業費,2,農業総務費,26,公課費,9000,8200,,,,800,,R6決算書p42
2024,6,農林水産業費,1,農業費,3,農業振興費,1,報酬,1075000,1071695,,,,3305,,R6決算書p42
2024,6,農林水産業費,1,農業費,3,農業振興費,7,報償費,960000,931650,,,,28350,,R6決算書p42
2024,6,農林水産業費,1,農業費,3,農業振興費,8,旅費,8000,8000,,,,0,,R6決算書p42
2024,6,農林水産業費,1,農業費,3,農業振興費,10,需用費,6036000,5899842,,,,136158,,R6決算書p42
2024,6,農林水産業費,1,農業費,3,農業振興費,11,役務費,566000,546621,,,,19379,,R6決算書p42
2024,6,農林水産業費,1,農業費,3,農業振興費,12,委託料,5377000,5006520,,,,370480,,R6決算書p42
2024,6,農林水産業費,1,農業費,3,農業振興費,13,使用料及び賃借料,970000,943645,,,,26355,,R6決算書p42
2024,6,農林水産業費,1,農業費,3,農業振興費,14,工事請負費,330000,324500,,,,5500,,R6決算書p42
2024,6,農林水産業費,1,農業費,3,農業振興費,17,備品購入費,65000,64160,,,,840,,R6決算書p42
2024,6,農林水産業費,1,農業費,3,農業振興費,18,負担金補助及び交付金,18778000,18760716,,,,17284,,R6決算書p42
2024,6,農林水産業費,1,農業費,4,畜産業費,10,需用費,249000,228872,,,,20128,,R6決算書p44
2024,6,農林水産業費,1,農業費,4,畜産業費,12,委託料,1050000,1047810,,,,2190,,R6決算書p44
2024,6,農林水産業費,1,農業費,5,畜産振興費,10,需用費,25000,24923,,,,77,,R6決算書p44
2024,6,農林水産業費,1,農業費,5,畜産振興費,14,工事請負費,135000,134200,,,,800,,R6決算書p44
2024,6,農林水産業費,1,農業費,6,農地費,1,報酬,776000,776000,,,,0,,R6決算書p44
2024,6,農林水産業費,1,農業費,6,農地費,13,使用料及び賃借料,106000,105569,,,,431,,R6決算書p44
2024,6,農林水産業費,1,農業費,6,農地費,14,工事請負費,37801000,477000,,,,37324000,,R6決算書p44
2024,6,農林水産業費,1,農業費,6,農地費,15,原材料費,11000,10450,,,,550,,R6決算書p44
2024,6,農林水産業費,1,農業費,6,農地費,18,負担金補助及び交付金,377000,376200,,,,800,,R6決算書p44
2024,6,農林水産業費,1,農業費,7,農業振興地域整備促進事業費,1,報酬,56000,55900,,,,100,,R6決算書p44
2024,6,農林水産業費,1,農業費,20,地域おこし協力隊事業,1,報酬,0,0,,,,0,,R6決算書p44
2024,6,農林水産業費,1,農業費,20,地域おこし協力隊事業,8,旅費,0,0,,,,0,,R6決算書p44
2024,6,農林水産業費,1,農業費,20,地域おこし協力隊事業,10,需用費,0,0,,,,0,,R6決算書p44
2024,6,農林水産業費,1,農業費,20,地域おこし協力隊事業,11,役務費,0,0,,,,0,,R6決算書p45
2024,6,農林水産業費,1,農業費,20,地域おこし協力隊事業,12,委託料,0,0,,,,0,,R6決算書p45
2024,6,農林水産業費,1,農業費,20,地域おこし協力隊事業,13,使用料及び賃借料,0,0,,,,0,,R6決算書p45
2024,6,農林水産業費,1,農業費,20,地域おこし協力隊事業,18,負担金補助及び交付金,0,0,,,,0,,R6決算書p45
2024,6,農林水産業費,1,農業費,21,日本型直接支払事業,1,報酬,230000,227510,,,,2490,,R6決算書p45
2024,6,農林水産業費,1,農業費,21,日本型直接支払事業,18,負担金補助及び交付金,4450000,4340930,,,,109070,,R6決算書p45
2024,6,農林水産業費,1,農業費,22,集落支援事業,1,報酬,3352000,3282953,,,,69047,,R6決算書p45
2024,6,農林水産業費,1,農業費,22,集落支援事業,3,職員手当等,1000000,998773,,,,1227,,R6決算書p45
2024,6,農林水産業費,1,農業費,22,集落支援事業,8,旅費,0,0,,,,0,,R6決算書p45
2024,6,農林水産業費,1,農業費,22,集落支援事業,10,需用費,80000,70584,,,,9416,,R6決算書p45
2024,6,農林水産業費,1,農業費,22,集落支援事業,11,役務費,31000,29780,,,,1220,,R6決算書p45
2024,6,農林水産業費,1,農業費,22,集落支援事業,13,使用料及び賃借料,398000,397320,,,,680,,R6決算書p45
2024,6,農林水産業費,2,林業費,1,林業総務費,1,報酬,19000,18600,,,,400,,R6決算書p45
2024,6,農林水産業費,2,林業費,1,林業総務費,2,給料,4139000,4138500,,,,500,,R6決算書p45
2024,6,農林水産業費,2,林業費,1,林業総務費,3,職員手当等,2507000,2490968,,,,16032,,R6決算書p45
2024,6,農林水産業費,2,林業費,1,林業総務費,4,共済費,1425000,1424091,,,,909,,R6決算書p45
2024,6,農林水産業費,2,林業費,1,林業総務費,12,委託料,0,0,,,,0,,R6決算書p45
2024,6,農林水産業費,2,林業費,1,林業総務費,18,負担金補助及び交付金,1616000,1531020,,,,84980,,R6決算書p45
2024,6,農林水産業費,2,林業費,2,林業振興費,1,報酬,142000,137700,,,,4300,,R6決算書p46
2024,6,農林水産業費,2,林業費,2,林業振興費,7,報償費,6882000,6654300,,,,227700,,R6決算書p46
2024,6,農林水産業費,2,林業費,2,林業振興費,8,旅費,60000,59600,,,,400,,R6決算書p46
2024,6,農林水産業費,2,林業費,2,林業振興費,10,需用費,932000,904020,,,,27980,,R6決算書p46
2024,6,農林水産業費,2,林業費,2,林業振興費,11,役務費,145000,139594,,,,5406,,R6決算書p46
2024,6,農林水産業費,2,林業費,2,林業振興費,12,委託料,3411000,3294600,,,,116400,,R6決算書p46
2024,6,農林水産業費,2,林業費,2,林業振興費,14,工事請負費,4980000,4972000,,,,8000,,R6決算書p46
2024,6,農林水産業費,2,林業費,2,林業振興費,17,備品購入費,0,0,,,,0,,R6決算書p46
2024,6,農林水産業費,2,林業費,2,林業振興費,18,負担金補助及び交付金,41000,40100,,,,900,,R6決算書p46
2024,6,農林水産業費,2,林業費,2,林業振興費,21,補償補填及び賠償金,0,0,,,,0,,R6決算書p46
2024,6,農林水産業費,2,林業費,3,林道費,10,需用費,234000,210657,,,,23343,,R6決算書p47
2024,6,農林水産業費,2,林業費,3,林道費,11,役務費,48000,34330,,,,13670,,R6決算書p47
2024,6,農林水産業費,2,林業費,3,林道費,12,委託料,12963000,7317200,,1386000,,4259800,,R6決算書p47
2024,6,農林水産業費,2,林業費,3,林道費,14,工事請負費,94024000,62354600,,28490000,,3179400,,R6決算書p47
2024,6,農林水産業費,2,林業費,3,林道費,21,補償補填及び賠償金,300000,241944,,,,58056,,R6決算書p47
2024,6,農林水産業費,2,林業費,3,林道費,26,公課費,8000,6600,,,,1400,,R6決算書p47
2024,6,農林水産業費,2,林業費,4,造林費,14,工事請負費,0,0,,,,0,,R6決算書p47
2024,6,農林水産業費,2,林業費,4,造林費,18,負担金補助及び交付金,5000000,4611597,,,,388403,,R6決算書p47
2024,6,農林水産業費,2,林業費,6,森林整備センター受託事業費,12,委託料,517000,517000,,,,0,,R6決算書p47
2024,6,農林水産業費,2,林業費,10,森林環境譲与税活用費,11,役務費,0,0,,,,0,,R6決算書p47
2024,6,農林水産業費,2,林業費,10,森林環境譲与税活用費,12,委託料,25885000,14927000,,10780000,,178000,,R6決算書p47
2024,6,農林水産業費,2,林業費,10,森林環境譲与税活用費,14,工事請負費,1760000,1760000,,,,0,,R6決算書p47
2024,6,農林水産業費,2,林業費,10,森林環境譲与税活用費,18,負担金補助及び交付金,1249000,1249000,,,,0,,R6決算書p47
2024,6,農林水産業費,2,林業費,11,集落支援事業,8,旅費,0,0,,,,0,,R6決算書p47
2024,6,農林水産業費,2,林業費,11,集落支援事業,10,需用費,0,0,,,,0,,R6決算書p47
2024,6,農林水産業費,2,林業費,11,集落支援事業,12,委託料,0,0,,,,0,,R6決算書p48
2024,7,商工費,1,商工費,1,商工総務費,2,給料,6266000,6258900,,,,7100,,R6決算書p48
2024,7,商工費,1,商工費,1,商工総務費,3,職員手当等,3787000,3785318,,,,1682,,R6決算書p48
2024,7,商工費,1,商工費,1,商工総務費,4,共済費,1685000,1675246,,,,9754,,R6決算書p48
2024,7,商工費,1,商工費,1,商工総務費,18,負担金補助及び交付金,936000,935100,,,,900,,R6決算書p48
2024,7,商工費,1,商工費,2,商工振興費,1,報酬,1145000,1089540,,,,55460,,R6決算書p48
2024,7,商工費,1,商工費,2,商工振興費,3,職員手当等,41000,37674,,,,3326,,R6決算書p48
2024,7,商工費,1,商工費,2,商工振興費,7,報償費,600000,600000,,,,0,,R6決算書p48
2024,7,商工費,1,商工費,2,商工振興費,8,旅費,72000,71490,,,,510,,R6決算書p48
2024,7,商工費,1,商工費,2,商工振興費,10,需用費,160000,150224,,,,9776,,R6決算書p48
2024,7,商工費,1,商工費,2,商工振興費,11,役務費,19000,18802,,,,198,,R6決算書p48
2024,7,商工費,1,商工費,2,商工振興費,13,使用料及び賃借料,212000,211824,,,,176,,R6決算書p48
2024,7,商工費,1,商工費,2,商工振興費,18,負担金補助及び交付金,23884000,23715485,,,,168515,,R6決算書p48
2024,7,商工費,1,商工費,2,商工振興費,21,補償補填及び賠償金,696000,695275,,,,725,,R6決算書p48
2024,7,商工費,1,商工費,3,観光費,1,報酬,3102000,3091820,,,,10180,,R6決算書p49
2024,7,商工費,1,商工費,3,観光費,3,職員手当等,507000,439537,,,,67463,,R6決算書p49
2024,7,商工費,1,商工費,3,観光費,7,報償費,50000,50000,,,,0,,R6決算書p49
2024,7,商工費,1,商工費,3,観光費,8,旅費,906000,880990,,,,25010,,R6決算書p49
2024,7,商工費,1,商工費,3,観光費,10,需用費,14284000,14080752,,,,203248,,R6決算書p49
2024,7,商工費,1,商工費,3,観光費,11,役務費,1512100,1455881,,,,56219,,R6決算書p49
2024,7,商工費,1,商工費,3,観光費,12,委託料,22087000,21488256,,594000,,4744,,R6決算書p49
2024,7,商工費,1,商工費,3,観光費,13,使用料及び賃借料,1229900,1227173,,,,2727,,R6決算書p49
2024,7,商工費,1,商工費,3,観光費,14,工事請負費,39171000,24988000,,14183000,,0,,R6決算書p49
2024,7,商工費,1,商工費,3,観光費,15,原材料費,62000,61880,,,,120,,R6決算書p49
2024,7,商工費,1,商工費,3,観光費,17,備品購入費,1774400,1772860,,,,1540,,R6決算書p49
2024,7,商工費,1,商工費,3,観光費,18,負担金補助及び交付金,4569000,882000,,3685000,,2000,,R6決算書p49
2024,7,商工費,1,商工費,4,地域おこし協力隊事業,1,報酬,2222000,2221263,,,,737,,R6決算書p51
2024,7,商工費,1,商工費,4,地域おこし協力隊事業,3,職員手当等,0,0,,,,0,,R6決算書p51
2024,7,商工費,1,商工費,4,地域おこし協力隊事業,8,旅費,26000,26000,,,,0,,R6決算書p51
2024,7,商工費,1,商工費,4,地域おこし協力隊事業,10,需用費,494000,493724,,,,276,,R6決算書p51
2024,7,商工費,1,商工費,4,地域おこし協力隊事業,11,役務費,31000,30544,,,,456,,R6決算書p51
2024,7,商工費,1,商工費,4,地域おこし協力隊事業,13,使用料及び賃借料,374000,374000,,,,0,,R6決算書p51
2024,7,商工費,1,商工費,4,地域おこし協力隊事業,17,備品購入費,200000,195800,,,,4200,,R6決算書p51
2024,7,商工費,1,商工費,4,地域おこし協力隊事業,18,負担金補助及び交付金,21000,21000,,,,0,,R6決算書p51
2024,7,商工費,1,商工費,4,地域おこし協力隊事業,26,公課費,0,0,,,,0,,R6決算書p51
2024,7,商工費,1,商工費,5,集落支援事業,1,報酬,2184000,2183220,,,,780,,R6決算書p51
2024,7,商工費,1,商工費,5,集落支援事業,3,職員手当等,414000,388528,,,,25472,,R6決算書p51
2024,7,商工費,1,商工費,5,集落支援事業,10,需用費,139000,126416,,,,12584,,R6決算書p51
2024,7,商工費,1,商工費,5,集落支援事業,11,役務費,50000,47000,,,,3000,,R6決算書p51
2024,7,商工費,1,商工費,5,集落支援事業,13,使用料及び賃借料,929000,928680,,,,320,,R6決算書p51
2024,7,商工費,1,商工費,5,集落支援事業,26,公課費,7000,6600,,,,400,,R6決算書p51
2024,10,教育費,1,教育総務費,1,教育委員会費,1,報酬,961000,960498,,,,502,,R6決算書p57
2024,10,教育費,1,教育総務費,1,教育委員会費,8,旅費,50000,20000,,,,30000,,R6決算書p57
2024,10,教育費,1,教育総務費,1,教育委員会費,18,負担金補助及び交付金,215000,172620,,,,42380,,R6決算書p57
2024,10,教育費,1,教育総務費,2,事務局費,1,報酬,2249000,2230113,,,,18887,,R6決算書p57
2024,10,教育費,1,教育総務費,2,事務局費,2,給料,15311000,13721400,,,,1589600,,R6決算書p57
2024,10,教育費,1,教育総務費,2,事務局費,3,職員手当等,6816000,6661233,,,,154767,,R6決算書p57
2024,10,教育費,1,教育総務費,2,事務局費,4,共済費,4300000,4087007,,,,212993,,R6決算書p57
2024,10,教育費,1,教育総務費,2,事務局費,7,報償費,200000,165000,,,,35000,,R6決算書p57
2024,10,教育費,1,教育総務費,2,事務局費,10,需用費,1152000,781462,,,,370538,,R6決算書p57
2024,10,教育費,1,教育総務費,2,事務局費,11,役務費,180000,137985,,,,42015,,R6決算書p57
2024,10,教育費,1,教育総務費,2,事務局費,12,委託料,325000,303600,,,,21400,,R6決算書p57
2024,10,教育費,1,教育総務費,2,事務局費,13,使用料及び賃借料,2770000,2611302,,,,158698,,R6決算書p57
2024,10,教育費,1,教育総務費,2,事務局費,14,工事請負費,150000000,137500000,,,,12500000,,R6決算書p57
2024,10,教育費,1,教育総務費,2,事務局費,17,備品購入費,132000,130900,,,,1100,,R6決算書p57
2024,10,教育費,1,教育総務費,2,事務局費,18,負担金補助及び交付金,34000,26212,,,,7788,,R6決算書p57
2024,10,教育費,1,教育総務費,2,事務局費,26,公課費,40000,34800,,,,5200,,R6決算書p57
2024,10,教育費,1,教育総務費,4,文化財保存費,1,報酬,0,0,,,,0,,R6決算書p58
2024,10,教育費,1,教育総務費,4,文化財保存費,7,報償費,599000,587940,,,,11060,,R6決算書p58
2024,10,教育費,1,教育総務費,4,文化財保存費,8,旅費,0,0,,,,0,,R6決算書p58
2024,10,教育費,1,教育総務費,4,文化財保存費,10,需用費,747000,689252,,,,57748,,R6決算書p58
2024,10,教育費,1,教育総務費,4,文化財保存費,11,役務費,207000,193435,,,,13565,,R6決算書p58
2024,10,教育費,1,教育総務費,4,文化財保存費,12,委託料,2756000,2726978,,,,29022,,R6決算書p58
2024,10,教育費,1,教育総務費,4,文化財保存費,18,負担金補助及び交付金,3165000,3153000,,,,12000,,R6決算書p58
2024,10,教育費,1,教育総務費,6,文化施設費,1,報酬,6665000,6501260,,,,163740,,R6決算書p59
2024,10,教育費,1,教育総務費,6,文化施設費,3,職員手当等,1105000,1103415,,,,1585,,R6決算書p59
2024,10,教育費,1,教育総務費,6,文化施設費,7,報償費,120000,120000,,,,0,,R6決算書p59
2024,10,教育費,1,教育総務費,6,文化施設費,8,旅費,193000,192090,,,,910,,R6決算書p59
2024,10,教育費,1,教育総務費,6,文化施設費,10,需用費,4770000,4647757,,,,122243,,R6決算書p59
2024,10,教育費,1,教育総務費,6,文化施設費,11,役務費,488000,475229,,,,12771,,R6決算書p59
2024,10,教育費,1,教育総務費,6,文化施設費,12,委託料,1105000,974320,,,,130680,,R6決算書p59
2024,10,教育費,1,教育総務費,6,文化施設費,13,使用料及び賃借料,1014000,1007412,,,,6588,,R6決算書p59
2024,10,教育費,1,教育総務費,6,文化施設費,14,工事請負費,3283000,3282400,,,,600,,R6決算書p59
2024,10,教育費,1,教育総務費,6,文化施設費,18,負担金補助及び交付金,230000,219300,,,,10700,,R6決算書p59
2024,10,教育費,2,小学校費,1,学校管理費,1,報酬,12449000,12446795,,,,2205,,R6決算書p60
2024,10,教育費,2,小学校費,1,学校管理費,3,職員手当等,3119000,3083692,,,,35308,,R6決算書p60
2024,10,教育費,2,小学校費,1,学校管理費,7,報償費,347000,326700,,,,20300,,R6決算書p60
2024,10,教育費,2,小学校費,1,学校管理費,8,旅費,5000,2130,,,,2870,,R6決算書p60
2024,10,教育費,2,小学校費,1,学校管理費,10,需用費,6788000,6262060,,,,525940,,R6決算書p60
2024,10,教育費,2,小学校費,1,学校管理費,11,役務費,792000,686555,,,,105445,,R6決算書p60
2024,10,教育費,2,小学校費,1,学校管理費,12,委託料,6874000,6317122,,,,556878,,R6決算書p60
2024,10,教育費,2,小学校費,1,学校管理費,13,使用料及び賃借料,6940000,6934236,,,,5764,,R6決算書p60
2024,10,教育費,2,小学校費,1,学校管理費,15,原材料費,0,0,,,,0,,R6決算書p60
2024,10,教育費,2,小学校費,1,学校管理費,17,備品購入費,299000,298100,,,,900,,R6決算書p60
2024,10,教育費,2,小学校費,1,学校管理費,18,負担金補助及び交付金,118000,106502,,,,11498,,R6決算書p60
2024,10,教育費,2,小学校費,1,学校管理費,26,公課費,47000,41000,,,,6000,,R6決算書p60
2024,10,教育費,2,小学校費,2,教育振興費,7,報償費,341000,339260,,,,1740,,R6決算書p61
2024,10,教育費,2,小学校費,2,教育振興費,10,需用費,4159000,4148428,,,,10572,,R6決算書p61
2024,10,教育費,2,小学校費,2,教育振興費,11,役務費,102000,96360,,,,5640,,R6決算書p62
2024,10,教育費,2,小学校費,2,教育振興費,18,負担金補助及び交付金,1077000,927729,,,,149271,,R6決算書p62
2024,10,教育費,2,小学校費,2,教育振興費,19,扶助費,4179000,4070360,,,,108640,,R6決算書p62
2024,10,教育費,3,中学校費,1,学校管理費,1,報酬,4458000,4420310,,,,37690,,R6決算書p62
2024,10,教育費,3,中学校費,1,学校管理費,3,職員手当等,2245000,1994669,,,,250331,,R6決算書p62
2024,10,教育費,3,中学校費,1,学校管理費,7,報償費,524000,381410,,,,142590,,R6決算書p62
2024,10,教育費,3,中学校費,1,学校管理費,10,需用費,9394000,8669153,,,,724847,,R6決算書p62
2024,10,教育費,3,中学校費,1,学校管理費,11,役務費,443000,425928,,,,17072,,R6決算書p62
2024,10,教育費,3,中学校費,1,学校管理費,12,委託料,7776000,7568815,,,,207185,,R6決算書p62
2024,10,教育費,3,中学校費,1,学校管理費,13,使用料及び賃借料,5768000,5557809,,,,210191,,R6決算書p62
2024,10,教育費,3,中学校費,1,学校管理費,15,原材料費,0,0,,,,0,,R6決算書p62
2024,10,教育費,3,中学校費,1,学校管理費,17,備品購入費,59000,53680,,,,5320,,R6決算書p62
2024,10,教育費,3,中学校費,1,学校管理費,18,負担金補助及び交付金,112000,100933,,,,11067,,R6決算書p62
2024,10,教育費,3,中学校費,2,教育振興費,7,報償費,27000,25000,,,,2000,,R6決算書p63
2024,10,教育費,3,中学校費,2,教育振興費,10,需用費,1682000,1592866,,,,89134,,R6決算書p63
2024,10,教育費,3,中学校費,2,教育振興費,11,役務費,104000,94455,,,,9545,,R6決算書p63
2024,10,教育費,3,中学校費,2,教育振興費,18,負担金補助及び交付金,1076000,969038,,,,106962,,R6決算書p63
2024,10,教育費,3,中学校費,2,教育振興費,19,扶助費,178000,151000,,,,27000,,R6決算書p63
2024,10,教育費,4,社会教育費,1,社会教育総務費,1,報酬,5000,4300,,,,700,,R6決算書p64
2024,10,教育費,4,社会教育費,1,社会教育総務費,2,給料,6074000,4945500,,,,1128500,,R6決算書p64
2024,10,教育費,4,社会教育費,1,社会教育総務費,3,職員手当等,1603000,1430928,,,,172072,,R6決算書p64
2024,10,教育費,4,社会教育費,1,社会教育総務費,4,共済費,1125000,1123445,,,,1555,,R6決算書p64
2024,10,教育費,4,社会教育費,1,社会教育総務費,8,旅費,0,0,,,,0,,R6決算書p64
2024,10,教育費,4,社会教育費,1,社会教育総務費,18,負担金補助及び交付金,2000,1000,,,,1000,,R6決算書p64
2024,10,教育費,4,社会教育費,2,公民館費,1,報酬,687000,638700,,,,48300,,R6決算書p64
2024,10,教育費,4,社会教育費,2,公民館費,7,報償費,440000,388900,,,,51100,,R6決算書p64
2024,10,教育費,4,社会教育費,2,公民館費,8,旅費,9000,7320,,,,1680,,R6決算書p64
2024,10,教育費,4,社会教育費,2,公民館費,10,需用費,5904000,5600412,,,,303588,,R6決算書p64
2024,10,教育費,4,社会教育費,2,公民館費,11,役務費,999000,952727,,,,46273,,R6決算書p64
2024,10,教育費,4,社会教育費,2,公民館費,12,委託料,1244000,1165297,,,,78703,,R6決算書p64
2024,10,教育費,4,社会教育費,2,公民館費,13,使用料及び賃借料,1195000,1079792,,,,115208,,R6決算書p64
2024,10,教育費,4,社会教育費,2,公民館費,14,工事請負費,12485000,5023700,,6875000,,586300,,R6決算書p64
2024,10,教育費,4,社会教育費,2,公民館費,18,負担金補助及び交付金,729000,701473,,,,27527,,R6決算書p64
2024,10,教育費,5,保健体育費,1,保健体育総務費,1,報酬,7000,6600,,,,400,,R6決算書p65
2024,10,教育費,5,保健体育費,1,保健体育総務費,7,報償費,0,0,,,,0,,R6決算書p65
2024,10,教育費,5,保健体育費,1,保健体育総務費,8,旅費,0,0,,,,0,,R6決算書p65
2024,10,教育費,5,保健体育費,1,保健体育総務費,10,需用費,440000,394820,,,,45180,,R6決算書p65
2024,10,教育費,5,保健体育費,1,保健体育総務費,11,役務費,0,0,,,,0,,R6決算書p65
2024,10,教育費,5,保健体育費,1,保健体育総務費,18,負担金補助及び交付金,63000,44200,,,,18800,,R6決算書p65
2024,10,教育費,5,保健体育費,2,学校給食運営費,1,報酬,5498000,5486256,,,,11744,,R6決算書p65
2024,10,教育費,5,保健体育費,2,学校給食運営費,3,職員手当等,696000,695572,,,,428,,R6決算書p65
2024,10,教育費,5,保健体育費,2,学校給食運営費,10,需用費,6914000,6604410,,,,309590,,R6決算書p65
2024,10,教育費,5,保健体育費,2,学校給食運営費,11,役務費,286000,270849,,,,15151,,R6決算書p66
2024,10,教育費,5,保健体育費,2,学校給食運営費,12,委託料,253000,238910,,,,14090,,R6決算書p66
2024,10,教育費,5,保健体育費,2,学校給食運営費,13,使用料及び賃借料,121000,120120,,,,880,,R6決算書p66
2024,10,教育費,5,保健体育費,2,学校給食運営費,14,工事請負費,374000,374000,,,,0,,R6決算書p66
2024,10,教育費,5,保健体育費,2,学校給食運営費,26,公課費,0,0,,,,0,,R6決算書p66
2024,10,教育費,5,保健体育費,4,体育施設管理費,7,報償費,2000,1940,,,,60,,R6決算書p66
2024,10,教育費,5,保健体育費,4,体育施設管理費,10,需用費,1396000,1292214,,,,103786,,R6決算書p66
2024,10,教育費,5,保健体育費,4,体育施設管理費,11,役務費,78000,77272,,,,728,,R6決算書p66
2024,10,教育費,5,保健体育費,4,体育施設管理費,12,委託料,183000,182600,,,,400,,R6決算書p66
2024,12,公債費,1,公債費,1,元金,22,償還金利子及び割引料,257142943,228107383,,,,29035560,,R6決算書p67
2024,12,公債費,1,公債費,2,利子,22,償還金利子及び割引料,8365057,7360219,,,,1004838,,R6決算書p67
2024,13,諸支出金,1,基金費,1,財政調整基金費,24,積立金,94000,93259,,,,741,,R6決算書p67
2024,13,諸支出金,1,基金費,2,減債基金費,24,積立金,121000,120297,,,,703,,R6決算書p67
2024,13,諸支出金,1,基金費,3,公共施設等整備基金費,24,積立金,174000,173445,,,,555,,R6決算書p68
2024,13,諸支出金,1,基金費,4,文教施設整備基金費,24,積立金,18000,17299,,,,701,,R6決算書p68
2024,13,諸支出金,1,基金費,5,ふるさとづくり基金費,24,積立金,2537000,2533041,,,,3959,,R6決算書p68
2024,13,諸支出金,1,基金費,6,高齢者福祉基金費,24,積立金,30004000,30003647,,,,353,,R6決算書p68
2024,13,諸支出金,1,基金費,13,奨学資金貸付基金,24,積立金,2228000,2228000,,,,0,,R6決算書p68
2024,13,諸支出金,1,基金費,14,森林環境譲与税基金,24,積立金,15355000,15354222,,,,778,,R6決算書p68
2024,13,諸支出金,2,普通財産取得費,1,立木取得費,16,公有財産購入費,847000,847000,,,,0,,R6決算書p68
2025,2,総務費,1,総務管理費,1,一般管理費,1,報酬,584000,527200,,,,56800,,R7決算書p19
2025,2,総務費,1,総務管理費,1,一般管理費,2,給料,50714000,50713004,,,,996,,R7決算書p19
2025,2,総務費,1,総務管理費,1,一般管理費,3,職員手当等,51405000,50508274,,,,896726,,R7決算書p19
2025,2,総務費,1,総務管理費,1,一般管理費,4,共済費,27219000,26619972,,,,599028,,R7決算書p19
2025,2,総務費,1,総務管理費,1,一般管理費,7,報償費,405000,405000,,,,0,,R7決算書p19
2025,2,総務費,1,総務管理費,1,一般管理費,8,旅費,580000,578610,,,,1390,,R7決算書p19
2025,2,総務費,1,総務管理費,1,一般管理費,9,交際費,400000,399450,,,,550,,R7決算書p19
2025,2,総務費,1,総務管理費,1,一般管理費,10,需用費,6827000,6266855,,,,560145,,R7決算書p19
2025,2,総務費,1,総務管理費,1,一般管理費,11,役務費,1988000,1878430,,,,109570,,R7決算書p20
2025,2,総務費,1,総務管理費,1,一般管理費,12,委託料,2931000,2926162,,,,4838,,R7決算書p20
2025,2,総務費,1,総務管理費,1,一般管理費,13,使用料及び賃借料,2921000,2907256,,,,13744,,R7決算書p20
2025,2,総務費,1,総務管理費,1,一般管理費,18,負担金、補助及び交付金,1746000,1717490,,,,28510,,R7決算書p20
2025,2,総務費,1,総務管理費,1,一般管理費,26,公課費,124000,113100,,,,10900,,R7決算書p20
2025,2,総務費,1,総務管理費,2,文書広報費,1,報酬,218000,217250,,,,750,,R7決算書p21
2025,2,総務費,1,総務管理費,2,文書広報費,10,需用費,3299000,3090027,,,,208973,,R7決算書p21
2025,2,総務費,1,総務管理費,2,文書広報費,11,役務費,1842000,1660980,,,,181020,,R7決算書p21
2025,2,総務費,1,総務管理費,2,文書広報費,12,委託料,8726000,8540373,,,,185627,,R7決算書p21
2025,2,総務費,1,総務管理費,2,文書広報費,14,工事請負費,55660000,55660000,,,,0,,R7決算書p21
2025,2,総務費,1,総務管理費,3,財政管理費,10,需用費,2000,1310,,,,690,,R7決算書p22
2025,2,総務費,1,総務管理費,3,財政管理費,12,委託料,7164000,7163200,,,,800,,R7決算書p22
2025,2,総務費,1,総務管理費,5,財産管理費,10,需用費,8110000,7883011,,,,226989,,R7決算書p22
2025,2,総務費,1,総務管理費,5,財産管理費,11,役務費,2507000,2471281,,,,35719,,R7決算書p22
2025,2,総務費,1,総務管理費,5,財産管理費,12,委託料,1664000,1654098,,,,9902,,R7決算書p22
2025,2,総務費,1,総務管理費,5,財産管理費,13,使用料及び賃借料,2668000,2651186,,,,16814,,R7決算書p22
2025,2,総務費,1,総務管理費,5,財産管理費,14,工事請負費,500000,500000,,,,0,,R7決算書p22
2025,2,総務費,1,総務管理費,6,企画費,1,報酬,3325000,3316300,,,,8700,,R7決算書p23
2025,2,総務費,1,総務管理費,6,企画費,3,職員手当等,54000,52766,,,,1234,,R7決算書p23
2025,2,総務費,1,総務管理費,6,企画費,4,共済費,4225000,3490177,,,,734823,,R7決算書p23
2025,2,総務費,1,総務管理費,6,企画費,7,報償費,300000,300000,,,,0,,R7決算書p23
2025,2,総務費,1,総務管理費,6,企画費,8,旅費,370000,298310,,,,71690,,R7決算書p23
2025,2,総務費,1,総務管理費,6,企画費,10,需用費,2710000,2692014,,,,17986,,R7決算書p23
2025,2,総務費,1,総務管理費,6,企画費,11,役務費,317000,309362,,,,7638,,R7決算書p23
2025,2,総務費,1,総務管理費,6,企画費,12,委託料,20099000,15264830,,3415000,,1419170,,R7決算書p23
2025,2,総務費,1,総務管理費,6,企画費,13,使用料及び賃借料,1353000,1347331,,,,5669,,R7決算書p23
2025,2,総務費,1,総務管理費,6,企画費,18,負担金、補助及び交付金,39468000,39310724,,,,157276,,R7決算書p23
2025,2,総務費,1,総務管理費,6,企画費,22,償還金、利子及び割引料,550000,549164,,,,836,,R7決算書p23
2025,2,総務費,1,総務管理費,6,企画費,26,公課費,7000,0,,,,7000,,R7決算書p23
2025,2,総務費,1,総務管理費,8,交通安全対策費,10,需用費,496000,473944,,,,22056,,R7決算書p24
2025,2,総務費,1,総務管理費,8,交通安全対策費,11,役務費,29000,28520,,,,480,,R7決算書p24
2025,2,総務費,1,総務管理費,8,交通安全対策費,12,委託料,7228000,6819099,,,,408901,,R7決算書p25
2025,2,総務費,1,総務管理費,8,交通安全対策費,14,工事請負費,1632000,1521300,,,,110700,,R7決算書p25
2025,2,総務費,1,総務管理費,8,交通安全対策費,15,原材料費,2200000,2180640,,,,19360,,R7決算書p25
2025,2,総務費,1,総務管理費,8,交通安全対策費,18,負担金、補助及び交付金,460000,453000,,,,7000,,R7決算書p25
2025,2,総務費,1,総務管理費,9,電子計算費,10,需用費,0,0,,,,0,,R7決算書p25
2025,2,総務費,1,総務管理費,9,電子計算費,11,役務費,20000,19800,,,,200,,R7決算書p25
2025,2,総務費,1,総務管理費,9,電子計算費,12,委託料,73586000,73211897,,,,374103,,R7決算書p25
2025,2,総務費,1,総務管理費,9,電子計算費,13,使用料及び賃借料,55789000,52721202,,,,3067798,,R7決算書p25
2025,2,総務費,1,総務管理費,9,電子計算費,14,工事請負費,385000,374000,,,,11000,,R7決算書p25
2025,2,総務費,1,総務管理費,9,電子計算費,17,備品購入費,1463000,1463000,,,,0,,R7決算書p25
2025,2,総務費,1,総務管理費,9,電子計算費,18,負担金、補助及び交付金,10129000,10124392,,,,4608,,R7決算書p25
2025,2,総務費,1,総務管理費,10,ＣＡＴＶ事業費,10,需用費,12000,11321,,,,679,,R7決算書p26
2025,2,総務費,1,総務管理費,10,ＣＡＴＶ事業費,11,役務費,3795000,3448230,,,,346770,,R7決算書p26
2025,2,総務費,1,総務管理費,10,ＣＡＴＶ事業費,12,委託料,1617000,1444300,,,,172700,,R7決算書p26
2025,2,総務費,1,総務管理費,10,ＣＡＴＶ事業費,13,使用料及び賃借料,2442000,2310000,,,,132000,,R7決算書p26
2025,2,総務費,1,総務管理費,10,ＣＡＴＶ事業費,14,工事請負費,161000,160304,,,,696,,R7決算書p26
2025,2,総務費,1,総務管理費,10,ＣＡＴＶ事業費,17,備品購入費,130000,126500,,,,3500,,R7決算書p26
2025,2,総務費,1,総務管理費,10,ＣＡＴＶ事業費,18,負担金、補助及び交付金,11713000,10786878,,,,926122,,R7決算書p26
2025,2,総務費,2,徴税費,1,税務総務費,1,報酬,0,0,,,,0,,R7決算書p26
2025,2,総務費,2,徴税費,1,税務総務費,2,給料,6624000,6623400,,,,600,,R7決算書p26
2025,2,総務費,2,徴税費,1,税務総務費,3,職員手当等,4357000,4330731,,,,26269,,R7決算書p26
2025,2,総務費,2,徴税費,1,税務総務費,4,共済費,2182000,2155045,,,,26955,,R7決算書p26
2025,2,総務費,2,徴税費,1,税務総務費,8,旅費,0,0,,,,0,,R7決算書p26
2025,2,総務費,2,徴税費,1,税務総務費,10,需用費,52000,50830,,,,1170,,R7決算書p26
2025,2,総務費,2,徴税費,1,税務総務費,11,役務費,124000,123103,,,,897,,R7決算書p27
2025,2,総務費,2,徴税費,1,税務総務費,12,委託料,7833000,7775505,,,,57495,,R7決算書p27
2025,2,総務費,2,徴税費,1,税務総務費,13,使用料及び賃借料,1899000,1898329,,,,671,,R7決算書p27
2025,2,総務費,2,徴税費,1,税務総務費,18,負担金、補助及び交付金,3912000,3909804,,,,2196,,R7決算書p27
2025,2,総務費,2,徴税費,2,賦課徴収費,1,報酬,0,0,,,,0,,R7決算書p27
2025,2,総務費,2,徴税費,2,賦課徴収費,10,需用費,4536000,4535927,,,,73,,R7決算書p27
2025,2,総務費,2,徴税費,2,賦課徴収費,22,償還金、利子及び割引料,835000,834908,,,,92,,R7決算書p27
2025,2,総務費,3,戸籍住民基本台帳費,1,戸籍住民基本台帳費,8,旅費,0,0,,,,0,,R7決算書p28
2025,2,総務費,3,戸籍住民基本台帳費,1,戸籍住民基本台帳費,10,需用費,87000,86101,,,,899,,R7決算書p28
2025,2,総務費,3,戸籍住民基本台帳費,1,戸籍住民基本台帳費,11,役務費,86000,85690,,,,310,,R7決算書p28
2025,2,総務費,3,戸籍住民基本台帳費,1,戸籍住民基本台帳費,12,委託料,28246000,19115503,,8614000,,516497,,R7決算書p28
2025,2,総務費,3,戸籍住民基本台帳費,1,戸籍住民基本台帳費,13,使用料及び賃借料,8093000,8092260,,,,740,,R7決算書p28
2025,2,総務費,3,戸籍住民基本台帳費,1,戸籍住民基本台帳費,18,負担金、補助及び交付金,901000,900300,,,,700,,R7決算書p28
2025,2,総務費,4,選挙費,1,選挙管理委員会費,1,報酬,85000,84100,,,,900,,R7決算書p28
2025,2,総務費,4,選挙費,1,選挙管理委員会費,8,旅費,0,0,,,,0,,R7決算書p28
2025,2,総務費,4,選挙費,1,選挙管理委員会費,10,需用費,0,0,,,,0,,R7決算書p28
2025,2,総務費,4,選挙費,1,選挙管理委員会費,18,負担金、補助及び交付金,0,0,,,,0,,R7決算書p28
2025,2,総務費,4,選挙費,3,参議院議員選挙費,1,報酬,1318032,1318032,,,,0,,R7決算書p28
2025,2,総務費,4,選挙費,3,参議院議員選挙費,3,職員手当等,1155620,1154962,,,,658,,R7決算書p28
2025,2,総務費,4,選挙費,3,参議院議員選挙費,10,需用費,1271348,1271348,,,,0,,R7決算書p28
2025,2,総務費,4,選挙費,3,参議院議員選挙費,11,役務費,67000,66365,,,,635,,R7決算書p28
2025,2,総務費,4,選挙費,3,参議院議員選挙費,12,委託料,488000,487630,,,,370,,R7決算書p28
2025,2,総務費,4,選挙費,9,衆議院議員選挙費,1,報酬,1093000,1048372,,,,44628,,R7決算書p28
2025,2,総務費,4,選挙費,9,衆議院議員選挙費,3,職員手当等,1175000,1173904,,,,1096,,R7決算書p28
2025,2,総務費,4,選挙費,9,衆議院議員選挙費,10,需用費,1141000,1141000,,,,0,,R7決算書p28
2025,2,総務費,4,選挙費,9,衆議院議員選挙費,11,役務費,61000,60571,,,,429,,R7決算書p29
2025,2,総務費,4,選挙費,9,衆議院議員選挙費,12,委託料,203000,202400,,,,600,,R7決算書p29
2025,2,総務費,5,統計調査費,2,指定統計調査費,1,報酬,1162000,1161410,,,,590,,R7決算書p29
2025,2,総務費,5,統計調査費,2,指定統計調査費,3,職員手当等,0,0,,,,0,,R7決算書p29
2025,2,総務費,5,統計調査費,2,指定統計調査費,8,旅費,33000,32514,,,,486,,R7決算書p29
2025,2,総務費,5,統計調査費,2,指定統計調査費,10,需用費,512000,511343,,,,657,,R7決算書p29
2025,2,総務費,5,統計調査費,2,指定統計調査費,11,役務費,32000,31658,,,,342,,R7決算書p29
2025,2,総務費,5,統計調査費,2,指定統計調査費,13,使用料及び賃借料,10000,9280,,,,720,,R7決算書p29
2025,2,総務費,6,監査委員費,1,監査委員費,1,報酬,540000,540000,,,,0,,R7決算書p29
2025,2,総務費,6,監査委員費,1,監査委員費,8,旅費,8000,7020,,,,980,,R7決算書p29
2025,2,総務費,6,監査委員費,1,監査委員費,10,需用費,0,0,,,,0,,R7決算書p29
2025,2,総務費,6,監査委員費,1,監査委員費,18,負担金、補助及び交付金,19000,18500,,,,500,,R7決算書p29
2025,2,総務費,7,国土調査費,1,地籍調査費,2,給料,7137000,7136400,,,,600,,R7決算書p29
2025,2,総務費,7,国土調査費,1,地籍調査費,3,職員手当等,4785000,4777937,,,,7063,,R7決算書p29
2025,2,総務費,7,国土調査費,1,地籍調査費,4,共済費,2412000,2226749,,,,185251,,R7決算書p29
2025,2,総務費,7,国土調査費,1,地籍調査費,8,旅費,1000,1000,,,,0,,R7決算書p29
2025,2,総務費,7,国土調査費,1,地籍調査費,10,需用費,534000,507988,,,,26012,,R7決算書p29
2025,2,総務費,7,国土調査費,1,地籍調査費,11,役務費,49000,46440,,,,2560,,R7決算書p29
2025,2,総務費,7,国土調査費,1,地籍調査費,12,委託料,9293000,9016590,,,,276410,,R7決算書p29
2025,2,総務費,7,国土調査費,1,地籍調査費,13,使用料及び賃借料,857000,856680,,,,320,,R7決算書p29
2025,2,総務費,7,国土調査費,1,地籍調査費,18,負担金、補助及び交付金,39000,39000,,,,0,,R7決算書p30
2025,2,総務費,7,国土調査費,1,地籍調査費,21,補償、補填及び賠償金,0,0,,,,0,,R7決算書p30
2025,2,総務費,7,国土調査費,1,地籍調査費,26,公課費,7000,6600,,,,400,,R7決算書p30
2025,3,民生費,1,社会福祉費,1,社会福祉総務費,1,報酬,5576000,4945564,,,,630436,,R7決算書p30
2025,3,民生費,1,社会福祉費,1,社会福祉総務費,2,給料,11549000,11547300,,,,1700,,R7決算書p30
2025,3,民生費,1,社会福祉費,1,社会福祉総務費,3,職員手当等,5879000,5625922,,,,253078,,R7決算書p30
2025,3,民生費,1,社会福祉費,1,社会福祉総務費,4,共済費,2384000,2375345,,,,8655,,R7決算書p30
2025,3,民生費,1,社会福祉費,1,社会福祉総務費,7,報償費,2069000,2061010,,,,7990,,R7決算書p30
2025,3,民生費,1,社会福祉費,1,社会福祉総務費,8,旅費,36000,32720,,,,3280,,R7決算書p30
2025,3,民生費,1,社会福祉費,1,社会福祉総務費,10,需用費,555000,491583,,,,63417,,R7決算書p30
2025,3,民生費,1,社会福祉費,1,社会福祉総務費,11,役務費,60000,57292,,,,2708,,R7決算書p30
2025,3,民生費,1,社会福祉費,1,社会福祉総務費,12,委託料,1898000,1891832,,,,6168,,R7決算書p30
2025,3,民生費,1,社会福祉費,1,社会福祉総務費,13,使用料及び賃借料,903000,879000,,,,24000,,R7決算書p30
2025,3,民生費,1,社会福祉費,1,社会福祉総務費,18,負担金、補助及び交付金,47230000,44617840,,2394000,,218160,,R7決算書p30
2025,3,民生費,1,社会福祉費,1,社会福祉総務費,19,扶助費,4989000,4955637,,,,33363,,R7決算書p31
2025,3,民生費,1,社会福祉費,1,社会福祉総務費,20,貸付金,0,0,,,,0,,R7決算書p31
2025,3,民生費,1,社会福祉費,1,社会福祉総務費,26,公課費,5000,5000,,,,0,,R7決算書p31
2025,3,民生費,1,社会福祉費,1,社会福祉総務費,27,繰出金,12093000,12092737,,,,263,,R7決算書p31
2025,3,民生費,1,社会福祉費,2,老人福祉費,1,報酬,69000,68800,,,,200,,R7決算書p32
2025,3,民生費,1,社会福祉費,2,老人福祉費,7,報償費,114000,105000,,,,9000,,R7決算書p32
2025,3,民生費,1,社会福祉費,2,老人福祉費,10,需用費,142000,115950,,,,26050,,R7決算書p32
2025,3,民生費,1,社会福祉費,2,老人福祉費,11,役務費,175000,172390,,,,2610,,R7決算書p32
2025,3,民生費,1,社会福祉費,2,老人福祉費,12,委託料,2320000,2319683,,,,317,,R7決算書p32
2025,3,民生費,1,社会福祉費,2,老人福祉費,17,備品購入費,0,0,,,,0,,R7決算書p32
2025,3,民生費,1,社会福祉費,2,老人福祉費,18,負担金、補助及び交付金,15800000,15793126,,,,6874,,R7決算書p32
2025,3,民生費,1,社会福祉費,2,老人福祉費,19,扶助費,5666000,5655006,,,,10994,,R7決算書p33
2025,3,民生費,1,社会福祉費,2,老人福祉費,26,公課費,9000,8200,,,,800,,R7決算書p33
2025,3,民生費,1,社会福祉費,2,老人福祉費,27,繰出金,34327000,34300699,,,,26301,,R7決算書p33
2025,3,民生費,1,社会福祉費,3,国民年金事務費,2,給料,3322000,3321000,,,,1000,,R7決算書p33
2025,3,民生費,1,社会福祉費,3,国民年金事務費,3,職員手当等,2077000,2059673,,,,17327,,R7決算書p33
2025,3,民生費,1,社会福祉費,3,国民年金事務費,4,共済費,1090000,1073405,,,,16595,,R7決算書p33
2025,3,民生費,1,社会福祉費,3,国民年金事務費,11,役務費,36000,36000,,,,0,,R7決算書p33
2025,3,民生費,1,社会福祉費,3,国民年金事務費,12,委託料,142000,140800,,,,1200,,R7決算書p33
2025,3,民生費,1,社会福祉費,4,障害者福祉費,7,報償費,31000,27401,,,,3599,,R7決算書p34
2025,3,民生費,1,社会福祉費,4,障害者福祉費,10,需用費,10000,5720,,,,4280,,R7決算書p34
2025,3,民生費,1,社会福祉費,4,障害者福祉費,12,委託料,832000,774905,,,,57095,,R7決算書p34
2025,3,民生費,1,社会福祉費,4,障害者福祉費,18,負担金、補助及び交付金,717000,717000,,,,0,,R7決算書p34
2025,3,民生費,1,社会福祉費,4,障害者福祉費,19,扶助費,62468000,60999019,,,,1468981,,R7決算書p34
2025,3,民生費,1,社会福祉費,4,障害者福祉費,22,償還金、利子及び割引料,2267000,2266362,,,,638,,R7決算書p34
2025,3,民生費,1,社会福祉費,7,定住対策費,1,報酬,0,0,,,,0,,R7決算書p34
2025,3,民生費,1,社会福祉費,7,定住対策費,7,報償費,400000,400000,,,,0,,R7決算書p34
2025,3,民生費,1,社会福祉費,7,定住対策費,18,負担金、補助及び交付金,7713000,7532500,,,,180500,,R7決算書p34
2025,3,民生費,1,社会福祉費,10,老人福祉施設管理運営費,10,需用費,27028000,27020901,,,,7099,,R7決算書p34
2025,3,民生費,1,社会福祉費,10,老人福祉施設管理運営費,11,役務費,326000,325690,,,,310,,R7決算書p34
2025,3,民生費,1,社会福祉費,10,老人福祉施設管理運営費,12,委託料,35148000,35143695,,,,4305,,R7決算書p34
2025,3,民生費,1,社会福祉費,10,老人福祉施設管理運営費,13,使用料及び賃借料,509000,500098,,,,8902,,R7決算書p34
2025,3,民生費,1,社会福祉費,10,老人福祉施設管理運営費,17,備品購入費,1289000,1285900,,,,3100,,R7決算書p34
2025,3,民生費,1,社会福祉費,13,在宅介護支援センター運営費,8,旅費,2000,2000,,,,0,,R7決算書p35
2025,3,民生費,1,社会福祉費,13,在宅介護支援センター運営費,10,需用費,120000,110704,,,,9296,,R7決算書p35
2025,3,民生費,1,社会福祉費,13,在宅介護支援センター運営費,11,役務費,207000,206111,,,,889,,R7決算書p35
2025,3,民生費,1,社会福祉費,13,在宅介護支援センター運営費,12,委託料,20000,19800,,,,200,,R7決算書p35
2025,3,民生費,1,社会福祉費,13,在宅介護支援センター運営費,13,使用料及び賃借料,330000,330000,,,,0,,R7決算書p35
2025,3,民生費,1,社会福祉費,13,在宅介護支援センター運営費,18,負担金、補助及び交付金,98000,97995,,,,5,,R7決算書p35
2025,3,民生費,1,社会福祉費,14,授産施設一般管理費,2,給料,12022000,11933980,,,,88020,,R7決算書p35
2025,3,民生費,1,社会福祉費,14,授産施設一般管理費,3,職員手当等,3544000,3454018,,,,89982,,R7決算書p35
2025,3,民生費,1,社会福祉費,14,授産施設一般管理費,4,共済費,980000,923958,,,,56042,,R7決算書p35
2025,3,民生費,1,社会福祉費,14,授産施設一般管理費,8,旅費,0,0,,,,0,,R7決算書p35
2025,3,民生費,1,社会福祉費,14,授産施設一般管理費,10,需用費,1645000,1593812,,,,51188,,R7決算書p35
2025,3,民生費,1,社会福祉費,14,授産施設一般管理費,11,役務費,163000,157168,,,,5832,,R7決算書p35
2025,3,民生費,1,社会福祉費,14,授産施設一般管理費,12,委託料,97000,96470,,,,530,,R7決算書p35
2025,3,民生費,1,社会福祉費,14,授産施設一般管理費,13,使用料及び賃借料,534000,532366,,,,1634,,R7決算書p35
2025,3,民生費,1,社会福祉費,14,授産施設一般管理費,18,負担金、補助及び交付金,25000,22800,,,,2200,,R7決算書p35
2025,3,民生費,1,社会福祉費,14,授産施設一般管理費,26,公課費,9000,8800,,,,200,,R7決算書p35
2025,3,民生費,1,社会福祉費,15,授産施設業務費,1,報酬,3997000,3996278,,,,722,,R7決算書p36
2025,3,民生費,1,社会福祉費,15,授産施設業務費,10,需用費,446000,444522,,,,1478,,R7決算書p36
2025,3,民生費,1,社会福祉費,15,授産施設業務費,11,役務費,103000,101424,,,,1576,,R7決算書p36
2025,3,民生費,1,社会福祉費,15,授産施設業務費,12,委託料,1171000,1169665,,,,1335,,R7決算書p36
2025,3,民生費,1,社会福祉費,15,授産施設業務費,13,使用料及び賃借料,0,0,,,,0,,R7決算書p36
2025,3,民生費,1,社会福祉費,15,授産施設業務費,15,原材料費,1577000,1576534,,,,466,,R7決算書p36
2025,3,民生費,2,児童福祉費,1,児童福祉総務費,12,委託料,1869000,1868900,,,,100,,R7決算書p36
2025,3,民生費,2,児童福祉費,2,児童措置費,10,需用費,0,0,,,,0,,R7決算書p37
2025,3,民生費,2,児童福祉費,2,児童措置費,18,負担金、補助及び交付金,0,0,,,,0,,R7決算書p37
2025,3,民生費,2,児童福祉費,2,児童措置費,19,扶助費,17436000,17416000,,,,20000,,R7決算書p37
2025,3,民生費,2,児童福祉費,5,保育所費,1,報酬,2647000,2645412,,,,1588,,R7決算書p37
2025,3,民生費,2,児童福祉費,5,保育所費,2,給料,16835000,16834200,,,,800,,R7決算書p37
2025,3,民生費,2,児童福祉費,5,保育所費,3,職員手当等,8589000,8081139,,,,507861,,R7決算書p37
2025,3,民生費,2,児童福祉費,5,保育所費,4,共済費,4124000,3811860,,,,312140,,R7決算書p37
2025,3,民生費,2,児童福祉費,5,保育所費,7,報償費,405000,368500,,,,36500,,R7決算書p37
2025,3,民生費,2,児童福祉費,5,保育所費,10,需用費,5743000,5680898,,,,62102,,R7決算書p37
2025,3,民生費,2,児童福祉費,5,保育所費,11,役務費,452000,429275,,,,22725,,R7決算書p37
2025,3,民生費,2,児童福祉費,5,保育所費,12,委託料,2818000,2779068,,,,38932,,R7決算書p37
2025,3,民生費,2,児童福祉費,5,保育所費,13,使用料及び賃借料,246000,237600,,,,8400,,R7決算書p37
2025,3,民生費,2,児童福祉費,5,保育所費,18,負担金、補助及び交付金,1458000,1296805,,,,161195,,R7決算書p37
2025,3,民生費,2,児童福祉費,5,保育所費,20,貸付金,0,0,,,,0,,R7決算書p37
2025,3,民生費,2,児童福祉費,7,児童クラブ運営費,7,報償費,0,0,,,,0,,R7決算書p38
2025,3,民生費,2,児童福祉費,7,児童クラブ運営費,11,役務費,31000,30444,,,,556,,R7決算書p38
2025,3,民生費,2,児童福祉費,7,児童クラブ運営費,12,委託料,3522000,3521160,,,,840,,R7決算書p38
2025,6,農林水産業費,1,農業費,1,農業委員会費,1,報酬,3136000,3086766,,,,49234,,R7決算書p42
2025,6,農林水産業費,1,農業費,1,農業委員会費,8,旅費,49000,48600,,,,400,,R7決算書p42
2025,6,農林水産業費,1,農業費,1,農業委員会費,10,需用費,193000,188230,,,,4770,,R7決算書p42
2025,6,農林水産業費,1,農業費,1,農業委員会費,11,役務費,19000,18956,,,,44,,R7決算書p42
2025,6,農林水産業費,1,農業費,1,農業委員会費,12,委託料,1100000,1099560,,,,440,,R7決算書p42
2025,6,農林水産業費,1,農業費,1,農業委員会費,18,負担金、補助及び交付金,84000,83500,,,,500,,R7決算書p42
2025,6,農林水産業費,1,農業費,2,農業総務費,2,給料,6760000,6759000,,,,1000,,R7決算書p43
2025,6,農林水産業費,1,農業費,2,農業総務費,3,職員手当等,5615000,5291602,,,,323398,,R7決算書p43
2025,6,農林水産業費,1,農業費,2,農業総務費,4,共済費,2273000,2208292,,,,64708,,R7決算書p43
2025,6,農林水産業費,1,農業費,2,農業総務費,8,旅費,3000,3000,,,,0,,R7決算書p43
2025,6,農林水産業費,1,農業費,2,農業総務費,10,需用費,248000,242513,,,,5487,,R7決算書p43
2025,6,農林水産業費,1,農業費,2,農業総務費,11,役務費,160000,159690,,,,310,,R7決算書p43
2025,6,農林水産業費,1,農業費,2,農業総務費,18,負担金、補助及び交付金,50000,48170,,,,1830,,R7決算書p43
2025,6,農林水産業費,1,農業費,3,農業振興費,1,報酬,1315000,1245287,,,,69713,,R7決算書p43
2025,6,農林水産業費,1,農業費,3,農業振興費,7,報償費,1032000,1029000,,,,3000,,R7決算書p43
2025,6,農林水産業費,1,農業費,3,農業振興費,8,旅費,230000,213000,,,,17000,,R7決算書p43
2025,6,農林水産業費,1,農業費,3,農業振興費,10,需用費,6935000,6560690,,,,374310,,R7決算書p43
2025,6,農林水産業費,1,農業費,3,農業振興費,11,役務費,523000,509018,,,,13982,,R7決算書p43
2025,6,農林水産業費,1,農業費,3,農業振興費,12,委託料,4268000,3972190,,,,295810,,R7決算書p43
2025,6,農林水産業費,1,農業費,3,農業振興費,13,使用料及び賃借料,392000,381105,,,,10895,,R7決算書p43
2025,6,農林水産業費,1,農業費,3,農業振興費,17,備品購入費,6074000,5713530,,352000,,8470,,R7決算書p43
2025,6,農林水産業費,1,農業費,3,農業振興費,18,負担金、補助及び交付金,32460000,30451986,,,,2008014,,R7決算書p44
2025,6,農林水産業費,1,農業費,4,畜産業費,10,需用費,189000,182975,,,,6025,,R7決算書p45
2025,6,農林水産業費,1,農業費,4,畜産業費,12,委託料,1000000,1000000,,,,0,,R7決算書p45
2025,6,農林水産業費,1,農業費,5,畜産振興費,10,需用費,19000,18500,,,,500,,R7決算書p45
2025,6,農林水産業費,1,農業費,5,畜産振興費,14,工事請負費,914000,906400,,,,7600,,R7決算書p45
2025,6,農林水産業費,1,農業費,6,農地費,1,報酬,835000,835000,,,,0,,R7決算書p45
2025,6,農林水産業費,1,農業費,6,農地費,12,委託料,2387000,2200000,,,,187000,,R7決算書p45
2025,6,農林水産業費,1,農業費,6,農地費,13,使用料及び賃借料,106000,105569,,,,431,,R7決算書p45
2025,6,農林水産業費,1,農業費,6,農地費,14,工事請負費,19200000,18983800,,,,216200,,R7決算書p45
2025,6,農林水産業費,1,農業費,6,農地費,15,原材料費,0,0,,,,0,,R7決算書p45
2025,6,農林水産業費,1,農業費,6,農地費,18,負担金、補助及び交付金,944000,866200,,,,77800,,R7決算書p45
2025,6,農林水産業費,1,農業費,7,農業振興地域整備促進事業費,1,報酬,0,0,,,,0,,R7決算書p45
2025,6,農林水産業費,1,農業費,7,農業振興地域整備促進事業費,12,委託料,4070000,4015000,,,,55000,,R7決算書p45
2025,6,農林水産業費,1,農業費,20,地域おこし協力隊事業,1,報酬,0,0,,,,0,,R7決算書p45
2025,6,農林水産業費,1,農業費,20,地域おこし協力隊事業,8,旅費,0,0,,,,0,,R7決算書p45
2025,6,農林水産業費,1,農業費,20,地域おこし協力隊事業,10,需用費,0,0,,,,0,,R7決算書p46
2025,6,農林水産業費,1,農業費,20,地域おこし協力隊事業,11,役務費,0,0,,,,0,,R7決算書p46
2025,6,農林水産業費,1,農業費,20,地域おこし協力隊事業,12,委託料,0,0,,,,0,,R7決算書p46
2025,6,農林水産業費,1,農業費,20,地域おこし協力隊事業,13,使用料及び賃借料,0,0,,,,0,,R7決算書p46
2025,6,農林水産業費,1,農業費,20,地域おこし協力隊事業,18,負担金、補助及び交付金,0,0,,,,0,,R7決算書p46
2025,6,農林水産業費,1,農業費,21,日本型直接支払事業,1,報酬,238000,236537,,,,1463,,R7決算書p46
2025,6,農林水産業費,1,農業費,21,日本型直接支払事業,18,負担金、補助及び交付金,2382000,2240212,,,,141788,,R7決算書p46
2025,6,農林水産業費,1,農業費,22,集落支援事業,1,報酬,4361000,4359324,,,,1676,,R7決算書p46
2025,6,農林水産業費,1,農業費,22,集落支援事業,3,職員手当等,799000,797414,,,,1586,,R7決算書p46
2025,6,農林水産業費,1,農業費,22,集落支援事業,8,旅費,16000,15520,,,,480,,R7決算書p46
2025,6,農林水産業費,1,農業費,22,集落支援事業,10,需用費,120000,113463,,,,6537,,R7決算書p46
2025,6,農林水産業費,1,農業費,22,集落支援事業,11,役務費,38000,36740,,,,1260,,R7決算書p46
2025,6,農林水産業費,1,農業費,22,集落支援事業,13,使用料及び賃借料,609000,607920,,,,1080,,R7決算書p46
2025,6,農林水産業費,1,農業費,22,集落支援事業,17,備品購入費,220000,220000,,,,0,,R7決算書p46
2025,6,農林水産業費,1,農業費,22,集落支援事業,26,公課費,7000,6600,,,,400,,R7決算書p46
2025,6,農林水産業費,2,林業費,1,林業総務費,1,報酬,19000,18600,,,,400,,R7決算書p46
2025,6,農林水産業費,2,林業費,1,林業総務費,2,給料,4526000,4525500,,,,500,,R7決算書p46
2025,6,農林水産業費,2,林業費,1,林業総務費,3,職員手当等,4210000,4084070,,,,125930,,R7決算書p47
2025,6,農林水産業費,2,林業費,1,林業総務費,4,共済費,1684000,1683719,,,,281,,R7決算書p47
2025,6,農林水産業費,2,林業費,1,林業総務費,12,委託料,0,0,,,,0,,R7決算書p47
2025,6,農林水産業費,2,林業費,1,林業総務費,18,負担金、補助及び交付金,1956000,1953930,,,,2070,,R7決算書p47
2025,6,農林水産業費,2,林業費,2,林業振興費,1,報酬,134000,133400,,,,600,,R7決算書p47
2025,6,農林水産業費,2,林業費,2,林業振興費,7,報償費,7022000,6968450,,,,53550,,R7決算書p47
2025,6,農林水産業費,2,林業費,2,林業振興費,8,旅費,10000,10000,,,,0,,R7決算書p47
2025,6,農林水産業費,2,林業費,2,林業振興費,10,需用費,637000,570452,,,,66548,,R7決算書p47
2025,6,農林水産業費,2,林業費,2,林業振興費,11,役務費,145000,136264,,,,8736,,R7決算書p47
2025,6,農林水産業費,2,林業費,2,林業振興費,12,委託料,2779000,2691750,,,,87250,,R7決算書p47
2025,6,農林水産業費,2,林業費,2,林業振興費,14,工事請負費,2820000,2819300,,,,700,,R7決算書p47
2025,6,農林水産業費,2,林業費,2,林業振興費,16,公有財産購入費,51000,50565,,,,435,,R7決算書p47
2025,6,農林水産業費,2,林業費,2,林業振興費,21,補償、補填及び賠償金,0,0,,,,0,,R7決算書p47
2025,6,農林水産業費,2,林業費,3,林道費,10,需用費,267000,253620,,,,13380,,R7決算書p48
2025,6,農林水産業費,2,林業費,3,林道費,11,役務費,26000,25550,,,,450,,R7決算書p48
2025,6,農林水産業費,2,林業費,3,林道費,12,委託料,8201000,5159000,,1452000,,1590000,,R7決算書p48
2025,6,農林水産業費,2,林業費,3,林道費,14,工事請負費,96708000,60296500,,35354000,,1057500,,R7決算書p48
2025,6,農林水産業費,2,林業費,3,林道費,21,補償、補填及び賠償金,450000,411581,,,,38419,,R7決算書p48
2025,6,農林水産業費,2,林業費,4,造林費,14,工事請負費,0,0,,,,0,,R7決算書p48
2025,6,農林水産業費,2,林業費,4,造林費,18,負担金、補助及び交付金,2420000,2417786,,,,2214,,R7決算書p48
2025,6,農林水産業費,2,林業費,6,森林整備センター受託事業費,14,工事請負費,3800000,3795000,,,,5000,,R7決算書p48
2025,6,農林水産業費,2,林業費,10,森林環境譲与税活用費,12,委託料,35713000,35698300,,,,14700,,R7決算書p48
2025,6,農林水産業費,2,林業費,10,森林環境譲与税活用費,14,工事請負費,5000000,4840000,,,,160000,,R7決算書p48
2025,6,農林水産業費,2,林業費,11,集落支援事業,8,旅費,0,0,,,,0,,R7決算書p49
2025,6,農林水産業費,2,林業費,11,集落支援事業,10,需用費,0,0,,,,0,,R7決算書p49
2025,6,農林水産業費,2,林業費,11,集落支援事業,12,委託料,0,0,,,,0,,R7決算書p49
2025,7,商工費,1,商工費,1,商工総務費,2,給料,6663000,6662700,,,,300,,R7決算書p49
2025,7,商工費,1,商工費,1,商工総務費,3,職員手当等,4400000,4362213,,,,37787,,R7決算書p49
2025,7,商工費,1,商工費,1,商工総務費,4,共済費,2118000,2117945,,,,55,,R7決算書p49
2025,7,商工費,1,商工費,1,商工総務費,18,負担金、補助及び交付金,1480000,1479000,,,,1000,,R7決算書p49
2025,7,商工費,1,商工費,2,商工振興費,7,報償費,0,0,,,,0,,R7決算書p49
2025,7,商工費,1,商工費,2,商工振興費,10,需用費,0,0,,,,0,,R7決算書p49
2025,7,商工費,1,商工費,2,商工振興費,11,役務費,19000,18802,,,,198,,R7決算書p49
2025,7,商工費,1,商工費,2,商工振興費,13,使用料及び賃借料,212000,211824,,,,176,,R7決算書p49
2025,7,商工費,1,商工費,2,商工振興費,17,備品購入費,391000,390400,,,,600,,R7決算書p49
2025,7,商工費,1,商工費,2,商工振興費,18,負担金、補助及び交付金,22685000,22618685,,,,66315,,R7決算書p50
2025,7,商工費,1,商工費,2,商工振興費,21,補償、補填及び賠償金,511000,510706,,,,294,,R7決算書p50
2025,7,商工費,1,商工費,3,観光費,1,報酬,5048000,5039680,,,,8320,,R7決算書p50
2025,7,商工費,1,商工費,3,観光費,3,職員手当等,961000,959294,,,,1706,,R7決算書p50
2025,7,商工費,1,商工費,3,観光費,7,報償費,0,0,,,,0,,R7決算書p50
2025,7,商工費,1,商工費,3,観光費,8,旅費,723000,720840,,,,2160,,R7決算書p50
2025,7,商工費,1,商工費,3,観光費,10,需用費,14168000,14037770,,,,130230,,R7決算書p50
2025,7,商工費,1,商工費,3,観光費,11,役務費,1702000,1650086,,,,51914,,R7決算書p50
2025,7,商工費,1,商工費,3,観光費,12,委託料,10158000,8825354,,1089000,,243646,,R7決算書p50
2025,7,商工費,1,商工費,3,観光費,13,使用料及び賃借料,1280000,1270577,,,,9423,,R7決算書p50
2025,7,商工費,1,商工費,3,観光費,14,工事請負費,56397000,44290000,,11180000,,927000,,R7決算書p50
2025,7,商工費,1,商工費,3,観光費,15,原材料費,0,0,,,,0,,R7決算書p50
2025,7,商工費,1,商工費,3,観光費,17,備品購入費,484000,421080,,,,62920,,R7決算書p50
2025,7,商工費,1,商工費,3,観光費,18,負担金、補助及び交付金,6090000,6078000,,,,12000,,R7決算書p50
2025,7,商工費,1,商工費,3,観光費,26,公課費,7000,6600,,,,400,,R7決算書p50
2025,7,商工費,1,商工費,4,地域おこし協力隊事業,1,報酬,1010000,1009665,,,,335,,R7決算書p52
2025,7,商工費,1,商工費,4,地域おこし協力隊事業,3,職員手当等,324000,0,,,,324000,,R7決算書p52
2025,7,商工費,1,商工費,4,地域おこし協力隊事業,8,旅費,4000,3110,,,,890,,R7決算書p52
2025,7,商工費,1,商工費,4,地域おこし協力隊事業,10,需用費,422000,419762,,,,2238,,R7決算書p52
2025,7,商工費,1,商工費,4,地域おこし協力隊事業,11,役務費,45000,43310,,,,1690,,R7決算書p52
2025,7,商工費,1,商工費,4,地域おこし協力隊事業,13,使用料及び賃借料,180000,170000,,,,10000,,R7決算書p52
2025,7,商工費,1,商工費,4,地域おこし協力隊事業,18,負担金、補助及び交付金,0,0,,,,0,,R7決算書p52
2025,7,商工費,1,商工費,4,地域おこし協力隊事業,26,公課費,7000,6600,,,,400,,R7決算書p52
2025,7,商工費,1,商工費,5,集落支援事業,1,報酬,5242000,4008303,,,,1233697,,R7決算書p52
2025,7,商工費,1,商工費,5,集落支援事業,3,職員手当等,842000,776597,,,,65403,,R7決算書p52
2025,7,商工費,1,商工費,5,集落支援事業,10,需用費,159000,157558,,,,1442,,R7決算書p52
2025,7,商工費,1,商工費,5,集落支援事業,11,役務費,17000,15800,,,,1200,,R7決算書p52
2025,7,商工費,1,商工費,5,集落支援事業,13,使用料及び賃借料,782000,780488,,,,1512,,R7決算書p52
2025,10,教育費,1,教育総務費,1,教育委員会費,1,報酬,960000,960000,,,,0,,R7決算書p58
2025,10,教育費,1,教育総務費,1,教育委員会費,8,旅費,52000,14610,,,,37390,,R7決算書p58
2025,10,教育費,1,教育総務費,1,教育委員会費,18,負担金、補助及び交付金,194000,156848,,,,37152,,R7決算書p58
2025,10,教育費,1,教育総務費,2,事務局費,1,報酬,356000,274235,,,,81765,,R7決算書p58
2025,10,教育費,1,教育総務費,2,事務局費,2,給料,14092000,14091300,,,,700,,R7決算書p58
2025,10,教育費,1,教育総務費,2,事務局費,3,職員手当等,6929000,6879330,,,,49670,,R7決算書p58
2025,10,教育費,1,教育総務費,2,事務局費,4,共済費,4404000,4188254,,,,215746,,R7決算書p58
2025,10,教育費,1,教育総務費,2,事務局費,7,報償費,0,0,,,,0,,R7決算書p58
2025,10,教育費,1,教育総務費,2,事務局費,10,需用費,998000,745927,,,,252073,,R7決算書p58
2025,10,教育費,1,教育総務費,2,事務局費,11,役務費,81000,79745,,,,1255,,R7決算書p58
2025,10,教育費,1,教育総務費,2,事務局費,12,委託料,341000,323400,,,,17600,,R7決算書p59
2025,10,教育費,1,教育総務費,2,事務局費,13,使用料及び賃借料,2675000,2650180,,,,24820,,R7決算書p59
2025,10,教育費,1,教育総務費,2,事務局費,17,備品購入費,5445000,0,,5445000,,0,,R7決算書p59
2025,10,教育費,1,教育総務費,2,事務局費,18,負担金、補助及び交付金,34000,29036,,,,4964,,R7決算書p59
2025,10,教育費,1,教育総務費,4,文化財保存費,1,報酬,13000,12900,,,,100,,R7決算書p59
2025,10,教育費,1,教育総務費,4,文化財保存費,7,報償費,881000,872880,,,,8120,,R7決算書p59
2025,10,教育費,1,教育総務費,4,文化財保存費,8,旅費,0,0,,,,0,,R7決算書p59
2025,10,教育費,1,教育総務費,4,文化財保存費,10,需用費,929000,907548,,,,21452,,R7決算書p59
2025,10,教育費,1,教育総務費,4,文化財保存費,11,役務費,175000,171692,,,,3308,,R7決算書p59
2025,10,教育費,1,教育総務費,4,文化財保存費,12,委託料,2316000,2265416,,,,50584,,R7決算書p59
2025,10,教育費,1,教育総務費,4,文化財保存費,18,負担金、補助及び交付金,3999000,3676526,,,,322474,,R7決算書p60
2025,10,教育費,1,教育総務費,6,文化施設費,1,報酬,5425000,5423676,,,,1324,,R7決算書p60
2025,10,教育費,1,教育総務費,6,文化施設費,3,職員手当等,1190000,1189229,,,,771,,R7決算書p60
2025,10,教育費,1,教育総務費,6,文化施設費,7,報償費,80000,80000,,,,0,,R7決算書p60
2025,10,教育費,1,教育総務費,6,文化施設費,8,旅費,231000,211490,,,,19510,,R7決算書p60
2025,10,教育費,1,教育総務費,6,文化施設費,10,需用費,4236000,4026896,,,,209104,,R7決算書p60
2025,10,教育費,1,教育総務費,6,文化施設費,11,役務費,547000,508859,,,,38141,,R7決算書p60
2025,10,教育費,1,教育総務費,6,文化施設費,12,委託料,2436000,2318125,,,,117875,,R7決算書p60
2025,10,教育費,1,教育総務費,6,文化施設費,13,使用料及び賃借料,1066000,1049121,,,,16879,,R7決算書p60
2025,10,教育費,1,教育総務費,6,文化施設費,14,工事請負費,5940000,5596800,,,,343200,,R7決算書p60
2025,10,教育費,1,教育総務費,6,文化施設費,18,負担金、補助及び交付金,243000,242850,,,,150,,R7決算書p60
2025,10,教育費,2,小学校費,1,学校管理費,1,報酬,13464000,13463003,,,,997,,R7決算書p61
2025,10,教育費,2,小学校費,1,学校管理費,3,職員手当等,5161000,4593469,,,,567531,,R7決算書p61
2025,10,教育費,2,小学校費,1,学校管理費,7,報償費,377000,366700,,,,10300,,R7決算書p61
2025,10,教育費,2,小学校費,1,学校管理費,8,旅費,20000,19694,,,,306,,R7決算書p61
2025,10,教育費,2,小学校費,1,学校管理費,10,需用費,9582000,9129096,,,,452904,,R7決算書p61
2025,10,教育費,2,小学校費,1,学校管理費,11,役務費,820000,755207,,,,64793,,R7決算書p61
2025,10,教育費,2,小学校費,1,学校管理費,12,委託料,8490000,8312366,,,,177634,,R7決算書p61
2025,10,教育費,2,小学校費,1,学校管理費,13,使用料及び賃借料,7117000,6722413,,,,394587,,R7決算書p61
2025,10,教育費,2,小学校費,1,学校管理費,15,原材料費,0,0,,,,0,,R7決算書p61
2025,10,教育費,2,小学校費,1,学校管理費,18,負担金、補助及び交付金,118000,105051,,,,12949,,R7決算書p61
2025,10,教育費,2,小学校費,1,学校管理費,26,公課費,67000,66200,,,,800,,R7決算書p61
2025,10,教育費,2,小学校費,2,教育振興費,7,報償費,641000,633310,,,,7690,,R7決算書p63
2025,10,教育費,2,小学校費,2,教育振興費,10,需用費,1489000,1456106,,,,32894,,R7決算書p63
2025,10,教育費,2,小学校費,2,教育振興費,11,役務費,114000,105140,,,,8860,,R7決算書p63
2025,10,教育費,2,小学校費,2,教育振興費,18,負担金、補助及び交付金,899000,822209,,,,76791,,R7決算書p63
2025,10,教育費,2,小学校費,2,教育振興費,19,扶助費,5147000,4645720,,,,501280,,R7決算書p63
2025,10,教育費,3,中学校費,1,学校管理費,1,報酬,5185000,5184171,,,,829,,R7決算書p63
2025,10,教育費,3,中学校費,1,学校管理費,3,職員手当等,1821000,1646280,,,,174720,,R7決算書p63
2025,10,教育費,3,中学校費,1,学校管理費,7,報償費,397000,396700,,,,300,,R7決算書p63
2025,10,教育費,3,中学校費,1,学校管理費,10,需用費,10363000,10038704,,,,324296,,R7決算書p63
2025,10,教育費,3,中学校費,1,学校管理費,11,役務費,512000,475270,,,,36730,,R7決算書p63
2025,10,教育費,3,中学校費,1,学校管理費,12,委託料,7766000,7582453,,,,183547,,R7決算書p63
2025,10,教育費,3,中学校費,1,学校管理費,13,使用料及び賃借料,5729000,5431192,,,,297808,,R7決算書p63
2025,10,教育費,3,中学校費,1,学校管理費,15,原材料費,0,0,,,,0,,R7決算書p63
2025,10,教育費,3,中学校費,1,学校管理費,17,備品購入費,167000,162866,,,,4134,,R7決算書p63
2025,10,教育費,3,中学校費,1,学校管理費,18,負担金、補助及び交付金,175000,160561,,,,14439,,R7決算書p64
2025,10,教育費,3,中学校費,2,教育振興費,7,報償費,43000,39100,,,,3900,,R7決算書p65
2025,10,教育費,3,中学校費,2,教育振興費,10,需用費,4435000,3992163,,,,442837,,R7決算書p65
2025,10,教育費,3,中学校費,2,教育振興費,11,役務費,104000,93655,,,,10345,,R7決算書p65
2025,10,教育費,3,中学校費,2,教育振興費,18,負担金、補助及び交付金,1325000,1192501,,,,132499,,R7決算書p65
2025,10,教育費,3,中学校費,2,教育振興費,19,扶助費,183000,176000,,,,7000,,R7決算書p65
2025,10,教育費,4,社会教育費,1,社会教育総務費,1,報酬,18000,17100,,,,900,,R7決算書p65
2025,10,教育費,4,社会教育費,1,社会教育総務費,2,給料,6402000,6402000,,,,0,,R7決算書p65
2025,10,教育費,4,社会教育費,1,社会教育総務費,3,職員手当等,3118000,3053143,,,,64857,,R7決算書p65
2025,10,教育費,4,社会教育費,1,社会教育総務費,4,共済費,1895000,1819131,,,,75869,,R7決算書p65
2025,10,教育費,4,社会教育費,1,社会教育総務費,8,旅費,3000,2260,,,,740,,R7決算書p65
2025,10,教育費,4,社会教育費,1,社会教育総務費,18,負担金、補助及び交付金,1000,1000,,,,0,,R7決算書p65
2025,10,教育費,4,社会教育費,2,公民館費,1,報酬,509000,468800,,,,40200,,R7決算書p65
2025,10,教育費,4,社会教育費,2,公民館費,7,報償費,496000,465060,,,,30940,,R7決算書p66
2025,10,教育費,4,社会教育費,2,公民館費,8,旅費,27000,25000,,,,2000,,R7決算書p66
2025,10,教育費,4,社会教育費,2,公民館費,10,需用費,6251000,5663668,,,,587332,,R7決算書p66
2025,10,教育費,4,社会教育費,2,公民館費,11,役務費,989000,944794,,,,44206,,R7決算書p66
2025,10,教育費,4,社会教育費,2,公民館費,12,委託料,1313000,1224367,,,,88633,,R7決算書p66
2025,10,教育費,4,社会教育費,2,公民館費,13,使用料及び賃借料,962000,944704,,,,17296,,R7決算書p66
2025,10,教育費,4,社会教育費,2,公民館費,14,工事請負費,19415000,17543500,,,,1871500,,R7決算書p66
2025,10,教育費,4,社会教育費,2,公民館費,18,負担金、補助及び交付金,816000,711298,,,,104702,,R7決算書p66
2025,10,教育費,5,保健体育費,1,保健体育総務費,1,報酬,9000,8600,,,,400,,R7決算書p67
2025,10,教育費,5,保健体育費,1,保健体育総務費,7,報償費,0,0,,,,0,,R7決算書p67
2025,10,教育費,5,保健体育費,1,保健体育総務費,8,旅費,0,0,,,,0,,R7決算書p67
2025,10,教育費,5,保健体育費,1,保健体育総務費,10,需用費,323000,302768,,,,20232,,R7決算書p67
2025,10,教育費,5,保健体育費,1,保健体育総務費,11,役務費,0,0,,,,0,,R7決算書p67
2025,10,教育費,5,保健体育費,1,保健体育総務費,18,負担金、補助及び交付金,30000,27139,,,,2861,,R7決算書p67
2025,10,教育費,5,保健体育費,2,学校給食運営費,1,報酬,5292000,5290824,,,,1176,,R7決算書p67
2025,10,教育費,5,保健体育費,2,学校給食運営費,3,職員手当等,730000,729082,,,,918,,R7決算書p67
2025,10,教育費,5,保健体育費,2,学校給食運営費,10,需用費,7208000,6607126,,,,600874,,R7決算書p67
2025,10,教育費,5,保健体育費,2,学校給食運営費,11,役務費,310000,282229,,,,27771,,R7決算書p67
2025,10,教育費,5,保健体育費,2,学校給食運営費,12,委託料,755000,706720,,,,48280,,R7決算書p67
2025,10,教育費,5,保健体育費,2,学校給食運営費,13,使用料及び賃借料,121000,120120,,,,880,,R7決算書p67
2025,10,教育費,5,保健体育費,2,学校給食運営費,26,公課費,7000,6600,,,,400,,R7決算書p67
2025,10,教育費,5,保健体育費,4,体育施設管理費,7,報償費,0,0,,,,0,,R7決算書p68
2025,10,教育費,5,保健体育費,4,体育施設管理費,10,需用費,2244000,2059998,,,,184002,,R7決算書p68
2025,10,教育費,5,保健体育費,4,体育施設管理費,11,役務費,78000,77272,,,,728,,R7決算書p68
2025,10,教育費,5,保健体育費,4,体育施設管理費,12,委託料,183000,182600,,,,400,,R7決算書p68
2025,10,教育費,5,保健体育費,4,体育施設管理費,13,使用料及び賃借料,10000,9240,,,,760,,R7決算書p68
2025,12,公債費,1,公債費,1,元金,22,償還金、利子及び割引料,252539000,234486310,,,,18052690,,R7決算書p68
2025,12,公債費,1,公債費,2,利子,22,償還金、利子及び割引料,9848000,9830908,,,,17092,,R7決算書p68
2025,13,諸支出金,1,基金費,1,財政調整基金費,24,積立金,194000,193527,,,,473,,R7決算書p69
2025,13,諸支出金,1,基金費,2,減債基金費,24,積立金,257000,256934,,,,66,,R7決算書p69
2025,13,諸支出金,1,基金費,3,公共施設等整備基金費,24,積立金,767000,765947,,,,1053,,R7決算書p69
2025,13,諸支出金,1,基金費,4,文教施設整備基金費,24,積立金,41000,40150,,,,850,,R7決算書p69
2025,13,諸支出金,1,基金費,5,ふるさとづくり基金費,24,積立金,3193000,2800496,,,,392504,,R7決算書p69
2025,13,諸支出金,1,基金費,6,高齢者福祉基金費,24,積立金,40019000,40018140,,,,860,,R7決算書p69
2025,13,諸支出金,1,基金費,14,森林環境譲与税基金,24,積立金,185000,6411,,,,178589,,R7決算書p69
2025,13,諸支出金,1,基金費,15,大鹿村さくら基金,24,積立金,1339000,1338006,,,,994,,R7決算書p69
