fiscal_year,kan_no,kan_name,ko_no,ko_name,moku_no,moku_name,jigyo_name,setsu_no,setsu_name,level,is_leaf,saisetsu_name,saisaisetsu_name,dan2_name,dan3_name,dan4_name,amount,source
2018,2,総務費,1,総務管理費,1,一般管理費,総務事務経費,,,0,0,,,,,,14292995,H30決算書p27
2018,2,総務費,1,総務管理費,1,一般管理費,総務事務経費,1,報酬,1,0,,,,,,559200,H30決算書p27
2018,2,総務費,1,総務管理費,1,一般管理費,総務事務経費,1,報酬,2,0,11委員報酬,,,,,559200,H30決算書p27
2018,2,総務費,1,総務管理費,1,一般管理費,総務事務経費,1,報酬,3,1,11委員報酬,01自治会長年報酬,,,,322700,H30決算書p27
2018,2,総務費,1,総務管理費,1,一般管理費,総務事務経費,1,報酬,3,1,11委員報酬,02自治会長会議報酬,,,,219300,H30決算書p27
2018,2,総務費,1,総務管理費,1,一般管理費,総務事務経費,1,報酬,3,1,11委員報酬,03報酬審議会委員報酬,,,,17200,H30決算書p27
2018,2,総務費,1,総務管理費,1,一般管理費,総務事務経費,8,報償費,1,0,,,,,,35000,H30決算書p28
2018,2,総務費,1,総務管理費,1,一般管理費,総務事務経費,8,報償費,2,0,01謝金,,,,,35000,H30決算書p28
2018,2,総務費,1,総務管理費,1,一般管理費,総務事務経費,8,報償費,3,1,01謝金,03車両整備管理者謝金,,,,20000,H30決算書p28
2018,2,総務費,1,総務管理費,1,一般管理費,総務事務経費,8,報償費,3,1,01謝金,04保護司謝礼,,,,15000,H30決算書p28
2018,2,総務費,1,総務管理費,1,一般管理費,総務事務経費,9,旅費,1,0,,,,,,169760,H30決算書p28
2018,2,総務費,1,総務管理費,1,一般管理費,総務事務経費,9,旅費,2,0,11職員旅費,,,,,169760,H30決算書p28
2018,2,総務費,1,総務管理費,1,一般管理費,総務事務経費,9,旅費,3,1,11職員旅費,01職員旅費,,,,169760,H30決算書p28
2018,2,総務費,1,総務管理費,1,一般管理費,総務事務経費,10,交際費,1,0,,,,,,266038,H30決算書p28
2018,2,総務費,1,総務管理費,1,一般管理費,総務事務経費,10,交際費,2,0,01交際費,,,,,266038,H30決算書p28
2018,2,総務費,1,総務管理費,1,一般管理費,総務事務経費,10,交際費,3,1,01交際費,01交際費,,,,266038,H30決算書p28
2018,2,総務費,1,総務管理費,1,一般管理費,総務事務経費,11,需用費,1,0,,,,,,5789039,H30決算書p28
2018,2,総務費,1,総務管理費,1,一般管理費,総務事務経費,11,需用費,2,0,01消耗品,,,,,1956136,H30決算書p28
2018,2,総務費,1,総務管理費,1,一般管理費,総務事務経費,11,需用費,3,1,01消耗品,01消耗品,,,,1668678,H30決算書p28
2018,2,総務費,1,総務管理費,1,一般管理費,総務事務経費,11,需用費,3,1,01消耗品,02図書購入費,,,,144412,H30決算書p28
2018,2,総務費,1,総務管理費,1,一般管理費,総務事務経費,11,需用費,3,1,01消耗品,03職員被服費,,,,143046,H30決算書p28
2018,2,総務費,1,総務管理費,1,一般管理費,総務事務経費,11,需用費,2,0,11燃料費,,,,,772752,H30決算書p28
2018,2,総務費,1,総務管理費,1,一般管理費,総務事務経費,11,需用費,3,1,11燃料費,01公用車燃料費,,,,772752,H30決算書p28
2018,2,総務費,1,総務管理費,1,一般管理費,総務事務経費,11,需用費,2,0,31印刷製本費,,,,,2883227,H30決算書p28
2018,2,総務費,1,総務管理費,1,一般管理費,総務事務経費,11,需用費,3,1,31印刷製本費,02法規追録代,,,,2883227,H30決算書p28
2018,2,総務費,1,総務管理費,1,一般管理費,総務事務経費,11,需用費,2,0,51修繕費,,,,,176924,H30決算書p28
2018,2,総務費,1,総務管理費,1,一般管理費,総務事務経費,11,需用費,3,1,51修繕費,02公用車修繕費,,,,176924,H30決算書p28
2018,2,総務費,1,総務管理費,1,一般管理費,総務事務経費,12,役務費,1,0,,,,,,604768,H30決算書p28
2018,2,総務費,1,総務管理費,1,一般管理費,総務事務経費,12,役務費,2,0,01通信運搬費,,,,,14260,H30決算書p28
2018,2,総務費,1,総務管理費,1,一般管理費,総務事務経費,12,役務費,3,1,01通信運搬費,04年賀はがき代,,,,14260,H30決算書p28
2018,2,総務費,1,総務管理費,1,一般管理費,総務事務経費,12,役務費,2,0,11広告料,,,,,10800,H30決算書p28
2018,2,総務費,1,総務管理費,1,一般管理費,総務事務経費,12,役務費,3,1,11広告料,01新聞広告掲載料,,,,10800,H30決算書p28
2018,2,総務費,1,総務管理費,1,一般管理費,総務事務経費,12,役務費,2,0,21手数料,,,,,114048,H30決算書p28
2018,2,総務費,1,総務管理費,1,一般管理費,総務事務経費,12,役務費,3,1,21手数料,01公用車検点検料,,,,76032,H30決算書p28
2018,2,総務費,1,総務管理費,1,一般管理費,総務事務経費,12,役務費,3,1,21手数料,04金融機関取扱手数料,,,,38016,H30決算書p28
2018,2,総務費,1,総務管理費,1,一般管理費,総務事務経費,12,役務費,2,0,31筆耕料,,,,,10000,H30決算書p28
2018,2,総務費,1,総務管理費,1,一般管理費,総務事務経費,12,役務費,3,1,31筆耕料,01筆耕料,,,,10000,H30決算書p28
2018,2,総務費,1,総務管理費,1,一般管理費,総務事務経費,12,役務費,2,0,41損害保険料,,,,,455660,H30決算書p28
2018,2,総務費,1,総務管理費,1,一般管理費,総務事務経費,12,役務費,3,1,41損害保険料,01全国町村会団体生命保険料,,,,125250,H30決算書p28
2018,2,総務費,1,総務管理費,1,一般管理費,総務事務経費,12,役務費,3,1,41損害保険料,02全国総合賠償保険料,,,,104630,H30決算書p28
2018,2,総務費,1,総務管理費,1,一般管理費,総務事務経費,12,役務費,3,1,41損害保険料,03自賠責保険料,,,,15370,H30決算書p28
2018,2,総務費,1,総務管理費,1,一般管理費,総務事務経費,12,役務費,3,1,41損害保険料,04公用車共済保険料,,,,210410,H30決算書p28
2018,2,総務費,1,総務管理費,1,一般管理費,総務事務経費,13,委託料,1,0,,,,,,1819066,H30決算書p28
2018,2,総務費,1,総務管理費,1,一般管理費,総務事務経費,13,委託料,2,0,11電算委託料,,,,,422155,H30決算書p28
2018,2,総務費,1,総務管理費,1,一般管理費,総務事務経費,13,委託料,3,1,11電算委託料,01給与計算委託料,,,,422155,H30決算書p28
2018,2,総務費,1,総務管理費,1,一般管理費,総務事務経費,13,委託料,2,0,51業務委託料,,,,,864000,H30決算書p28
2018,2,総務費,1,総務管理費,1,一般管理費,総務事務経費,13,委託料,3,1,51業務委託料,02条例改正等支援業務委託料,,,,864000,H30決算書p28
2018,2,総務費,1,総務管理費,1,一般管理費,総務事務経費,13,委託料,2,0,61検診等委託料,,,,,532911,H30決算書p28
2018,2,総務費,1,総務管理費,1,一般管理費,総務事務経費,13,委託料,3,1,61検診等委託料,01職員健康診断委託料,,,,532911,H30決算書p28
2018,2,総務費,1,総務管理費,1,一般管理費,総務事務経費,14,使用料及び賃借料,1,0,,,,,,3576786,H30決算書p28
2018,2,総務費,1,総務管理費,1,一般管理費,総務事務経費,14,使用料及び賃借料,2,0,01使用料・借上料,,,,,2616736,H30決算書p29
2018,2,総務費,1,総務管理費,1,一般管理費,総務事務経費,14,使用料及び賃借料,3,1,01使用料・借上料,01コピーリース料,,,,2355344,H30決算書p29
2018,2,総務費,1,総務管理費,1,一般管理費,総務事務経費,14,使用料及び賃借料,3,1,01使用料・借上料,03印刷機リース料,,,,151200,H30決算書p29
2018,2,総務費,1,総務管理費,1,一般管理費,総務事務経費,14,使用料及び賃借料,3,1,01使用料・借上料,04自動車借上料,,,,64230,H30決算書p29
2018,2,総務費,1,総務管理費,1,一般管理費,総務事務経費,14,使用料及び賃借料,3,1,01使用料・借上料,06ネットＥＢ使用料,,,,39362,H30決算書p29
2018,2,総務費,1,総務管理費,1,一般管理費,総務事務経費,14,使用料及び賃借料,3,1,01使用料・借上料,07駐車場使用料,,,,6600,H30決算書p29
2018,2,総務費,1,総務管理費,1,一般管理費,総務事務経費,14,使用料及び賃借料,2,0,21有料道路通行料,,,,,960050,H30決算書p29
2018,2,総務費,1,総務管理費,1,一般管理費,総務事務経費,14,使用料及び賃借料,3,1,21有料道路通行料,01有料道路通行料,,,,960050,H30決算書p29
2018,2,総務費,1,総務管理費,1,一般管理費,総務事務経費,19,負担金補助及び交付金,1,0,,,,,,1436788,H30決算書p29
2018,2,総務費,1,総務管理費,1,一般管理費,総務事務経費,19,負担金補助及び交付金,2,0,11負担金（一部事務組合）,,,,,1231088,H30決算書p29
2018,2,総務費,1,総務管理費,1,一般管理費,総務事務経費,19,負担金補助及び交付金,3,1,11負担金（一部事務組合）,01下伊那郡町村会負担金,,,,1182100,H30決算書p29
2018,2,総務費,1,総務管理費,1,一般管理費,総務事務経費,19,負担金補助及び交付金,3,1,11負担金（一部事務組合）,03非常勤公務災害補償負担金,,,,19988,H30決算書p29
2018,2,総務費,1,総務管理費,1,一般管理費,総務事務経費,19,負担金補助及び交付金,3,1,11負担金（一部事務組合）,04下伊那郡町村総合事務組合負担金,,,,29000,H30決算書p29
2018,2,総務費,1,総務管理費,1,一般管理費,総務事務経費,19,負担金補助及び交付金,2,0,21負担金,,,,,177700,H30決算書p29
2018,2,総務費,1,総務管理費,1,一般管理費,総務事務経費,19,負担金補助及び交付金,3,1,21負担金,01安全運転管理講習会負担金,,,,9000,H30決算書p29
2018,2,総務費,1,総務管理費,1,一般管理費,総務事務経費,19,負担金補助及び交付金,3,1,21負担金,02自家用車組合負担金,,,,14300,H30決算書p29
2018,2,総務費,1,総務管理費,1,一般管理費,総務事務経費,19,負担金補助及び交付金,3,1,21負担金,03行政相談協議会負担金,,,,20000,H30決算書p29
2018,2,総務費,1,総務管理費,1,一般管理費,総務事務経費,19,負担金補助及び交付金,3,1,21負担金,04防火管理者協議会負担金,,,,6500,H30決算書p29
2018,2,総務費,1,総務管理費,1,一般管理費,総務事務経費,19,負担金補助及び交付金,3,1,21負担金,05国際連合協会負担金,,,,2000,H30決算書p29
2018,2,総務費,1,総務管理費,1,一般管理費,総務事務経費,19,負担金補助及び交付金,3,1,21負担金,06飯田コンピュータ協会協賛金,,,,3000,H30決算書p29
2018,2,総務費,1,総務管理費,1,一般管理費,総務事務経費,19,負担金補助及び交付金,3,1,21負担金,07危険物安全協会負担金,,,,5900,H30決算書p29
2018,2,総務費,1,総務管理費,1,一般管理費,総務事務経費,19,負担金補助及び交付金,3,1,21負担金,09指定金融機関負担金,,,,12000,H30決算書p29
2018,2,総務費,1,総務管理費,1,一般管理費,総務事務経費,19,負担金補助及び交付金,3,1,21負担金,11町村球技大会負担金,,,,8400,H30決算書p29
2018,2,総務費,1,総務管理費,1,一般管理費,総務事務経費,19,負担金補助及び交付金,3,1,21負担金,12副村長会負担金,,,,14000,H30決算書p29
2018,2,総務費,1,総務管理費,1,一般管理費,総務事務経費,19,負担金補助及び交付金,3,1,21負担金,15伊那大島駅駐輪場負担金,,,,35600,H30決算書p29
2018,2,総務費,1,総務管理費,1,一般管理費,総務事務経費,19,負担金補助及び交付金,3,1,21負担金,16保護司会賛助金,,,,23000,H30決算書p29
2018,2,総務費,1,総務管理費,1,一般管理費,総務事務経費,19,負担金補助及び交付金,3,1,21負担金,18飯伊広域行政会議負担金,,,,12000,H30決算書p29
2018,2,総務費,1,総務管理費,1,一般管理費,総務事務経費,19,負担金補助及び交付金,3,1,21負担金,21平和首長会議メンバーシップ負担金,,,,2000,H30決算書p29
2018,2,総務費,1,総務管理費,1,一般管理費,総務事務経費,19,負担金補助及び交付金,3,1,21負担金,22長野県暴力追放センター負担金,,,,10000,H30決算書p29
2018,2,総務費,1,総務管理費,1,一般管理費,総務事務経費,19,負担金補助及び交付金,2,0,51補助金,,,,,28000,H30決算書p29
2018,2,総務費,1,総務管理費,1,一般管理費,総務事務経費,19,負担金補助及び交付金,3,1,51補助金,01職員福利厚生補助金,,,,28000,H30決算書p29
2018,2,総務費,1,総務管理費,1,一般管理費,総務事務経費,27,公課費,1,0,,,,,,36550,H30決算書p29
2018,2,総務費,1,総務管理費,1,一般管理費,総務事務経費,27,公課費,2,0,01重量税,,,,,28700,H30決算書p29
2018,2,総務費,1,総務管理費,1,一般管理費,総務事務経費,27,公課費,3,1,01重量税,01公用車重量税,,,,28700,H30決算書p29
2018,2,総務費,1,総務管理費,1,一般管理費,総務事務経費,27,公課費,2,0,11印紙税,,,,,7850,H30決算書p29
2018,2,総務費,1,総務管理費,1,一般管理費,総務事務経費,27,公課費,3,1,11印紙税,01印紙代,,,,7850,H30決算書p29
2018,2,総務費,1,総務管理費,1,一般管理費,一般職人事管理経費（総務費）,,,0,0,,,,,,108689484,H30決算書p29
2018,2,総務費,1,総務管理費,1,一般管理費,一般職人事管理経費（総務費）,2,給料,1,0,,,,,,44204400,H30決算書p29
2018,2,総務費,1,総務管理費,1,一般管理費,一般職人事管理経費（総務費）,2,給料,2,0,21職員給料,,,,,44204400,H30決算書p29
2018,2,総務費,1,総務管理費,1,一般管理費,一般職人事管理経費（総務費）,2,給料,3,1,21職員給料,01特別職・一般職給料,,,,44204400,H30決算書p29
2018,2,総務費,1,総務管理費,1,一般管理費,一般職人事管理経費（総務費）,3,職員手当等,1,0,,,,,,50713597,H30決算書p29
2018,2,総務費,1,総務管理費,1,一般管理費,一般職人事管理経費（総務費）,3,職員手当等,2,1,21職員手当等,,,,,50713597,H30決算書p29
2018,2,総務費,1,総務管理費,1,一般管理費,一般職人事管理経費（総務費）,4,共済費,1,0,,,,,,13771487,H30決算書p29
2018,2,総務費,1,総務管理費,1,一般管理費,一般職人事管理経費（総務費）,4,共済費,2,0,31一般職共済費,,,,,13771487,H30決算書p30
2018,2,総務費,1,総務管理費,1,一般管理費,一般職人事管理経費（総務費）,4,共済費,3,1,31一般職共済費,01地方公務員共済組合等負担金,,,,13771487,H30決算書p30
2018,2,総務費,1,総務管理費,1,一般管理費,互助会、災害補償基金経費,,,0,0,,,,,,694526,H30決算書p30
2018,2,総務費,1,総務管理費,1,一般管理費,互助会、災害補償基金経費,19,負担金補助及び交付金,1,0,,,,,,694526,H30決算書p30
2018,2,総務費,1,総務管理費,1,一般管理費,互助会、災害補償基金経費,19,負担金補助及び交付金,2,0,01負担金（人件費）,,,,,694526,H30決算書p30
2018,2,総務費,1,総務管理費,1,一般管理費,互助会、災害補償基金経費,19,負担金補助及び交付金,3,1,01負担金（人件費）,01町村職員互助会負担金,,,,371693,H30決算書p30
2018,2,総務費,1,総務管理費,1,一般管理費,互助会、災害補償基金経費,19,負担金補助及び交付金,3,1,01負担金（人件費）,02地方公務員災害補償基金負担金,,,,322833,H30決算書p30
2018,2,総務費,1,総務管理費,1,一般管理費,臨時職員管理経費（社会保険等）,,,0,0,,,,,,5578371,H30決算書p30
2018,2,総務費,1,総務管理費,1,一般管理費,臨時職員管理経費（社会保険等）,4,共済費,1,0,,,,,,5578371,H30決算書p30
2018,2,総務費,1,総務管理費,1,一般管理費,臨時職員管理経費（社会保険等）,4,共済費,2,0,41臨時職員等共済費,,,,,5578371,H30決算書p30
2018,2,総務費,1,総務管理費,1,一般管理費,臨時職員管理経費（社会保険等）,4,共済費,3,1,41臨時職員等共済費,01社会保険料,,,,5578371,H30決算書p30
2018,2,総務費,1,総務管理費,1,一般管理費,臨時職員管理経費（総務課）,,,0,0,,,,,,2479600,H30決算書p30
2018,2,総務費,1,総務管理費,1,一般管理費,臨時職員管理経費（総務課）,7,賃金,1,0,,,,,,2479600,H30決算書p30
2018,2,総務費,1,総務管理費,1,一般管理費,臨時職員管理経費（総務課）,7,賃金,2,0,11臨時職員賃金,,,,,2479600,H30決算書p30
2018,2,総務費,1,総務管理費,1,一般管理費,臨時職員管理経費（総務課）,7,賃金,3,1,11臨時職員賃金,01臨時職員賃金,,,,2479600,H30決算書p30
2018,2,総務費,1,総務管理費,2,文書広報費,文書広報一般経費,,,0,0,,,,,,9114931,H30決算書pNone
2018,2,総務費,1,総務管理費,2,文書広報費,文書広報一般経費,1,報酬,1,0,,,,,,237500,H30決算書pNone
2018,2,総務費,1,総務管理費,2,文書広報費,文書広報一般経費,1,報酬,2,0,11委員報酬,,,,,237500,H30決算書pNone
2018,2,総務費,1,総務管理費,2,文書広報費,文書広報一般経費,1,報酬,3,1,11委員報酬,01自治会広報係報酬,,,,237500,H30決算書pNone
2018,2,総務費,1,総務管理費,2,文書広報費,文書広報一般経費,7,賃金,1,0,,,,,,225000,H30決算書pNone
2018,2,総務費,1,総務管理費,2,文書広報費,文書広報一般経費,7,賃金,2,0,31作業員賃金,,,,,225000,H30決算書pNone
2018,2,総務費,1,総務管理費,2,文書広報費,文書広報一般経費,7,賃金,3,1,31作業員賃金,01情報無線電池交換賃金,,,,225000,H30決算書pNone
2018,2,総務費,1,総務管理費,2,文書広報費,文書広報一般経費,11,需用費,1,0,,,,,,2488733,H30決算書pNone
2018,2,総務費,1,総務管理費,2,文書広報費,文書広報一般経費,11,需用費,2,0,01消耗品,,,,,115287,H30決算書pNone
2018,2,総務費,1,総務管理費,2,文書広報費,文書広報一般経費,11,需用費,3,1,01消耗品,01消耗品,,,,28587,H30決算書pNone
2018,2,総務費,1,総務管理費,2,文書広報費,文書広報一般経費,11,需用費,3,1,01消耗品,02情報無線電池代,,,,86700,H30決算書pNone
2018,2,総務費,1,総務管理費,2,文書広報費,文書広報一般経費,11,需用費,2,0,31印刷製本費,,,,,2013380,H30決算書pNone
2018,2,総務費,1,総務管理費,2,文書広報費,文書広報一般経費,11,需用費,3,1,31印刷製本費,01広報おおしか印刷代,,,,2013380,H30決算書pNone
2018,2,総務費,1,総務管理費,2,文書広報費,文書広報一般経費,11,需用費,2,0,41光熱水費,,,,,86826,H30決算書pNone
2018,2,総務費,1,総務管理費,2,文書広報費,文書広報一般経費,11,需用費,3,1,41光熱水費,01電気料（情報無線）,,,,86826,H30決算書pNone
2018,2,総務費,1,総務管理費,2,文書広報費,文書広報一般経費,11,需用費,2,0,51修繕費,,,,,273240,H30決算書pNone
2018,2,総務費,1,総務管理費,2,文書広報費,文書広報一般経費,11,需用費,3,1,51修繕費,01修繕費（情報無線）,,,,273240,H30決算書pNone
2018,2,総務費,1,総務管理費,2,文書広報費,文書広報一般経費,12,役務費,1,0,,,,,,1876098,H30決算書pNone
2018,2,総務費,1,総務管理費,2,文書広報費,文書広報一般経費,12,役務費,2,0,01通信運搬費,,,,,1876098,H30決算書pNone
2018,2,総務費,1,総務管理費,2,文書広報費,文書広報一般経費,12,役務費,3,1,01通信運搬費,01郵便料,,,,1579286,H30決算書pNone
2018,2,総務費,1,総務管理費,2,文書広報費,文書広報一般経費,12,役務費,3,1,01通信運搬費,02運搬費（宅急便）,,,,74112,H30決算書pNone
2018,2,総務費,1,総務管理費,2,文書広報費,文書広報一般経費,12,役務費,3,1,01通信運搬費,03電波利用料（情報無線）,,,,222700,H30決算書pNone
2018,2,総務費,1,総務管理費,2,文書広報費,文書広報一般経費,13,委託料,1,0,,,,,,1274400,H30決算書pNone
2018,2,総務費,1,総務管理費,2,文書広報費,文書広報一般経費,13,委託料,2,0,21保守管理委託料,,,,,1274400,H30決算書pNone
2018,2,総務費,1,総務管理費,2,文書広報費,文書広報一般経費,13,委託料,3,1,21保守管理委託料,01情報無線保守委託料,,,,1274400,H30決算書pNone
2018,2,総務費,1,総務管理費,2,文書広報費,文書広報一般経費,15,工事請負費,1,0,,,,,,3013200,H30決算書pNone
2018,2,総務費,1,総務管理費,2,文書広報費,文書広報一般経費,15,工事請負費,2,0,31単独事業,,,,,3013200,H30決算書p31
2018,2,総務費,1,総務管理費,2,文書広報費,文書広報一般経費,15,工事請負費,3,1,31単独事業,02同報無線改修工事,,,,3013200,H30決算書p31
2018,2,総務費,1,総務管理費,3,財政管理費,財政一般経費,,,0,0,,,,,,8676625,H30決算書pNone
2018,2,総務費,1,総務管理費,3,財政管理費,財政一般経費,11,需用費,1,0,,,,,,47425,H30決算書pNone
2018,2,総務費,1,総務管理費,3,財政管理費,財政一般経費,11,需用費,2,0,01消耗品,,,,,47425,H30決算書pNone
2018,2,総務費,1,総務管理費,3,財政管理費,財政一般経費,11,需用費,3,1,01消耗品,01図書購入費,,,,47425,H30決算書pNone
2018,2,総務費,1,総務管理費,3,財政管理費,財政一般経費,13,委託料,1,0,,,,,,8629200,H30決算書pNone
2018,2,総務費,1,総務管理費,3,財政管理費,財政一般経費,13,委託料,2,0,11電算委託料,,,,,540000,H30決算書pNone
2018,2,総務費,1,総務管理費,3,財政管理費,財政一般経費,13,委託料,3,1,11電算委託料,01公会計制度システム保守委託料,,,,540000,H30決算書pNone
2018,2,総務費,1,総務管理費,3,財政管理費,財政一般経費,13,委託料,2,0,21保守管理委託料,,,,,939600,H30決算書pNone
2018,2,総務費,1,総務管理費,3,財政管理費,財政一般経費,13,委託料,3,1,21保守管理委託料,01公有財産管理システム保守料,,,,939600,H30決算書pNone
2018,2,総務費,1,総務管理費,3,財政管理費,財政一般経費,13,委託料,2,0,51業務委託料,,,,,7149600,H30決算書pNone
2018,2,総務費,1,総務管理費,3,財政管理費,財政一般経費,13,委託料,3,1,51業務委託料,03財務書類作成業務委託料,,,,2494800,H30決算書pNone
2018,2,総務費,1,総務管理費,3,財政管理費,財政一般経費,13,委託料,3,1,51業務委託料,04資産台帳更新委託料,,,,4654800,H30決算書pNone
2018,2,総務費,1,総務管理費,5,財産管理費,財産管理経費,,,0,0,,,,,,11245393,H30決算書pNone
2018,2,総務費,1,総務管理費,5,財産管理費,財産管理経費,11,需用費,1,0,,,,,,6630346,H30決算書pNone
2018,2,総務費,1,総務管理費,5,財産管理費,財産管理経費,11,需用費,2,0,01消耗品,,,,,384331,H30決算書pNone
2018,2,総務費,1,総務管理費,5,財産管理費,財産管理経費,11,需用費,3,1,01消耗品,01庁舎消耗品,,,,243496,H30決算書pNone
2018,2,総務費,1,総務管理費,5,財産管理費,財産管理経費,11,需用費,3,1,01消耗品,02モップ・マット,,,,140835,H30決算書pNone
2018,2,総務費,1,総務管理費,5,財産管理費,財産管理経費,11,需用費,2,0,41光熱水費,,,,,5392319,H30決算書pNone
2018,2,総務費,1,総務管理費,5,財産管理費,財産管理経費,11,需用費,3,1,41光熱水費,01電気料,,,,2889171,H30決算書pNone
2018,2,総務費,1,総務管理費,5,財産管理費,財産管理経費,11,需用費,3,1,41光熱水費,02水道料,,,,264406,H30決算書pNone
2018,2,総務費,1,総務管理費,5,財産管理費,財産管理経費,11,需用費,3,1,41光熱水費,03灯油代,,,,2177595,H30決算書pNone
2018,2,総務費,1,総務管理費,5,財産管理費,財産管理経費,11,需用費,3,1,41光熱水費,04ガス代,,,,61147,H30決算書pNone
2018,2,総務費,1,総務管理費,5,財産管理費,財産管理経費,11,需用費,2,0,51修繕費,,,,,853696,H30決算書pNone
2018,2,総務費,1,総務管理費,5,財産管理費,財産管理経費,11,需用費,3,1,51修繕費,01建物修繕費,,,,478180,H30決算書pNone
2018,2,総務費,1,総務管理費,5,財産管理費,財産管理経費,11,需用費,3,1,51修繕費,02その他修繕費,,,,375516,H30決算書pNone
2018,2,総務費,1,総務管理費,5,財産管理費,財産管理経費,12,役務費,1,0,,,,,,1185907,H30決算書pNone
2018,2,総務費,1,総務管理費,5,財産管理費,財産管理経費,12,役務費,2,0,01通信運搬費,,,,,1022428,H30決算書pNone
2018,2,総務費,1,総務管理費,5,財産管理費,財産管理経費,12,役務費,3,1,01通信運搬費,01電話料,,,,986067,H30決算書pNone
2018,2,総務費,1,総務管理費,5,財産管理費,財産管理経費,12,役務費,3,1,01通信運搬費,02テレビ受信料,,,,36361,H30決算書pNone
2018,2,総務費,1,総務管理費,5,財産管理費,財産管理経費,12,役務費,2,0,21手数料,,,,,49240,H30決算書pNone
2018,2,総務費,1,総務管理費,5,財産管理費,財産管理経費,12,役務費,3,1,21手数料,01消防施設点検料,,,,37800,H30決算書pNone
2018,2,総務費,1,総務管理費,5,財産管理費,財産管理経費,12,役務費,3,1,21手数料,02廃棄物処理手数料,,,,11440,H30決算書pNone
2018,2,総務費,1,総務管理費,5,財産管理費,財産管理経費,12,役務費,2,0,41損害保険料,,,,,114239,H30決算書pNone
2018,2,総務費,1,総務管理費,5,財産管理費,財産管理経費,12,役務費,3,1,41損害保険料,01村有建物災害共済保険料,,,,114239,H30決算書pNone
2018,2,総務費,1,総務管理費,5,財産管理費,財産管理経費,13,委託料,1,0,,,,,,1914359,H30決算書pNone
2018,2,総務費,1,総務管理費,5,財産管理費,財産管理経費,13,委託料,2,0,21保守管理委託料,,,,,1914359,H30決算書pNone
2018,2,総務費,1,総務管理費,5,財産管理費,財産管理経費,13,委託料,3,1,21保守管理委託料,01電話保守委託料,,,,167200,H30決算書pNone
2018,2,総務費,1,総務管理費,5,財産管理費,財産管理経費,13,委託料,3,1,21保守管理委託料,02庁舎管理委託料,,,,827475,H30決算書pNone
2018,2,総務費,1,総務管理費,5,財産管理費,財産管理経費,13,委託料,3,1,21保守管理委託料,03電気施設保守委託料,,,,184120,H30決算書pNone
2018,2,総務費,1,総務管理費,5,財産管理費,財産管理経費,13,委託料,3,1,21保守管理委託料,04合併浄化槽保守管理委託料,,,,363042,H30決算書pNone
2018,2,総務費,1,総務管理費,5,財産管理費,財産管理経費,13,委託料,3,1,21保守管理委託料,05自動ドア管理委託料,,,,123280,H30決算書pNone
2018,2,総務費,1,総務管理費,5,財産管理費,財産管理経費,13,委託料,3,1,21保守管理委託料,06非常用発電設備点検委託料,,,,91800,H30決算書pNone
2018,2,総務費,1,総務管理費,5,財産管理費,財産管理経費,13,委託料,3,1,21保守管理委託料,07サーバ保守料,,,,86400,H30決算書p32
2018,2,総務費,1,総務管理費,5,財産管理費,財産管理経費,13,委託料,3,1,21保守管理委託料,08金庫保守点検料,,,,71042,H30決算書p32
2018,2,総務費,1,総務管理費,5,財産管理費,財産管理経費,14,使用料及び賃借料,1,0,,,,,,434781,H30決算書p32
2018,2,総務費,1,総務管理費,5,財産管理費,財産管理経費,14,使用料及び賃借料,2,0,12敷地料,,,,,434781,H30決算書p32
2018,2,総務費,1,総務管理費,5,財産管理費,財産管理経費,14,使用料及び賃借料,3,1,12敷地料,01庁舎敷地料,,,,345901,H30決算書p32
2018,2,総務費,1,総務管理費,5,財産管理費,財産管理経費,14,使用料及び賃借料,3,1,12敷地料,02駐在所敷地料,,,,88880,H30決算書p32
2018,2,総務費,1,総務管理費,5,財産管理費,財産管理経費,15,工事請負費,1,0,,,,,,1080000,H30決算書p32
2018,2,総務費,1,総務管理費,5,財産管理費,財産管理経費,15,工事請負費,2,0,32維持・修繕工事,,,,,1080000,H30決算書p32
2018,2,総務費,1,総務管理費,5,財産管理費,財産管理経費,15,工事請負費,3,1,32維持・修繕工事,02自動ドア取替工事,,,,648000,H30決算書p32
2018,2,総務費,1,総務管理費,5,財産管理費,財産管理経費,15,工事請負費,3,1,32維持・修繕工事,03非常用発電設備修繕工事,,,,432000,H30決算書p32
2018,2,総務費,1,総務管理費,6,企画費,企画事務経費,,,0,0,,,,,,38268612,H30決算書pNone
2018,2,総務費,1,総務管理費,6,企画費,企画事務経費,1,報酬,1,0,,,,,,135200,H30決算書pNone
2018,2,総務費,1,総務管理費,6,企画費,企画事務経費,1,報酬,2,0,11委員報酬,,,,,135200,H30決算書pNone
2018,2,総務費,1,総務管理費,6,企画費,企画事務経費,1,報酬,3,1,11委員報酬,02景観審議会報酬,,,,57100,H30決算書pNone
2018,2,総務費,1,総務管理費,6,企画費,企画事務経費,1,報酬,3,1,11委員報酬,03検討委員会報酬,,,,78100,H30決算書pNone
2018,2,総務費,1,総務管理費,6,企画費,企画事務経費,7,賃金,1,0,,,,,,162050,H30決算書pNone
2018,2,総務費,1,総務管理費,6,企画費,企画事務経費,7,賃金,2,0,21委員賃金,,,,,60800,H30決算書pNone
2018,2,総務費,1,総務管理費,6,企画費,企画事務経費,7,賃金,3,1,21委員賃金,01交通システム策定委員会賃金,,,,43000,H30決算書pNone
2018,2,総務費,1,総務管理費,6,企画費,企画事務経費,7,賃金,3,1,21委員賃金,04行政評価委員会賃金,,,,17800,H30決算書pNone
2018,2,総務費,1,総務管理費,6,企画費,企画事務経費,7,賃金,2,0,31作業員賃金,,,,,101250,H30決算書pNone
2018,2,総務費,1,総務管理費,6,企画費,企画事務経費,7,賃金,3,1,31作業員賃金,01運転手賃金,,,,101250,H30決算書pNone
2018,2,総務費,1,総務管理費,6,企画費,企画事務経費,8,報償費,1,0,,,,,,50000,H30決算書pNone
2018,2,総務費,1,総務管理費,6,企画費,企画事務経費,8,報償費,2,0,01謝金,,,,,50000,H30決算書pNone
2018,2,総務費,1,総務管理費,6,企画費,企画事務経費,8,報償費,3,1,01謝金,01講師謝礼,,,,50000,H30決算書pNone
2018,2,総務費,1,総務管理費,6,企画費,企画事務経費,9,旅費,1,0,,,,,,522080,H30決算書pNone
2018,2,総務費,1,総務管理費,6,企画費,企画事務経費,9,旅費,2,0,11職員旅費,,,,,393140,H30決算書pNone
2018,2,総務費,1,総務管理費,6,企画費,企画事務経費,9,旅費,3,1,11職員旅費,01職員旅費,,,,393140,H30決算書pNone
2018,2,総務費,1,総務管理費,6,企画費,企画事務経費,9,旅費,2,0,51費用弁償,,,,,128940,H30決算書pNone
2018,2,総務費,1,総務管理費,6,企画費,企画事務経費,9,旅費,3,1,51費用弁償,01講師旅費,,,,128940,H30決算書pNone
2018,2,総務費,1,総務管理費,6,企画費,企画事務経費,11,需用費,1,0,,,,,,3947627,H30決算書pNone
2018,2,総務費,1,総務管理費,6,企画費,企画事務経費,11,需用費,2,0,01消耗品,,,,,3530747,H30決算書pNone
2018,2,総務費,1,総務管理費,6,企画費,企画事務経費,11,需用費,3,1,01消耗品,01消耗品,,,,3518747,H30決算書pNone
2018,2,総務費,1,総務管理費,6,企画費,企画事務経費,11,需用費,3,1,01消耗品,04美しい村新聞購入費,,,,12000,H30決算書pNone
2018,2,総務費,1,総務管理費,6,企画費,企画事務経費,11,需用費,2,0,31印刷製本費,,,,,416880,H30決算書pNone
2018,2,総務費,1,総務管理費,6,企画費,企画事務経費,11,需用費,3,1,31印刷製本費,01村勢要覧印刷費,,,,119880,H30決算書pNone
2018,2,総務費,1,総務管理費,6,企画費,企画事務経費,11,需用費,3,1,31印刷製本費,05美しい村ＰＲ資料印刷費,,,,232200,H30決算書pNone
2018,2,総務費,1,総務管理費,6,企画費,企画事務経費,11,需用費,3,1,31印刷製本費,06名刺用台紙印刷代,,,,64800,H30決算書pNone
2018,2,総務費,1,総務管理費,6,企画費,企画事務経費,12,役務費,1,0,,,,,,113739,H30決算書pNone
2018,2,総務費,1,総務管理費,6,企画費,企画事務経費,12,役務費,2,0,01通信運搬費,,,,,20859,H30決算書pNone
2018,2,総務費,1,総務管理費,6,企画費,企画事務経費,12,役務費,3,1,01通信運搬費,01郵便料,,,,20859,H30決算書pNone
2018,2,総務費,1,総務管理費,6,企画費,企画事務経費,12,役務費,2,0,11広告料,,,,,82080,H30決算書pNone
2018,2,総務費,1,総務管理費,6,企画費,企画事務経費,12,役務費,3,1,11広告料,01広告料,,,,82080,H30決算書pNone
2018,2,総務費,1,総務管理費,6,企画費,企画事務経費,12,役務費,2,0,21手数料,,,,,10800,H30決算書pNone
2018,2,総務費,1,総務管理費,6,企画費,企画事務経費,12,役務費,3,1,21手数料,01クリーニング代,,,,10800,H30決算書pNone
2018,2,総務費,1,総務管理費,6,企画費,企画事務経費,13,委託料,1,0,,,,,,72360,H30決算書p33
2018,2,総務費,1,総務管理費,6,企画費,企画事務経費,13,委託料,2,0,21保守管理委託料,,,,,72360,H30決算書p33
2018,2,総務費,1,総務管理費,6,企画費,企画事務経費,13,委託料,3,1,21保守管理委託料,01ホームページ保守委託料,,,,72360,H30決算書p33
2018,2,総務費,1,総務管理費,6,企画費,企画事務経費,14,使用料及び賃借料,1,0,,,,,,1345267,H30決算書p33
2018,2,総務費,1,総務管理費,6,企画費,企画事務経費,14,使用料及び賃借料,2,0,01使用料・借上料,,,,,1343347,H30決算書p33
2018,2,総務費,1,総務管理費,6,企画費,企画事務経費,14,使用料及び賃借料,3,1,01使用料・借上料,03駐車場使用料,,,,8100,H30決算書p33
2018,2,総務費,1,総務管理費,6,企画費,企画事務経費,14,使用料及び賃借料,3,1,01使用料・借上料,04展示会場使用料,,,,32400,H30決算書p33
2018,2,総務費,1,総務管理費,6,企画費,企画事務経費,14,使用料及び賃借料,3,1,01使用料・借上料,05村ＨＰ用サーバ使用料,,,,304920,H30決算書p33
2018,2,総務費,1,総務管理費,6,企画費,企画事務経費,14,使用料及び賃借料,3,1,01使用料・借上料,06ふるさと納税システム利用料,,,,997927,H30決算書p33
2018,2,総務費,1,総務管理費,6,企画費,企画事務経費,14,使用料及び賃借料,2,0,12敷地料,,,,,1920,H30決算書p33
2018,2,総務費,1,総務管理費,6,企画費,企画事務経費,14,使用料及び賃借料,3,1,12敷地料,01バス停敷地料,,,,1920,H30決算書p33
2018,2,総務費,1,総務管理費,6,企画費,企画事務経費,19,負担金補助及び交付金,1,0,,,,,,31364733,H30決算書p33
2018,2,総務費,1,総務管理費,6,企画費,企画事務経費,19,負担金補助及び交付金,2,0,11負担金（一部事務組合）,,,,,4063000,H30決算書p33
2018,2,総務費,1,総務管理費,6,企画費,企画事務経費,19,負担金補助及び交付金,3,1,11負担金（一部事務組合）,01南信州広域連合負担金,,,,2220000,H30決算書p33
2018,2,総務費,1,総務管理費,6,企画費,企画事務経費,19,負担金補助及び交付金,3,1,11負担金（一部事務組合）,02北部総合事務組合負担金,,,,1843000,H30決算書p33
2018,2,総務費,1,総務管理費,6,企画費,企画事務経費,19,負担金補助及び交付金,2,0,21負担金,,,,,957740,H30決算書p33
2018,2,総務費,1,総務管理費,6,企画費,企画事務経費,19,負担金補助及び交付金,3,1,21負担金,02全国山振連盟負担金,,,,40000,H30決算書p33
2018,2,総務費,1,総務管理費,6,企画費,企画事務経費,19,負担金補助及び交付金,3,1,21負担金,03全国過疎地域自立促進連盟負担金,,,,49500,H30決算書p33
2018,2,総務費,1,総務管理費,6,企画費,企画事務経費,19,負担金補助及び交付金,3,1,21負担金,09美しい村連合負担金,,,,471000,H30決算書p33
2018,2,総務費,1,総務管理費,6,企画費,企画事務経費,19,負担金補助及び交付金,3,1,21負担金,12美しい村連合総会負担金,,,,138060,H30決算書p33
2018,2,総務費,1,総務管理費,6,企画費,企画事務経費,19,負担金補助及び交付金,3,1,21負担金,13ダム・発電関係市町村全国協議会負担金,,,,8000,H30決算書p33
2018,2,総務費,1,総務管理費,6,企画費,企画事務経費,19,負担金補助及び交付金,3,1,21負担金,16イベント開催負担金,,,,101180,H30決算書p33
2018,2,総務費,1,総務管理費,6,企画費,企画事務経費,19,負担金補助及び交付金,3,1,21負担金,20伊那大島駅負担金,,,,150000,H30決算書p33
2018,2,総務費,1,総務管理費,6,企画費,企画事務経費,19,負担金補助及び交付金,2,0,51補助金,,,,,23572000,H30決算書p33
2018,2,総務費,1,総務管理費,6,企画費,企画事務経費,19,負担金補助及び交付金,3,1,51補助金,06廃止代替バス運行補助金,,,,22473000,H30決算書p33
2018,2,総務費,1,総務管理費,6,企画費,企画事務経費,19,負担金補助及び交付金,3,1,51補助金,07美しい村づくり事業補助金,,,,1099000,H30決算書p33
2018,2,総務費,1,総務管理費,6,企画費,企画事務経費,19,負担金補助及び交付金,2,0,71交付金,,,,,2771993,H30決算書p33
2018,2,総務費,1,総務管理費,6,企画費,企画事務経費,19,負担金補助及び交付金,3,1,71交付金,01美しい村づくり交付金,,,,2771993,H30決算書p33
2018,2,総務費,1,総務管理費,6,企画費,企画事務経費,23,償還金利子及び割引料,1,0,,,,,,555556,H30決算書p33
2018,2,総務費,1,総務管理費,6,企画費,企画事務経費,23,償還金利子及び割引料,2,1,05償還金及び還付加算金,,,,,555556,H30決算書p33
2018,2,総務費,1,総務管理費,6,企画費,地域おこし協力隊・集落支援員事業,,,0,0,,,,,,2113797,H30決算書p33
2018,2,総務費,1,総務管理費,6,企画費,地域おこし協力隊・集落支援員事業,4,共済費,1,0,,,,,,1533820,H30決算書p33
2018,2,総務費,1,総務管理費,6,企画費,地域おこし協力隊・集落支援員事業,4,共済費,2,0,41臨時職員等共済費,,,,,1533820,H30決算書p33
2018,2,総務費,1,総務管理費,6,企画費,地域おこし協力隊・集落支援員事業,4,共済費,3,1,41臨時職員等共済費,01社会保険料,,,,1533820,H30決算書p33
2018,2,総務費,1,総務管理費,6,企画費,地域おこし協力隊・集落支援員事業,9,旅費,1,0,,,,,,8400,H30決算書p33
2018,2,総務費,1,総務管理費,6,企画費,地域おこし協力隊・集落支援員事業,9,旅費,2,0,51費用弁償,,,,,8400,H30決算書p33
2018,2,総務費,1,総務管理費,6,企画費,地域おこし協力隊・集落支援員事業,9,旅費,3,1,51費用弁償,01地域おこし協力隊旅費,,,,8400,H30決算書p33
2018,2,総務費,1,総務管理費,6,企画費,地域おこし協力隊・集落支援員事業,11,需用費,1,0,,,,,,74593,H30決算書p33
2018,2,総務費,1,総務管理費,6,企画費,地域おこし協力隊・集落支援員事業,11,需用費,2,0,01消耗品,,,,,10011,H30決算書p33
2018,2,総務費,1,総務管理費,6,企画費,地域おこし協力隊・集落支援員事業,11,需用費,3,1,01消耗品,01消耗品,,,,10011,H30決算書p33
2018,2,総務費,1,総務管理費,6,企画費,地域おこし協力隊・集落支援員事業,11,需用費,2,0,11燃料費,,,,,64582,H30決算書p33
2018,2,総務費,1,総務管理費,6,企画費,地域おこし協力隊・集落支援員事業,11,需用費,3,1,11燃料費,01公用車燃料代,,,,64582,H30決算書p33
2018,2,総務費,1,総務管理費,6,企画費,地域おこし協力隊・集落支援員事業,14,使用料及び賃借料,1,0,,,,,,496984,H30決算書p34
2018,2,総務費,1,総務管理費,6,企画費,地域おこし協力隊・集落支援員事業,14,使用料及び賃借料,2,0,01使用料・借上料,,,,,496984,H30決算書p34
2018,2,総務費,1,総務管理費,6,企画費,地域おこし協力隊・集落支援員事業,14,使用料及び賃借料,3,1,01使用料・借上料,01駐車場使用料,,,,2000,H30決算書p34
2018,2,総務費,1,総務管理費,6,企画費,地域おこし協力隊・集落支援員事業,14,使用料及び賃借料,3,1,01使用料・借上料,02住宅借上料,,,,20000,H30決算書p34
2018,2,総務費,1,総務管理費,6,企画費,地域おこし協力隊・集落支援員事業,14,使用料及び賃借料,3,1,01使用料・借上料,03事務用機器リース料,,,,89424,H30決算書p34
2018,2,総務費,1,総務管理費,6,企画費,地域おこし協力隊・集落支援員事業,14,使用料及び賃借料,3,1,01使用料・借上料,04自動車リース料,,,,385560,H30決算書p34
2018,2,総務費,1,総務管理費,6,企画費,リニア対策経費,,,0,0,,,,,,779480,H30決算書p34
2018,2,総務費,1,総務管理費,6,企画費,リニア対策経費,7,賃金,1,0,,,,,,537500,H30決算書p34
2018,2,総務費,1,総務管理費,6,企画費,リニア対策経費,7,賃金,2,0,21委員賃金,,,,,537500,H30決算書p34
2018,2,総務費,1,総務管理費,6,企画費,リニア対策経費,7,賃金,3,1,21委員賃金,02リニア連絡協議会委員賃金,,,,537500,H30決算書p34
2018,2,総務費,1,総務管理費,6,企画費,リニア対策経費,9,旅費,1,0,,,,,,27980,H30決算書p34
2018,2,総務費,1,総務管理費,6,企画費,リニア対策経費,9,旅費,2,0,11職員旅費,,,,,27980,H30決算書p34
2018,2,総務費,1,総務管理費,6,企画費,リニア対策経費,9,旅費,3,1,11職員旅費,01職員旅費,,,,27980,H30決算書p34
2018,2,総務費,1,総務管理費,6,企画費,リニア対策経費,12,役務費,1,0,,,,,,210000,H30決算書p34
2018,2,総務費,1,総務管理費,6,企画費,リニア対策経費,12,役務費,2,0,01通信運搬費,,,,,210000,H30決算書p34
2018,2,総務費,1,総務管理費,6,企画費,リニア対策経費,12,役務費,3,1,01通信運搬費,01郵便料,,,,210000,H30決算書p34
2018,2,総務費,1,総務管理費,6,企画費,リニア対策経費,19,負担金補助及び交付金,1,0,,,,,,4000,H30決算書p34
2018,2,総務費,1,総務管理費,6,企画費,リニア対策経費,19,負担金補助及び交付金,2,0,21負担金,,,,,4000,H30決算書p34
2018,2,総務費,1,総務管理費,6,企画費,リニア対策経費,19,負担金補助及び交付金,3,1,21負担金,01リニアエクスプレス同盟会負担金,,,,4000,H30決算書p34
2018,2,総務費,1,総務管理費,8,交通安全対策費,交通安全一般経費,,,0,0,,,,,,283124,H30決算書pNone
2018,2,総務費,1,総務管理費,8,交通安全対策費,交通安全一般経費,11,需用費,1,0,,,,,,31124,H30決算書pNone
2018,2,総務費,1,総務管理費,8,交通安全対策費,交通安全一般経費,11,需用費,2,0,01消耗品,,,,,3240,H30決算書pNone
2018,2,総務費,1,総務管理費,8,交通安全対策費,交通安全一般経費,11,需用費,3,1,01消耗品,01交通安全用品,,,,3240,H30決算書pNone
2018,2,総務費,1,総務管理費,8,交通安全対策費,交通安全一般経費,11,需用費,2,0,41光熱水費,,,,,11584,H30決算書pNone
2018,2,総務費,1,総務管理費,8,交通安全対策費,交通安全一般経費,11,需用費,3,1,41光熱水費,01電気料（回転灯）,,,,11584,H30決算書pNone
2018,2,総務費,1,総務管理費,8,交通安全対策費,交通安全一般経費,11,需用費,2,0,51修繕費,,,,,16300,H30決算書pNone
2018,2,総務費,1,総務管理費,8,交通安全対策費,交通安全一般経費,11,需用費,3,1,51修繕費,01交通安全機器修繕料,,,,16300,H30決算書pNone
2018,2,総務費,1,総務管理費,8,交通安全対策費,交通安全一般経費,19,負担金補助及び交付金,1,0,,,,,,252000,H30決算書pNone
2018,2,総務費,1,総務管理費,8,交通安全対策費,交通安全一般経費,19,負担金補助及び交付金,2,0,21負担金,,,,,252000,H30決算書pNone
2018,2,総務費,1,総務管理費,8,交通安全対策費,交通安全一般経費,19,負担金補助及び交付金,3,1,21負担金,03大鹿村交通安全協会事業費負担金,,,,252000,H30決算書pNone
2018,2,総務費,1,総務管理費,8,交通安全対策費,南信交通災害共済経費,,,0,0,,,,,,360150,H30決算書pNone
2018,2,総務費,1,総務管理費,8,交通安全対策費,南信交通災害共済経費,19,負担金補助及び交付金,1,0,,,,,,360150,H30決算書pNone
2018,2,総務費,1,総務管理費,8,交通安全対策費,南信交通災害共済経費,19,負担金補助及び交付金,2,0,51補助金,,,,,360150,H30決算書pNone
2018,2,総務費,1,総務管理費,8,交通安全対策費,南信交通災害共済経費,19,負担金補助及び交付金,3,1,51補助金,01南信交通災害共済掛金補助,,,,360150,H30決算書pNone
2018,2,総務費,1,総務管理費,8,交通安全対策費,交通安全施設整備経費,,,0,0,,,,,,6670045,H30決算書pNone
2018,2,総務費,1,総務管理費,8,交通安全対策費,交通安全施設整備経費,11,需用費,1,0,,,,,,301245,H30決算書pNone
2018,2,総務費,1,総務管理費,8,交通安全対策費,交通安全施設整備経費,11,需用費,2,0,01消耗品,,,,,75600,H30決算書pNone
2018,2,総務費,1,総務管理費,8,交通安全対策費,交通安全施設整備経費,11,需用費,3,1,01消耗品,01除雪用三角板代,,,,75600,H30決算書pNone
2018,2,総務費,1,総務管理費,8,交通安全対策費,交通安全施設整備経費,11,需用費,2,0,11燃料費,,,,,121817,H30決算書pNone
2018,2,総務費,1,総務管理費,8,交通安全対策費,交通安全施設整備経費,11,需用費,3,1,11燃料費,01公用車燃料費,,,,121817,H30決算書pNone
2018,2,総務費,1,総務管理費,8,交通安全対策費,交通安全施設整備経費,11,需用費,2,0,51修繕費,,,,,103828,H30決算書pNone
2018,2,総務費,1,総務管理費,8,交通安全対策費,交通安全施設整備経費,11,需用費,3,1,51修繕費,01公用車修繕費,,,,103828,H30決算書p35
2018,2,総務費,1,総務管理費,8,交通安全対策費,交通安全施設整備経費,12,役務費,1,0,,,,,,51294,H30決算書p35
2018,2,総務費,1,総務管理費,8,交通安全対策費,交通安全施設整備経費,12,役務費,2,0,21手数料,,,,,36754,H30決算書p35
2018,2,総務費,1,総務管理費,8,交通安全対策費,交通安全施設整備経費,12,役務費,3,1,21手数料,01公用車車検点検料,,,,36754,H30決算書p35
2018,2,総務費,1,総務管理費,8,交通安全対策費,交通安全施設整備経費,12,役務費,2,0,41損害保険料,,,,,14540,H30決算書p35
2018,2,総務費,1,総務管理費,8,交通安全対策費,交通安全施設整備経費,12,役務費,3,1,41損害保険料,01公用車共済保険料,,,,14540,H30決算書p35
2018,2,総務費,1,総務管理費,8,交通安全対策費,交通安全施設整備経費,13,委託料,1,0,,,,,,3857146,H30決算書p35
2018,2,総務費,1,総務管理費,8,交通安全対策費,交通安全施設整備経費,13,委託料,2,0,51業務委託料,,,,,3857146,H30決算書p35
2018,2,総務費,1,総務管理費,8,交通安全対策費,交通安全施設整備経費,13,委託料,3,1,51業務委託料,01道路凍結防止対策（支障木伐採）委託,,,,244350,H30決算書p35
2018,2,総務費,1,総務管理費,8,交通安全対策費,交通安全施設整備経費,13,委託料,3,1,51業務委託料,02除雪委託料,,,,3612796,H30決算書p35
2018,2,総務費,1,総務管理費,8,交通安全対策費,交通安全施設整備経費,15,工事請負費,1,0,,,,,,1021680,H30決算書p35
2018,2,総務費,1,総務管理費,8,交通安全対策費,交通安全施設整備経費,15,工事請負費,2,0,31単独事業,,,,,1021680,H30決算書p35
2018,2,総務費,1,総務管理費,8,交通安全対策費,交通安全施設整備経費,15,工事請負費,3,1,31単独事業,01ガードレール・カーブミラー設置工事,,,,1021680,H30決算書p35
2018,2,総務費,1,総務管理費,8,交通安全対策費,交通安全施設整備経費,16,原材料費,1,0,,,,,,1432080,H30決算書p35
2018,2,総務費,1,総務管理費,8,交通安全対策費,交通安全施設整備経費,16,原材料費,2,0,01原材料費,,,,,1432080,H30決算書p35
2018,2,総務費,1,総務管理費,8,交通安全対策費,交通安全施設整備経費,16,原材料費,3,1,01原材料費,02融雪剤,,,,1432080,H30決算書p35
2018,2,総務費,1,総務管理費,8,交通安全対策費,交通安全施設整備経費,27,公課費,1,0,,,,,,6600,H30決算書p35
2018,2,総務費,1,総務管理費,8,交通安全対策費,交通安全施設整備経費,27,公課費,2,0,01重量税,,,,,6600,H30決算書p35
2018,2,総務費,1,総務管理費,8,交通安全対策費,交通安全施設整備経費,27,公課費,3,1,01重量税,01公用車重量税,,,,6600,H30決算書p35
2018,2,総務費,1,総務管理費,9,電子計算費,電子計算経費,,,0,0,,,,,,46485015,H30決算書pNone
2018,2,総務費,1,総務管理費,9,電子計算費,電子計算経費,11,需用費,1,0,,,,,,74829,H30決算書pNone
2018,2,総務費,1,総務管理費,9,電子計算費,電子計算経費,11,需用費,2,0,01消耗品,,,,,44805,H30決算書pNone
2018,2,総務費,1,総務管理費,9,電子計算費,電子計算経費,11,需用費,3,1,01消耗品,01消耗品,,,,44805,H30決算書pNone
2018,2,総務費,1,総務管理費,9,電子計算費,電子計算経費,11,需用費,2,0,51修繕費,,,,,30024,H30決算書pNone
2018,2,総務費,1,総務管理費,9,電子計算費,電子計算経費,11,需用費,3,1,51修繕費,01パソコン等修繕費,,,,30024,H30決算書pNone
2018,2,総務費,1,総務管理費,9,電子計算費,電子計算経費,12,役務費,1,0,,,,,,659664,H30決算書pNone
2018,2,総務費,1,総務管理費,9,電子計算費,電子計算経費,12,役務費,2,0,01通信運搬費,,,,,659664,H30決算書pNone
2018,2,総務費,1,総務管理費,9,電子計算費,電子計算経費,12,役務費,3,1,01通信運搬費,02情報通信接続料,,,,659664,H30決算書pNone
2018,2,総務費,1,総務管理費,9,電子計算費,電子計算経費,13,委託料,1,0,,,,,,31231872,H30決算書pNone
2018,2,総務費,1,総務管理費,9,電子計算費,電子計算経費,13,委託料,2,0,11電算委託料,,,,,31231872,H30決算書pNone
2018,2,総務費,1,総務管理費,9,電子計算費,電子計算経費,13,委託料,3,1,11電算委託料,03基幹系等機器保守委託料,,,,404352,H30決算書pNone
2018,2,総務費,1,総務管理費,9,電子計算費,電子計算経費,13,委託料,3,1,11電算委託料,06システム改修委託料,,,,29271240,H30決算書pNone
2018,2,総務費,1,総務管理費,9,電子計算費,電子計算経費,13,委託料,3,1,11電算委託料,07情報系機器保守委託料,,,,558360,H30決算書pNone
2018,2,総務費,1,総務管理費,9,電子計算費,電子計算経費,13,委託料,3,1,11電算委託料,09ＬＧＷＡＮシステム運用支援委託料,,,,194400,H30決算書pNone
2018,2,総務費,1,総務管理費,9,電子計算費,電子計算経費,13,委託料,3,1,11電算委託料,17情報セキュリティ強化機器保守委託料,,,,725760,H30決算書pNone
2018,2,総務費,1,総務管理費,9,電子計算費,電子計算経費,13,委託料,3,1,11電算委託料,18マイナンバー管理システム保守委託料,,,,77760,H30決算書pNone
2018,2,総務費,1,総務管理費,9,電子計算費,電子計算経費,14,使用料及び賃借料,1,0,,,,,,11685189,H30決算書pNone
2018,2,総務費,1,総務管理費,9,電子計算費,電子計算経費,14,使用料及び賃借料,2,0,01使用料・借上料,,,,,11685189,H30決算書pNone
2018,2,総務費,1,総務管理費,9,電子計算費,電子計算経費,14,使用料及び賃借料,3,1,01使用料・借上料,01財務会計システム使用料,,,,3097440,H30決算書pNone
2018,2,総務費,1,総務管理費,9,電子計算費,電子計算経費,14,使用料及び賃借料,3,1,01使用料・借上料,02ＬＧＷＡＮハウジング料,,,,1193616,H30決算書p36
2018,2,総務費,1,総務管理費,9,電子計算費,電子計算経費,14,使用料及び賃借料,3,1,01使用料・借上料,03ウイルス対策ソフト使用料,,,,378108,H30決算書p36
2018,2,総務費,1,総務管理費,9,電子計算費,電子計算経費,14,使用料及び賃借料,3,1,01使用料・借上料,06基幹系システム使用料,,,,2462400,H30決算書p36
2018,2,総務費,1,総務管理費,9,電子計算費,電子計算経費,14,使用料及び賃借料,3,1,01使用料・借上料,07ＬＧＷＡＮルータ使用料,,,,31104,H30決算書p36
2018,2,総務費,1,総務管理費,9,電子計算費,電子計算経費,14,使用料及び賃借料,3,1,01使用料・借上料,09サーバリース料,,,,2419632,H30決算書p36
2018,2,総務費,1,総務管理費,9,電子計算費,電子計算経費,14,使用料及び賃借料,3,1,01使用料・借上料,11パソコンリース料,,,,2102889,H30決算書p36
2018,2,総務費,1,総務管理費,9,電子計算費,電子計算経費,19,負担金補助及び交付金,1,0,,,,,,2833461,H30決算書p36
2018,2,総務費,1,総務管理費,9,電子計算費,電子計算経費,19,負担金補助及び交付金,2,0,21負担金,,,,,2833461,H30決算書p36
2018,2,総務費,1,総務管理費,9,電子計算費,電子計算経費,19,負担金補助及び交付金,3,1,21負担金,01長野県自治振興組合負担金,,,,857648,H30決算書p36
2018,2,総務費,1,総務管理費,9,電子計算費,電子計算経費,19,負担金補助及び交付金,3,1,21負担金,02電子申請・届出サービス負担金,,,,39425,H30決算書p36
2018,2,総務費,1,総務管理費,9,電子計算費,電子計算経費,19,負担金補助及び交付金,3,1,21負担金,03中間ＳＶＰＦ負担金,,,,1372000,H30決算書p36
2018,2,総務費,1,総務管理費,9,電子計算費,電子計算経費,19,負担金補助及び交付金,3,1,21負担金,04自治体情報セキュリティクラウド負担金,,,,564388,H30決算書p36
2018,2,総務費,1,総務管理費,10,ＣＡＴＶ事業費,ＣＡＴＶ管理事業,,,0,0,,,,,,118755007,H30決算書pNone
2018,2,総務費,1,総務管理費,10,ＣＡＴＶ事業費,ＣＡＴＶ管理事業,1,報酬,1,0,,,,,,13500,H30決算書pNone
2018,2,総務費,1,総務管理費,10,ＣＡＴＶ事業費,ＣＡＴＶ管理事業,1,報酬,2,0,11委員報酬,,,,,13500,H30決算書pNone
2018,2,総務費,1,総務管理費,10,ＣＡＴＶ事業費,ＣＡＴＶ管理事業,1,報酬,3,1,11委員報酬,01番組審議会報酬,,,,13500,H30決算書pNone
2018,2,総務費,1,総務管理費,10,ＣＡＴＶ事業費,ＣＡＴＶ管理事業,11,需用費,1,0,,,,,,762037,H30決算書pNone
2018,2,総務費,1,総務管理費,10,ＣＡＴＶ事業費,ＣＡＴＶ管理事業,11,需用費,2,0,01消耗品,,,,,23738,H30決算書pNone
2018,2,総務費,1,総務管理費,10,ＣＡＴＶ事業費,ＣＡＴＶ管理事業,11,需用費,3,1,01消耗品,01消耗品,,,,23738,H30決算書pNone
2018,2,総務費,1,総務管理費,10,ＣＡＴＶ事業費,ＣＡＴＶ管理事業,11,需用費,2,0,41光熱水費,,,,,738299,H30決算書pNone
2018,2,総務費,1,総務管理費,10,ＣＡＴＶ事業費,ＣＡＴＶ管理事業,11,需用費,3,1,41光熱水費,01電気料,,,,738299,H30決算書pNone
2018,2,総務費,1,総務管理費,10,ＣＡＴＶ事業費,ＣＡＴＶ管理事業,12,役務費,1,0,,,,,,265740,H30決算書pNone
2018,2,総務費,1,総務管理費,10,ＣＡＴＶ事業費,ＣＡＴＶ管理事業,12,役務費,2,0,41損害保険料,,,,,265740,H30決算書pNone
2018,2,総務費,1,総務管理費,10,ＣＡＴＶ事業費,ＣＡＴＶ管理事業,12,役務費,3,1,41損害保険料,01ＣＡＴＶ施設保険料,,,,265740,H30決算書pNone
2018,2,総務費,1,総務管理費,10,ＣＡＴＶ事業費,ＣＡＴＶ管理事業,13,委託料,1,0,,,,,,16340400,H30決算書pNone
2018,2,総務費,1,総務管理費,10,ＣＡＴＶ事業費,ＣＡＴＶ管理事業,13,委託料,2,0,21保守管理委託料,,,,,2008800,H30決算書pNone
2018,2,総務費,1,総務管理費,10,ＣＡＴＶ事業費,ＣＡＴＶ管理事業,13,委託料,3,1,21保守管理委託料,01ＣＡＴＶ保守委託料,,,,2008800,H30決算書pNone
2018,2,総務費,1,総務管理費,10,ＣＡＴＶ事業費,ＣＡＴＶ管理事業,13,委託料,2,0,81機器更新委託料,,,,,14331600,H30決算書pNone
2018,2,総務費,1,総務管理費,10,ＣＡＴＶ事業費,ＣＡＴＶ管理事業,13,委託料,3,1,81機器更新委託料,01ＣＡＴＶ施設更新委託料,,,,14331600,H30決算書pNone
2018,2,総務費,1,総務管理費,10,ＣＡＴＶ事業費,ＣＡＴＶ管理事業,14,使用料及び賃借料,1,0,,,,,,5796040,H30決算書pNone
2018,2,総務費,1,総務管理費,10,ＣＡＴＶ事業費,ＣＡＴＶ管理事業,14,使用料及び賃借料,2,0,01使用料・借上料,,,,,5796040,H30決算書pNone
2018,2,総務費,1,総務管理費,10,ＣＡＴＶ事業費,ＣＡＴＶ管理事業,14,使用料及び賃借料,3,1,01使用料・借上料,01ＣＡＴＶ電柱共架料,,,,1638585,H30決算書pNone
2018,2,総務費,1,総務管理費,10,ＣＡＴＶ事業費,ＣＡＴＶ管理事業,14,使用料及び賃借料,3,1,01使用料・借上料,02光ケーブル借上げ料,,,,4104000,H30決算書pNone
2018,2,総務費,1,総務管理費,10,ＣＡＴＶ事業費,ＣＡＴＶ管理事業,14,使用料及び賃借料,3,1,01使用料・借上料,04著作権使用料,,,,53455,H30決算書pNone
2018,2,総務費,1,総務管理費,10,ＣＡＴＶ事業費,ＣＡＴＶ管理事業,15,工事請負費,1,0,,,,,,32784393,H30決算書pNone
2018,2,総務費,1,総務管理費,10,ＣＡＴＶ事業費,ＣＡＴＶ管理事業,15,工事請負費,2,0,31単独事業,,,,,25027488,H30決算書pNone
2018,2,総務費,1,総務管理費,10,ＣＡＴＶ事業費,ＣＡＴＶ管理事業,15,工事請負費,3,1,31単独事業,01引込み線工事,,,,25027488,H30決算書pNone
2018,2,総務費,1,総務管理費,10,ＣＡＴＶ事業費,ＣＡＴＶ管理事業,15,工事請負費,2,0,32維持・修繕工事,,,,,7756905,H30決算書pNone
2018,2,総務費,1,総務管理費,10,ＣＡＴＶ事業費,ＣＡＴＶ管理事業,15,工事請負費,3,1,32維持・修繕工事,01維持修繕工事,,,,7756905,H30決算書pNone
2018,2,総務費,1,総務管理費,10,ＣＡＴＶ事業費,ＣＡＴＶ管理事業,19,負担金補助及び交付金,1,0,,,,,,62792897,H30決算書pNone
2018,2,総務費,1,総務管理費,10,ＣＡＴＶ事業費,ＣＡＴＶ管理事業,19,負担金補助及び交付金,2,0,21負担金,,,,,62296397,H30決算書pNone
2018,2,総務費,1,総務管理費,10,ＣＡＴＶ事業費,ＣＡＴＶ管理事業,19,負担金補助及び交付金,3,1,21負担金,01ＣＡＴＶ協議会等負担金,,,,12111,H30決算書pNone
2018,2,総務費,1,総務管理費,10,ＣＡＴＶ事業費,ＣＡＴＶ管理事業,19,負担金補助及び交付金,3,1,21負担金,03ケーブルテレビ事業負担金,,,,62284286,H30決算書pNone
2018,2,総務費,1,総務管理費,10,ＣＡＴＶ事業費,ＣＡＴＶ管理事業,19,負担金補助及び交付金,2,0,51補助金,,,,,496500,H30決算書p37
2018,2,総務費,1,総務管理費,10,ＣＡＴＶ事業費,ＣＡＴＶ管理事業,19,負担金補助及び交付金,3,1,51補助金,01インターネット利用補助金,,,,496500,H30決算書p37
2018,2,総務費,2,徴税費,1,税務総務費,税務一般経費,,,0,0,,,,,,7696241,H30決算書pNone
2018,2,総務費,2,徴税費,1,税務総務費,税務一般経費,11,需用費,1,0,,,,,,56219,H30決算書pNone
2018,2,総務費,2,徴税費,1,税務総務費,税務一般経費,11,需用費,2,0,01消耗品,,,,,54990,H30決算書pNone
2018,2,総務費,2,徴税費,1,税務総務費,税務一般経費,11,需用費,3,1,01消耗品,01消耗品,,,,6240,H30決算書pNone
2018,2,総務費,2,徴税費,1,税務総務費,税務一般経費,11,需用費,3,1,01消耗品,02図書購入費,,,,48750,H30決算書pNone
2018,2,総務費,2,徴税費,1,税務総務費,税務一般経費,11,需用費,2,0,31印刷製本費,,,,,1229,H30決算書pNone
2018,2,総務費,2,徴税費,1,税務総務費,税務一般経費,11,需用費,3,1,31印刷製本費,01印刷製本費,,,,1229,H30決算書pNone
2018,2,総務費,2,徴税費,1,税務総務費,税務一般経費,12,役務費,1,0,,,,,,232131,H30決算書pNone
2018,2,総務費,2,徴税費,1,税務総務費,税務一般経費,12,役務費,2,0,21手数料,,,,,218131,H30決算書pNone
2018,2,総務費,2,徴税費,1,税務総務費,税務一般経費,12,役務費,3,1,21手数料,01口座振替等収納手数料,,,,218131,H30決算書pNone
2018,2,総務費,2,徴税費,1,税務総務費,税務一般経費,12,役務費,2,0,31筆耕料,,,,,14000,H30決算書pNone
2018,2,総務費,2,徴税費,1,税務総務費,税務一般経費,12,役務費,3,1,31筆耕料,01筆耕料,,,,14000,H30決算書pNone
2018,2,総務費,2,徴税費,1,税務総務費,税務一般経費,13,委託料,1,0,,,,,,5981585,H30決算書pNone
2018,2,総務費,2,徴税費,1,税務総務費,税務一般経費,13,委託料,2,0,11電算委託料,,,,,5914746,H30決算書pNone
2018,2,総務費,2,徴税費,1,税務総務費,税務一般経費,13,委託料,3,1,11電算委託料,01住民税,,,,2175876,H30決算書pNone
2018,2,総務費,2,徴税費,1,税務総務費,税務一般経費,13,委託料,3,1,11電算委託料,02固定資産税,,,,3261510,H30決算書pNone
2018,2,総務費,2,徴税費,1,税務総務費,税務一般経費,13,委託料,3,1,11電算委託料,03軽自動車税,,,,124200,H30決算書pNone
2018,2,総務費,2,徴税費,1,税務総務費,税務一般経費,13,委託料,3,1,11電算委託料,05収納・口座・会計委託料,,,,353160,H30決算書pNone
2018,2,総務費,2,徴税費,1,税務総務費,税務一般経費,13,委託料,2,0,51業務委託料,,,,,66839,H30決算書pNone
2018,2,総務費,2,徴税費,1,税務総務費,税務一般経費,13,委託料,3,1,51業務委託料,02固定資産土地意見書委託,,,,59849,H30決算書pNone
2018,2,総務費,2,徴税費,1,税務総務費,税務一般経費,13,委託料,3,1,51業務委託料,04軽自動車税申告書取扱委託料,,,,6990,H30決算書pNone
2018,2,総務費,2,徴税費,1,税務総務費,税務一般経費,14,使用料及び賃借料,1,0,,,,,,1317789,H30決算書pNone
2018,2,総務費,2,徴税費,1,税務総務費,税務一般経費,14,使用料及び賃借料,2,0,01使用料・借上料,,,,,1317789,H30決算書pNone
2018,2,総務費,2,徴税費,1,税務総務費,税務一般経費,14,使用料及び賃借料,3,1,01使用料・借上料,01ｅＬＴＡＸシステム使用料,,,,1008288,H30決算書pNone
2018,2,総務費,2,徴税費,1,税務総務費,税務一般経費,14,使用料及び賃借料,3,1,01使用料・借上料,02Ｒｅａｍｓ．ＮＥＴ申告相談システム使用料,,,,303264,H30決算書pNone
2018,2,総務費,2,徴税費,1,税務総務費,税務一般経費,14,使用料及び賃借料,3,1,01使用料・借上料,03軽自動車情報システム使用料,,,,6237,H30決算書pNone
2018,2,総務費,2,徴税費,1,税務総務費,税務一般経費,19,負担金補助及び交付金,1,0,,,,,,108517,H30決算書pNone
2018,2,総務費,2,徴税費,1,税務総務費,税務一般経費,19,負担金補助及び交付金,2,0,21負担金,,,,,108517,H30決算書pNone
2018,2,総務費,2,徴税費,1,税務総務費,税務一般経費,19,負担金補助及び交付金,3,1,21負担金,01飯伊地区税協負担金,,,,1800,H30決算書pNone
2018,2,総務費,2,徴税費,1,税務総務費,税務一般経費,19,負担金補助及び交付金,3,1,21負担金,02長野県税制研究会負担金,,,,1500,H30決算書pNone
2018,2,総務費,2,徴税費,1,税務総務費,税務一般経費,19,負担金補助及び交付金,3,1,21負担金,03資産評価システムセンター負担金,,,,30000,H30決算書pNone
2018,2,総務費,2,徴税費,1,税務総務費,税務一般経費,19,負担金補助及び交付金,3,1,21負担金,04各研修会負担金,,,,6000,H30決算書pNone
2018,2,総務費,2,徴税費,1,税務総務費,税務一般経費,19,負担金補助及び交付金,3,1,21負担金,06確定申告書郵送負担金,,,,166,H30決算書pNone
2018,2,総務費,2,徴税費,1,税務総務費,税務一般経費,19,負担金補助及び交付金,3,1,21負担金,07年末調整用紙郵送負担金,,,,1016,H30決算書pNone
2018,2,総務費,2,徴税費,1,税務総務費,税務一般経費,19,負担金補助及び交付金,3,1,21負担金,08地方税電子化協議会負担金,,,,24035,H30決算書pNone
2018,2,総務費,2,徴税費,1,税務総務費,税務一般経費,19,負担金補助及び交付金,3,1,21負担金,09長野県地方税滞納整理機構負担金,,,,44000,H30決算書pNone
2018,2,総務費,2,徴税費,1,税務総務費,一般職人事管理経費（税務）,,,0,0,,,,,,12226208,H30決算書pNone
2018,2,総務費,2,徴税費,1,税務総務費,一般職人事管理経費（税務）,2,給料,1,0,,,,,,6269700,H30決算書pNone
2018,2,総務費,2,徴税費,1,税務総務費,一般職人事管理経費（税務）,2,給料,2,0,21職員給料,,,,,6269700,H30決算書p38
2018,2,総務費,2,徴税費,1,税務総務費,一般職人事管理経費（税務）,2,給料,3,1,21職員給料,01一般職員給料,,,,6269700,H30決算書p38
2018,2,総務費,2,徴税費,1,税務総務費,一般職人事管理経費（税務）,3,職員手当等,1,0,,,,,,3901930,H30決算書p38
2018,2,総務費,2,徴税費,1,税務総務費,一般職人事管理経費（税務）,3,職員手当等,2,1,21職員手当等,,,,,3901930,H30決算書p38
2018,2,総務費,2,徴税費,1,税務総務費,一般職人事管理経費（税務）,4,共済費,1,0,,,,,,2054578,H30決算書p38
2018,2,総務費,2,徴税費,1,税務総務費,一般職人事管理経費（税務）,4,共済費,2,0,31一般職共済費,,,,,2054578,H30決算書p38
2018,2,総務費,2,徴税費,1,税務総務費,一般職人事管理経費（税務）,4,共済費,3,1,31一般職共済費,01地方公務員共済組合等負担金,,,,2054578,H30決算書p38
2018,2,総務費,2,徴税費,2,賦課徴収費,賦課徴収事務経費,,,0,0,,,,,,1682429,H30決算書pNone
2018,2,総務費,2,徴税費,2,賦課徴収費,賦課徴収事務経費,11,需用費,1,0,,,,,,1162188,H30決算書pNone
2018,2,総務費,2,徴税費,2,賦課徴収費,賦課徴収事務経費,11,需用費,2,0,01消耗品,,,,,1162188,H30決算書pNone
2018,2,総務費,2,徴税費,2,賦課徴収費,賦課徴収事務経費,11,需用費,3,1,01消耗品,01消耗品,,,,1162188,H30決算書pNone
2018,2,総務費,2,徴税費,2,賦課徴収費,賦課徴収事務経費,23,償還金利子及び割引料,1,0,,,,,,520241,H30決算書pNone
2018,2,総務費,2,徴税費,2,賦課徴収費,賦課徴収事務経費,23,償還金利子及び割引料,2,1,05償還金及び還付加算金,,,,,520241,H30決算書pNone
2018,2,総務費,3,戸籍住民基本台帳費,1,戸籍住民基本台帳費,戸籍住民基本台帳経費,,,0,0,,,,,,22185264,H30決算書pNone
2018,2,総務費,3,戸籍住民基本台帳費,1,戸籍住民基本台帳費,戸籍住民基本台帳経費,11,需用費,1,0,,,,,,96944,H30決算書pNone
2018,2,総務費,3,戸籍住民基本台帳費,1,戸籍住民基本台帳費,戸籍住民基本台帳経費,11,需用費,2,0,01消耗品,,,,,96944,H30決算書pNone
2018,2,総務費,3,戸籍住民基本台帳費,1,戸籍住民基本台帳費,戸籍住民基本台帳経費,11,需用費,3,1,01消耗品,01消耗品,,,,43932,H30決算書pNone
2018,2,総務費,3,戸籍住民基本台帳費,1,戸籍住民基本台帳費,戸籍住民基本台帳経費,11,需用費,3,1,01消耗品,02図書購入費,,,,53012,H30決算書pNone
2018,2,総務費,3,戸籍住民基本台帳費,1,戸籍住民基本台帳費,戸籍住民基本台帳経費,13,委託料,1,0,,,,,,10742112,H30決算書pNone
2018,2,総務費,3,戸籍住民基本台帳費,1,戸籍住民基本台帳費,戸籍住民基本台帳経費,13,委託料,2,0,11電算委託料,,,,,10742112,H30決算書pNone
2018,2,総務費,3,戸籍住民基本台帳費,1,戸籍住民基本台帳費,戸籍住民基本台帳経費,13,委託料,3,1,11電算委託料,04戸籍機器・ソフト保守委託料,,,,1573344,H30決算書pNone
2018,2,総務費,3,戸籍住民基本台帳費,1,戸籍住民基本台帳費,戸籍住民基本台帳経費,13,委託料,3,1,11電算委託料,05住民記録システムソフト保守料,,,,2080728,H30決算書pNone
2018,2,総務費,3,戸籍住民基本台帳費,1,戸籍住民基本台帳費,戸籍住民基本台帳経費,13,委託料,3,1,11電算委託料,08住基ネット記録媒体保守委託料,,,,38880,H30決算書pNone
2018,2,総務費,3,戸籍住民基本台帳費,1,戸籍住民基本台帳費,戸籍住民基本台帳経費,13,委託料,3,1,11電算委託料,09住基ネットシステム改修委託料,,,,5832000,H30決算書pNone
2018,2,総務費,3,戸籍住民基本台帳費,1,戸籍住民基本台帳費,戸籍住民基本台帳経費,13,委託料,3,1,11電算委託料,15戸籍副本データ管理システム保守委託料,,,,129600,H30決算書pNone
2018,2,総務費,3,戸籍住民基本台帳費,1,戸籍住民基本台帳費,戸籍住民基本台帳経費,13,委託料,3,1,11電算委託料,16システム改修委託料,,,,1087560,H30決算書pNone
2018,2,総務費,3,戸籍住民基本台帳費,1,戸籍住民基本台帳費,戸籍住民基本台帳経費,14,使用料及び賃借料,1,0,,,,,,9603144,H30決算書pNone
2018,2,総務費,3,戸籍住民基本台帳費,1,戸籍住民基本台帳費,戸籍住民基本台帳経費,14,使用料及び賃借料,2,0,01使用料・借上料,,,,,9603144,H30決算書pNone
2018,2,総務費,3,戸籍住民基本台帳費,1,戸籍住民基本台帳費,戸籍住民基本台帳経費,14,使用料及び賃借料,3,1,01使用料・借上料,01住民記録システムソフト使用料,,,,4212000,H30決算書pNone
2018,2,総務費,3,戸籍住民基本台帳費,1,戸籍住民基本台帳費,戸籍住民基本台帳経費,14,使用料及び賃借料,3,1,01使用料・借上料,02戸籍ソフトリース料,,,,1733400,H30決算書pNone
2018,2,総務費,3,戸籍住民基本台帳費,1,戸籍住民基本台帳費,戸籍住民基本台帳経費,14,使用料及び賃借料,3,1,01使用料・借上料,04住基ネットワークハウジング料,,,,3009744,H30決算書pNone
2018,2,総務費,3,戸籍住民基本台帳費,1,戸籍住民基本台帳費,戸籍住民基本台帳経費,14,使用料及び賃借料,3,1,01使用料・借上料,05戸籍総合システム使用料,,,,648000,H30決算書pNone
2018,2,総務費,3,戸籍住民基本台帳費,1,戸籍住民基本台帳費,戸籍住民基本台帳経費,18,備品購入費,1,0,,,,,,578664,H30決算書pNone
2018,2,総務費,3,戸籍住民基本台帳費,1,戸籍住民基本台帳費,戸籍住民基本台帳経費,18,備品購入費,2,0,01備品購入費,,,,,578664,H30決算書pNone
2018,2,総務費,3,戸籍住民基本台帳費,1,戸籍住民基本台帳費,戸籍住民基本台帳経費,18,備品購入費,3,1,01備品購入費,01事務用備品,,,,578664,H30決算書pNone
2018,2,総務費,3,戸籍住民基本台帳費,1,戸籍住民基本台帳費,戸籍住民基本台帳経費,19,負担金補助及び交付金,1,0,,,,,,1164400,H30決算書pNone
2018,2,総務費,3,戸籍住民基本台帳費,1,戸籍住民基本台帳費,戸籍住民基本台帳経費,19,負担金補助及び交付金,2,0,21負担金,,,,,1081400,H30決算書pNone
2018,2,総務費,3,戸籍住民基本台帳費,1,戸籍住民基本台帳費,戸籍住民基本台帳経費,19,負担金補助及び交付金,3,1,21負担金,01戸籍・住民協議会負担金,,,,2400,H30決算書pNone
2018,2,総務費,3,戸籍住民基本台帳費,1,戸籍住民基本台帳費,戸籍住民基本台帳経費,19,負担金補助及び交付金,3,1,21負担金,03戸籍システム共同利用負担金,,,,1079000,H30決算書pNone
2018,2,総務費,3,戸籍住民基本台帳費,1,戸籍住民基本台帳費,戸籍住民基本台帳経費,19,負担金補助及び交付金,2,0,71交付金,,,,,83000,H30決算書pNone
2018,2,総務費,3,戸籍住民基本台帳費,1,戸籍住民基本台帳費,戸籍住民基本台帳経費,19,負担金補助及び交付金,3,1,71交付金,01個人番号カード等委任交付金,,,,83000,H30決算書pNone
2018,2,総務費,4,選挙費,1,選挙管理委員会費,選挙管理委員会経費,,,0,0,,,,,,133200,H30決算書pNone
2018,2,総務費,4,選挙費,1,選挙管理委員会費,選挙管理委員会経費,1,報酬,1,0,,,,,,118600,H30決算書pNone
2018,2,総務費,4,選挙費,1,選挙管理委員会費,選挙管理委員会経費,1,報酬,2,0,11委員報酬,,,,,118600,H30決算書pNone
2018,2,総務費,4,選挙費,1,選挙管理委員会費,選挙管理委員会経費,1,報酬,3,1,11委員報酬,01選挙管理委員報酬,,,,118600,H30決算書pNone
2018,2,総務費,4,選挙費,1,選挙管理委員会費,選挙管理委員会経費,19,負担金補助及び交付金,1,0,,,,,,14600,H30決算書pNone
2018,2,総務費,4,選挙費,1,選挙管理委員会費,選挙管理委員会経費,19,負担金補助及び交付金,2,0,21負担金,,,,,14600,H30決算書pNone
2018,2,総務費,4,選挙費,1,選挙管理委員会費,選挙管理委員会経費,19,負担金補助及び交付金,3,1,21負担金,01下伊那郡選挙管理委員会連合会負担金,,,,5000,H30決算書pNone
2018,2,総務費,4,選挙費,1,選挙管理委員会費,選挙管理委員会経費,19,負担金補助及び交付金,3,1,21負担金,02北部ブロック選挙管理委員会総会負担金,,,,9600,H30決算書pNone
2018,2,総務費,4,選挙費,6,長野県議会議員選挙費,長野県議会議員選挙費,,,0,0,,,,,,910349,H30決算書pNone
2018,2,総務費,4,選挙費,6,長野県議会議員選挙費,長野県議会議員選挙費,1,報酬,1,0,,,,,,68912,H30決算書pNone
2018,2,総務費,4,選挙費,6,長野県議会議員選挙費,長野県議会議員選挙費,1,報酬,2,0,11委員報酬,,,,,68912,H30決算書pNone
2018,2,総務費,4,選挙費,6,長野県議会議員選挙費,長野県議会議員選挙費,1,報酬,3,1,11委員報酬,01選挙管理委員報酬,,,,68912,H30決算書pNone
2018,2,総務費,4,選挙費,6,長野県議会議員選挙費,長野県議会議員選挙費,3,職員手当等,1,0,,,,,,119376,H30決算書pNone
2018,2,総務費,4,選挙費,6,長野県議会議員選挙費,長野県議会議員選挙費,3,職員手当等,2,1,21職員手当等,,,,,119376,H30決算書pNone
2018,2,総務費,4,選挙費,6,長野県議会議員選挙費,長野県議会議員選挙費,11,需用費,1,0,,,,,,580825,H30決算書pNone
2018,2,総務費,4,選挙費,6,長野県議会議員選挙費,長野県議会議員選挙費,11,需用費,2,0,01消耗品,,,,,580825,H30決算書pNone
2018,2,総務費,4,選挙費,6,長野県議会議員選挙費,長野県議会議員選挙費,11,需用費,3,1,01消耗品,01選挙関係経費,,,,580825,H30決算書pNone
2018,2,総務費,4,選挙費,6,長野県議会議員選挙費,長野県議会議員選挙費,12,役務費,1,0,,,,,,30212,H30決算書pNone
2018,2,総務費,4,選挙費,6,長野県議会議員選挙費,長野県議会議員選挙費,12,役務費,2,0,01通信運搬費,,,,,30212,H30決算書pNone
2018,2,総務費,4,選挙費,6,長野県議会議員選挙費,長野県議会議員選挙費,12,役務費,3,1,01通信運搬費,01郵便料,,,,30212,H30決算書pNone
2018,2,総務費,4,選挙費,6,長野県議会議員選挙費,長野県議会議員選挙費,13,委託料,1,0,,,,,,111024,H30決算書pNone
2018,2,総務費,4,選挙費,6,長野県議会議員選挙費,長野県議会議員選挙費,13,委託料,2,0,11電算委託料,,,,,111024,H30決算書pNone
2018,2,総務費,4,選挙費,6,長野県議会議員選挙費,長野県議会議員選挙費,13,委託料,3,1,11電算委託料,01選挙事務委託料,,,,111024,H30決算書pNone
2018,2,総務費,4,選挙費,10,長野県知事選挙費,長野県知事選挙費,,,0,0,,,,,,2915631,H30決算書pNone
2018,2,総務費,4,選挙費,10,長野県知事選挙費,長野県知事選挙費,1,報酬,1,0,,,,,,779512,H30決算書pNone
2018,2,総務費,4,選挙費,10,長野県知事選挙費,長野県知事選挙費,1,報酬,2,0,11委員報酬,,,,,779512,H30決算書pNone
2018,2,総務費,4,選挙費,10,長野県知事選挙費,長野県知事選挙費,1,報酬,3,1,11委員報酬,01選挙管理委員報酬,,,,326196,H30決算書pNone
2018,2,総務費,4,選挙費,10,長野県知事選挙費,長野県知事選挙費,1,報酬,3,1,11委員報酬,02選挙立会人等報酬,,,,453316,H30決算書pNone
2018,2,総務費,4,選挙費,10,長野県知事選挙費,長野県知事選挙費,3,職員手当等,1,0,,,,,,1024058,H30決算書pNone
2018,2,総務費,4,選挙費,10,長野県知事選挙費,長野県知事選挙費,3,職員手当等,2,1,21職員手当等,,,,,1024058,H30決算書pNone
2018,2,総務費,4,選挙費,10,長野県知事選挙費,長野県知事選挙費,11,需用費,1,0,,,,,,961733,H30決算書pNone
2018,2,総務費,4,選挙費,10,長野県知事選挙費,長野県知事選挙費,11,需用費,2,0,01消耗品,,,,,961733,H30決算書pNone
2018,2,総務費,4,選挙費,10,長野県知事選挙費,長野県知事選挙費,11,需用費,3,1,01消耗品,01選挙関係経費,,,,961733,H30決算書pNone
2018,2,総務費,4,選挙費,10,長野県知事選挙費,長野県知事選挙費,12,役務費,1,0,,,,,,31840,H30決算書pNone
2018,2,総務費,4,選挙費,10,長野県知事選挙費,長野県知事選挙費,12,役務費,2,0,01通信運搬費,,,,,31840,H30決算書pNone
2018,2,総務費,4,選挙費,10,長野県知事選挙費,長野県知事選挙費,12,役務費,3,1,01通信運搬費,01郵便料,,,,31840,H30決算書pNone
2018,2,総務費,4,選挙費,10,長野県知事選挙費,長野県知事選挙費,13,委託料,1,0,,,,,,118488,H30決算書pNone
2018,2,総務費,4,選挙費,10,長野県知事選挙費,長野県知事選挙費,13,委託料,2,0,11電算委託料,,,,,118488,H30決算書pNone
2018,2,総務費,4,選挙費,10,長野県知事選挙費,長野県知事選挙費,13,委託料,3,1,11電算委託料,01選挙事務委託料,,,,118488,H30決算書pNone
2018,2,総務費,5,統計調査費,2,指定統計調査費,指定統計経費,,,0,0,,,,,,218302,H30決算書pNone
2018,2,総務費,5,統計調査費,2,指定統計調査費,指定統計経費,1,報酬,1,0,,,,,,99070,H30決算書pNone
2018,2,総務費,5,統計調査費,2,指定統計調査費,指定統計経費,1,報酬,2,0,11委員報酬,,,,,99070,H30決算書pNone
2018,2,総務費,5,統計調査費,2,指定統計調査費,指定統計経費,1,報酬,3,1,11委員報酬,01統計調査員報酬,,,,99070,H30決算書pNone
2018,2,総務費,5,統計調査費,2,指定統計調査費,指定統計経費,3,職員手当等,1,0,,,,,,14120,H30決算書pNone
2018,2,総務費,5,統計調査費,2,指定統計調査費,指定統計経費,3,職員手当等,2,1,21職員手当等,,,,,14120,H30決算書pNone
2018,2,総務費,5,統計調査費,2,指定統計調査費,指定統計経費,7,賃金,1,0,,,,,,4000,H30決算書pNone
2018,2,総務費,5,統計調査費,2,指定統計調査費,指定統計経費,7,賃金,2,0,11臨時職員賃金,,,,,4000,H30決算書pNone
2018,2,総務費,5,統計調査費,2,指定統計調査費,指定統計経費,7,賃金,3,1,11臨時職員賃金,01臨時職員賃金,,,,4000,H30決算書pNone
2018,2,総務費,5,統計調査費,2,指定統計調査費,指定統計経費,9,旅費,1,0,,,,,,30228,H30決算書pNone
2018,2,総務費,5,統計調査費,2,指定統計調査費,指定統計経費,9,旅費,2,0,11職員旅費,,,,,30228,H30決算書pNone
2018,2,総務費,5,統計調査費,2,指定統計調査費,指定統計経費,9,旅費,3,1,11職員旅費,01職員旅費,,,,30228,H30決算書pNone
2018,2,総務費,5,統計調査費,2,指定統計調査費,指定統計経費,11,需用費,1,0,,,,,,67888,H30決算書pNone
2018,2,総務費,5,統計調査費,2,指定統計調査費,指定統計経費,11,需用費,2,0,01消耗品,,,,,67888,H30決算書pNone
2018,2,総務費,5,統計調査費,2,指定統計調査費,指定統計経費,11,需用費,3,1,01消耗品,01消耗品,,,,67888,H30決算書pNone
2018,2,総務費,5,統計調査費,2,指定統計調査費,指定統計経費,12,役務費,1,0,,,,,,2996,H30決算書pNone
2018,2,総務費,5,統計調査費,2,指定統計調査費,指定統計経費,12,役務費,2,0,01通信運搬費,,,,,2996,H30決算書pNone
2018,2,総務費,5,統計調査費,2,指定統計調査費,指定統計経費,12,役務費,3,1,01通信運搬費,01郵便料,,,,2996,H30決算書pNone
2018,2,総務費,6,監査委員費,1,監査委員費,監査委員関係経費,,,0,0,,,,,,610624,H30決算書pNone
2018,2,総務費,6,監査委員費,1,監査委員費,監査委員関係経費,1,報酬,1,0,,,,,,520000,H30決算書pNone
2018,2,総務費,6,監査委員費,1,監査委員費,監査委員関係経費,1,報酬,2,0,11委員報酬,,,,,520000,H30決算書pNone
2018,2,総務費,6,監査委員費,1,監査委員費,監査委員関係経費,1,報酬,3,1,11委員報酬,01監査委員報酬,,,,520000,H30決算書pNone
2018,2,総務費,6,監査委員費,1,監査委員費,監査委員関係経費,9,旅費,1,0,,,,,,44000,H30決算書pNone
2018,2,総務費,6,監査委員費,1,監査委員費,監査委員関係経費,9,旅費,2,0,21委員旅費,,,,,44000,H30決算書pNone
2018,2,総務費,6,監査委員費,1,監査委員費,監査委員関係経費,9,旅費,3,1,21委員旅費,01委員旅費,,,,44000,H30決算書pNone
2018,2,総務費,6,監査委員費,1,監査委員費,監査委員関係経費,11,需用費,1,0,,,,,,2624,H30決算書pNone
2018,2,総務費,6,監査委員費,1,監査委員費,監査委員関係経費,11,需用費,2,0,01消耗品,,,,,2624,H30決算書pNone
2018,2,総務費,6,監査委員費,1,監査委員費,監査委員関係経費,11,需用費,3,1,01消耗品,01図書購入費,,,,2624,H30決算書pNone
2018,2,総務費,6,監査委員費,1,監査委員費,監査委員関係経費,19,負担金補助及び交付金,1,0,,,,,,44000,H30決算書pNone
2018,2,総務費,6,監査委員費,1,監査委員費,監査委員関係経費,19,負担金補助及び交付金,2,0,21負担金,,,,,44000,H30決算書pNone
2018,2,総務費,6,監査委員費,1,監査委員費,監査委員関係経費,19,負担金補助及び交付金,3,1,21負担金,01下伊那郡監査委員協議会負担金,,,,35000,H30決算書pNone
2018,2,総務費,6,監査委員費,1,監査委員費,監査委員関係経費,19,負担金補助及び交付金,3,1,21負担金,02北部ブロック監査委員研修会負担金,,,,9000,H30決算書pNone
2018,2,総務費,7,国土調査費,1,地籍調査費,地籍調査関係経費,,,0,0,,,,,,6686869,H30決算書pNone
2018,2,総務費,7,国土調査費,1,地籍調査費,地籍調査関係経費,4,共済費,1,0,,,,,,25229,H30決算書pNone
2018,2,総務費,7,国土調査費,1,地籍調査費,地籍調査関係経費,4,共済費,2,0,41臨時職員等共済費,,,,,25229,H30決算書pNone
2018,2,総務費,7,国土調査費,1,地籍調査費,地籍調査関係経費,4,共済費,3,1,41臨時職員等共済費,01労働保険料,,,,25229,H30決算書pNone
2018,2,総務費,7,国土調査費,1,地籍調査費,地籍調査関係経費,7,賃金,1,0,,,,,,1800000,H30決算書pNone
2018,2,総務費,7,国土調査費,1,地籍調査費,地籍調査関係経費,7,賃金,2,0,31作業員賃金,,,,,1800000,H30決算書pNone
2018,2,総務費,7,国土調査費,1,地籍調査費,地籍調査関係経費,7,賃金,3,1,31作業員賃金,01測量補助賃金,,,,1800000,H30決算書p41
2018,2,総務費,7,国土調査費,1,地籍調査費,地籍調査関係経費,11,需用費,1,0,,,,,,669762,H30決算書p41
2018,2,総務費,7,国土調査費,1,地籍調査費,地籍調査関係経費,11,需用費,2,0,01消耗品,,,,,517192,H30決算書p41
2018,2,総務費,7,国土調査費,1,地籍調査費,地籍調査関係経費,11,需用費,3,1,01消耗品,01消耗品,,,,283585,H30決算書p41
2018,2,総務費,7,国土調査費,1,地籍調査費,地籍調査関係経費,11,需用費,3,1,01消耗品,03現場消耗品,,,,233607,H30決算書p41
2018,2,総務費,7,国土調査費,1,地籍調査費,地籍調査関係経費,11,需用費,2,0,11燃料費,,,,,82466,H30決算書p41
2018,2,総務費,7,国土調査費,1,地籍調査費,地籍調査関係経費,11,需用費,3,1,11燃料費,01公用車燃料費,,,,82466,H30決算書p41
2018,2,総務費,7,国土調査費,1,地籍調査費,地籍調査関係経費,11,需用費,2,0,51修繕費,,,,,70104,H30決算書p41
2018,2,総務費,7,国土調査費,1,地籍調査費,地籍調査関係経費,11,需用費,3,1,51修繕費,02公用車修繕費,,,,70104,H30決算書p41
2018,2,総務費,7,国土調査費,1,地籍調査費,地籍調査関係経費,12,役務費,1,0,,,,,,50198,H30決算書p41
2018,2,総務費,7,国土調査費,1,地籍調査費,地籍調査関係経費,12,役務費,2,0,21手数料,,,,,35208,H30決算書p41
2018,2,総務費,7,国土調査費,1,地籍調査費,地籍調査関係経費,12,役務費,3,1,21手数料,01公用車車検点検料,,,,35208,H30決算書p41
2018,2,総務費,7,国土調査費,1,地籍調査費,地籍調査関係経費,12,役務費,2,0,41損害保険料,,,,,14990,H30決算書p41
2018,2,総務費,7,国土調査費,1,地籍調査費,地籍調査関係経費,12,役務費,3,1,41損害保険料,01公用車共済保険料,,,,14990,H30決算書p41
2018,2,総務費,7,国土調査費,1,地籍調査費,地籍調査関係経費,13,委託料,1,0,,,,,,3226392,H30決算書p41
2018,2,総務費,7,国土調査費,1,地籍調査費,地籍調査関係経費,13,委託料,2,0,21保守管理委託料,,,,,189000,H30決算書p41
2018,2,総務費,7,国土調査費,1,地籍調査費,地籍調査関係経費,13,委託料,3,1,21保守管理委託料,01支援システム保守委託料,,,,189000,H30決算書p41
2018,2,総務費,7,国土調査費,1,地籍調査費,地籍調査関係経費,13,委託料,2,0,51業務委託料,,,,,553392,H30決算書p41
2018,2,総務費,7,国土調査費,1,地籍調査費,地籍調査関係経費,13,委託料,3,1,51業務委託料,02ＧＩＳ作成業務委託料,,,,553392,H30決算書p41
2018,2,総務費,7,国土調査費,1,地籍調査費,地籍調査関係経費,13,委託料,2,0,71調査・設計・監理委託料,,,,,2484000,H30決算書p41
2018,2,総務費,7,国土調査費,1,地籍調査費,地籍調査関係経費,13,委託料,3,1,71調査・設計・監理委託料,01地籍調査委託料,,,,2484000,H30決算書p41
2018,2,総務費,7,国土調査費,1,地籍調査費,地籍調査関係経費,14,使用料及び賃借料,1,0,,,,,,878688,H30決算書p41
2018,2,総務費,7,国土調査費,1,地籍調査費,地籍調査関係経費,14,使用料及び賃借料,2,0,01使用料・借上料,,,,,878688,H30決算書p41
2018,2,総務費,7,国土調査費,1,地籍調査費,地籍調査関係経費,14,使用料及び賃借料,3,1,01使用料・借上料,01コピーリース料,,,,583200,H30決算書p41
2018,2,総務費,7,国土調査費,1,地籍調査費,地籍調査関係経費,14,使用料及び賃借料,3,1,01使用料・借上料,04国調支援システムリース料,,,,295488,H30決算書p41
2018,2,総務費,7,国土調査費,1,地籍調査費,地籍調査関係経費,19,負担金補助及び交付金,1,0,,,,,,30000,H30決算書p41
2018,2,総務費,7,国土調査費,1,地籍調査費,地籍調査関係経費,19,負担金補助及び交付金,2,0,21負担金,,,,,30000,H30決算書p41
2018,2,総務費,7,国土調査費,1,地籍調査費,地籍調査関係経費,19,負担金補助及び交付金,3,1,21負担金,01地籍調査協会負担金,,,,30000,H30決算書p41
2018,2,総務費,7,国土調査費,1,地籍調査費,地籍調査関係経費,27,公課費,1,0,,,,,,6600,H30決算書p41
2018,2,総務費,7,国土調査費,1,地籍調査費,地籍調査関係経費,27,公課費,2,0,01重量税,,,,,6600,H30決算書p41
2018,2,総務費,7,国土調査費,1,地籍調査費,地籍調査関係経費,27,公課費,3,1,01重量税,01公用車重量税,,,,6600,H30決算書p41
2018,2,総務費,7,国土調査費,1,地籍調査費,一般職人事管理経費（地籍調査）,,,0,0,,,,,,10818912,H30決算書p41
2018,2,総務費,7,国土調査費,1,地籍調査費,一般職人事管理経費（地籍調査）,2,給料,1,0,,,,,,6012600,H30決算書p41
2018,2,総務費,7,国土調査費,1,地籍調査費,一般職人事管理経費（地籍調査）,2,給料,2,0,21職員給料,,,,,6012600,H30決算書p41
2018,2,総務費,7,国土調査費,1,地籍調査費,一般職人事管理経費（地籍調査）,2,給料,3,1,21職員給料,01一般職員給料,,,,6012600,H30決算書p41
2018,2,総務費,7,国土調査費,1,地籍調査費,一般職人事管理経費（地籍調査）,3,職員手当等,1,0,,,,,,2942287,H30決算書p41
2018,2,総務費,7,国土調査費,1,地籍調査費,一般職人事管理経費（地籍調査）,3,職員手当等,2,1,21職員手当等,,,,,2942287,H30決算書p41
2018,2,総務費,7,国土調査費,1,地籍調査費,一般職人事管理経費（地籍調査）,4,共済費,1,0,,,,,,1864025,H30決算書p41
2018,2,総務費,7,国土調査費,1,地籍調査費,一般職人事管理経費（地籍調査）,4,共済費,2,0,31一般職共済費,,,,,1864025,H30決算書p41
2018,2,総務費,7,国土調査費,1,地籍調査費,一般職人事管理経費（地籍調査）,4,共済費,3,1,31一般職共済費,01地方公務員共済組合等負担金,,,,1864025,H30決算書p41
2018,6,農林水産業費,1,農業費,1,農業委員会費,農業委員会運営経費,,,0,0,,,,,,2752642,H30決算書pNone
2018,6,農林水産業費,1,農業費,1,農業委員会費,農業委員会運営経費,1,報酬,1,0,,,,,,2146000,H30決算書pNone
2018,6,農林水産業費,1,農業費,1,農業委員会費,農業委員会運営経費,1,報酬,2,0,11委員報酬,,,,,2146000,H30決算書pNone
2018,6,農林水産業費,1,農業費,1,農業委員会費,農業委員会運営経費,1,報酬,3,1,11委員報酬,01農業委員報酬,,,,1708000,H30決算書pNone
2018,6,農林水産業費,1,農業費,1,農業委員会費,農業委員会運営経費,1,報酬,3,1,11委員報酬,02農地利用最適化推進委員報酬,,,,438000,H30決算書pNone
2018,6,農林水産業費,1,農業費,1,農業委員会費,農業委員会運営経費,7,賃金,1,0,,,,,,409300,H30決算書pNone
2018,6,農林水産業費,1,農業費,1,農業委員会費,農業委員会運営経費,7,賃金,2,0,21委員賃金,,,,,409300,H30決算書pNone
2018,6,農林水産業費,1,農業費,1,農業委員会費,農業委員会運営経費,7,賃金,3,1,21委員賃金,03農地利用状況調査員賃金,,,,159600,H30決算書pNone
2018,6,農林水産業費,1,農業費,1,農業委員会費,農業委員会運営経費,7,賃金,3,1,21委員賃金,04機構集積支援事業賃金,,,,249700,H30決算書pNone
2018,6,農林水産業費,1,農業費,1,農業委員会費,農業委員会運営経費,9,旅費,1,0,,,,,,7800,H30決算書pNone
2018,6,農林水産業費,1,農業費,1,農業委員会費,農業委員会運営経費,9,旅費,2,0,21委員旅費,,,,,7800,H30決算書pNone
2018,6,農林水産業費,1,農業費,1,農業委員会費,農業委員会運営経費,9,旅費,3,1,21委員旅費,01委員旅費,,,,7800,H30決算書pNone
2018,6,農林水産業費,1,農業費,1,農業委員会費,農業委員会運営経費,11,需用費,1,0,,,,,,66153,H30決算書pNone
2018,6,農林水産業費,1,農業費,1,農業委員会費,農業委員会運営経費,11,需用費,2,0,01消耗品,,,,,66153,H30決算書pNone
2018,6,農林水産業費,1,農業費,1,農業委員会費,農業委員会運営経費,11,需用費,3,1,01消耗品,01消耗品,,,,55965,H30決算書pNone
2018,6,農林水産業費,1,農業費,1,農業委員会費,農業委員会運営経費,11,需用費,3,1,01消耗品,02図書購入費,,,,10188,H30決算書pNone
2018,6,農林水産業費,1,農業費,1,農業委員会費,農業委員会運営経費,12,役務費,1,0,,,,,,10649,H30決算書pNone
2018,6,農林水産業費,1,農業費,1,農業委員会費,農業委員会運営経費,12,役務費,2,0,01通信運搬費,,,,,1649,H30決算書pNone
2018,6,農林水産業費,1,農業費,1,農業委員会費,農業委員会運営経費,12,役務費,3,1,01通信運搬費,01郵便料,,,,1649,H30決算書pNone
2018,6,農林水産業費,1,農業費,1,農業委員会費,農業委員会運営経費,12,役務費,2,0,41損害保険料,,,,,9000,H30決算書pNone
2018,6,農林水産業費,1,農業費,1,農業委員会費,農業委員会運営経費,12,役務費,3,1,41損害保険料,01農業委員会公務災害保険料,,,,9000,H30決算書pNone
2018,6,農林水産業費,1,農業費,1,農業委員会費,農業委員会運営経費,19,負担金補助及び交付金,1,0,,,,,,112740,H30決算書pNone
2018,6,農林水産業費,1,農業費,1,農業委員会費,農業委員会運営経費,19,負担金補助及び交付金,2,0,21負担金,,,,,112740,H30決算書pNone
2018,6,農林水産業費,1,農業費,1,農業委員会費,農業委員会運営経費,19,負担金補助及び交付金,3,1,21負担金,01飯伊農業委員会協議会負担金,,,,32000,H30決算書pNone
2018,6,農林水産業費,1,農業費,1,農業委員会費,農業委員会運営経費,19,負担金補助及び交付金,3,1,21負担金,02長野県農業会議負担金,,,,42000,H30決算書pNone
2018,6,農林水産業費,1,農業費,1,農業委員会費,農業委員会運営経費,19,負担金補助及び交付金,3,1,21負担金,03北部ブロック農業委員会負担金,,,,24240,H30決算書pNone
2018,6,農林水産業費,1,農業費,1,農業委員会費,農業委員会運営経費,19,負担金補助及び交付金,3,1,21負担金,05研修会負担金,,,,1500,H30決算書pNone
2018,6,農林水産業費,1,農業費,1,農業委員会費,農業委員会運営経費,19,負担金補助及び交付金,3,1,21負担金,06土地情報管理センター負担金,,,,13000,H30決算書pNone
2018,6,農林水産業費,1,農業費,2,農業総務費,農業総務一般経費,,,0,0,,,,,,1495223,H30決算書pNone
2018,6,農林水産業費,1,農業費,2,農業総務費,農業総務一般経費,11,需用費,1,0,,,,,,150603,H30決算書pNone
2018,6,農林水産業費,1,農業費,2,農業総務費,農業総務一般経費,11,需用費,2,0,01消耗品,,,,,13580,H30決算書p59
2018,6,農林水産業費,1,農業費,2,農業総務費,農業総務一般経費,11,需用費,3,1,01消耗品,02図書購入費,,,,13580,H30決算書p59
2018,6,農林水産業費,1,農業費,2,農業総務費,農業総務一般経費,11,需用費,2,0,11燃料費,,,,,119214,H30決算書p59
2018,6,農林水産業費,1,農業費,2,農業総務費,農業総務一般経費,11,需用費,3,1,11燃料費,01公用車燃料費,,,,119214,H30決算書p59
2018,6,農林水産業費,1,農業費,2,農業総務費,農業総務一般経費,11,需用費,2,0,51修繕費,,,,,17809,H30決算書p59
2018,6,農林水産業費,1,農業費,2,農業総務費,農業総務一般経費,11,需用費,3,1,51修繕費,01公用車修繕費,,,,17809,H30決算書p59
2018,6,農林水産業費,1,農業費,2,農業総務費,農業総務一般経費,12,役務費,1,0,,,,,,22090,H30決算書p59
2018,6,農林水産業費,1,農業費,2,農業総務費,農業総務一般経費,12,役務費,2,0,41損害保険料,,,,,22090,H30決算書p59
2018,6,農林水産業費,1,農業費,2,農業総務費,農業総務一般経費,12,役務費,3,1,41損害保険料,01公用車共済保険料,,,,22090,H30決算書p59
2018,6,農林水産業費,1,農業費,2,農業総務費,農業総務一般経費,18,備品購入費,1,0,,,,,,1267000,H30決算書p59
2018,6,農林水産業費,1,農業費,2,農業総務費,農業総務一般経費,18,備品購入費,2,0,01備品購入費,,,,,1267000,H30決算書p59
2018,6,農林水産業費,1,農業費,2,農業総務費,農業総務一般経費,18,備品購入費,3,1,01備品購入費,01公用車購入費,,,,1267000,H30決算書p59
2018,6,農林水産業費,1,農業費,2,農業総務費,農業総務一般経費,19,負担金補助及び交付金,1,0,,,,,,55530,H30決算書p59
2018,6,農林水産業費,1,農業費,2,農業総務費,農業総務一般経費,19,負担金補助及び交付金,2,0,21負担金,,,,,55530,H30決算書p59
2018,6,農林水産業費,1,農業費,2,農業総務費,農業総務一般経費,19,負担金補助及び交付金,3,1,21負担金,01飯伊農業振興協議会負担金,,,,18000,H30決算書p59
2018,6,農林水産業費,1,農業費,2,農業総務費,農業総務一般経費,19,負担金補助及び交付金,3,1,21負担金,02北部農業改良普及協議会負担金,,,,17530,H30決算書p59
2018,6,農林水産業費,1,農業費,2,農業総務費,農業総務一般経費,19,負担金補助及び交付金,3,1,21負担金,04伊那谷アグリイノベーション推進機構負担金,,,,20000,H30決算書p59
2018,6,農林水産業費,1,農業費,2,農業総務費,一般職人事管理経費（農務）,,,0,0,,,,,,26031177,H30決算書p59
2018,6,農林水産業費,1,農業費,2,農業総務費,一般職人事管理経費（農務）,2,給料,1,0,,,,,,14459100,H30決算書p59
2018,6,農林水産業費,1,農業費,2,農業総務費,一般職人事管理経費（農務）,2,給料,2,0,21職員給料,,,,,14459100,H30決算書p59
2018,6,農林水産業費,1,農業費,2,農業総務費,一般職人事管理経費（農務）,2,給料,3,1,21職員給料,01一般職員給料,,,,14459100,H30決算書p59
2018,6,農林水産業費,1,農業費,2,農業総務費,一般職人事管理経費（農務）,3,職員手当等,1,0,,,,,,7042634,H30決算書p59
2018,6,農林水産業費,1,農業費,2,農業総務費,一般職人事管理経費（農務）,3,職員手当等,2,1,21職員手当等,,,,,7042634,H30決算書p59
2018,6,農林水産業費,1,農業費,2,農業総務費,一般職人事管理経費（農務）,4,共済費,1,0,,,,,,4529443,H30決算書p59
2018,6,農林水産業費,1,農業費,2,農業総務費,一般職人事管理経費（農務）,4,共済費,2,0,31一般職共済費,,,,,4529443,H30決算書p59
2018,6,農林水産業費,1,農業費,2,農業総務費,一般職人事管理経費（農務）,4,共済費,3,1,31一般職共済費,01地方公務員共済組合等負担金,,,,4529443,H30決算書p59
2018,6,農林水産業費,1,農業費,3,農業振興費,農業振興一般経費,,,0,0,,,,,,9106608,H30決算書pNone
2018,6,農林水産業費,1,農業費,3,農業振興費,農業振興一般経費,11,需用費,1,0,,,,,,40000,H30決算書pNone
2018,6,農林水産業費,1,農業費,3,農業振興費,農業振興一般経費,11,需用費,2,0,01消耗品,,,,,40000,H30決算書pNone
2018,6,農林水産業費,1,農業費,3,農業振興費,農業振興一般経費,11,需用費,3,1,01消耗品,01消耗品,,,,40000,H30決算書pNone
2018,6,農林水産業費,1,農業費,3,農業振興費,農業振興一般経費,14,使用料及び賃借料,1,0,,,,,,14168,H30決算書pNone
2018,6,農林水産業費,1,農業費,3,農業振興費,農業振興一般経費,14,使用料及び賃借料,2,0,11土地賃借料,,,,,14168,H30決算書pNone
2018,6,農林水産業費,1,農業費,3,農業振興費,農業振興一般経費,14,使用料及び賃借料,3,1,11土地賃借料,01農地賃借料,,,,14168,H30決算書pNone
2018,6,農林水産業費,1,農業費,3,農業振興費,農業振興一般経費,18,備品購入費,1,0,,,,,,3040000,H30決算書pNone
2018,6,農林水産業費,1,農業費,3,農業振興費,農業振興一般経費,18,備品購入費,2,0,01備品購入費,,,,,3040000,H30決算書pNone
2018,6,農林水産業費,1,農業費,3,農業振興費,農業振興一般経費,18,備品購入費,3,1,01備品購入費,03そば用収穫機械購入費,,,,3040000,H30決算書pNone
2018,6,農林水産業費,1,農業費,3,農業振興費,農業振興一般経費,19,負担金補助及び交付金,1,0,,,,,,6012440,H30決算書pNone
2018,6,農林水産業費,1,農業費,3,農業振興費,農業振興一般経費,19,負担金補助及び交付金,2,0,51補助金,,,,,6012440,H30決算書pNone
2018,6,農林水産業費,1,農業費,3,農業振興費,農業振興一般経費,19,負担金補助及び交付金,3,1,51補助金,01獣害防止施設設置補助金,,,,5178000,H30決算書pNone
2018,6,農林水産業費,1,農業費,3,農業振興費,農業振興一般経費,19,負担金補助及び交付金,3,1,51補助金,04ふるさと保全活動補助金,,,,32013,H30決算書pNone
2018,6,農林水産業費,1,農業費,3,農業振興費,農業振興一般経費,19,負担金補助及び交付金,3,1,51補助金,05農業文化祭補助金,,,,200000,H30決算書pNone
2018,6,農林水産業費,1,農業費,3,農業振興費,農業振興一般経費,19,負担金補助及び交付金,3,1,51補助金,10地産地消支援事業補助金,,,,20160,H30決算書pNone
2018,6,農林水産業費,1,農業費,3,農業振興費,農業振興一般経費,19,負担金補助及び交付金,3,1,51補助金,13地域活性化事業補助金,,,,33267,H30決算書p60
2018,6,農林水産業費,1,農業費,3,農業振興費,農業振興一般経費,19,負担金補助及び交付金,3,1,51補助金,17経営体育成支援事業補助金,,,,549000,H30決算書p60
2018,6,農林水産業費,1,農業費,3,農業振興費,経営所得安定対策事業,,,0,0,,,,,,97397,H30決算書p60
2018,6,農林水産業費,1,農業費,3,農業振興費,経営所得安定対策事業,7,賃金,1,0,,,,,,77400,H30決算書p60
2018,6,農林水産業費,1,農業費,3,農業振興費,経営所得安定対策事業,7,賃金,2,0,21委員賃金,,,,,77400,H30決算書p60
2018,6,農林水産業費,1,農業費,3,農業振興費,経営所得安定対策事業,7,賃金,3,1,21委員賃金,01水田農業推進協議会賃金,,,,38700,H30決算書p60
2018,6,農林水産業費,1,農業費,3,農業振興費,経営所得安定対策事業,7,賃金,3,1,21委員賃金,02現地確認調査員賃金,,,,38700,H30決算書p60
2018,6,農林水産業費,1,農業費,3,農業振興費,経営所得安定対策事業,11,需用費,1,0,,,,,,6392,H30決算書p60
2018,6,農林水産業費,1,農業費,3,農業振興費,経営所得安定対策事業,11,需用費,2,0,01消耗品,,,,,6392,H30決算書p60
2018,6,農林水産業費,1,農業費,3,農業振興費,経営所得安定対策事業,11,需用費,3,1,01消耗品,01消耗品,,,,6392,H30決算書p60
2018,6,農林水産業費,1,農業費,3,農業振興費,経営所得安定対策事業,12,役務費,1,0,,,,,,13605,H30決算書p60
2018,6,農林水産業費,1,農業費,3,農業振興費,経営所得安定対策事業,12,役務費,2,0,01通信運搬費,,,,,13605,H30決算書p60
2018,6,農林水産業費,1,農業費,3,農業振興費,経営所得安定対策事業,12,役務費,3,1,01通信運搬費,01郵便料,,,,13605,H30決算書p60
2018,6,農林水産業費,1,農業費,3,農業振興費,有害鳥獣駆除関係経費,,,0,0,,,,,,3577524,H30決算書p60
2018,6,農林水産業費,1,農業費,3,農業振興費,有害鳥獣駆除関係経費,8,報償費,1,0,,,,,,3494500,H30決算書p60
2018,6,農林水産業費,1,農業費,3,農業振興費,有害鳥獣駆除関係経費,8,報償費,2,0,01謝金,,,,,15500,H30決算書p60
2018,6,農林水産業費,1,農業費,3,農業振興費,有害鳥獣駆除関係経費,8,報償費,3,1,01謝金,01有害鳥獣駆除謝金,,,,15500,H30決算書p60
2018,6,農林水産業費,1,農業費,3,農業振興費,有害鳥獣駆除関係経費,8,報償費,2,0,21買上金,,,,,3479000,H30決算書p60
2018,6,農林水産業費,1,農業費,3,農業振興費,有害鳥獣駆除関係経費,8,報償費,3,1,21買上金,01有害鳥獣駆除報償,,,,3479000,H30決算書p60
2018,6,農林水産業費,1,農業費,3,農業振興費,有害鳥獣駆除関係経費,11,需用費,1,0,,,,,,3024,H30決算書p60
2018,6,農林水産業費,1,農業費,3,農業振興費,有害鳥獣駆除関係経費,11,需用費,2,0,01消耗品,,,,,3024,H30決算書p60
2018,6,農林水産業費,1,農業費,3,農業振興費,有害鳥獣駆除関係経費,11,需用費,3,1,01消耗品,01鳥獣害防止施設資材代,,,,3024,H30決算書p60
2018,6,農林水産業費,1,農業費,3,農業振興費,有害鳥獣駆除関係経費,13,委託料,1,0,,,,,,80000,H30決算書p60
2018,6,農林水産業費,1,農業費,3,農業振興費,有害鳥獣駆除関係経費,13,委託料,2,0,21保守管理委託料,,,,,80000,H30決算書p60
2018,6,農林水産業費,1,農業費,3,農業振興費,有害鳥獣駆除関係経費,13,委託料,3,1,21保守管理委託料,01有害鳥獣捕獲檻管理委託料,,,,80000,H30決算書p60
2018,6,農林水産業費,1,農業費,3,農業振興費,特産農産物生産振興事業,,,0,0,,,,,,190600,H30決算書p60
2018,6,農林水産業費,1,農業費,3,農業振興費,特産農産物生産振興事業,19,負担金補助及び交付金,1,0,,,,,,190600,H30決算書p60
2018,6,農林水産業費,1,農業費,3,農業振興費,特産農産物生産振興事業,19,負担金補助及び交付金,2,0,51補助金,,,,,190600,H30決算書p60
2018,6,農林水産業費,1,農業費,3,農業振興費,特産農産物生産振興事業,19,負担金補助及び交付金,3,1,51補助金,01大豆価格安定事業補助金,,,,105600,H30決算書p60
2018,6,農林水産業費,1,農業費,3,農業振興費,特産農産物生産振興事業,19,負担金補助及び交付金,3,1,51補助金,02特産農産物生産振興補助金,,,,85000,H30決算書p60
2018,6,農林水産業費,1,農業費,3,農業振興費,人・農地プラン推進事業,,,0,0,,,,,,47300,H30決算書p60
2018,6,農林水産業費,1,農業費,3,農業振興費,人・農地プラン推進事業,7,賃金,1,0,,,,,,47300,H30決算書p60
2018,6,農林水産業費,1,農業費,3,農業振興費,人・農地プラン推進事業,7,賃金,2,0,21委員賃金,,,,,47300,H30決算書p60
2018,6,農林水産業費,1,農業費,3,農業振興費,人・農地プラン推進事業,7,賃金,3,1,21委員賃金,01人・農地推進賃金,,,,47300,H30決算書p60
2018,6,農林水産業費,1,農業費,3,農業振興費,新規就農者経営支援事業,,,0,0,,,,,,2250000,H30決算書p60
2018,6,農林水産業費,1,農業費,3,農業振興費,新規就農者経営支援事業,19,負担金補助及び交付金,1,0,,,,,,2250000,H30決算書p60
2018,6,農林水産業費,1,農業費,3,農業振興費,新規就農者経営支援事業,19,負担金補助及び交付金,2,0,51補助金,,,,,2250000,H30決算書p60
2018,6,農林水産業費,1,農業費,3,農業振興費,新規就農者経営支援事業,19,負担金補助及び交付金,3,1,51補助金,01青年就農給付金,,,,2250000,H30決算書p60
2018,6,農林水産業費,1,農業費,3,農業振興費,地域ブランド推進事業,,,0,0,,,,,,1894031,H30決算書p60
2018,6,農林水産業費,1,農業費,3,農業振興費,地域ブランド推進事業,7,賃金,1,0,,,,,,85300,H30決算書p60
2018,6,農林水産業費,1,農業費,3,農業振興費,地域ブランド推進事業,7,賃金,2,0,21委員賃金,,,,,51700,H30決算書p60
2018,6,農林水産業費,1,農業費,3,農業振興費,地域ブランド推進事業,7,賃金,3,1,21委員賃金,01地域ブランド協議会賃金,,,,51700,H30決算書p60
2018,6,農林水産業費,1,農業費,3,農業振興費,地域ブランド推進事業,7,賃金,2,0,31作業員賃金,,,,,33600,H30決算書p60
2018,6,農林水産業費,1,農業費,3,農業振興費,地域ブランド推進事業,7,賃金,3,1,31作業員賃金,01運転手賃金,,,,33600,H30決算書p60
2018,6,農林水産業費,1,農業費,3,農業振興費,地域ブランド推進事業,11,需用費,1,0,,,,,,1199811,H30決算書p60
2018,6,農林水産業費,1,農業費,3,農業振興費,地域ブランド推進事業,11,需用費,2,0,01消耗品,,,,,514011,H30決算書p60
2018,6,農林水産業費,1,農業費,3,農業振興費,地域ブランド推進事業,11,需用費,3,1,01消耗品,01消耗品,,,,514011,H30決算書p60
2018,6,農林水産業費,1,農業費,3,農業振興費,地域ブランド推進事業,11,需用費,2,0,31印刷製本費,,,,,685800,H30決算書p60
2018,6,農林水産業費,1,農業費,3,農業振興費,地域ブランド推進事業,11,需用費,3,1,31印刷製本費,01ロゴマーク印刷費,,,,685800,H30決算書p60
2018,6,農林水産業費,1,農業費,3,農業振興費,地域ブランド推進事業,14,使用料及び賃借料,1,0,,,,,,458920,H30決算書p60
2018,6,農林水産業費,1,農業費,3,農業振興費,地域ブランド推進事業,14,使用料及び賃借料,2,0,01使用料・借上料,,,,,458920,H30決算書p60
2018,6,農林水産業費,1,農業費,3,農業振興費,地域ブランド推進事業,14,使用料及び賃借料,3,1,01使用料・借上料,01物産展機材借上料,,,,165240,H30決算書p60
2018,6,農林水産業費,1,農業費,3,農業振興費,地域ブランド推進事業,14,使用料及び賃借料,3,1,01使用料・借上料,02駐車場使用料,,,,17200,H30決算書p60
2018,6,農林水産業費,1,農業費,3,農業振興費,地域ブランド推進事業,14,使用料及び賃借料,3,1,01使用料・借上料,03物産展会場使用料,,,,276480,H30決算書p60
2018,6,農林水産業費,1,農業費,3,農業振興費,地域ブランド推進事業,19,負担金補助及び交付金,1,0,,,,,,150000,H30決算書p60
2018,6,農林水産業費,1,農業費,3,農業振興費,地域ブランド推進事業,19,負担金補助及び交付金,2,0,51補助金,,,,,150000,H30決算書p60
2018,6,農林水産業費,1,農業費,3,農業振興費,地域ブランド推進事業,19,負担金補助及び交付金,3,1,51補助金,02お墨付き商品支援補助金,,,,150000,H30決算書p60
2018,6,農林水産業費,1,農業費,3,農業振興費,営農支援センター運営費,,,0,0,,,,,,970100,H30決算書p60
2018,6,農林水産業費,1,農業費,3,農業振興費,営農支援センター運営費,7,賃金,1,0,,,,,,940100,H30決算書p60
2018,6,農林水産業費,1,農業費,3,農業振興費,営農支援センター運営費,7,賃金,2,0,11臨時職員賃金,,,,,940100,H30決算書p60
2018,6,農林水産業費,1,農業費,3,農業振興費,営農支援センター運営費,7,賃金,3,1,11臨時職員賃金,01地域連携推進員賃金,,,,940100,H30決算書p60
2018,6,農林水産業費,1,農業費,3,農業振興費,営農支援センター運営費,11,需用費,1,0,,,,,,30000,H30決算書p60
2018,6,農林水産業費,1,農業費,3,農業振興費,営農支援センター運営費,11,需用費,2,0,01消耗品,,,,,30000,H30決算書p60
2018,6,農林水産業費,1,農業費,3,農業振興費,営農支援センター運営費,11,需用費,3,1,01消耗品,01消耗品,,,,30000,H30決算書p60
2018,6,農林水産業費,1,農業費,4,畜産業費,家畜診療施設運営経費,,,0,0,,,,,,1145043,H30決算書pNone
2018,6,農林水産業費,1,農業費,4,畜産業費,家畜診療施設運営経費,11,需用費,1,0,,,,,,185043,H30決算書pNone
2018,6,農林水産業費,1,農業費,4,畜産業費,家畜診療施設運営経費,11,需用費,2,0,11燃料費,,,,,185043,H30決算書pNone
2018,6,農林水産業費,1,農業費,4,畜産業費,家畜診療施設運営経費,11,需用費,3,1,11燃料費,01家畜診療燃料費,,,,185043,H30決算書pNone
2018,6,農林水産業費,1,農業費,4,畜産業費,家畜診療施設運営経費,13,委託料,1,0,,,,,,960000,H30決算書pNone
2018,6,農林水産業費,1,農業費,4,畜産業費,家畜診療施設運営経費,13,委託料,2,0,51業務委託料,,,,,960000,H30決算書pNone
2018,6,農林水産業費,1,農業費,4,畜産業費,家畜診療施設運営経費,13,委託料,3,1,51業務委託料,01家畜診療委託料,,,,960000,H30決算書pNone
2018,6,農林水産業費,1,農業費,5,畜産振興費,畜産振興経費,,,0,0,,,,,,660960,H30決算書pNone
2018,6,農林水産業費,1,農業費,5,畜産振興費,畜産振興経費,15,工事請負費,1,0,,,,,,660960,H30決算書pNone
2018,6,農林水産業費,1,農業費,5,畜産振興費,畜産振興経費,15,工事請負費,2,0,31単独事業,,,,,660960,H30決算書pNone
2018,6,農林水産業費,1,農業費,5,畜産振興費,畜産振興経費,15,工事請負費,3,1,31単独事業,01防護柵設置工事,,,,660960,H30決算書pNone
2018,6,農林水産業費,1,農業費,6,農地費,農地費一般経費,,,0,0,,,,,,13669116,H30決算書pNone
2018,6,農林水産業費,1,農業費,6,農地費,農地費一般経費,13,委託料,1,0,,,,,,810000,H30決算書pNone
2018,6,農林水産業費,1,農業費,6,農地費,農地費一般経費,13,委託料,2,0,71調査・設計・監理委託料,,,,,810000,H30決算書pNone
2018,6,農林水産業費,1,農業費,6,農地費,農地費一般経費,13,委託料,3,1,71調査・設計・監理委託料,02単独事業設計・監理委託料,,,,810000,H30決算書pNone
2018,6,農林水産業費,1,農業費,6,農地費,農地費一般経費,14,使用料及び賃借料,1,0,,,,,,187068,H30決算書pNone
2018,6,農林水産業費,1,農業費,6,農地費,農地費一般経費,14,使用料及び賃借料,2,0,01使用料・借上料,,,,,187068,H30決算書pNone
2018,6,農林水産業費,1,農業費,6,農地費,農地費一般経費,14,使用料及び賃借料,3,1,01使用料・借上料,01土地賃借料,,,,187068,H30決算書p62
2018,6,農林水産業費,1,農業費,6,農地費,農地費一般経費,15,工事請負費,1,0,,,,,,12542364,H30決算書p62
2018,6,農林水産業費,1,農業費,6,農地費,農地費一般経費,15,工事請負費,2,0,31単独事業,,,,,9493200,H30決算書p62
2018,6,農林水産業費,1,農業費,6,農地費,農地費一般経費,15,工事請負費,3,1,31単独事業,04農道改良工事（明許繰越）,,,,9493200,H30決算書p62
2018,6,農林水産業費,1,農業費,6,農地費,農地費一般経費,15,工事請負費,2,0,32維持・修繕工事,,,,,3049164,H30決算書p62
2018,6,農林水産業費,1,農業費,6,農地費,農地費一般経費,15,工事請負費,3,1,32維持・修繕工事,01農地維持工事,,,,3049164,H30決算書p62
2018,6,農林水産業費,1,農業費,6,農地費,農地費一般経費,16,原材料費,1,0,,,,,,74484,H30決算書p62
2018,6,農林水産業費,1,農業費,6,農地費,農地費一般経費,16,原材料費,2,0,01原材料費,,,,,74484,H30決算書p62
2018,6,農林水産業費,1,農業費,6,農地費,農地費一般経費,16,原材料費,3,1,01原材料費,02土地改良用資材代,,,,74484,H30決算書p62
2018,6,農林水産業費,1,農業費,6,農地費,農地費一般経費,19,負担金補助及び交付金,1,0,,,,,,55200,H30決算書p62
2018,6,農林水産業費,1,農業費,6,農地費,農地費一般経費,19,負担金補助及び交付金,2,0,21負担金,,,,,55200,H30決算書p62
2018,6,農林水産業費,1,農業費,6,農地費,農地費一般経費,19,負担金補助及び交付金,3,1,21負担金,01長土連市町村割賦課金,,,,55200,H30決算書p62
2018,6,農林水産業費,1,農業費,7,農業振興地域整備促進事業費,農業振興地域整備促進事業,,,0,0,,,,,,47300,H30決算書pNone
2018,6,農林水産業費,1,農業費,7,農業振興地域整備促進事業費,農業振興地域整備促進事業,7,賃金,1,0,,,,,,47300,H30決算書pNone
2018,6,農林水産業費,1,農業費,7,農業振興地域整備促進事業費,農業振興地域整備促進事業,7,賃金,2,0,21委員賃金,,,,,47300,H30決算書pNone
2018,6,農林水産業費,1,農業費,7,農業振興地域整備促進事業費,農業振興地域整備促進事業,7,賃金,3,1,21委員賃金,01農振整備促進協議会賃金,,,,47300,H30決算書pNone
2018,6,農林水産業費,1,農業費,20,地域おこし協力隊事業,地域おこし協力隊事業,,,0,0,,,,,,923569,H30決算書pNone
2018,6,農林水産業費,1,農業費,20,地域おこし協力隊事業,地域おこし協力隊事業,7,賃金,1,0,,,,,,800000,H30決算書pNone
2018,6,農林水産業費,1,農業費,20,地域おこし協力隊事業,地域おこし協力隊事業,7,賃金,2,0,11臨時職員賃金,,,,,800000,H30決算書pNone
2018,6,農林水産業費,1,農業費,20,地域おこし協力隊事業,地域おこし協力隊事業,7,賃金,3,1,11臨時職員賃金,01地域おこし協力隊賃金,,,,800000,H30決算書pNone
2018,6,農林水産業費,1,農業費,20,地域おこし協力隊事業,地域おこし協力隊事業,11,需用費,1,0,,,,,,27417,H30決算書pNone
2018,6,農林水産業費,1,農業費,20,地域おこし協力隊事業,地域おこし協力隊事業,11,需用費,2,0,11燃料費,,,,,9112,H30決算書pNone
2018,6,農林水産業費,1,農業費,20,地域おこし協力隊事業,地域おこし協力隊事業,11,需用費,3,1,11燃料費,01公用車燃料代,,,,9112,H30決算書pNone
2018,6,農林水産業費,1,農業費,20,地域おこし協力隊事業,地域おこし協力隊事業,11,需用費,2,0,51修繕費,,,,,18305,H30決算書pNone
2018,6,農林水産業費,1,農業費,20,地域おこし協力隊事業,地域おこし協力隊事業,11,需用費,3,1,51修繕費,02公用車修繕費,,,,18305,H30決算書pNone
2018,6,農林水産業費,1,農業費,20,地域おこし協力隊事業,地域おこし協力隊事業,12,役務費,1,0,,,,,,19040,H30決算書pNone
2018,6,農林水産業費,1,農業費,20,地域おこし協力隊事業,地域おこし協力隊事業,12,役務費,2,0,41損害保険料,,,,,19040,H30決算書pNone
2018,6,農林水産業費,1,農業費,20,地域おこし協力隊事業,地域おこし協力隊事業,12,役務費,3,1,41損害保険料,01公用車共済保険料,,,,19040,H30決算書pNone
2018,6,農林水産業費,1,農業費,20,地域おこし協力隊事業,地域おこし協力隊事業,14,使用料及び賃借料,1,0,,,,,,77112,H30決算書pNone
2018,6,農林水産業費,1,農業費,20,地域おこし協力隊事業,地域おこし協力隊事業,14,使用料及び賃借料,2,0,01使用料・借上料,,,,,77112,H30決算書pNone
2018,6,農林水産業費,1,農業費,20,地域おこし協力隊事業,地域おこし協力隊事業,14,使用料及び賃借料,3,1,01使用料・借上料,05自動車リース料,,,,77112,H30決算書pNone
2018,6,農林水産業費,1,農業費,21,日本型直接支払事業,日本型直接支払制度,,,0,0,,,,,,5608522,H30決算書pNone
2018,6,農林水産業費,1,農業費,21,日本型直接支払事業,日本型直接支払制度,7,賃金,1,0,,,,,,358400,H30決算書pNone
2018,6,農林水産業費,1,農業費,21,日本型直接支払事業,日本型直接支払制度,7,賃金,2,0,41事業賃金,,,,,358400,H30決算書pNone
2018,6,農林水産業費,1,農業費,21,日本型直接支払事業,日本型直接支払制度,7,賃金,3,1,41事業賃金,01中山間地域直接支払賃金,,,,158300,H30決算書pNone
2018,6,農林水産業費,1,農業費,21,日本型直接支払事業,日本型直接支払制度,7,賃金,3,1,41事業賃金,02多面的機能支払賃金,,,,200100,H30決算書pNone
2018,6,農林水産業費,1,農業費,21,日本型直接支払事業,日本型直接支払制度,11,需用費,1,0,,,,,,92161,H30決算書pNone
2018,6,農林水産業費,1,農業費,21,日本型直接支払事業,日本型直接支払制度,11,需用費,2,0,01消耗品,,,,,92161,H30決算書pNone
2018,6,農林水産業費,1,農業費,21,日本型直接支払事業,日本型直接支払制度,11,需用費,3,1,01消耗品,01中山間直払消耗品,,,,51170,H30決算書pNone
2018,6,農林水産業費,1,農業費,21,日本型直接支払事業,日本型直接支払制度,11,需用費,3,1,01消耗品,02多面的機能消耗品,,,,40991,H30決算書pNone
2018,6,農林水産業費,1,農業費,21,日本型直接支払事業,日本型直接支払制度,12,役務費,1,0,,,,,,8000,H30決算書pNone
2018,6,農林水産業費,1,農業費,21,日本型直接支払事業,日本型直接支払制度,12,役務費,2,0,01通信運搬費,,,,,8000,H30決算書pNone
2018,6,農林水産業費,1,農業費,21,日本型直接支払事業,日本型直接支払制度,12,役務費,3,1,01通信運搬費,01中山間直払郵便料,,,,4000,H30決算書p63
2018,6,農林水産業費,1,農業費,21,日本型直接支払事業,日本型直接支払制度,12,役務費,3,1,01通信運搬費,02多面的機能郵便料,,,,4000,H30決算書p63
2018,6,農林水産業費,1,農業費,21,日本型直接支払事業,日本型直接支払制度,19,負担金補助及び交付金,1,0,,,,,,5149961,H30決算書p63
2018,6,農林水産業費,1,農業費,21,日本型直接支払事業,日本型直接支払制度,19,負担金補助及び交付金,2,0,71交付金,,,,,5149961,H30決算書p63
2018,6,農林水産業費,1,農業費,21,日本型直接支払事業,日本型直接支払制度,19,負担金補助及び交付金,3,1,71交付金,01中山間地域等直接支払交付金,,,,4003469,H30決算書p63
2018,6,農林水産業費,1,農業費,21,日本型直接支払事業,日本型直接支払制度,19,負担金補助及び交付金,3,1,71交付金,02多面的機能支払交付金,,,,1146492,H30決算書p63
2018,6,農林水産業費,2,林業費,1,林業総務費,林業総務一般経費,,,0,0,,,,,,563471,H30決算書pNone
2018,6,農林水産業費,2,林業費,1,林業総務費,林業総務一般経費,1,報酬,1,0,,,,,,11700,H30決算書pNone
2018,6,農林水産業費,2,林業費,1,林業総務費,林業総務一般経費,1,報酬,2,0,11委員報酬,,,,,11700,H30決算書pNone
2018,6,農林水産業費,2,林業費,1,林業総務費,林業総務一般経費,1,報酬,3,1,11委員報酬,01林務委員報酬,,,,11700,H30決算書pNone
2018,6,農林水産業費,2,林業費,1,林業総務費,林業総務一般経費,19,負担金補助及び交付金,1,0,,,,,,551771,H30決算書pNone
2018,6,農林水産業費,2,林業費,1,林業総務費,林業総務一般経費,19,負担金補助及び交付金,2,0,21負担金,,,,,551771,H30決算書pNone
2018,6,農林水産業費,2,林業費,1,林業総務費,林業総務一般経費,19,負担金補助及び交付金,3,1,21負担金,01下伊那地区分収造林協議会負担金,,,,74371,H30決算書pNone
2018,6,農林水産業費,2,林業費,1,林業総務費,林業総務一般経費,19,負担金補助及び交付金,3,1,21負担金,03南信州特用林産振興会負担金,,,,10000,H30決算書pNone
2018,6,農林水産業費,2,林業費,1,林業総務費,林業総務一般経費,19,負担金補助及び交付金,3,1,21負担金,05下伊那山林協会負担金,,,,421400,H30決算書pNone
2018,6,農林水産業費,2,林業費,1,林業総務費,林業総務一般経費,19,負担金補助及び交付金,3,1,21負担金,06飯伊林業活性化協議会負担金,,,,33000,H30決算書pNone
2018,6,農林水産業費,2,林業費,1,林業総務費,林業総務一般経費,19,負担金補助及び交付金,3,1,21負担金,07長野県林業職員協会負担金,,,,3000,H30決算書pNone
2018,6,農林水産業費,2,林業費,1,林業総務費,林業総務一般経費,19,負担金補助及び交付金,3,1,21負担金,08長野県森林保全協議会負担金,,,,10000,H30決算書pNone
2018,6,農林水産業費,2,林業費,1,林業総務費,一般職人事管理経費（林務）,,,0,0,,,,,,7245818,H30決算書pNone
2018,6,農林水産業費,2,林業費,1,林業総務費,一般職人事管理経費（林務）,2,給料,1,0,,,,,,3694300,H30決算書pNone
2018,6,農林水産業費,2,林業費,1,林業総務費,一般職人事管理経費（林務）,2,給料,2,0,21職員給料,,,,,3694300,H30決算書pNone
2018,6,農林水産業費,2,林業費,1,林業総務費,一般職人事管理経費（林務）,2,給料,3,1,21職員給料,01一般職員給料,,,,3694300,H30決算書pNone
2018,6,農林水産業費,2,林業費,1,林業総務費,一般職人事管理経費（林務）,3,職員手当等,1,0,,,,,,2278221,H30決算書pNone
2018,6,農林水産業費,2,林業費,1,林業総務費,一般職人事管理経費（林務）,3,職員手当等,2,1,21職員手当等,,,,,2278221,H30決算書pNone
2018,6,農林水産業費,2,林業費,1,林業総務費,一般職人事管理経費（林務）,4,共済費,1,0,,,,,,1273297,H30決算書pNone
2018,6,農林水産業費,2,林業費,1,林業総務費,一般職人事管理経費（林務）,4,共済費,2,0,31一般職共済費,,,,,1273297,H30決算書pNone
2018,6,農林水産業費,2,林業費,1,林業総務費,一般職人事管理経費（林務）,4,共済費,3,1,31一般職共済費,01地方公務員共済組合等負担金,,,,1273297,H30決算書pNone
2018,6,農林水産業費,2,林業費,2,林業振興費,林業振興一般経費,,,0,0,,,,,,5314812,H30決算書pNone
2018,6,農林水産業費,2,林業費,2,林業振興費,林業振興一般経費,11,需用費,1,0,,,,,,555656,H30決算書pNone
2018,6,農林水産業費,2,林業費,2,林業振興費,林業振興一般経費,11,需用費,2,0,01消耗品,,,,,162598,H30決算書pNone
2018,6,農林水産業費,2,林業費,2,林業振興費,林業振興一般経費,11,需用費,3,1,01消耗品,01消耗品,,,,113958,H30決算書pNone
2018,6,農林水産業費,2,林業費,2,林業振興費,林業振興一般経費,11,需用費,3,1,01消耗品,07育林祭記念品,,,,30000,H30決算書pNone
2018,6,農林水産業費,2,林業費,2,林業振興費,林業振興一般経費,11,需用費,3,1,01消耗品,08環境緑化頒布用苗木代,,,,18640,H30決算書pNone
2018,6,農林水産業費,2,林業費,2,林業振興費,林業振興一般経費,11,需用費,2,0,41光熱水費,,,,,366944,H30決算書pNone
2018,6,農林水産業費,2,林業費,2,林業振興費,林業振興一般経費,11,需用費,3,1,41光熱水費,01電気料,,,,340042,H30決算書pNone
2018,6,農林水産業費,2,林業費,2,林業振興費,林業振興一般経費,11,需用費,3,1,41光熱水費,02ガス代,,,,26902,H30決算書pNone
2018,6,農林水産業費,2,林業費,2,林業振興費,林業振興一般経費,11,需用費,2,0,51修繕費,,,,,26114,H30決算書pNone
2018,6,農林水産業費,2,林業費,2,林業振興費,林業振興一般経費,11,需用費,3,1,51修繕費,01機械修繕費,,,,26114,H30決算書pNone
2018,6,農林水産業費,2,林業費,2,林業振興費,林業振興一般経費,12,役務費,1,0,,,,,,115005,H30決算書pNone
2018,6,農林水産業費,2,林業費,2,林業振興費,林業振興一般経費,12,役務費,2,0,01通信運搬費,,,,,77955,H30決算書pNone
2018,6,農林水産業費,2,林業費,2,林業振興費,林業振興一般経費,12,役務費,3,1,01通信運搬費,01電話料,,,,33891,H30決算書pNone
2018,6,農林水産業費,2,林業費,2,林業振興費,林業振興一般経費,12,役務費,3,1,01通信運搬費,02情報通信接続料,,,,44064,H30決算書p64
2018,6,農林水産業費,2,林業費,2,林業振興費,林業振興一般経費,12,役務費,2,0,21手数料,,,,,5000,H30決算書p64
2018,6,農林水産業費,2,林業費,2,林業振興費,林業振興一般経費,12,役務費,3,1,21手数料,01合併浄化槽検査手数料,,,,5000,H30決算書p64
2018,6,農林水産業費,2,林業費,2,林業振興費,林業振興一般経費,12,役務費,2,0,41損害保険料,,,,,32050,H30決算書p64
2018,6,農林水産業費,2,林業費,2,林業振興費,林業振興一般経費,12,役務費,3,1,41損害保険料,02施設利用者傷害保険料,,,,32050,H30決算書p64
2018,6,農林水産業費,2,林業費,2,林業振興費,林業振興一般経費,13,委託料,1,0,,,,,,3444571,H30決算書p64
2018,6,農林水産業費,2,林業費,2,林業振興費,林業振興一般経費,13,委託料,2,0,21保守管理委託料,,,,,49680,H30決算書p64
2018,6,農林水産業費,2,林業費,2,林業振興費,林業振興一般経費,13,委託料,3,1,21保守管理委託料,01合併浄化槽保守管理委託料,,,,49680,H30決算書p64
2018,6,農林水産業費,2,林業費,2,林業振興費,林業振興一般経費,13,委託料,2,0,51業務委託料,,,,,3394891,H30決算書p64
2018,6,農林水産業費,2,林業費,2,林業振興費,林業振興一般経費,13,委託料,3,1,51業務委託料,01製材委託料,,,,1599691,H30決算書p64
2018,6,農林水産業費,2,林業費,2,林業振興費,林業振興一般経費,13,委託料,3,1,51業務委託料,04木工館管理運営委託料,,,,1795200,H30決算書p64
2018,6,農林水産業費,2,林業費,2,林業振興費,林業振興一般経費,18,備品購入費,1,0,,,,,,843480,H30決算書p64
2018,6,農林水産業費,2,林業費,2,林業振興費,林業振興一般経費,18,備品購入費,2,0,01備品購入費,,,,,843480,H30決算書p64
2018,6,農林水産業費,2,林業費,2,林業振興費,林業振興一般経費,18,備品購入費,3,1,01備品購入費,01事業用備品購入費,,,,843480,H30決算書p64
2018,6,農林水産業費,2,林業費,2,林業振興費,林業振興一般経費,19,負担金補助及び交付金,1,0,,,,,,356100,H30決算書p64
2018,6,農林水産業費,2,林業費,2,林業振興費,林業振興一般経費,19,負担金補助及び交付金,2,0,21負担金,,,,,300100,H30決算書p64
2018,6,農林水産業費,2,林業費,2,林業振興費,林業振興一般経費,19,負担金補助及び交付金,3,1,21負担金,01飯伊森林組合賦課金,,,,300100,H30決算書p64
2018,6,農林水産業費,2,林業費,2,林業振興費,林業振興一般経費,19,負担金補助及び交付金,2,0,51補助金,,,,,56000,H30決算書p64
2018,6,農林水産業費,2,林業費,2,林業振興費,林業振興一般経費,19,負担金補助及び交付金,3,1,51補助金,03森林・山村多面的交付金,,,,56000,H30決算書p64
2018,6,農林水産業費,2,林業費,2,林業振興費,有害鳥獣駆除関係経費,,,0,0,,,,,,4360350,H30決算書p64
2018,6,農林水産業費,2,林業費,2,林業振興費,有害鳥獣駆除関係経費,7,賃金,1,0,,,,,,25800,H30決算書p64
2018,6,農林水産業費,2,林業費,2,林業振興費,有害鳥獣駆除関係経費,7,賃金,2,0,21委員賃金,,,,,25800,H30決算書p64
2018,6,農林水産業費,2,林業費,2,林業振興費,有害鳥獣駆除関係経費,7,賃金,3,1,21委員賃金,01有害鳥獣駆除協議会賃金,,,,25800,H30決算書p64
2018,6,農林水産業費,2,林業費,2,林業振興費,有害鳥獣駆除関係経費,8,報償費,1,0,,,,,,4291350,H30決算書p64
2018,6,農林水産業費,2,林業費,2,林業振興費,有害鳥獣駆除関係経費,8,報償費,2,0,01謝金,,,,,517350,H30決算書p64
2018,6,農林水産業費,2,林業費,2,林業振興費,有害鳥獣駆除関係経費,8,報償費,3,1,01謝金,01有害鳥獣駆除謝金,,,,517350,H30決算書p64
2018,6,農林水産業費,2,林業費,2,林業振興費,有害鳥獣駆除関係経費,8,報償費,2,0,21買上金,,,,,3774000,H30決算書p64
2018,6,農林水産業費,2,林業費,2,林業振興費,有害鳥獣駆除関係経費,8,報償費,3,1,21買上金,01有害鳥獣駆除報償,,,,3774000,H30決算書p64
2018,6,農林水産業費,2,林業費,2,林業振興費,有害鳥獣駆除関係経費,12,役務費,1,0,,,,,,43200,H30決算書p64
2018,6,農林水産業費,2,林業費,2,林業振興費,有害鳥獣駆除関係経費,12,役務費,2,0,41損害保険料,,,,,43200,H30決算書p64
2018,6,農林水産業費,2,林業費,2,林業振興費,有害鳥獣駆除関係経費,12,役務費,3,1,41損害保険料,01有害鳥獣駆除傷害保険料,,,,43200,H30決算書p64
2018,6,農林水産業費,2,林業費,3,林道費,林道事業経費,,,0,0,,,,,,80909157,H30決算書pNone
2018,6,農林水産業費,2,林業費,3,林道費,林道事業経費,11,需用費,1,0,,,,,,79680,H30決算書pNone
2018,6,農林水産業費,2,林業費,3,林道費,林道事業経費,11,需用費,2,0,11燃料費,,,,,74496,H30決算書pNone
2018,6,農林水産業費,2,林業費,3,林道費,林道事業経費,11,需用費,3,1,11燃料費,01公用車燃料費,,,,74496,H30決算書pNone
2018,6,農林水産業費,2,林業費,3,林道費,林道事業経費,11,需用費,2,0,51修繕費,,,,,5184,H30決算書pNone
2018,6,農林水産業費,2,林業費,3,林道費,林道事業経費,11,需用費,3,1,51修繕費,01公用車修繕費,,,,5184,H30決算書pNone
2018,6,農林水産業費,2,林業費,3,林道費,林道事業経費,12,役務費,1,0,,,,,,29588,H30決算書pNone
2018,6,農林水産業費,2,林業費,3,林道費,林道事業経費,12,役務費,2,0,21手数料,,,,,10368,H30決算書pNone
2018,6,農林水産業費,2,林業費,3,林道費,林道事業経費,12,役務費,3,1,21手数料,01公用車車検点検料,,,,10368,H30決算書pNone
2018,6,農林水産業費,2,林業費,3,林道費,林道事業経費,12,役務費,2,0,41損害保険料,,,,,19220,H30決算書pNone
2018,6,農林水産業費,2,林業費,3,林道費,林道事業経費,12,役務費,3,1,41損害保険料,01公用車共済保険料,,,,19220,H30決算書pNone
2018,6,農林水産業費,2,林業費,3,林道費,林道事業経費,13,委託料,1,0,,,,,,8578440,H30決算書pNone
2018,6,農林水産業費,2,林業費,3,林道費,林道事業経費,13,委託料,2,0,51業務委託料,,,,,5130000,H30決算書p65
2018,6,農林水産業費,2,林業費,3,林道費,林道事業経費,13,委託料,3,1,51業務委託料,01伐開委託料,,,,529200,H30決算書p65
2018,6,農林水産業費,2,林業費,3,林道費,林道事業経費,13,委託料,3,1,51業務委託料,02橋梁点検委託料,,,,4600800,H30決算書p65
2018,6,農林水産業費,2,林業費,3,林道費,林道事業経費,13,委託料,2,0,71調査・設計・監理委託料,,,,,3448440,H30決算書p65
2018,6,農林水産業費,2,林業費,3,林道費,林道事業経費,13,委託料,3,1,71調査・設計・監理委託料,01補助事業設計・監理委託料,,,,2961360,H30決算書p65
2018,6,農林水産業費,2,林業費,3,林道費,林道事業経費,13,委託料,3,1,71調査・設計・監理委託料,02単独事業設計・監理委託料,,,,487080,H30決算書p65
2018,6,農林水産業費,2,林業費,3,林道費,林道事業経費,15,工事請負費,1,0,,,,,,72221449,H30決算書p65
2018,6,農林水産業費,2,林業費,3,林道費,林道事業経費,15,工事請負費,2,0,01補助事業,,,,,30402000,H30決算書p65
2018,6,農林水産業費,2,林業費,3,林道費,林道事業経費,15,工事請負費,3,1,01補助事業,01林道開設・改良・舗装工事,,,,30402000,H30決算書p65
2018,6,農林水産業費,2,林業費,3,林道費,林道事業経費,15,工事請負費,2,0,31単独事業,,,,,16478640,H30決算書p65
2018,6,農林水産業費,2,林業費,3,林道費,林道事業経費,15,工事請負費,3,1,31単独事業,01林道開設・改良・舗装工事,,,,13500000,H30決算書p65
2018,6,農林水産業費,2,林業費,3,林道費,林道事業経費,15,工事請負費,3,1,31単独事業,02林道交通安全施設工事,,,,2978640,H30決算書p65
2018,6,農林水産業費,2,林業費,3,林道費,林道事業経費,15,工事請負費,2,0,32維持・修繕工事,,,,,25340809,H30決算書p65
2018,6,農林水産業費,2,林業費,3,林道費,林道事業経費,15,工事請負費,3,1,32維持・修繕工事,01林道維持工事,,,,20416009,H30決算書p65
2018,6,農林水産業費,2,林業費,3,林道費,林道事業経費,15,工事請負費,3,1,32維持・修繕工事,02林道維持工事（明許繰越）,,,,4924800,H30決算書p65
2018,6,農林水産業費,2,林業費,4,造林費,造林事業,,,0,0,,,,,,25391880,H30決算書pNone
2018,6,農林水産業費,2,林業費,4,造林費,造林事業,15,工事請負費,1,0,,,,,,25391880,H30決算書pNone
2018,6,農林水産業費,2,林業費,4,造林費,造林事業,15,工事請負費,2,0,01補助事業,,,,,23637960,H30決算書pNone
2018,6,農林水産業費,2,林業費,4,造林費,造林事業,15,工事請負費,3,1,01補助事業,02森林造成事業,,,,22827960,H30決算書pNone
2018,6,農林水産業費,2,林業費,4,造林費,造林事業,15,工事請負費,3,1,01補助事業,05松くい虫対策事業,,,,810000,H30決算書pNone
2018,6,農林水産業費,2,林業費,4,造林費,造林事業,15,工事請負費,2,0,31単独事業,,,,,1360800,H30決算書pNone
2018,6,農林水産業費,2,林業費,4,造林費,造林事業,15,工事請負費,3,1,31単独事業,03森林税活用事業,,,,1360800,H30決算書pNone
2018,6,農林水産業費,2,林業費,4,造林費,造林事業,15,工事請負費,2,0,32維持・修繕工事,,,,,393120,H30決算書pNone
2018,6,農林水産業費,2,林業費,4,造林費,造林事業,15,工事請負費,3,1,32維持・修繕工事,02作業道維持工事,,,,393120,H30決算書pNone
2018,7,商工費,1,商工費,1,商工総務費,商工総務一般経費,,,0,0,,,,,,379800,H30決算書pNone
2018,7,商工費,1,商工費,1,商工総務費,商工総務一般経費,19,負担金補助及び交付金,1,0,,,,,,379800,H30決算書pNone
2018,7,商工費,1,商工費,1,商工総務費,商工総務一般経費,19,負担金補助及び交付金,2,0,21負担金,,,,,279800,H30決算書pNone
2018,7,商工費,1,商工費,1,商工総務費,商工総務一般経費,19,負担金補助及び交付金,3,1,21負担金,01南信州・飯田産業センター運営費負担金,,,,21000,H30決算書pNone
2018,7,商工費,1,商工費,1,商工総務費,商工総務一般経費,19,負担金補助及び交付金,3,1,21負担金,02南信州・飯田産業センター建設改良等引当積立金,,,,37000,H30決算書pNone
2018,7,商工費,1,商工費,1,商工総務費,商工総務一般経費,19,負担金補助及び交付金,3,1,21負担金,04工業技術センター負担金,,,,1000,H30決算書pNone
2018,7,商工費,1,商工費,1,商工総務費,商工総務一般経費,19,負担金補助及び交付金,3,1,21負担金,05ビジネスネットワーク支援センター負担金,,,,18000,H30決算書pNone
2018,7,商工費,1,商工費,1,商工総務費,商工総務一般経費,19,負担金補助及び交付金,3,1,21負担金,06ものづくり試作開発支援センター負担金,,,,1000,H30決算書pNone
2018,7,商工費,1,商工費,1,商工総務費,商工総務一般経費,19,負担金補助及び交付金,3,1,21負担金,07飯田職業安定協会負担金,,,,1000,H30決算書pNone
2018,7,商工費,1,商工費,1,商工総務費,商工総務一般経費,19,負担金補助及び交付金,3,1,21負担金,08飯田勤労者共済会負担金,,,,28800,H30決算書pNone
2018,7,商工費,1,商工費,1,商工総務費,商工総務一般経費,19,負担金補助及び交付金,3,1,21負担金,11商工会負担金,,,,9000,H30決算書pNone
2018,7,商工費,1,商工費,1,商工総務費,商工総務一般経費,19,負担金補助及び交付金,3,1,21負担金,13産業振興の拠点関係負担金,,,,163000,H30決算書pNone
2018,7,商工費,1,商工費,1,商工総務費,商工総務一般経費,19,負担金補助及び交付金,2,0,51補助金,,,,,100000,H30決算書p66
2018,7,商工費,1,商工費,1,商工総務費,商工総務一般経費,19,負担金補助及び交付金,3,1,51補助金,03信州大学航空機システム共同研究講座コンソーシアム補助金,,,,100000,H30決算書p66
2018,7,商工費,1,商工費,1,商工総務費,一般職人事管理経費（商工）,,,0,0,,,,,,5842561,H30決算書p66
2018,7,商工費,1,商工費,1,商工総務費,一般職人事管理経費（商工）,2,給料,1,0,,,,,,3177600,H30決算書p66
2018,7,商工費,1,商工費,1,商工総務費,一般職人事管理経費（商工）,2,給料,2,0,21職員給料,,,,,3177600,H30決算書p66
2018,7,商工費,1,商工費,1,商工総務費,一般職人事管理経費（商工）,2,給料,3,1,21職員給料,01一般職員給料,,,,3177600,H30決算書p66
2018,7,商工費,1,商工費,1,商工総務費,一般職人事管理経費（商工）,3,職員手当等,1,0,,,,,,1639342,H30決算書p66
2018,7,商工費,1,商工費,1,商工総務費,一般職人事管理経費（商工）,3,職員手当等,2,1,21職員手当等,,,,,1639342,H30決算書p66
2018,7,商工費,1,商工費,1,商工総務費,一般職人事管理経費（商工）,4,共済費,1,0,,,,,,1025619,H30決算書p66
2018,7,商工費,1,商工費,1,商工総務費,一般職人事管理経費（商工）,4,共済費,2,0,31一般職共済費,,,,,1025619,H30決算書p66
2018,7,商工費,1,商工費,1,商工総務費,一般職人事管理経費（商工）,4,共済費,3,1,31一般職共済費,01地方公務員共済組合等負担金,,,,1025619,H30決算書p66
2018,7,商工費,1,商工費,2,商工振興費,商工振興一般経費,,,0,0,,,,,,9139773,H30決算書pNone
2018,7,商工費,1,商工費,2,商工振興費,商工振興一般経費,11,需用費,1,0,,,,,,113086,H30決算書pNone
2018,7,商工費,1,商工費,2,商工振興費,商工振興一般経費,11,需用費,2,0,41光熱水費,,,,,113086,H30決算書pNone
2018,7,商工費,1,商工費,2,商工振興費,商工振興一般経費,11,需用費,3,1,41光熱水費,01電気料（街路灯）,,,,113086,H30決算書pNone
2018,7,商工費,1,商工費,2,商工振興費,商工振興一般経費,12,役務費,1,0,,,,,,11298,H30決算書pNone
2018,7,商工費,1,商工費,2,商工振興費,商工振興一般経費,12,役務費,2,0,41損害保険料,,,,,11298,H30決算書pNone
2018,7,商工費,1,商工費,2,商工振興費,商工振興一般経費,12,役務費,3,1,41損害保険料,01村有建物災害共済保険料,,,,11298,H30決算書pNone
2018,7,商工費,1,商工費,2,商工振興費,商工振興一般経費,14,使用料及び賃借料,1,0,,,,,,211824,H30決算書pNone
2018,7,商工費,1,商工費,2,商工振興費,商工振興一般経費,14,使用料及び賃借料,2,0,12敷地料,,,,,211824,H30決算書pNone
2018,7,商工費,1,商工費,2,商工振興費,商工振興一般経費,14,使用料及び賃借料,3,1,12敷地料,01過疎対策工場敷地料,,,,211824,H30決算書pNone
2018,7,商工費,1,商工費,2,商工振興費,商工振興一般経費,19,負担金補助及び交付金,1,0,,,,,,8767026,H30決算書pNone
2018,7,商工費,1,商工費,2,商工振興費,商工振興一般経費,19,負担金補助及び交付金,2,0,51補助金,,,,,8767026,H30決算書pNone
2018,7,商工費,1,商工費,2,商工振興費,商工振興一般経費,19,負担金補助及び交付金,3,1,51補助金,01商工振興事業補助金,,,,8581200,H30決算書pNone
2018,7,商工費,1,商工費,2,商工振興費,商工振興一般経費,19,負担金補助及び交付金,3,1,51補助金,04商工関係資金利子補給金（不況対策）,,,,185826,H30決算書pNone
2018,7,商工費,1,商工費,2,商工振興費,商工振興一般経費,22,補償補填及び賠償金,1,0,,,,,,36539,H30決算書pNone
2018,7,商工費,1,商工費,2,商工振興費,商工振興一般経費,22,補償補填及び賠償金,2,0,11保証料,,,,,36539,H30決算書pNone
2018,7,商工費,1,商工費,2,商工振興費,商工振興一般経費,22,補償補填及び賠償金,3,1,11保証料,01信用保証協会保証料,,,,36539,H30決算書pNone
2018,7,商工費,1,商工費,3,観光費,観光一般経費,,,0,0,,,,,,443105934,H30決算書pNone
2018,7,商工費,1,商工費,3,観光費,観光一般経費,7,賃金,1,0,,,,,,267950,H30決算書pNone
2018,7,商工費,1,商工費,3,観光費,観光一般経費,7,賃金,2,0,31作業員賃金,,,,,110550,H30決算書pNone
2018,7,商工費,1,商工費,3,観光費,観光一般経費,7,賃金,3,1,31作業員賃金,01運転手賃金,,,,16800,H30決算書pNone
2018,7,商工費,1,商工費,3,観光費,観光一般経費,7,賃金,3,1,31作業員賃金,02観光施設管理賃金,,,,93750,H30決算書pNone
2018,7,商工費,1,商工費,3,観光費,観光一般経費,7,賃金,2,0,41事業賃金,,,,,157400,H30決算書pNone
2018,7,商工費,1,商工費,3,観光費,観光一般経費,7,賃金,3,1,41事業賃金,01さくらの女王行事出席賃金,,,,157400,H30決算書pNone
2018,7,商工費,1,商工費,3,観光費,観光一般経費,8,報償費,1,0,,,,,,500000,H30決算書pNone
2018,7,商工費,1,商工費,3,観光費,観光一般経費,8,報償費,2,0,01謝金,,,,,500000,H30決算書pNone
2018,7,商工費,1,商工費,3,観光費,観光一般経費,8,報償費,3,1,01謝金,02さくらの女王選考賞金,,,,500000,H30決算書pNone
2018,7,商工費,1,商工費,3,観光費,観光一般経費,9,旅費,1,0,,,,,,145890,H30決算書pNone
2018,7,商工費,1,商工費,3,観光費,観光一般経費,9,旅費,2,0,11職員旅費,,,,,58420,H30決算書pNone
2018,7,商工費,1,商工費,3,観光費,観光一般経費,9,旅費,3,1,11職員旅費,01職員旅費,,,,58420,H30決算書p67
2018,7,商工費,1,商工費,3,観光費,観光一般経費,9,旅費,2,0,51費用弁償,,,,,87470,H30決算書p67
2018,7,商工費,1,商工費,3,観光費,観光一般経費,9,旅費,3,1,51費用弁償,01さくらの女王旅費,,,,87470,H30決算書p67
2018,7,商工費,1,商工費,3,観光費,観光一般経費,11,需用費,1,0,,,,,,10182626,H30決算書p67
2018,7,商工費,1,商工費,3,観光費,観光一般経費,11,需用費,2,0,01消耗品,,,,,1478412,H30決算書p67
2018,7,商工費,1,商工費,3,観光費,観光一般経費,11,需用費,3,1,01消耗品,01消耗品,,,,1168872,H30決算書p67
2018,7,商工費,1,商工費,3,観光費,観光一般経費,11,需用費,3,1,01消耗品,02都市との交流事業経費,,,,121450,H30決算書p67
2018,7,商工費,1,商工費,3,観光費,観光一般経費,11,需用費,3,1,01消耗品,03さくらの女王選考経費,,,,39104,H30決算書p67
2018,7,商工費,1,商工費,3,観光費,観光一般経費,11,需用費,3,1,01消耗品,04記念式典経費,,,,148986,H30決算書p67
2018,7,商工費,1,商工費,3,観光費,観光一般経費,11,需用費,2,0,11燃料費,,,,,10946,H30決算書p67
2018,7,商工費,1,商工費,3,観光費,観光一般経費,11,需用費,3,1,11燃料費,01公用車燃料費,,,,10946,H30決算書p67
2018,7,商工費,1,商工費,3,観光費,観光一般経費,11,需用費,2,0,31印刷製本費,,,,,1116936,H30決算書p67
2018,7,商工費,1,商工費,3,観光費,観光一般経費,11,需用費,3,1,31印刷製本費,01印刷製本費,,,,1116936,H30決算書p67
2018,7,商工費,1,商工費,3,観光費,観光一般経費,11,需用費,2,0,41光熱水費,,,,,4387725,H30決算書p67
2018,7,商工費,1,商工費,3,観光費,観光一般経費,11,需用費,3,1,41光熱水費,01電気料（観光施設）,,,,4040603,H30決算書p67
2018,7,商工費,1,商工費,3,観光費,観光一般経費,11,需用費,3,1,41光熱水費,02水道料,,,,316057,H30決算書p67
2018,7,商工費,1,商工費,3,観光費,観光一般経費,11,需用費,3,1,41光熱水費,03灯油代,,,,31065,H30決算書p67
2018,7,商工費,1,商工費,3,観光費,観光一般経費,11,需用費,2,0,51修繕費,,,,,3188607,H30決算書p67
2018,7,商工費,1,商工費,3,観光費,観光一般経費,11,需用費,3,1,51修繕費,01観光施設修繕費,,,,2269256,H30決算書p67
2018,7,商工費,1,商工費,3,観光費,観光一般経費,11,需用費,3,1,51修繕費,02機械修繕費,,,,919351,H30決算書p67
2018,7,商工費,1,商工費,3,観光費,観光一般経費,12,役務費,1,0,,,,,,1248389,H30決算書p67
2018,7,商工費,1,商工費,3,観光費,観光一般経費,12,役務費,2,0,01通信運搬費,,,,,56766,H30決算書p67
2018,7,商工費,1,商工費,3,観光費,観光一般経費,12,役務費,3,1,01通信運搬費,03テレビ受信料,,,,56766,H30決算書p67
2018,7,商工費,1,商工費,3,観光費,観光一般経費,12,役務費,2,0,11広告料,,,,,183600,H30決算書p67
2018,7,商工費,1,商工費,3,観光費,観光一般経費,12,役務費,3,1,11広告料,01広告料,,,,183600,H30決算書p67
2018,7,商工費,1,商工費,3,観光費,観光一般経費,12,役務費,2,0,21手数料,,,,,499168,H30決算書p67
2018,7,商工費,1,商工費,3,観光費,観光一般経費,12,役務費,3,1,21手数料,01消防施設点検料,,,,35748,H30決算書p67
2018,7,商工費,1,商工費,3,観光費,観光一般経費,12,役務費,3,1,21手数料,02くみ取り料,,,,328620,H30決算書p67
2018,7,商工費,1,商工費,3,観光費,観光一般経費,12,役務費,3,1,21手数料,03遊具検査手数料,,,,64800,H30決算書p67
2018,7,商工費,1,商工費,3,観光費,観光一般経費,12,役務費,3,1,21手数料,04合併浄化槽検査手数料,,,,55000,H30決算書p67
2018,7,商工費,1,商工費,3,観光費,観光一般経費,12,役務費,3,1,21手数料,09着付け等手数料,,,,15000,H30決算書p67
2018,7,商工費,1,商工費,3,観光費,観光一般経費,12,役務費,2,0,41損害保険料,,,,,508855,H30決算書p67
2018,7,商工費,1,商工費,3,観光費,観光一般経費,12,役務費,3,1,41損害保険料,01村有建物災害共済保険料,,,,508855,H30決算書p67
2018,7,商工費,1,商工費,3,観光費,観光一般経費,13,委託料,1,0,,,,,,14182428,H30決算書p67
2018,7,商工費,1,商工費,3,観光費,観光一般経費,13,委託料,2,0,21保守管理委託料,,,,,2676428,H30決算書p67
2018,7,商工費,1,商工費,3,観光費,観光一般経費,13,委託料,3,1,21保守管理委託料,01合併浄化槽保守管理委託料,,,,743580,H30決算書p67
2018,7,商工費,1,商工費,3,観光費,観光一般経費,13,委託料,3,1,21保守管理委託料,02自動ドア管理委託料,,,,82080,H30決算書p67
2018,7,商工費,1,商工費,3,観光費,観光一般経費,13,委託料,3,1,21保守管理委託料,03観光施設管理（村委託分）委託料,,,,1629800,H30決算書p67
2018,7,商工費,1,商工費,3,観光費,観光一般経費,13,委託料,3,1,21保守管理委託料,05電気施設保守委託料,,,,220968,H30決算書p67
2018,7,商工費,1,商工費,3,観光費,観光一般経費,13,委託料,2,0,31検査委託料,,,,,36720,H30決算書p67
2018,7,商工費,1,商工費,3,観光費,観光一般経費,13,委託料,3,1,31検査委託料,01観光施設水質検査委託料,,,,36720,H30決算書p67
2018,7,商工費,1,商工費,3,観光費,観光一般経費,13,委託料,2,0,51業務委託料,,,,,291280,H30決算書p67
2018,7,商工費,1,商工費,3,観光費,観光一般経費,13,委託料,3,1,51業務委託料,05会場設営等委託料,,,,291280,H30決算書p67
2018,7,商工費,1,商工費,3,観光費,観光一般経費,13,委託料,2,0,71調査・設計・監理委託料,,,,,11178000,H30決算書p68
2018,7,商工費,1,商工費,3,観光費,観光一般経費,13,委託料,3,1,71調査・設計・監理委託料,03観光施設設計・監理委託料,,,,918000,H30決算書p68
2018,7,商工費,1,商工費,3,観光費,観光一般経費,13,委託料,3,1,71調査・設計・監理委託料,07観光施設設計・監理委託料（事故繰越）,,,,10260000,H30決算書p68
2018,7,商工費,1,商工費,3,観光費,観光一般経費,14,使用料及び賃借料,1,0,,,,,,1375607,H30決算書p68
2018,7,商工費,1,商工費,3,観光費,観光一般経費,14,使用料及び賃借料,2,0,01使用料・借上料,,,,,676778,H30決算書p68
2018,7,商工費,1,商工費,3,観光費,観光一般経費,14,使用料及び賃借料,3,1,01使用料・借上料,01仮設トイレ借上料,,,,166233,H30決算書p68
2018,7,商工費,1,商工費,3,観光費,観光一般経費,14,使用料及び賃借料,3,1,01使用料・借上料,03仮設信号機借上料,,,,290215,H30決算書p68
2018,7,商工費,1,商工費,3,観光費,観光一般経費,14,使用料及び賃借料,3,1,01使用料・借上料,06駐車場使用料,,,,23930,H30決算書p68
2018,7,商工費,1,商工費,3,観光費,観光一般経費,14,使用料及び賃借料,3,1,01使用料・借上料,07会場使用料,,,,2000,H30決算書p68
2018,7,商工費,1,商工費,3,観光費,観光一般経費,14,使用料及び賃借料,3,1,01使用料・借上料,08事務室使用料,,,,194400,H30決算書p68
2018,7,商工費,1,商工費,3,観光費,観光一般経費,14,使用料及び賃借料,2,0,12敷地料,,,,,698829,H30決算書p68
2018,7,商工費,1,商工費,3,観光費,観光一般経費,14,使用料及び賃借料,3,1,12敷地料,01道の駅敷地料,,,,610016,H30決算書p68
2018,7,商工費,1,商工費,3,観光費,観光一般経費,14,使用料及び賃借料,3,1,12敷地料,02広河原小屋敷地料,,,,3000,H30決算書p68
2018,7,商工費,1,商工費,3,観光費,観光一般経費,14,使用料及び賃借料,3,1,12敷地料,05するぎ農園村敷地料,,,,85813,H30決算書p68
2018,7,商工費,1,商工費,3,観光費,観光一般経費,15,工事請負費,1,0,,,,,,351743148,H30決算書p68
2018,7,商工費,1,商工費,3,観光費,観光一般経費,15,工事請負費,2,0,31単独事業,,,,,351743148,H30決算書p68
2018,7,商工費,1,商工費,3,観光費,観光一般経費,15,工事請負費,3,1,31単独事業,01観光施設整備工事,,,,39852,H30決算書p68
2018,7,商工費,1,商工費,3,観光費,観光一般経費,15,工事請負費,3,1,31単独事業,04観光施設改修工事,,,,2538756,H30決算書p68
2018,7,商工費,1,商工費,3,観光費,観光一般経費,15,工事請負費,3,1,31単独事業,08道の駅整備事業（明許繰越）,,,,198804540,H30決算書p68
2018,7,商工費,1,商工費,3,観光費,観光一般経費,15,工事請負費,3,1,31単独事業,09道の駅整備事業（事故繰越）,,,,150360000,H30決算書p68
2018,7,商工費,1,商工費,3,観光費,観光一般経費,16,原材料費,1,0,,,,,,397980,H30決算書p68
2018,7,商工費,1,商工費,3,観光費,観光一般経費,16,原材料費,2,0,11加工材料費,,,,,397980,H30決算書p68
2018,7,商工費,1,商工費,3,観光費,観光一般経費,16,原材料費,3,1,11加工材料費,01肥料代,,,,397980,H30決算書p68
2018,7,商工費,1,商工費,3,観光費,観光一般経費,18,備品購入費,1,0,,,,,,59957911,H30決算書p68
2018,7,商工費,1,商工費,3,観光費,観光一般経費,18,備品購入費,2,0,01備品購入費,,,,,59957911,H30決算書p68
2018,7,商工費,1,商工費,3,観光費,観光一般経費,18,備品購入費,3,1,01備品購入費,01事業用備品購入費,,,,1323331,H30決算書p68
2018,7,商工費,1,商工費,3,観光費,観光一般経費,18,備品購入費,3,1,01備品購入費,04事業用備品購入費（明許繰越）,,,,58634580,H30決算書p68
2018,7,商工費,1,商工費,3,観光費,観光一般経費,19,負担金補助及び交付金,1,0,,,,,,3104005,H30決算書p68
2018,7,商工費,1,商工費,3,観光費,観光一般経費,19,負担金補助及び交付金,2,0,21負担金,,,,,341005,H30決算書p68
2018,7,商工費,1,商工費,3,観光費,観光一般経費,19,負担金補助及び交付金,3,1,21負担金,03日本さくらの会負担金,,,,11000,H30決算書p68
2018,7,商工費,1,商工費,3,観光費,観光一般経費,19,負担金補助及び交付金,3,1,21負担金,05温泉協会協議会負担金,,,,9000,H30決算書p68
2018,7,商工費,1,商工費,3,観光費,観光一般経費,19,負担金補助及び交付金,3,1,21負担金,06国有林観光施設協議会負担金,,,,3000,H30決算書p68
2018,7,商工費,1,商工費,3,観光費,観光一般経費,19,負担金補助及び交付金,3,1,21負担金,07高山植物等保護対策協議会負担金,,,,6000,H30決算書p68
2018,7,商工費,1,商工費,3,観光費,観光一般経費,19,負担金補助及び交付金,3,1,21負担金,13長野県観光情報提供システム負担金,,,,10000,H30決算書p68
2018,7,商工費,1,商工費,3,観光費,観光一般経費,19,負担金補助及び交付金,3,1,21負担金,15信州・長野県観光協会負担金,,,,81500,H30決算書p68
2018,7,商工費,1,商工費,3,観光費,観光一般経費,19,負担金補助及び交付金,3,1,21負担金,17南アルプス自然環境保全活用連携協議会負担金,,,,104860,H30決算書p68
2018,7,商工費,1,商工費,3,観光費,観光一般経費,19,負担金補助及び交付金,3,1,21負担金,18観光協会負担金,,,,6000,H30決算書p68
2018,7,商工費,1,商工費,3,観光費,観光一般経費,19,負担金補助及び交付金,3,1,21負担金,21南信州広域連合負担金,,,,27645,H30決算書p68
2018,7,商工費,1,商工費,3,観光費,観光一般経費,19,負担金補助及び交付金,3,1,21負担金,24中部ブロック道の駅連絡会負担金,,,,82000,H30決算書p68
2018,7,商工費,1,商工費,3,観光費,観光一般経費,19,負担金補助及び交付金,2,0,51補助金,,,,,2763000,H30決算書p68
2018,7,商工費,1,商工費,3,観光費,観光一般経費,19,負担金補助及び交付金,3,1,51補助金,01大鹿村観光協会補助金,,,,2263000,H30決算書p69
2018,7,商工費,1,商工費,3,観光費,観光一般経費,19,負担金補助及び交付金,3,1,51補助金,02地域活性化事業補助金,,,,200000,H30決算書p69
2018,7,商工費,1,商工費,3,観光費,観光一般経費,19,負担金補助及び交付金,3,1,51補助金,04さくら祭り補助金,,,,300000,H30決算書p69
2018,7,商工費,1,商工費,4,地域おこし協力隊事業,地域おこし協力隊事業,,,0,0,,,,,,8897328,H30決算書pNone
2018,7,商工費,1,商工費,4,地域おこし協力隊事業,地域おこし協力隊事業,7,賃金,1,0,,,,,,6200000,H30決算書pNone
2018,7,商工費,1,商工費,4,地域おこし協力隊事業,地域おこし協力隊事業,7,賃金,2,0,11臨時職員賃金,,,,,6200000,H30決算書pNone
2018,7,商工費,1,商工費,4,地域おこし協力隊事業,地域おこし協力隊事業,7,賃金,3,1,11臨時職員賃金,01地域おこし協力隊賃金,,,,6200000,H30決算書pNone
2018,7,商工費,1,商工費,4,地域おこし協力隊事業,地域おこし協力隊事業,9,旅費,1,0,,,,,,315678,H30決算書pNone
2018,7,商工費,1,商工費,4,地域おこし協力隊事業,地域おこし協力隊事業,9,旅費,2,0,51費用弁償,,,,,315678,H30決算書pNone
2018,7,商工費,1,商工費,4,地域おこし協力隊事業,地域おこし協力隊事業,9,旅費,3,1,51費用弁償,01地域おこし協力隊旅費,,,,315678,H30決算書pNone
2018,7,商工費,1,商工費,4,地域おこし協力隊事業,地域おこし協力隊事業,11,需用費,1,0,,,,,,676398,H30決算書pNone
2018,7,商工費,1,商工費,4,地域おこし協力隊事業,地域おこし協力隊事業,11,需用費,2,0,11燃料費,,,,,120415,H30決算書pNone
2018,7,商工費,1,商工費,4,地域おこし協力隊事業,地域おこし協力隊事業,11,需用費,3,1,11燃料費,01公用車燃料費,,,,120415,H30決算書pNone
2018,7,商工費,1,商工費,4,地域おこし協力隊事業,地域おこし協力隊事業,11,需用費,2,0,31印刷製本費,,,,,518400,H30決算書pNone
2018,7,商工費,1,商工費,4,地域おこし協力隊事業,地域おこし協力隊事業,11,需用費,3,1,31印刷製本費,01協力隊新聞印刷費,,,,518400,H30決算書pNone
2018,7,商工費,1,商工費,4,地域おこし協力隊事業,地域おこし協力隊事業,11,需用費,2,0,51修繕費,,,,,37583,H30決算書pNone
2018,7,商工費,1,商工費,4,地域おこし協力隊事業,地域おこし協力隊事業,11,需用費,3,1,51修繕費,01公用車修繕費,,,,37583,H30決算書pNone
2018,7,商工費,1,商工費,4,地域おこし協力隊事業,地域おこし協力隊事業,12,役務費,1,0,,,,,,59724,H30決算書pNone
2018,7,商工費,1,商工費,4,地域おこし協力隊事業,地域おこし協力隊事業,12,役務費,2,0,21手数料,,,,,10584,H30決算書pNone
2018,7,商工費,1,商工費,4,地域おこし協力隊事業,地域おこし協力隊事業,12,役務費,3,1,21手数料,01公用車車検点検料,,,,10584,H30決算書pNone
2018,7,商工費,1,商工費,4,地域おこし協力隊事業,地域おこし協力隊事業,12,役務費,2,0,41損害保険料,,,,,49140,H30決算書pNone
2018,7,商工費,1,商工費,4,地域おこし協力隊事業,地域おこし協力隊事業,12,役務費,3,1,41損害保険料,01公用車共済保険料,,,,49140,H30決算書pNone
2018,7,商工費,1,商工費,4,地域おこし協力隊事業,地域おこし協力隊事業,14,使用料及び賃借料,1,0,,,,,,1637028,H30決算書pNone
2018,7,商工費,1,商工費,4,地域おこし協力隊事業,地域おこし協力隊事業,14,使用料及び賃借料,2,0,01使用料・借上料,,,,,1631408,H30決算書pNone
2018,7,商工費,1,商工費,4,地域おこし協力隊事業,地域おこし協力隊事業,14,使用料及び賃借料,3,1,01使用料・借上料,01駐車場使用料,,,,2100,H30決算書pNone
2018,7,商工費,1,商工費,4,地域おこし協力隊事業,地域おこし協力隊事業,14,使用料及び賃借料,3,1,01使用料・借上料,02住居借上料,,,,290000,H30決算書pNone
2018,7,商工費,1,商工費,4,地域おこし協力隊事業,地域おこし協力隊事業,14,使用料及び賃借料,3,1,01使用料・借上料,03事務用機器リース料,,,,260064,H30決算書pNone
2018,7,商工費,1,商工費,4,地域おこし協力隊事業,地域おこし協力隊事業,14,使用料及び賃借料,3,1,01使用料・借上料,04自動車リース料,,,,1079244,H30決算書pNone
2018,7,商工費,1,商工費,4,地域おこし協力隊事業,地域おこし協力隊事業,14,使用料及び賃借料,2,0,21有料道路通行料,,,,,5620,H30決算書pNone
2018,7,商工費,1,商工費,4,地域おこし協力隊事業,地域おこし協力隊事業,14,使用料及び賃借料,3,1,21有料道路通行料,01有料道路通行料,,,,5620,H30決算書pNone
2018,7,商工費,1,商工費,4,地域おこし協力隊事業,地域おこし協力隊事業,19,負担金補助及び交付金,1,0,,,,,,8500,H30決算書pNone
2018,7,商工費,1,商工費,4,地域おこし協力隊事業,地域おこし協力隊事業,19,負担金補助及び交付金,2,0,21負担金,,,,,8500,H30決算書pNone
2018,7,商工費,1,商工費,4,地域おこし協力隊事業,地域おこし協力隊事業,19,負担金補助及び交付金,3,1,21負担金,01地域おこし協力隊研修等負担金,,,,8500,H30決算書pNone
2018,13,諸支出金,1,基金費,1,財政調整基金費,財政調整基金積立金,,,0,0,,,,,,1321136,H30決算書pNone
2018,13,諸支出金,1,基金費,1,財政調整基金費,財政調整基金積立金,25,積立金,1,0,,,,,,1321136,H30決算書pNone
2018,13,諸支出金,1,基金費,1,財政調整基金費,財政調整基金積立金,25,積立金,2,1,11利子積立金,,,,,1321136,H30決算書pNone
2018,13,諸支出金,1,基金費,2,減債基金費,減債基金積立金,,,0,0,,,,,,1499503,H30決算書pNone
2018,13,諸支出金,1,基金費,2,減債基金費,減債基金積立金,25,積立金,1,0,,,,,,1499503,H30決算書pNone
2018,13,諸支出金,1,基金費,2,減債基金費,減債基金積立金,25,積立金,2,1,11利子積立金,,,,,1499503,H30決算書pNone
2018,13,諸支出金,1,基金費,3,公共施設等整備基金費,公共施設等整備基金積立金,,,0,0,,,,,,2308969,H30決算書pNone
2018,13,諸支出金,1,基金費,3,公共施設等整備基金費,公共施設等整備基金積立金,25,積立金,1,0,,,,,,2308969,H30決算書pNone
2018,13,諸支出金,1,基金費,3,公共施設等整備基金費,公共施設等整備基金積立金,25,積立金,2,1,11利子積立金,,,,,2308969,H30決算書pNone
2018,13,諸支出金,1,基金費,4,文教施設整備基金費,文教施設整備基金積立金,,,0,0,,,,,,41867,H30決算書pNone
2018,13,諸支出金,1,基金費,4,文教施設整備基金費,文教施設整備基金積立金,25,積立金,1,0,,,,,,41867,H30決算書pNone
2018,13,諸支出金,1,基金費,4,文教施設整備基金費,文教施設整備基金積立金,25,積立金,2,1,11利子積立金,,,,,41867,H30決算書pNone
2018,13,諸支出金,1,基金費,5,ふるさとづくり基金費,ふるさとづくり基金積立金,,,0,0,,,,,,5273296,H30決算書pNone
2018,13,諸支出金,1,基金費,5,ふるさとづくり基金費,ふるさとづくり基金積立金,25,積立金,1,0,,,,,,5273296,H30決算書pNone
2018,13,諸支出金,1,基金費,5,ふるさとづくり基金費,ふるさとづくり基金積立金,25,積立金,2,1,01積立金,,,,,4500000,H30決算書pNone
2018,13,諸支出金,1,基金費,5,ふるさとづくり基金費,ふるさとづくり基金積立金,25,積立金,2,1,11利子積立金,,,,,773296,H30決算書pNone
2018,13,諸支出金,1,基金費,6,高齢者福祉基金費,高齢者福祉基金積立金,,,0,0,,,,,,54393,H30決算書pNone
2018,13,諸支出金,1,基金費,6,高齢者福祉基金費,高齢者福祉基金積立金,25,積立金,1,0,,,,,,54393,H30決算書pNone
2018,13,諸支出金,1,基金費,6,高齢者福祉基金費,高齢者福祉基金積立金,25,積立金,2,1,11利子積立金,,,,,54393,H30決算書pNone
2018,13,諸支出金,1,基金費,13,奨学資金貸付基金,奨学資金貸付基金,,,0,0,,,,,,190000,H30決算書pNone
2018,13,諸支出金,1,基金費,13,奨学資金貸付基金,奨学資金貸付基金,25,積立金,1,0,,,,,,190000,H30決算書pNone
2018,13,諸支出金,1,基金費,13,奨学資金貸付基金,奨学資金貸付基金,25,積立金,2,1,01積立金,,,,,190000,H30決算書pNone
2019,2,総務費,1,総務管理費,1,一般管理費,総務事務経費,,,0,0,,,,,,16872530,R1決算書p27
2019,2,総務費,1,総務管理費,1,一般管理費,総務事務経費,1,報酬,1,0,,,,,,523800,R1決算書p27
2019,2,総務費,1,総務管理費,1,一般管理費,総務事務経費,1,報酬,2,0,11委員報酬,,,,,523800,R1決算書p28
2019,2,総務費,1,総務管理費,1,一般管理費,総務事務経費,1,報酬,3,1,11委員報酬,01自治会長年報酬,,,,321700,R1決算書p28
2019,2,総務費,1,総務管理費,1,一般管理費,総務事務経費,1,報酬,3,1,11委員報酬,02自治会長会議報酬,,,,202100,R1決算書p28
2019,2,総務費,1,総務管理費,1,一般管理費,総務事務経費,7,賃金,1,0,,,,,,16800,R1決算書p28
2019,2,総務費,1,総務管理費,1,一般管理費,総務事務経費,7,賃金,2,0,31作業員賃金,,,,,16800,R1決算書p28
2019,2,総務費,1,総務管理費,1,一般管理費,総務事務経費,7,賃金,3,1,31作業員賃金,01運転手賃金,,,,16800,R1決算書p28
2019,2,総務費,1,総務管理費,1,一般管理費,総務事務経費,8,報償費,1,0,,,,,,76600,R1決算書p28
2019,2,総務費,1,総務管理費,1,一般管理費,総務事務経費,8,報償費,2,0,01謝金,,,,,35000,R1決算書p28
2019,2,総務費,1,総務管理費,1,一般管理費,総務事務経費,8,報償費,3,1,01謝金,03車両整備管理者謝金,,,,20000,R1決算書p28
2019,2,総務費,1,総務管理費,1,一般管理費,総務事務経費,8,報償費,3,1,01謝金,04保護司謝礼,,,,15000,R1決算書p28
2019,2,総務費,1,総務管理費,1,一般管理費,総務事務経費,8,報償費,2,0,11記念品等,,,,,41600,R1決算書p28
2019,2,総務費,1,総務管理費,1,一般管理費,総務事務経費,8,報償費,3,1,11記念品等,01村表彰記念品代,,,,41600,R1決算書p28
2019,2,総務費,1,総務管理費,1,一般管理費,総務事務経費,9,旅費,1,0,,,,,,113410,R1決算書p28
2019,2,総務費,1,総務管理費,1,一般管理費,総務事務経費,9,旅費,2,0,11職員旅費,,,,,113410,R1決算書p28
2019,2,総務費,1,総務管理費,1,一般管理費,総務事務経費,9,旅費,3,1,11職員旅費,01職員旅費,,,,113410,R1決算書p28
2019,2,総務費,1,総務管理費,1,一般管理費,総務事務経費,10,交際費,1,0,,,,,,322069,R1決算書p28
2019,2,総務費,1,総務管理費,1,一般管理費,総務事務経費,10,交際費,2,0,01交際費,,,,,322069,R1決算書p28
2019,2,総務費,1,総務管理費,1,一般管理費,総務事務経費,10,交際費,3,1,01交際費,01交際費,,,,322069,R1決算書p28
2019,2,総務費,1,総務管理費,1,一般管理費,総務事務経費,11,需用費,1,0,,,,,,6718408,R1決算書p28
2019,2,総務費,1,総務管理費,1,一般管理費,総務事務経費,11,需用費,2,0,01消耗品,,,,,2684364,R1決算書p28
2019,2,総務費,1,総務管理費,1,一般管理費,総務事務経費,11,需用費,3,1,01消耗品,01消耗品,,,,2452864,R1決算書p28
2019,2,総務費,1,総務管理費,1,一般管理費,総務事務経費,11,需用費,3,1,01消耗品,02図書購入費,,,,151472,R1決算書p28
2019,2,総務費,1,総務管理費,1,一般管理費,総務事務経費,11,需用費,3,1,01消耗品,03職員被服費,,,,80028,R1決算書p28
2019,2,総務費,1,総務管理費,1,一般管理費,総務事務経費,11,需用費,2,0,11燃料費,,,,,706167,R1決算書p28
2019,2,総務費,1,総務管理費,1,一般管理費,総務事務経費,11,需用費,3,1,11燃料費,01公用車燃料費,,,,706167,R1決算書p28
2019,2,総務費,1,総務管理費,1,一般管理費,総務事務経費,11,需用費,2,0,31印刷製本費,,,,,2997118,R1決算書p28
2019,2,総務費,1,総務管理費,1,一般管理費,総務事務経費,11,需用費,3,1,31印刷製本費,02法規追録代,,,,2997118,R1決算書p28
2019,2,総務費,1,総務管理費,1,一般管理費,総務事務経費,11,需用費,2,0,51修繕費,,,,,330759,R1決算書p28
2019,2,総務費,1,総務管理費,1,一般管理費,総務事務経費,11,需用費,3,1,51修繕費,02公用車修繕費,,,,330759,R1決算書p28
2019,2,総務費,1,総務管理費,1,一般管理費,総務事務経費,12,役務費,1,0,,,,,,671208,R1決算書p28
2019,2,総務費,1,総務管理費,1,一般管理費,総務事務経費,12,役務費,2,0,01通信運搬費,,,,,14994,R1決算書p28
2019,2,総務費,1,総務管理費,1,一般管理費,総務事務経費,12,役務費,3,1,01通信運搬費,04年賀はがき代,,,,14994,R1決算書p28
2019,2,総務費,1,総務管理費,1,一般管理費,総務事務経費,12,役務費,2,0,11広告料,,,,,13400,R1決算書p28
2019,2,総務費,1,総務管理費,1,一般管理費,総務事務経費,12,役務費,3,1,11広告料,01新聞広告掲載料,,,,13400,R1決算書p28
2019,2,総務費,1,総務管理費,1,一般管理費,総務事務経費,12,役務費,2,0,21手数料,,,,,182316,R1決算書p28
2019,2,総務費,1,総務管理費,1,一般管理費,総務事務経費,12,役務費,3,1,21手数料,01公用車車検点検料,,,,140316,R1決算書p28
2019,2,総務費,1,総務管理費,1,一般管理費,総務事務経費,12,役務費,3,1,21手数料,04金融機関取扱手数料,,,,42000,R1決算書p28
2019,2,総務費,1,総務管理費,1,一般管理費,総務事務経費,12,役務費,2,0,31筆耕料,,,,,20000,R1決算書p28
2019,2,総務費,1,総務管理費,1,一般管理費,総務事務経費,12,役務費,3,1,31筆耕料,01筆耕料,,,,20000,R1決算書p28
2019,2,総務費,1,総務管理費,1,一般管理費,総務事務経費,12,役務費,2,0,41損害保険料,,,,,440498,R1決算書p28
2019,2,総務費,1,総務管理費,1,一般管理費,総務事務経費,12,役務費,3,1,41損害保険料,01全国町村会団体生命保険料,,,,120000,R1決算書p28
2019,2,総務費,1,総務管理費,1,一般管理費,総務事務経費,12,役務費,3,1,41損害保険料,02全国総合賠償保険料,,,,100598,R1決算書p28
2019,2,総務費,1,総務管理費,1,一般管理費,総務事務経費,12,役務費,3,1,41損害保険料,03自賠責保険料,,,,15370,R1決算書p28
2019,2,総務費,1,総務管理費,1,一般管理費,総務事務経費,12,役務費,3,1,41損害保険料,04公用車共済保険料,,,,204530,R1決算書p28
2019,2,総務費,1,総務管理費,1,一般管理費,総務事務経費,13,委託料,1,0,,,,,,1974048,R1決算書p29
2019,2,総務費,1,総務管理費,1,一般管理費,総務事務経費,13,委託料,2,0,11電算委託料,,,,,562903,R1決算書p29
2019,2,総務費,1,総務管理費,1,一般管理費,総務事務経費,13,委託料,3,1,11電算委託料,01給与計算委託料,,,,430903,R1決算書p29
2019,2,総務費,1,総務管理費,1,一般管理費,総務事務経費,13,委託料,3,1,11電算委託料,03給与ＡＳＰ導入費,,,,132000,R1決算書p29
2019,2,総務費,1,総務管理費,1,一般管理費,総務事務経費,13,委託料,2,0,51業務委託料,,,,,880000,R1決算書p29
2019,2,総務費,1,総務管理費,1,一般管理費,総務事務経費,13,委託料,3,1,51業務委託料,02条例改正等支援業務委託料,,,,880000,R1決算書p29
2019,2,総務費,1,総務管理費,1,一般管理費,総務事務経費,13,委託料,2,0,61検診等委託料,,,,,531145,R1決算書p29
2019,2,総務費,1,総務管理費,1,一般管理費,総務事務経費,13,委託料,3,1,61検診等委託料,01職員健康診断委託料,,,,531145,R1決算書p29
2019,2,総務費,1,総務管理費,1,一般管理費,総務事務経費,14,使用料及び賃借料,1,0,,,,,,3606974,R1決算書p29
2019,2,総務費,1,総務管理費,1,一般管理費,総務事務経費,14,使用料及び賃借料,2,0,01使用料・借上料,,,,,2757224,R1決算書p29
2019,2,総務費,1,総務管理費,1,一般管理費,総務事務経費,14,使用料及び賃借料,3,1,01使用料・借上料,01コピーリース料,,,,2494705,R1決算書p29
2019,2,総務費,1,総務管理費,1,一般管理費,総務事務経費,14,使用料及び賃借料,3,1,01使用料・借上料,03印刷機リース料,,,,167961,R1決算書p29
2019,2,総務費,1,総務管理費,1,一般管理費,総務事務経費,14,使用料及び賃借料,3,1,01使用料・借上料,04自動車借上料,,,,51670,R1決算書p29
2019,2,総務費,1,総務管理費,1,一般管理費,総務事務経費,14,使用料及び賃借料,3,1,01使用料・借上料,06ネットＥＢ使用料,,,,39888,R1決算書p29
2019,2,総務費,1,総務管理費,1,一般管理費,総務事務経費,14,使用料及び賃借料,3,1,01使用料・借上料,07駐車場使用料,,,,3000,R1決算書p29
2019,2,総務費,1,総務管理費,1,一般管理費,総務事務経費,14,使用料及び賃借料,2,0,21有料道路通行料,,,,,849750,R1決算書p29
2019,2,総務費,1,総務管理費,1,一般管理費,総務事務経費,14,使用料及び賃借料,3,1,21有料道路通行料,01有料道路通行料,,,,849750,R1決算書p29
2019,2,総務費,1,総務管理費,1,一般管理費,総務事務経費,18,備品購入費,1,0,,,,,,869000,R1決算書p29
2019,2,総務費,1,総務管理費,1,一般管理費,総務事務経費,18,備品購入費,2,0,01備品購入費,,,,,869000,R1決算書p29
2019,2,総務費,1,総務管理費,1,一般管理費,総務事務経費,18,備品購入費,3,1,01備品購入費,06ラベル添付機購入費,,,,869000,R1決算書p29
2019,2,総務費,1,総務管理費,1,一般管理費,総務事務経費,19,負担金補助及び交付金,1,0,,,,,,1395263,R1決算書p29
2019,2,総務費,1,総務管理費,1,一般管理費,総務事務経費,19,負担金補助及び交付金,2,0,11負担金（一部事務組合）,,,,,1226720,R1決算書p29
2019,2,総務費,1,総務管理費,1,一般管理費,総務事務経費,19,負担金補助及び交付金,3,1,11負担金（一部事務組合）,01下伊那郡町村会負担金,,,,1177900,R1決算書p29
2019,2,総務費,1,総務管理費,1,一般管理費,総務事務経費,19,負担金補助及び交付金,3,1,11負担金（一部事務組合）,03非常勤公務災害補償負担金,,,,19820,R1決算書p29
2019,2,総務費,1,総務管理費,1,一般管理費,総務事務経費,19,負担金補助及び交付金,3,1,11負担金（一部事務組合）,04下伊那郡町村総合事務組合負担金,,,,29000,R1決算書p29
2019,2,総務費,1,総務管理費,1,一般管理費,総務事務経費,19,負担金補助及び交付金,2,0,21負担金,,,,,168543,R1決算書p29
2019,2,総務費,1,総務管理費,1,一般管理費,総務事務経費,19,負担金補助及び交付金,3,1,21負担金,01安全運転管理講習会負担金,,,,9000,R1決算書p29
2019,2,総務費,1,総務管理費,1,一般管理費,総務事務経費,19,負担金補助及び交付金,3,1,21負担金,02自家用車組合負担金,,,,14300,R1決算書p29
2019,2,総務費,1,総務管理費,1,一般管理費,総務事務経費,19,負担金補助及び交付金,3,1,21負担金,03行政相談協議会負担金,,,,20000,R1決算書p29
2019,2,総務費,1,総務管理費,1,一般管理費,総務事務経費,19,負担金補助及び交付金,3,1,21負担金,04防火管理者協議会負担金,,,,6500,R1決算書p29
2019,2,総務費,1,総務管理費,1,一般管理費,総務事務経費,19,負担金補助及び交付金,3,1,21負担金,05国際連合協会負担金,,,,2000,R1決算書p29
2019,2,総務費,1,総務管理費,1,一般管理費,総務事務経費,19,負担金補助及び交付金,3,1,21負担金,06飯田コンピュータ協会協賛金,,,,3000,R1決算書p29
2019,2,総務費,1,総務管理費,1,一般管理費,総務事務経費,19,負担金補助及び交付金,3,1,21負担金,07危険物安全協会負担金,,,,5900,R1決算書p29
2019,2,総務費,1,総務管理費,1,一般管理費,総務事務経費,19,負担金補助及び交付金,3,1,21負担金,09指定金融機関負担金,,,,12000,R1決算書p29
2019,2,総務費,1,総務管理費,1,一般管理費,総務事務経費,19,負担金補助及び交付金,3,1,21負担金,10職員研修負担金,,,,9762,R1決算書p29
2019,2,総務費,1,総務管理費,1,一般管理費,総務事務経費,19,負担金補助及び交付金,3,1,21負担金,11町村球技大会負担金,,,,6150,R1決算書p29
2019,2,総務費,1,総務管理費,1,一般管理費,総務事務経費,19,負担金補助及び交付金,3,1,21負担金,12副村長会負担金,,,,7000,R1決算書p29
2019,2,総務費,1,総務管理費,1,一般管理費,総務事務経費,19,負担金補助及び交付金,3,1,21負担金,15伊那大島駅駐輪場負担金,,,,35600,R1決算書p29
2019,2,総務費,1,総務管理費,1,一般管理費,総務事務経費,19,負担金補助及び交付金,3,1,21負担金,16保護司会賛助金,,,,21831,R1決算書p29
2019,2,総務費,1,総務管理費,1,一般管理費,総務事務経費,19,負担金補助及び交付金,3,1,21負担金,18飯伊広域行政会議負担金,,,,3500,R1決算書p29
2019,2,総務費,1,総務管理費,1,一般管理費,総務事務経費,19,負担金補助及び交付金,3,1,21負担金,21平和首長会議メンバーシップ負担金,,,,2000,R1決算書p29
2019,2,総務費,1,総務管理費,1,一般管理費,総務事務経費,19,負担金補助及び交付金,3,1,21負担金,22長野県暴力追放センター負担金,,,,10000,R1決算書p29
2019,2,総務費,1,総務管理費,1,一般管理費,総務事務経費,26,寄付金,1,0,,,,,,500000,R1決算書p29
2019,2,総務費,1,総務管理費,1,一般管理費,総務事務経費,26,寄付金,2,0,01寄付金,,,,,500000,R1決算書p29
2019,2,総務費,1,総務管理費,1,一般管理費,総務事務経費,26,寄付金,3,1,01寄付金,02義援金,,,,500000,R1決算書p30
2019,2,総務費,1,総務管理費,1,一般管理費,総務事務経費,27,公課費,1,0,,,,,,84950,R1決算書p30
2019,2,総務費,1,総務管理費,1,一般管理費,総務事務経費,27,公課費,2,0,01重量税,,,,,76300,R1決算書p30
2019,2,総務費,1,総務管理費,1,一般管理費,総務事務経費,27,公課費,3,1,01重量税,01公用車重量税,,,,76300,R1決算書p30
2019,2,総務費,1,総務管理費,1,一般管理費,総務事務経費,27,公課費,2,0,11印紙税,,,,,8650,R1決算書p30
2019,2,総務費,1,総務管理費,1,一般管理費,総務事務経費,27,公課費,3,1,11印紙税,01印紙代,,,,8650,R1決算書p30
2019,2,総務費,1,総務管理費,1,一般管理費,一般職人事管理経費（総務費）,,,0,0,,,,,,110115958,R1決算書p30
2019,2,総務費,1,総務管理費,1,一般管理費,一般職人事管理経費（総務費）,2,給料,1,0,,,,,,45656400,R1決算書p30
2019,2,総務費,1,総務管理費,1,一般管理費,一般職人事管理経費（総務費）,2,給料,2,0,21職員給料,,,,,45656400,R1決算書p30
2019,2,総務費,1,総務管理費,1,一般管理費,一般職人事管理経費（総務費）,2,給料,3,1,21職員給料,01特別職・一般職給料,,,,45656400,R1決算書p30
2019,2,総務費,1,総務管理費,1,一般管理費,一般職人事管理経費（総務費）,3,職員手当等,1,0,,,,,,50437757,R1決算書p30
2019,2,総務費,1,総務管理費,1,一般管理費,一般職人事管理経費（総務費）,3,職員手当等,2,1,21職員手当等,,,,,50437757,R1決算書p30
2019,2,総務費,1,総務管理費,1,一般管理費,一般職人事管理経費（総務費）,4,共済費,1,0,,,,,,14021801,R1決算書p30
2019,2,総務費,1,総務管理費,1,一般管理費,一般職人事管理経費（総務費）,4,共済費,2,0,31一般職共済費,,,,,14021801,R1決算書p30
2019,2,総務費,1,総務管理費,1,一般管理費,一般職人事管理経費（総務費）,4,共済費,3,1,31一般職共済費,01地方公務員共済組合等負担金,,,,14021801,R1決算書p30
2019,2,総務費,1,総務管理費,1,一般管理費,互助会・災害補償基金経費,,,0,0,,,,,,691066,R1決算書p30
2019,2,総務費,1,総務管理費,1,一般管理費,互助会・災害補償基金経費,19,負担金補助及び交付金,1,0,,,,,,691066,R1決算書p30
2019,2,総務費,1,総務管理費,1,一般管理費,互助会・災害補償基金経費,19,負担金補助及び交付金,2,0,01負担金（人件費）,,,,,691066,R1決算書p30
2019,2,総務費,1,総務管理費,1,一般管理費,互助会・災害補償基金経費,19,負担金補助及び交付金,3,1,01負担金（人件費）,01町村職員互助会負担金,,,,378008,R1決算書p30
2019,2,総務費,1,総務管理費,1,一般管理費,互助会・災害補償基金経費,19,負担金補助及び交付金,3,1,01負担金（人件費）,02地方公務員災害補償基金負担金,,,,313058,R1決算書p30
2019,2,総務費,1,総務管理費,1,一般管理費,臨時職員管理経費（社会保険等）,,,0,0,,,,,,5641514,R1決算書p30
2019,2,総務費,1,総務管理費,1,一般管理費,臨時職員管理経費（社会保険等）,4,共済費,1,0,,,,,,5641514,R1決算書p30
2019,2,総務費,1,総務管理費,1,一般管理費,臨時職員管理経費（社会保険等）,4,共済費,2,0,41臨時職員等共済費,,,,,5641514,R1決算書p30
2019,2,総務費,1,総務管理費,1,一般管理費,臨時職員管理経費（社会保険等）,4,共済費,3,1,41臨時職員等共済費,01社会保険料,,,,5641514,R1決算書p30
2019,2,総務費,1,総務管理費,1,一般管理費,臨時職員管理経費（総務課）,,,0,0,,,,,,1017300,R1決算書p30
2019,2,総務費,1,総務管理費,1,一般管理費,臨時職員管理経費（総務課）,7,賃金,1,0,,,,,,1017300,R1決算書p30
2019,2,総務費,1,総務管理費,1,一般管理費,臨時職員管理経費（総務課）,7,賃金,2,0,11臨時職員賃金,,,,,1017300,R1決算書p30
2019,2,総務費,1,総務管理費,1,一般管理費,臨時職員管理経費（総務課）,7,賃金,3,1,11臨時職員賃金,01臨時職員賃金,,,,1017300,R1決算書p30
2019,2,総務費,1,総務管理費,2,文書広報費,文書広報一般経費,,,0,0,,,,,,6757210,R1決算書p30
2019,2,総務費,1,総務管理費,2,文書広報費,文書広報一般経費,1,報酬,1,0,,,,,,230500,R1決算書p30
2019,2,総務費,1,総務管理費,2,文書広報費,文書広報一般経費,1,報酬,2,0,11委員報酬,,,,,230500,R1決算書p30
2019,2,総務費,1,総務管理費,2,文書広報費,文書広報一般経費,1,報酬,3,1,11委員報酬,01自治会広報係報酬,,,,230500,R1決算書p30
2019,2,総務費,1,総務管理費,2,文書広報費,文書広報一般経費,7,賃金,1,0,,,,,,225000,R1決算書p30
2019,2,総務費,1,総務管理費,2,文書広報費,文書広報一般経費,7,賃金,2,0,31作業員賃金,,,,,225000,R1決算書p30
2019,2,総務費,1,総務管理費,2,文書広報費,文書広報一般経費,7,賃金,3,1,31作業員賃金,01情報無線電池交換賃金,,,,225000,R1決算書p30
2019,2,総務費,1,総務管理費,2,文書広報費,文書広報一般経費,11,需用費,1,0,,,,,,2466553,R1決算書p30
2019,2,総務費,1,総務管理費,2,文書広報費,文書広報一般経費,11,需用費,2,0,01消耗品,,,,,120020,R1決算書p30
2019,2,総務費,1,総務管理費,2,文書広報費,文書広報一般経費,11,需用費,3,1,01消耗品,01消耗品,,,,31316,R1決算書p30
2019,2,総務費,1,総務管理費,2,文書広報費,文書広報一般経費,11,需用費,3,1,01消耗品,02情報無線電池代,,,,88704,R1決算書p30
2019,2,総務費,1,総務管理費,2,文書広報費,文書広報一般経費,11,需用費,2,0,31印刷製本費,,,,,2182060,R1決算書p30
2019,2,総務費,1,総務管理費,2,文書広報費,文書広報一般経費,11,需用費,3,1,31印刷製本費,01広報おおしか印刷代,,,,2182060,R1決算書p31
2019,2,総務費,1,総務管理費,2,文書広報費,文書広報一般経費,11,需用費,2,0,41光熱水費,,,,,87793,R1決算書p31
2019,2,総務費,1,総務管理費,2,文書広報費,文書広報一般経費,11,需用費,3,1,41光熱水費,01電気料（情報無線）,,,,87793,R1決算書p31
2019,2,総務費,1,総務管理費,2,文書広報費,文書広報一般経費,11,需用費,2,0,51修繕費,,,,,76680,R1決算書p31
2019,2,総務費,1,総務管理費,2,文書広報費,文書広報一般経費,11,需用費,3,1,51修繕費,01修繕費（情報無線）,,,,76680,R1決算書p31
2019,2,総務費,1,総務管理費,2,文書広報費,文書広報一般経費,12,役務費,1,0,,,,,,1740457,R1決算書p31
2019,2,総務費,1,総務管理費,2,文書広報費,文書広報一般経費,12,役務費,2,0,01通信運搬費,,,,,1738457,R1決算書p31
2019,2,総務費,1,総務管理費,2,文書広報費,文書広報一般経費,12,役務費,3,1,01通信運搬費,01郵便料,,,,1472889,R1決算書p31
2019,2,総務費,1,総務管理費,2,文書広報費,文書広報一般経費,12,役務費,3,1,01通信運搬費,02運搬費（宅急便）,,,,79068,R1決算書p31
2019,2,総務費,1,総務管理費,2,文書広報費,文書広報一般経費,12,役務費,3,1,01通信運搬費,03電波利用料（情報無線）,,,,186500,R1決算書p31
2019,2,総務費,1,総務管理費,2,文書広報費,文書広報一般経費,12,役務費,2,0,41損害保険料,,,,,2000,R1決算書p31
2019,2,総務費,1,総務管理費,2,文書広報費,文書広報一般経費,12,役務費,3,1,41損害保険料,01電池作業員損害保険料,,,,2000,R1決算書p31
2019,2,総務費,1,総務管理費,2,文書広報費,文書広報一般経費,13,委託料,1,0,,,,,,1286200,R1決算書p31
2019,2,総務費,1,総務管理費,2,文書広報費,文書広報一般経費,13,委託料,2,0,21保守管理委託料,,,,,1286200,R1決算書p31
2019,2,総務費,1,総務管理費,2,文書広報費,文書広報一般経費,13,委託料,3,1,21保守管理委託料,01情報無線保守委託料,,,,1286200,R1決算書p31
2019,2,総務費,1,総務管理費,2,文書広報費,文書広報一般経費,14,使用料及び賃借料,1,0,,,,,,25500,R1決算書p31
2019,2,総務費,1,総務管理費,2,文書広報費,文書広報一般経費,14,使用料及び賃借料,2,0,12敷地料,,,,,25500,R1決算書p31
2019,2,総務費,1,総務管理費,2,文書広報費,文書広報一般経費,14,使用料及び賃借料,3,1,12敷地料,01同報無線敷地料,,,,25500,R1決算書p31
2019,2,総務費,1,総務管理費,2,文書広報費,文書広報一般経費,15,工事請負費,1,0,,,,,,783000,R1決算書p31
2019,2,総務費,1,総務管理費,2,文書広報費,文書広報一般経費,15,工事請負費,2,0,31単独事業,,,,,783000,R1決算書p31
2019,2,総務費,1,総務管理費,2,文書広報費,文書広報一般経費,15,工事請負費,3,1,31単独事業,02同報無線改修工事,,,,783000,R1決算書p31
2019,2,総務費,1,総務管理費,3,財政管理費,財政一般経費,,,0,0,,,,,,9067172,R1決算書p31
2019,2,総務費,1,総務管理費,3,財政管理費,財政一般経費,11,需用費,1,0,,,,,,25172,R1決算書p31
2019,2,総務費,1,総務管理費,3,財政管理費,財政一般経費,11,需用費,2,0,01消耗品,,,,,25172,R1決算書p31
2019,2,総務費,1,総務管理費,3,財政管理費,財政一般経費,11,需用費,3,1,01消耗品,01図書購入費,,,,25172,R1決算書p31
2019,2,総務費,1,総務管理費,3,財政管理費,財政一般経費,13,委託料,1,0,,,,,,9042000,R1決算書p31
2019,2,総務費,1,総務管理費,3,財政管理費,財政一般経費,13,委託料,2,0,11電算委託料,,,,,550000,R1決算書p31
2019,2,総務費,1,総務管理費,3,財政管理費,財政一般経費,13,委託料,3,1,11電算委託料,01公会計制度システム保守委託料,,,,550000,R1決算書p31
2019,2,総務費,1,総務管理費,3,財政管理費,財政一般経費,13,委託料,2,0,21保守管理委託料,,,,,957000,R1決算書p31
2019,2,総務費,1,総務管理費,3,財政管理費,財政一般経費,13,委託料,3,1,21保守管理委託料,01公有財産管理システム保守料,,,,957000,R1決算書p31
2019,2,総務費,1,総務管理費,3,財政管理費,財政一般経費,13,委託料,2,0,51業務委託料,,,,,7535000,R1決算書p31
2019,2,総務費,1,総務管理費,3,財政管理費,財政一般経費,13,委託料,3,1,51業務委託料,03財務書類作成業務委託料,,,,2552000,R1決算書p31
2019,2,総務費,1,総務管理費,3,財政管理費,財政一般経費,13,委託料,3,1,51業務委託料,04資産台帳更新委託料,,,,3861000,R1決算書p31
2019,2,総務費,1,総務管理費,3,財政管理費,財政一般経費,13,委託料,3,1,51業務委託料,07公共施設長寿命化計画策定業務委託,,,,1122000,R1決算書p31
2019,2,総務費,1,総務管理費,5,財産管理費,財産管理経費,,,0,0,,,,,,14644868,R1決算書p31
2019,2,総務費,1,総務管理費,5,財産管理費,財産管理経費,11,需用費,1,0,,,,,,5886202,R1決算書p31
2019,2,総務費,1,総務管理費,5,財産管理費,財産管理経費,11,需用費,2,0,01消耗品,,,,,420228,R1決算書p31
2019,2,総務費,1,総務管理費,5,財産管理費,財産管理経費,11,需用費,3,1,01消耗品,01庁舎消耗品,,,,276632,R1決算書p31
2019,2,総務費,1,総務管理費,5,財産管理費,財産管理経費,11,需用費,3,1,01消耗品,02モップ・マット,,,,143596,R1決算書p31
2019,2,総務費,1,総務管理費,5,財産管理費,財産管理経費,11,需用費,2,0,41光熱水費,,,,,4816750,R1決算書p31
2019,2,総務費,1,総務管理費,5,財産管理費,財産管理経費,11,需用費,3,1,41光熱水費,01電気料,,,,2520330,R1決算書p31
2019,2,総務費,1,総務管理費,5,財産管理費,財産管理経費,11,需用費,3,1,41光熱水費,02水道料,,,,259503,R1決算書p31
2019,2,総務費,1,総務管理費,5,財産管理費,財産管理経費,11,需用費,3,1,41光熱水費,03灯油代,,,,1973179,R1決算書p32
2019,2,総務費,1,総務管理費,5,財産管理費,財産管理経費,11,需用費,3,1,41光熱水費,04ガス代,,,,63738,R1決算書p32
2019,2,総務費,1,総務管理費,5,財産管理費,財産管理経費,11,需用費,2,0,51修繕費,,,,,649224,R1決算書p32
2019,2,総務費,1,総務管理費,5,財産管理費,財産管理経費,11,需用費,3,1,51修繕費,01建物修繕費,,,,549864,R1決算書p32
2019,2,総務費,1,総務管理費,5,財産管理費,財産管理経費,11,需用費,3,1,51修繕費,02その他修繕費,,,,99360,R1決算書p32
2019,2,総務費,1,総務管理費,5,財産管理費,財産管理経費,12,役務費,1,0,,,,,,1235129,R1決算書p32
2019,2,総務費,1,総務管理費,5,財産管理費,財産管理経費,12,役務費,2,0,01通信運搬費,,,,,1083450,R1決算書p32
2019,2,総務費,1,総務管理費,5,財産管理費,財産管理経費,12,役務費,3,1,01通信運搬費,01電話料,,,,1020150,R1決算書p32
2019,2,総務費,1,総務管理費,5,財産管理費,財産管理経費,12,役務費,3,1,01通信運搬費,02テレビ受信料,,,,63300,R1決算書p32
2019,2,総務費,1,総務管理費,5,財産管理費,財産管理経費,12,役務費,2,0,21手数料,,,,,39500,R1決算書p32
2019,2,総務費,1,総務管理費,5,財産管理費,財産管理経費,12,役務費,3,1,21手数料,01消防施設点検料,,,,38500,R1決算書p32
2019,2,総務費,1,総務管理費,5,財産管理費,財産管理経費,12,役務費,3,1,21手数料,02廃棄物処理手数料,,,,1000,R1決算書p32
2019,2,総務費,1,総務管理費,5,財産管理費,財産管理経費,12,役務費,2,0,41損害保険料,,,,,112179,R1決算書p32
2019,2,総務費,1,総務管理費,5,財産管理費,財産管理経費,12,役務費,3,1,41損害保険料,01村有建物災害共済保険料,,,,112179,R1決算書p32
2019,2,総務費,1,総務管理費,5,財産管理費,財産管理経費,13,委託料,1,0,,,,,,1745690,R1決算書p32
2019,2,総務費,1,総務管理費,5,財産管理費,財産管理経費,13,委託料,2,0,21保守管理委託料,,,,,1745690,R1決算書p32
2019,2,総務費,1,総務管理費,5,財産管理費,財産管理経費,13,委託料,3,1,21保守管理委託料,01電話保守委託料,,,,169600,R1決算書p32
2019,2,総務費,1,総務管理費,5,財産管理費,財産管理経費,13,委託料,3,1,21保守管理委託料,02庁舎管理委託料,,,,841925,R1決算書p32
2019,2,総務費,1,総務管理費,5,財産管理費,財産管理経費,13,委託料,3,1,21保守管理委託料,03電気施設保守委託料,,,,184120,R1決算書p32
2019,2,総務費,1,総務管理費,5,財産管理費,財産管理経費,13,委託料,3,1,21保守管理委託料,04合併浄化槽保守管理委託料,,,,245265,R1決算書p32
2019,2,総務費,1,総務管理費,5,財産管理費,財産管理経費,13,委託料,3,1,21保守管理委託料,05自動ドア管理委託料,,,,123280,R1決算書p32
2019,2,総務費,1,総務管理費,5,財産管理費,財産管理経費,13,委託料,3,1,21保守管理委託料,06非常用発電設備点検委託料,,,,93500,R1決算書p32
2019,2,総務費,1,総務管理費,5,財産管理費,財産管理経費,13,委託料,3,1,21保守管理委託料,07サーバ保守料,,,,88000,R1決算書p32
2019,2,総務費,1,総務管理費,5,財産管理費,財産管理経費,14,使用料及び賃借料,1,0,,,,,,434781,R1決算書p32
2019,2,総務費,1,総務管理費,5,財産管理費,財産管理経費,14,使用料及び賃借料,2,0,12敷地料,,,,,434781,R1決算書p32
2019,2,総務費,1,総務管理費,5,財産管理費,財産管理経費,14,使用料及び賃借料,3,1,12敷地料,01庁舎敷地料,,,,345901,R1決算書p32
2019,2,総務費,1,総務管理費,5,財産管理費,財産管理経費,14,使用料及び賃借料,3,1,12敷地料,02駐在所敷地料,,,,88880,R1決算書p32
2019,2,総務費,1,総務管理費,5,財産管理費,財産管理経費,15,工事請負費,1,0,,,,,,5311066,R1決算書p32
2019,2,総務費,1,総務管理費,5,財産管理費,財産管理経費,15,工事請負費,2,0,32維持・修繕工事,,,,,5311066,R1決算書p32
2019,2,総務費,1,総務管理費,5,財産管理費,財産管理経費,15,工事請負費,3,1,32維持・修繕工事,01庁舎施設修繕工事,,,,5311066,R1決算書p32
2019,2,総務費,1,総務管理費,5,財産管理費,財産管理経費,18,備品購入費,1,0,,,,,,32000,R1決算書p32
2019,2,総務費,1,総務管理費,5,財産管理費,財産管理経費,18,備品購入費,2,0,01備品購入費,,,,,32000,R1決算書p32
2019,2,総務費,1,総務管理費,5,財産管理費,財産管理経費,18,備品購入費,3,1,01備品購入費,05消火器購入費,,,,32000,R1決算書p32
2019,2,総務費,1,総務管理費,6,企画費,企画事務経費,,,0,0,,,,,,48823235,R1決算書p32
2019,2,総務費,1,総務管理費,6,企画費,企画事務経費,1,報酬,1,0,,,,,,149200,R1決算書p32
2019,2,総務費,1,総務管理費,6,企画費,企画事務経費,1,報酬,2,0,11委員報酬,,,,,149200,R1決算書p32
2019,2,総務費,1,総務管理費,6,企画費,企画事務経費,1,報酬,3,1,11委員報酬,02景観審議会報酬,,,,136300,R1決算書p32
2019,2,総務費,1,総務管理費,6,企画費,企画事務経費,1,報酬,3,1,11委員報酬,03検討委員会報酬,,,,12900,R1決算書p32
2019,2,総務費,1,総務管理費,6,企画費,企画事務経費,7,賃金,1,0,,,,,,51600,R1決算書p32
2019,2,総務費,1,総務管理費,6,企画費,企画事務経費,7,賃金,2,0,21委員賃金,,,,,51600,R1決算書p32
2019,2,総務費,1,総務管理費,6,企画費,企画事務経費,7,賃金,3,1,21委員賃金,01交通システム策定委員会賃金,,,,25800,R1決算書p32
2019,2,総務費,1,総務管理費,6,企画費,企画事務経費,7,賃金,3,1,21委員賃金,04行政評価委員会賃金,,,,25800,R1決算書p32
2019,2,総務費,1,総務管理費,6,企画費,企画事務経費,8,報償費,1,0,,,,,,600000,R1決算書p32
2019,2,総務費,1,総務管理費,6,企画費,企画事務経費,8,報償費,2,0,01謝金,,,,,600000,R1決算書p33
2019,2,総務費,1,総務管理費,6,企画費,企画事務経費,8,報償費,3,1,01謝金,01講師謝礼,,,,600000,R1決算書p33
2019,2,総務費,1,総務管理費,6,企画費,企画事務経費,9,旅費,1,0,,,,,,736320,R1決算書p33
2019,2,総務費,1,総務管理費,6,企画費,企画事務経費,9,旅費,2,0,11職員旅費,,,,,313220,R1決算書p33
2019,2,総務費,1,総務管理費,6,企画費,企画事務経費,9,旅費,3,1,11職員旅費,01職員旅費,,,,313220,R1決算書p33
2019,2,総務費,1,総務管理費,6,企画費,企画事務経費,9,旅費,2,0,51費用弁償,,,,,423100,R1決算書p33
2019,2,総務費,1,総務管理費,6,企画費,企画事務経費,9,旅費,3,1,51費用弁償,01講師旅費,,,,214220,R1決算書p33
2019,2,総務費,1,総務管理費,6,企画費,企画事務経費,9,旅費,3,1,51費用弁償,03受賞者旅費,,,,208880,R1決算書p33
2019,2,総務費,1,総務管理費,6,企画費,企画事務経費,11,需用費,1,0,,,,,,6236146,R1決算書p33
2019,2,総務費,1,総務管理費,6,企画費,企画事務経費,11,需用費,2,0,01消耗品,,,,,5765646,R1決算書p33
2019,2,総務費,1,総務管理費,6,企画費,企画事務経費,11,需用費,3,1,01消耗品,01消耗品,,,,5751246,R1決算書p33
2019,2,総務費,1,総務管理費,6,企画費,企画事務経費,11,需用費,3,1,01消耗品,04美しい村新聞購入費,,,,14400,R1決算書p33
2019,2,総務費,1,総務管理費,6,企画費,企画事務経費,11,需用費,2,0,31印刷製本費,,,,,470500,R1決算書p33
2019,2,総務費,1,総務管理費,6,企画費,企画事務経費,11,需用費,3,1,31印刷製本費,01村勢要覧印刷費,,,,122100,R1決算書p33
2019,2,総務費,1,総務管理費,6,企画費,企画事務経費,11,需用費,3,1,31印刷製本費,05美しい村ＰＲ資料印刷費,,,,272800,R1決算書p33
2019,2,総務費,1,総務管理費,6,企画費,企画事務経費,11,需用費,3,1,31印刷製本費,06名刺用台紙印刷代,,,,75600,R1決算書p33
2019,2,総務費,1,総務管理費,6,企画費,企画事務経費,12,役務費,1,0,,,,,,364672,R1決算書p33
2019,2,総務費,1,総務管理費,6,企画費,企画事務経費,12,役務費,2,0,01通信運搬費,,,,,59462,R1決算書p33
2019,2,総務費,1,総務管理費,6,企画費,企画事務経費,12,役務費,3,1,01通信運搬費,01郵便料,,,,59462,R1決算書p33
2019,2,総務費,1,総務管理費,6,企画費,企画事務経費,12,役務費,2,0,11広告料,,,,,220560,R1決算書p33
2019,2,総務費,1,総務管理費,6,企画費,企画事務経費,12,役務費,3,1,11広告料,01広告料,,,,220560,R1決算書p33
2019,2,総務費,1,総務管理費,6,企画費,企画事務経費,12,役務費,2,0,31筆耕料,,,,,42000,R1決算書p33
2019,2,総務費,1,総務管理費,6,企画費,企画事務経費,12,役務費,3,1,31筆耕料,01筆耕料,,,,42000,R1決算書p33
2019,2,総務費,1,総務管理費,6,企画費,企画事務経費,12,役務費,2,0,41損害保険料,,,,,42650,R1決算書p33
2019,2,総務費,1,総務管理費,6,企画費,企画事務経費,12,役務費,3,1,41損害保険料,04公用車共済保険料,,,,40150,R1決算書p33
2019,2,総務費,1,総務管理費,6,企画費,企画事務経費,12,役務費,3,1,41損害保険料,05イベント保険料,,,,2500,R1決算書p33
2019,2,総務費,1,総務管理費,6,企画費,企画事務経費,13,委託料,1,0,,,,,,4160460,R1決算書p33
2019,2,総務費,1,総務管理費,6,企画費,企画事務経費,13,委託料,2,0,21保守管理委託料,,,,,146060,R1決算書p33
2019,2,総務費,1,総務管理費,6,企画費,企画事務経費,13,委託料,3,1,21保守管理委託料,01ホームページ保守委託料,,,,146060,R1決算書p33
2019,2,総務費,1,総務管理費,6,企画費,企画事務経費,13,委託料,2,0,51業務委託料,,,,,4014400,R1決算書p33
2019,2,総務費,1,総務管理費,6,企画費,企画事務経費,13,委託料,3,1,51業務委託料,03ホームページ更新委託料,,,,1145600,R1決算書p33
2019,2,総務費,1,総務管理費,6,企画費,企画事務経費,13,委託料,3,1,51業務委託料,16公用車ラッピング委託料,,,,132000,R1決算書p33
2019,2,総務費,1,総務管理費,6,企画費,企画事務経費,13,委託料,3,1,51業務委託料,18映像制作委託料,,,,1438800,R1決算書p33
2019,2,総務費,1,総務管理費,6,企画費,企画事務経費,13,委託料,3,1,51業務委託料,20130周年記念事業業務委託料,,,,748000,R1決算書p33
2019,2,総務費,1,総務管理費,6,企画費,企画事務経費,13,委託料,3,1,51業務委託料,21文化交流事業講師委託料,,,,550000,R1決算書p33
2019,2,総務費,1,総務管理費,6,企画費,企画事務経費,14,使用料及び賃借料,1,0,,,,,,1221014,R1決算書p33
2019,2,総務費,1,総務管理費,6,企画費,企画事務経費,14,使用料及び賃借料,2,0,01使用料・借上料,,,,,1219094,R1決算書p33
2019,2,総務費,1,総務管理費,6,企画費,企画事務経費,14,使用料及び賃借料,3,1,01使用料・借上料,03駐車場使用料,,,,29430,R1決算書p33
2019,2,総務費,1,総務管理費,6,企画費,企画事務経費,14,使用料及び賃借料,3,1,01使用料・借上料,05行政ＨＰ用サーバ使用料,,,,254276,R1決算書p33
2019,2,総務費,1,総務管理費,6,企画費,企画事務経費,14,使用料及び賃借料,3,1,01使用料・借上料,06ふるさと納税システム利用料,,,,911388,R1決算書p33
2019,2,総務費,1,総務管理費,6,企画費,企画事務経費,14,使用料及び賃借料,3,1,01使用料・借上料,07会場使用料,,,,24000,R1決算書p33
2019,2,総務費,1,総務管理費,6,企画費,企画事務経費,14,使用料及び賃借料,2,0,12敷地料,,,,,1920,R1決算書p33
2019,2,総務費,1,総務管理費,6,企画費,企画事務経費,14,使用料及び賃借料,3,1,12敷地料,01バス停敷地料,,,,1920,R1決算書p33
2019,2,総務費,1,総務管理費,6,企画費,企画事務経費,18,備品購入費,1,0,,,,,,4762103,R1決算書p33
2019,2,総務費,1,総務管理費,6,企画費,企画事務経費,18,備品購入費,2,0,01備品購入費,,,,,4762103,R1決算書p34
2019,2,総務費,1,総務管理費,6,企画費,企画事務経費,18,備品購入費,3,1,01備品購入費,02公用車購入費,,,,4762103,R1決算書p34
2019,2,総務費,1,総務管理費,6,企画費,企画事務経費,19,負担金補助及び交付金,1,0,,,,,,30541720,R1決算書p34
2019,2,総務費,1,総務管理費,6,企画費,企画事務経費,19,負担金補助及び交付金,2,0,11負担金（一部事務組合）,,,,,4324000,R1決算書p34
2019,2,総務費,1,総務管理費,6,企画費,企画事務経費,19,負担金補助及び交付金,3,1,11負担金（一部事務組合）,01南信州広域連合負担金,,,,2359000,R1決算書p34
2019,2,総務費,1,総務管理費,6,企画費,企画事務経費,19,負担金補助及び交付金,3,1,11負担金（一部事務組合）,02北部総合事務組合負担金,,,,1965000,R1決算書p34
2019,2,総務費,1,総務管理費,6,企画費,企画事務経費,19,負担金補助及び交付金,2,0,21負担金,,,,,1001726,R1決算書p34
2019,2,総務費,1,総務管理費,6,企画費,企画事務経費,19,負担金補助及び交付金,3,1,21負担金,02全国山振連盟負担金,,,,40000,R1決算書p34
2019,2,総務費,1,総務管理費,6,企画費,企画事務経費,19,負担金補助及び交付金,3,1,21負担金,03全国過疎地域自立促進連盟負担金,,,,42300,R1決算書p34
2019,2,総務費,1,総務管理費,6,企画費,企画事務経費,19,負担金補助及び交付金,3,1,21負担金,07三遠南信サミット負担金,,,,6000,R1決算書p34
2019,2,総務費,1,総務管理費,6,企画費,企画事務経費,19,負担金補助及び交付金,3,1,21負担金,09美しい村連合負担金,,,,472000,R1決算書p34
2019,2,総務費,1,総務管理費,6,企画費,企画事務経費,19,負担金補助及び交付金,3,1,21負担金,12美しい村連合総会負担金,,,,246026,R1決算書p34
2019,2,総務費,1,総務管理費,6,企画費,企画事務経費,19,負担金補助及び交付金,3,1,21負担金,13ダム・発電関係市町村全国協議会負担金,,,,8000,R1決算書p34
2019,2,総務費,1,総務管理費,6,企画費,企画事務経費,19,負担金補助及び交付金,3,1,21負担金,16イベント開催負担金,,,,37400,R1決算書p34
2019,2,総務費,1,総務管理費,6,企画費,企画事務経費,19,負担金補助及び交付金,3,1,21負担金,20伊那大島駅負担金,,,,150000,R1決算書p34
2019,2,総務費,1,総務管理費,6,企画費,企画事務経費,19,負担金補助及び交付金,2,0,51補助金,,,,,22472000,R1決算書p34
2019,2,総務費,1,総務管理費,6,企画費,企画事務経費,19,負担金補助及び交付金,3,1,51補助金,03コミュニティ活動補助金,,,,1000000,R1決算書p34
2019,2,総務費,1,総務管理費,6,企画費,企画事務経費,19,負担金補助及び交付金,3,1,51補助金,06廃止代替バス運行補助金,,,,18301000,R1決算書p34
2019,2,総務費,1,総務管理費,6,企画費,企画事務経費,19,負担金補助及び交付金,3,1,51補助金,07美しい村づくり事業補助金,,,,3171000,R1決算書p34
2019,2,総務費,1,総務管理費,6,企画費,企画事務経費,19,負担金補助及び交付金,2,0,71交付金,,,,,2743994,R1決算書p34
2019,2,総務費,1,総務管理費,6,企画費,企画事務経費,19,負担金補助及び交付金,3,1,71交付金,01美しい村づくり交付金,,,,2743994,R1決算書p34
2019,2,総務費,1,総務管理費,6,企画費,地域おこし協力隊・集落支援員事業,,,0,0,,,,,,7286349,R1決算書p34
2019,2,総務費,1,総務管理費,6,企画費,地域おこし協力隊・集落支援員事業,4,共済費,1,0,,,,,,1710340,R1決算書p34
2019,2,総務費,1,総務管理費,6,企画費,地域おこし協力隊・集落支援員事業,4,共済費,2,0,41臨時職員等共済費,,,,,1710340,R1決算書p34
2019,2,総務費,1,総務管理費,6,企画費,地域おこし協力隊・集落支援員事業,4,共済費,3,1,41臨時職員等共済費,01社会保険料,,,,1710340,R1決算書p34
2019,2,総務費,1,総務管理費,6,企画費,地域おこし協力隊・集落支援員事業,7,賃金,1,0,,,,,,4400000,R1決算書p34
2019,2,総務費,1,総務管理費,6,企画費,地域おこし協力隊・集落支援員事業,7,賃金,2,0,11臨時職員賃金,,,,,4400000,R1決算書p34
2019,2,総務費,1,総務管理費,6,企画費,地域おこし協力隊・集落支援員事業,7,賃金,3,1,11臨時職員賃金,01地域おこし協力隊賃金,,,,4400000,R1決算書p34
2019,2,総務費,1,総務管理費,6,企画費,地域おこし協力隊・集落支援員事業,9,旅費,1,0,,,,,,124240,R1決算書p34
2019,2,総務費,1,総務管理費,6,企画費,地域おこし協力隊・集落支援員事業,9,旅費,2,0,51費用弁償,,,,,124240,R1決算書p34
2019,2,総務費,1,総務管理費,6,企画費,地域おこし協力隊・集落支援員事業,9,旅費,3,1,51費用弁償,01地域おこし協力隊旅費,,,,124240,R1決算書p34
2019,2,総務費,1,総務管理費,6,企画費,地域おこし協力隊・集落支援員事業,11,需用費,1,0,,,,,,70563,R1決算書p34
2019,2,総務費,1,総務管理費,6,企画費,地域おこし協力隊・集落支援員事業,11,需用費,2,0,01消耗品,,,,,28547,R1決算書p34
2019,2,総務費,1,総務管理費,6,企画費,地域おこし協力隊・集落支援員事業,11,需用費,3,1,01消耗品,01消耗品,,,,15479,R1決算書p34
2019,2,総務費,1,総務管理費,6,企画費,地域おこし協力隊・集落支援員事業,11,需用費,3,1,01消耗品,02図書購入費,,,,13068,R1決算書p34
2019,2,総務費,1,総務管理費,6,企画費,地域おこし協力隊・集落支援員事業,11,需用費,2,0,11燃料費,,,,,20892,R1決算書p34
2019,2,総務費,1,総務管理費,6,企画費,地域おこし協力隊・集落支援員事業,11,需用費,3,1,11燃料費,01公用車燃料代,,,,20892,R1決算書p34
2019,2,総務費,1,総務管理費,6,企画費,地域おこし協力隊・集落支援員事業,11,需用費,2,0,51修繕費,,,,,21124,R1決算書p34
2019,2,総務費,1,総務管理費,6,企画費,地域おこし協力隊・集落支援員事業,11,需用費,3,1,51修繕費,01公用車修繕費,,,,17884,R1決算書p34
2019,2,総務費,1,総務管理費,6,企画費,地域おこし協力隊・集落支援員事業,11,需用費,3,1,51修繕費,02事務用機器修繕費,,,,3240,R1決算書p34
2019,2,総務費,1,総務管理費,6,企画費,地域おこし協力隊・集落支援員事業,12,役務費,1,0,,,,,,54354,R1決算書p34
2019,2,総務費,1,総務管理費,6,企画費,地域おこし協力隊・集落支援員事業,12,役務費,2,0,21手数料,,,,,36754,R1決算書p34
2019,2,総務費,1,総務管理費,6,企画費,地域おこし協力隊・集落支援員事業,12,役務費,3,1,21手数料,01公用車車検点検料,,,,36754,R1決算書p35
2019,2,総務費,1,総務管理費,6,企画費,地域おこし協力隊・集落支援員事業,12,役務費,2,0,41損害保険料,,,,,17600,R1決算書p35
2019,2,総務費,1,総務管理費,6,企画費,地域おこし協力隊・集落支援員事業,12,役務費,3,1,41損害保険料,02公用車共済保険料,,,,17600,R1決算書p35
2019,2,総務費,1,総務管理費,6,企画費,地域おこし協力隊・集落支援員事業,14,使用料及び賃借料,1,0,,,,,,898502,R1決算書p35
2019,2,総務費,1,総務管理費,6,企画費,地域おこし協力隊・集落支援員事業,14,使用料及び賃借料,2,0,01使用料・借上料,,,,,887032,R1決算書p35
2019,2,総務費,1,総務管理費,6,企画費,地域おこし協力隊・集落支援員事業,14,使用料及び賃借料,3,1,01使用料・借上料,02住宅借上料,,,,352000,R1決算書p35
2019,2,総務費,1,総務管理費,6,企画費,地域おこし協力隊・集落支援員事業,14,使用料及び賃借料,3,1,01使用料・借上料,03事務用機器リース料,,,,72360,R1決算書p35
2019,2,総務費,1,総務管理費,6,企画費,地域おこし協力隊・集落支援員事業,14,使用料及び賃借料,3,1,01使用料・借上料,04自動車リース料,,,,462672,R1決算書p35
2019,2,総務費,1,総務管理費,6,企画費,地域おこし協力隊・集落支援員事業,14,使用料及び賃借料,2,0,21有料道路通行料,,,,,11470,R1決算書p35
2019,2,総務費,1,総務管理費,6,企画費,地域おこし協力隊・集落支援員事業,14,使用料及び賃借料,3,1,21有料道路通行料,01有料道路通行料,,,,11470,R1決算書p35
2019,2,総務費,1,総務管理費,6,企画費,地域おこし協力隊・集落支援員事業,19,負担金補助及び交付金,1,0,,,,,,21750,R1決算書p35
2019,2,総務費,1,総務管理費,6,企画費,地域おこし協力隊・集落支援員事業,19,負担金補助及び交付金,2,0,21負担金,,,,,21750,R1決算書p35
2019,2,総務費,1,総務管理費,6,企画費,地域おこし協力隊・集落支援員事業,19,負担金補助及び交付金,3,1,21負担金,01地域おこし協力隊研修会負担金,,,,21750,R1決算書p35
2019,2,総務費,1,総務管理費,6,企画費,地域おこし協力隊・集落支援員事業,27,公課費,1,0,,,,,,6600,R1決算書p35
2019,2,総務費,1,総務管理費,6,企画費,地域おこし協力隊・集落支援員事業,27,公課費,2,0,01重量税,,,,,6600,R1決算書p35
2019,2,総務費,1,総務管理費,6,企画費,地域おこし協力隊・集落支援員事業,27,公課費,3,1,01重量税,01公用車重量税,,,,6600,R1決算書p35
2019,2,総務費,1,総務管理費,6,企画費,リニア対策経費,,,0,0,,,,,,15715400,R1決算書p35
2019,2,総務費,1,総務管理費,6,企画費,リニア対策経費,7,賃金,1,0,,,,,,464400,R1決算書p35
2019,2,総務費,1,総務管理費,6,企画費,リニア対策経費,7,賃金,2,0,21委員賃金,,,,,464400,R1決算書p35
2019,2,総務費,1,総務管理費,6,企画費,リニア対策経費,7,賃金,3,1,21委員賃金,02リニア連絡協議会委員賃金,,,,464400,R1決算書p35
2019,2,総務費,1,総務管理費,6,企画費,リニア対策経費,9,旅費,1,0,,,,,,10800,R1決算書p35
2019,2,総務費,1,総務管理費,6,企画費,リニア対策経費,9,旅費,2,0,11職員旅費,,,,,10800,R1決算書p35
2019,2,総務費,1,総務管理費,6,企画費,リニア対策経費,9,旅費,3,1,11職員旅費,01職員旅費,,,,10800,R1決算書p35
2019,2,総務費,1,総務管理費,6,企画費,リニア対策経費,13,委託料,1,0,,,,,,15236200,R1決算書p35
2019,2,総務費,1,総務管理費,6,企画費,リニア対策経費,13,委託料,2,0,51業務委託料,,,,,15236200,R1決算書p35
2019,2,総務費,1,総務管理費,6,企画費,リニア対策経費,13,委託料,3,1,51業務委託料,01設計照査委託料,,,,2233000,R1決算書p35
2019,2,総務費,1,総務管理費,6,企画費,リニア対策経費,13,委託料,3,1,51業務委託料,02設計照査委託料（繰越明許）,,,,13003200,R1決算書p35
2019,2,総務費,1,総務管理費,6,企画費,リニア対策経費,19,負担金補助及び交付金,1,0,,,,,,4000,R1決算書p35
2019,2,総務費,1,総務管理費,6,企画費,リニア対策経費,19,負担金補助及び交付金,2,0,21負担金,,,,,4000,R1決算書p35
2019,2,総務費,1,総務管理費,6,企画費,リニア対策経費,19,負担金補助及び交付金,3,1,21負担金,01リニアエクスプレス同盟会負担金,,,,4000,R1決算書p35
2019,2,総務費,1,総務管理費,8,交通安全対策費,交通安全一般経費,,,0,0,,,,,,354944,R1決算書p35
2019,2,総務費,1,総務管理費,8,交通安全対策費,交通安全一般経費,11,需用費,1,0,,,,,,105944,R1決算書p35
2019,2,総務費,1,総務管理費,8,交通安全対策費,交通安全一般経費,11,需用費,2,0,01消耗品,,,,,94196,R1決算書p35
2019,2,総務費,1,総務管理費,8,交通安全対策費,交通安全一般経費,11,需用費,3,1,01消耗品,01交通安全用品,,,,94196,R1決算書p35
2019,2,総務費,1,総務管理費,8,交通安全対策費,交通安全一般経費,11,需用費,2,0,41光熱水費,,,,,11748,R1決算書p35
2019,2,総務費,1,総務管理費,8,交通安全対策費,交通安全一般経費,11,需用費,3,1,41光熱水費,01電気料（回転灯）,,,,11748,R1決算書p35
2019,2,総務費,1,総務管理費,8,交通安全対策費,交通安全一般経費,19,負担金補助及び交付金,1,0,,,,,,249000,R1決算書p35
2019,2,総務費,1,総務管理費,8,交通安全対策費,交通安全一般経費,19,負担金補助及び交付金,2,0,21負担金,,,,,249000,R1決算書p35
2019,2,総務費,1,総務管理費,8,交通安全対策費,交通安全一般経費,19,負担金補助及び交付金,3,1,21負担金,03大鹿村交通安全協会事業費負担金,,,,249000,R1決算書p35
2019,2,総務費,1,総務管理費,8,交通安全対策費,南信交通災害共済経費,,,0,0,,,,,,354200,R1決算書p35
2019,2,総務費,1,総務管理費,8,交通安全対策費,南信交通災害共済経費,19,負担金補助及び交付金,1,0,,,,,,354200,R1決算書p35
2019,2,総務費,1,総務管理費,8,交通安全対策費,南信交通災害共済経費,19,負担金補助及び交付金,2,0,51補助金,,,,,354200,R1決算書p36
2019,2,総務費,1,総務管理費,8,交通安全対策費,南信交通災害共済経費,19,負担金補助及び交付金,3,1,51補助金,01南信交通災害共済掛金補助,,,,354200,R1決算書p36
2019,2,総務費,1,総務管理費,8,交通安全対策費,交通安全施設整備経費,,,0,0,,,,,,8888344,R1決算書p36
2019,2,総務費,1,総務管理費,8,交通安全対策費,交通安全施設整備経費,11,需用費,1,0,,,,,,227753,R1決算書p36
2019,2,総務費,1,総務管理費,8,交通安全対策費,交通安全施設整備経費,11,需用費,2,0,01消耗品,,,,,77800,R1決算書p36
2019,2,総務費,1,総務管理費,8,交通安全対策費,交通安全施設整備経費,11,需用費,3,1,01消耗品,01除雪用三角板代,,,,77800,R1決算書p36
2019,2,総務費,1,総務管理費,8,交通安全対策費,交通安全施設整備経費,11,需用費,2,0,11燃料費,,,,,120728,R1決算書p36
2019,2,総務費,1,総務管理費,8,交通安全対策費,交通安全施設整備経費,11,需用費,3,1,11燃料費,01公用車燃料費,,,,120728,R1決算書p36
2019,2,総務費,1,総務管理費,8,交通安全対策費,交通安全施設整備経費,11,需用費,2,0,51修繕費,,,,,29225,R1決算書p36
2019,2,総務費,1,総務管理費,8,交通安全対策費,交通安全施設整備経費,11,需用費,3,1,51修繕費,01公用車修繕費,,,,29225,R1決算書p36
2019,2,総務費,1,総務管理費,8,交通安全対策費,交通安全施設整備経費,12,役務費,1,0,,,,,,24908,R1決算書p36
2019,2,総務費,1,総務管理費,8,交通安全対策費,交通安全施設整備経費,12,役務費,2,0,21手数料,,,,,10368,R1決算書p36
2019,2,総務費,1,総務管理費,8,交通安全対策費,交通安全施設整備経費,12,役務費,3,1,21手数料,01公用車車検点検料,,,,10368,R1決算書p36
2019,2,総務費,1,総務管理費,8,交通安全対策費,交通安全施設整備経費,12,役務費,2,0,41損害保険料,,,,,14540,R1決算書p36
2019,2,総務費,1,総務管理費,8,交通安全対策費,交通安全施設整備経費,12,役務費,3,1,41損害保険料,01公用車共済保険料,,,,14540,R1決算書p36
2019,2,総務費,1,総務管理費,8,交通安全対策費,交通安全施設整備経費,13,委託料,1,0,,,,,,7344783,R1決算書p36
2019,2,総務費,1,総務管理費,8,交通安全対策費,交通安全施設整備経費,13,委託料,2,0,51業務委託料,,,,,7344783,R1決算書p36
2019,2,総務費,1,総務管理費,8,交通安全対策費,交通安全施設整備経費,13,委託料,3,1,51業務委託料,01道路凍結防止対策（支障木伐採）委託,,,,5032824,R1決算書p36
2019,2,総務費,1,総務管理費,8,交通安全対策費,交通安全施設整備経費,13,委託料,3,1,51業務委託料,02除雪委託料,,,,2311959,R1決算書p36
2019,2,総務費,1,総務管理費,8,交通安全対策費,交通安全施設整備経費,15,工事請負費,1,0,,,,,,1010400,R1決算書p36
2019,2,総務費,1,総務管理費,8,交通安全対策費,交通安全施設整備経費,15,工事請負費,2,0,31単独事業,,,,,1010400,R1決算書p36
2019,2,総務費,1,総務管理費,8,交通安全対策費,交通安全施設整備経費,15,工事請負費,3,1,31単独事業,01ガードレール・カーブミラー設置工事,,,,1010400,R1決算書p36
2019,2,総務費,1,総務管理費,8,交通安全対策費,交通安全施設整備経費,16,原材料費,1,0,,,,,,280500,R1決算書p36
2019,2,総務費,1,総務管理費,8,交通安全対策費,交通安全施設整備経費,16,原材料費,2,0,01原材料費,,,,,280500,R1決算書p36
2019,2,総務費,1,総務管理費,8,交通安全対策費,交通安全施設整備経費,16,原材料費,3,1,01原材料費,02融雪剤,,,,280500,R1決算書p36
2019,2,総務費,1,総務管理費,9,電子計算費,電子計算経費,,,0,0,,,,,,23960801,R1決算書p36
2019,2,総務費,1,総務管理費,9,電子計算費,電子計算経費,11,需用費,1,0,,,,,,39641,R1決算書p36
2019,2,総務費,1,総務管理費,9,電子計算費,電子計算経費,11,需用費,2,0,01消耗品,,,,,39641,R1決算書p36
2019,2,総務費,1,総務管理費,9,電子計算費,電子計算経費,11,需用費,3,1,01消耗品,01消耗品,,,,39641,R1決算書p36
2019,2,総務費,1,総務管理費,9,電子計算費,電子計算経費,12,役務費,1,0,,,,,,156985,R1決算書p36
2019,2,総務費,1,総務管理費,9,電子計算費,電子計算経費,12,役務費,2,0,01通信運搬費,,,,,156985,R1決算書p36
2019,2,総務費,1,総務管理費,9,電子計算費,電子計算経費,12,役務費,3,1,01通信運搬費,02情報通信接続料,,,,156985,R1決算書p36
2019,2,総務費,1,総務管理費,9,電子計算費,電子計算経費,13,委託料,1,0,,,,,,6908233,R1決算書p36
2019,2,総務費,1,総務管理費,9,電子計算費,電子計算経費,13,委託料,2,0,11電算委託料,,,,,6908233,R1決算書p36
2019,2,総務費,1,総務管理費,9,電子計算費,電子計算経費,13,委託料,3,1,11電算委託料,03基幹系等機器保守委託料,,,,408096,R1決算書p36
2019,2,総務費,1,総務管理費,9,電子計算費,電子計算経費,13,委託料,3,1,11電算委託料,06システム改修委託料,,,,1189200,R1決算書p36
2019,2,総務費,1,総務管理費,9,電子計算費,電子計算経費,13,委託料,3,1,11電算委託料,07情報系機器保守委託料,,,,563777,R1決算書p36
2019,2,総務費,1,総務管理費,9,電子計算費,電子計算経費,13,委託料,3,1,11電算委託料,09ＬＧＷＡＮシステム運用支援委託料,,,,196200,R1決算書p36
2019,2,総務費,1,総務管理費,9,電子計算費,電子計算経費,13,委託料,3,1,11電算委託料,10ＬＧＷＡＮ機器更新委託料,,,,3740000,R1決算書p36
2019,2,総務費,1,総務管理費,9,電子計算費,電子計算経費,13,委託料,3,1,11電算委託料,17情報セキュリティ強化機器保守委託料,,,,732480,R1決算書p37
2019,2,総務費,1,総務管理費,9,電子計算費,電子計算経費,13,委託料,3,1,11電算委託料,18マイナンバー管理システム保守委託料,,,,78480,R1決算書p37
2019,2,総務費,1,総務管理費,9,電子計算費,電子計算経費,14,使用料及び賃借料,1,0,,,,,,11801235,R1決算書p37
2019,2,総務費,1,総務管理費,9,電子計算費,電子計算経費,14,使用料及び賃借料,2,0,01使用料・借上料,,,,,11801235,R1決算書p37
2019,2,総務費,1,総務管理費,9,電子計算費,電子計算経費,14,使用料及び賃借料,3,1,01使用料・借上料,01財務会計システム使用料,,,,3126120,R1決算書p37
2019,2,総務費,1,総務管理費,9,電子計算費,電子計算経費,14,使用料及び賃借料,3,1,01使用料・借上料,02ＬＧＷＡＮハウジング料,,,,1204668,R1決算書p37
2019,2,総務費,1,総務管理費,9,電子計算費,電子計算経費,14,使用料及び賃借料,3,1,01使用料・借上料,03ウイルス対策ソフト使用料,,,,385110,R1決算書p37
2019,2,総務費,1,総務管理費,9,電子計算費,電子計算経費,14,使用料及び賃借料,3,1,01使用料・借上料,06基幹系システム使用料,,,,2485200,R1決算書p37
2019,2,総務費,1,総務管理費,9,電子計算費,電子計算経費,14,使用料及び賃借料,3,1,01使用料・借上料,07ＬＧＷＡＮルータ使用料,,,,77616,R1決算書p37
2019,2,総務費,1,総務管理費,9,電子計算費,電子計算経費,14,使用料及び賃借料,3,1,01使用料・借上料,09サーバリース料,,,,2419632,R1決算書p37
2019,2,総務費,1,総務管理費,9,電子計算費,電子計算経費,14,使用料及び賃借料,3,1,01使用料・借上料,11パソコンリース料,,,,2102889,R1決算書p37
2019,2,総務費,1,総務管理費,9,電子計算費,電子計算経費,19,負担金補助及び交付金,1,0,,,,,,5054707,R1決算書p37
2019,2,総務費,1,総務管理費,9,電子計算費,電子計算経費,19,負担金補助及び交付金,2,0,21負担金,,,,,5054707,R1決算書p37
2019,2,総務費,1,総務管理費,9,電子計算費,電子計算経費,19,負担金補助及び交付金,3,1,21負担金,01長野県自治振興組合負担金,,,,864936,R1決算書p37
2019,2,総務費,1,総務管理費,9,電子計算費,電子計算経費,19,負担金補助及び交付金,3,1,21負担金,02電子申請・届出サービス負担金,,,,34383,R1決算書p37
2019,2,総務費,1,総務管理費,9,電子計算費,電子計算経費,19,負担金補助及び交付金,3,1,21負担金,03中間ＳＶＰＦ負担金,,,,3591000,R1決算書p37
2019,2,総務費,1,総務管理費,9,電子計算費,電子計算経費,19,負担金補助及び交付金,3,1,21負担金,04自治体情報セキュリティクラウド負担金,,,,564388,R1決算書p37
2019,2,総務費,1,総務管理費,10,ＣＡＴＶ事業費,ＣＡＴＶ管理事業,,,0,0,,,,,,51667115,R1決算書p37
2019,2,総務費,1,総務管理費,10,ＣＡＴＶ事業費,ＣＡＴＶ管理事業,11,需用費,1,0,,,,,,199015,R1決算書p37
2019,2,総務費,1,総務管理費,10,ＣＡＴＶ事業費,ＣＡＴＶ管理事業,11,需用費,2,0,01消耗品,,,,,31568,R1決算書p37
2019,2,総務費,1,総務管理費,10,ＣＡＴＶ事業費,ＣＡＴＶ管理事業,11,需用費,3,1,01消耗品,01消耗品,,,,31568,R1決算書p37
2019,2,総務費,1,総務管理費,10,ＣＡＴＶ事業費,ＣＡＴＶ管理事業,11,需用費,2,0,41光熱水費,,,,,167447,R1決算書p37
2019,2,総務費,1,総務管理費,10,ＣＡＴＶ事業費,ＣＡＴＶ管理事業,11,需用費,3,1,41光熱水費,01電気料,,,,167447,R1決算書p37
2019,2,総務費,1,総務管理費,10,ＣＡＴＶ事業費,ＣＡＴＶ管理事業,12,役務費,1,0,,,,,,2817220,R1決算書p37
2019,2,総務費,1,総務管理費,10,ＣＡＴＶ事業費,ＣＡＴＶ管理事業,12,役務費,2,0,01通信運搬費,,,,,2715770,R1決算書p37
2019,2,総務費,1,総務管理費,10,ＣＡＴＶ事業費,ＣＡＴＶ管理事業,12,役務費,3,1,01通信運搬費,03情報通信接続料,,,,2715770,R1決算書p37
2019,2,総務費,1,総務管理費,10,ＣＡＴＶ事業費,ＣＡＴＶ管理事業,12,役務費,2,0,41損害保険料,,,,,101450,R1決算書p37
2019,2,総務費,1,総務管理費,10,ＣＡＴＶ事業費,ＣＡＴＶ管理事業,12,役務費,3,1,41損害保険料,01ＣＡＴＶ施設保険料,,,,101450,R1決算書p37
2019,2,総務費,1,総務管理費,10,ＣＡＴＶ事業費,ＣＡＴＶ管理事業,13,委託料,1,0,,,,,,2579560,R1決算書p37
2019,2,総務費,1,総務管理費,10,ＣＡＴＶ事業費,ＣＡＴＶ管理事業,13,委託料,2,0,21保守管理委託料,,,,,538360,R1決算書p37
2019,2,総務費,1,総務管理費,10,ＣＡＴＶ事業費,ＣＡＴＶ管理事業,13,委託料,3,1,21保守管理委託料,01ＣＡＴＶ保守委託料,,,,538360,R1決算書p37
2019,2,総務費,1,総務管理費,10,ＣＡＴＶ事業費,ＣＡＴＶ管理事業,13,委託料,2,0,81機器更新委託料,,,,,2041200,R1決算書p37
2019,2,総務費,1,総務管理費,10,ＣＡＴＶ事業費,ＣＡＴＶ管理事業,13,委託料,3,1,81機器更新委託料,01ＣＡＴＶ施設更新委託料,,,,2041200,R1決算書p37
2019,2,総務費,1,総務管理費,10,ＣＡＴＶ事業費,ＣＡＴＶ管理事業,14,使用料及び賃借料,1,0,,,,,,2583119,R1決算書p37
2019,2,総務費,1,総務管理費,10,ＣＡＴＶ事業費,ＣＡＴＶ管理事業,14,使用料及び賃借料,2,0,01使用料・借上料,,,,,2583119,R1決算書p37
2019,2,総務費,1,総務管理費,10,ＣＡＴＶ事業費,ＣＡＴＶ管理事業,14,使用料及び賃借料,3,1,01使用料・借上料,01ＣＡＴＶ電柱共架料,,,,1521122,R1決算書p37
2019,2,総務費,1,総務管理費,10,ＣＡＴＶ事業費,ＣＡＴＶ管理事業,14,使用料及び賃借料,3,1,01使用料・借上料,02光ケーブル借上げ料,,,,1061997,R1決算書p37
2019,2,総務費,1,総務管理費,10,ＣＡＴＶ事業費,ＣＡＴＶ管理事業,15,工事請負費,1,0,,,,,,28407190,R1決算書p37
2019,2,総務費,1,総務管理費,10,ＣＡＴＶ事業費,ＣＡＴＶ管理事業,15,工事請負費,2,0,31単独事業,,,,,28042399,R1決算書p37
2019,2,総務費,1,総務管理費,10,ＣＡＴＶ事業費,ＣＡＴＶ管理事業,15,工事請負費,3,1,31単独事業,01引込み線工事,,,,299399,R1決算書p37
2019,2,総務費,1,総務管理費,10,ＣＡＴＶ事業費,ＣＡＴＶ管理事業,15,工事請負費,3,1,31単独事業,03CATV施設整備工事,,,,27743000,R1決算書p37
2019,2,総務費,1,総務管理費,10,ＣＡＴＶ事業費,ＣＡＴＶ管理事業,15,工事請負費,2,0,32維持・修繕工事,,,,,364791,R1決算書p38
2019,2,総務費,1,総務管理費,10,ＣＡＴＶ事業費,ＣＡＴＶ管理事業,15,工事請負費,3,1,32維持・修繕工事,01維持修繕工事,,,,364791,R1決算書p38
2019,2,総務費,1,総務管理費,10,ＣＡＴＶ事業費,ＣＡＴＶ管理事業,19,負担金補助及び交付金,1,0,,,,,,15081011,R1決算書p38
2019,2,総務費,1,総務管理費,10,ＣＡＴＶ事業費,ＣＡＴＶ管理事業,19,負担金補助及び交付金,2,0,21負担金,,,,,13362211,R1決算書p38
2019,2,総務費,1,総務管理費,10,ＣＡＴＶ事業費,ＣＡＴＶ管理事業,19,負担金補助及び交付金,3,1,21負担金,01ＣＡＴＶ協議会等負担金,,,,908,R1決算書p38
2019,2,総務費,1,総務管理費,10,ＣＡＴＶ事業費,ＣＡＴＶ管理事業,19,負担金補助及び交付金,3,1,21負担金,03ケーブルテレビ事業負担金,,,,13361303,R1決算書p38
2019,2,総務費,1,総務管理費,10,ＣＡＴＶ事業費,ＣＡＴＶ管理事業,19,負担金補助及び交付金,2,0,51補助金,,,,,1718800,R1決算書p38
2019,2,総務費,1,総務管理費,10,ＣＡＴＶ事業費,ＣＡＴＶ管理事業,19,負担金補助及び交付金,3,1,51補助金,01インターネット利用補助金,,,,1718800,R1決算書p38
2019,2,総務費,2,徴税費,1,税務総務費,税務一般経費,,,0,0,,,,,,11340835,R1決算書p38
2019,2,総務費,2,徴税費,1,税務総務費,税務一般経費,11,需用費,1,0,,,,,,49043,R1決算書p38
2019,2,総務費,2,徴税費,1,税務総務費,税務一般経費,11,需用費,2,0,01消耗品,,,,,47967,R1決算書p38
2019,2,総務費,2,徴税費,1,税務総務費,税務一般経費,11,需用費,3,1,01消耗品,01消耗品,,,,13217,R1決算書p38
2019,2,総務費,2,徴税費,1,税務総務費,税務一般経費,11,需用費,3,1,01消耗品,02図書購入費,,,,34750,R1決算書p38
2019,2,総務費,2,徴税費,1,税務総務費,税務一般経費,11,需用費,2,0,31印刷製本費,,,,,1076,R1決算書p38
2019,2,総務費,2,徴税費,1,税務総務費,税務一般経費,11,需用費,3,1,31印刷製本費,01印刷製本費,,,,1076,R1決算書p38
2019,2,総務費,2,徴税費,1,税務総務費,税務一般経費,12,役務費,1,0,,,,,,181139,R1決算書p38
2019,2,総務費,2,徴税費,1,税務総務費,税務一般経費,12,役務費,2,0,21手数料,,,,,167139,R1決算書p38
2019,2,総務費,2,徴税費,1,税務総務費,税務一般経費,12,役務費,3,1,21手数料,01口座振替等収納手数料,,,,167139,R1決算書p38
2019,2,総務費,2,徴税費,1,税務総務費,税務一般経費,12,役務費,2,0,31筆耕料,,,,,14000,R1決算書p38
2019,2,総務費,2,徴税費,1,税務総務費,税務一般経費,12,役務費,3,1,31筆耕料,01筆耕料,,,,14000,R1決算書p38
2019,2,総務費,2,徴税費,1,税務総務費,税務一般経費,13,委託料,1,0,,,,,,9105427,R1決算書p38
2019,2,総務費,2,徴税費,1,税務総務費,税務一般経費,13,委託料,2,0,11電算委託料,,,,,5918426,R1決算書p38
2019,2,総務費,2,徴税費,1,税務総務費,税務一般経費,13,委託料,3,1,11電算委託料,01住民税,,,,2144348,R1決算書p38
2019,2,総務費,2,徴税費,1,税務総務費,税務一般経費,13,委託料,3,1,11電算委託料,02固定資産税,,,,3293448,R1決算書p38
2019,2,総務費,2,徴税費,1,税務総務費,税務一般経費,13,委託料,3,1,11電算委託料,03軽自動車税,,,,124200,R1決算書p38
2019,2,総務費,2,徴税費,1,税務総務費,税務一般経費,13,委託料,3,1,11電算委託料,05収納・口座・会計委託料,,,,356430,R1決算書p38
2019,2,総務費,2,徴税費,1,税務総務費,税務一般経費,13,委託料,2,0,51業務委託料,,,,,3187001,R1決算書p38
2019,2,総務費,2,徴税費,1,税務総務費,税務一般経費,13,委託料,3,1,51業務委託料,02固定資産土地意見書委託,,,,1400111,R1決算書p38
2019,2,総務費,2,徴税費,1,税務総務費,税務一般経費,13,委託料,3,1,51業務委託料,04軽自動車税申告書取扱委託料,,,,4890,R1決算書p38
2019,2,総務費,2,徴税費,1,税務総務費,税務一般経費,13,委託料,3,1,51業務委託料,06eLTAXシステム業務委託料,,,,1782000,R1決算書p38
2019,2,総務費,2,徴税費,1,税務総務費,税務一般経費,14,使用料及び賃借料,1,0,,,,,,1892825,R1決算書p38
2019,2,総務費,2,徴税費,1,税務総務費,税務一般経費,14,使用料及び賃借料,2,0,01使用料・借上料,,,,,1892825,R1決算書p38
2019,2,総務費,2,徴税費,1,税務総務費,税務一般経費,14,使用料及び賃借料,3,1,01使用料・借上料,01ｅＬＴＡＸシステム使用料,,,,1017624,R1決算書p38
2019,2,総務費,2,徴税費,1,税務総務費,税務一般経費,14,使用料及び賃借料,3,1,01使用料・借上料,02Ｒｅａｍｓ．ＮＥＴ申告相談システム使用料,,,,329172,R1決算書p38
2019,2,総務費,2,徴税費,1,税務総務費,税務一般経費,14,使用料及び賃借料,3,1,01使用料・借上料,03軽自動車情報システム使用料,,,,5429,R1決算書p38
2019,2,総務費,2,徴税費,1,税務総務費,税務一般経費,14,使用料及び賃借料,3,1,01使用料・借上料,04地方税共通納税システム使用料,,,,115500,R1決算書p38
2019,2,総務費,2,徴税費,1,税務総務費,税務一般経費,14,使用料及び賃借料,3,1,01使用料・借上料,05家屋評価システム使用料,,,,425100,R1決算書p38
2019,2,総務費,2,徴税費,1,税務総務費,税務一般経費,19,負担金補助及び交付金,1,0,,,,,,112401,R1決算書p38
2019,2,総務費,2,徴税費,1,税務総務費,税務一般経費,19,負担金補助及び交付金,2,0,21負担金,,,,,112401,R1決算書p38
2019,2,総務費,2,徴税費,1,税務総務費,税務一般経費,19,負担金補助及び交付金,3,1,21負担金,01飯伊地区税協負担金,,,,1800,R1決算書p38
2019,2,総務費,2,徴税費,1,税務総務費,税務一般経費,19,負担金補助及び交付金,3,1,21負担金,02長野県税制研究会負担金,,,,1500,R1決算書p38
2019,2,総務費,2,徴税費,1,税務総務費,税務一般経費,19,負担金補助及び交付金,3,1,21負担金,03資産評価システムセンター負担金,,,,30000,R1決算書p39
2019,2,総務費,2,徴税費,1,税務総務費,税務一般経費,19,負担金補助及び交付金,3,1,21負担金,04各研修会負担金,,,,6000,R1決算書p39
2019,2,総務費,2,徴税費,1,税務総務費,税務一般経費,19,負担金補助及び交付金,3,1,21負担金,06確定申告書郵送負担金,,,,60,R1決算書p39
2019,2,総務費,2,徴税費,1,税務総務費,税務一般経費,19,負担金補助及び交付金,3,1,21負担金,07年末調整関係用紙郵送負担金,,,,1014,R1決算書p39
2019,2,総務費,2,徴税費,1,税務総務費,税務一般経費,19,負担金補助及び交付金,3,1,21負担金,08地方税電子化協議会負担金,,,,23027,R1決算書p39
2019,2,総務費,2,徴税費,1,税務総務費,税務一般経費,19,負担金補助及び交付金,3,1,21負担金,09長野県地方税滞納整理機構負担金,,,,49000,R1決算書p39
2019,2,総務費,2,徴税費,1,税務総務費,一般職人事管理経費（税務）,,,0,0,,,,,,12627345,R1決算書p39
2019,2,総務費,2,徴税費,1,税務総務費,一般職人事管理経費（税務）,2,給料,1,0,,,,,,6419400,R1決算書p39
2019,2,総務費,2,徴税費,1,税務総務費,一般職人事管理経費（税務）,2,給料,2,0,21職員給料,,,,,6419400,R1決算書p39
2019,2,総務費,2,徴税費,1,税務総務費,一般職人事管理経費（税務）,2,給料,3,1,21職員給料,01一般職員給料,,,,6419400,R1決算書p39
2019,2,総務費,2,徴税費,1,税務総務費,一般職人事管理経費（税務）,3,職員手当等,1,0,,,,,,4088748,R1決算書p39
2019,2,総務費,2,徴税費,1,税務総務費,一般職人事管理経費（税務）,3,職員手当等,2,1,21職員手当等,,,,,4088748,R1決算書p39
2019,2,総務費,2,徴税費,1,税務総務費,一般職人事管理経費（税務）,4,共済費,1,0,,,,,,2119197,R1決算書p39
2019,2,総務費,2,徴税費,1,税務総務費,一般職人事管理経費（税務）,4,共済費,2,0,31一般職共済費,,,,,2119197,R1決算書p39
2019,2,総務費,2,徴税費,1,税務総務費,一般職人事管理経費（税務）,4,共済費,3,1,31一般職共済費,01地方公務員共済組合等負担金,,,,2119197,R1決算書p39
2019,2,総務費,2,徴税費,2,賦課徴収費,賦課徴収事務経費,,,0,0,,,,,,1218433,R1決算書p39
2019,2,総務費,2,徴税費,2,賦課徴収費,賦課徴収事務経費,11,需用費,1,0,,,,,,889941,R1決算書p39
2019,2,総務費,2,徴税費,2,賦課徴収費,賦課徴収事務経費,11,需用費,2,0,01消耗品,,,,,889941,R1決算書p39
2019,2,総務費,2,徴税費,2,賦課徴収費,賦課徴収事務経費,11,需用費,3,1,01消耗品,01消耗品,,,,889941,R1決算書p39
2019,2,総務費,2,徴税費,2,賦課徴収費,賦課徴収事務経費,23,償還金利子及び割引料,1,0,,,,,,328492,R1決算書p39
2019,2,総務費,2,徴税費,2,賦課徴収費,賦課徴収事務経費,23,償還金利子及び割引料,2,1,05償還金及び還付加算金,,,,,328492,R1決算書p39
2019,2,総務費,3,戸籍住民基本台帳費,1,戸籍住民基本台帳費,戸籍住民基本台帳経費,,,0,0,,,,,,15297145,R1決算書p39
2019,2,総務費,3,戸籍住民基本台帳費,1,戸籍住民基本台帳費,戸籍住民基本台帳経費,11,需用費,1,0,,,,,,190532,R1決算書p39
2019,2,総務費,3,戸籍住民基本台帳費,1,戸籍住民基本台帳費,戸籍住民基本台帳経費,11,需用費,2,0,01消耗品,,,,,112772,R1決算書p39
2019,2,総務費,3,戸籍住民基本台帳費,1,戸籍住民基本台帳費,戸籍住民基本台帳経費,11,需用費,3,1,01消耗品,01消耗品,,,,63250,R1決算書p39
2019,2,総務費,3,戸籍住民基本台帳費,1,戸籍住民基本台帳費,戸籍住民基本台帳経費,11,需用費,3,1,01消耗品,02図書購入費,,,,49522,R1決算書p39
2019,2,総務費,3,戸籍住民基本台帳費,1,戸籍住民基本台帳費,戸籍住民基本台帳経費,11,需用費,2,0,31印刷製本費,,,,,77760,R1決算書p39
2019,2,総務費,3,戸籍住民基本台帳費,1,戸籍住民基本台帳費,戸籍住民基本台帳経費,11,需用費,3,1,31印刷製本費,01印刷製本費,,,,77760,R1決算書p39
2019,2,総務費,3,戸籍住民基本台帳費,1,戸籍住民基本台帳費,戸籍住民基本台帳経費,12,役務費,1,0,,,,,,21875,R1決算書p39
2019,2,総務費,3,戸籍住民基本台帳費,1,戸籍住民基本台帳費,戸籍住民基本台帳経費,12,役務費,2,0,01通信運搬費,,,,,21875,R1決算書p39
2019,2,総務費,3,戸籍住民基本台帳費,1,戸籍住民基本台帳費,戸籍住民基本台帳経費,12,役務費,3,1,01通信運搬費,01住基カード関連郵送料,,,,21875,R1決算書p39
2019,2,総務費,3,戸籍住民基本台帳費,1,戸籍住民基本台帳費,戸籍住民基本台帳経費,13,委託料,1,0,,,,,,4102746,R1決算書p39
2019,2,総務費,3,戸籍住民基本台帳費,1,戸籍住民基本台帳費,戸籍住民基本台帳経費,13,委託料,2,0,11電算委託料,,,,,4102746,R1決算書p39
2019,2,総務費,3,戸籍住民基本台帳費,1,戸籍住民基本台帳費,戸籍住民基本台帳経費,13,委託料,3,1,11電算委託料,04戸籍機器・ソフト保守委託料,,,,1587912,R1決算書p39
2019,2,総務費,3,戸籍住民基本台帳費,1,戸籍住民基本台帳費,戸籍住民基本台帳経費,13,委託料,3,1,11電算委託料,05住民記録システムソフト保守料,,,,2099994,R1決算書p39
2019,2,総務費,3,戸籍住民基本台帳費,1,戸籍住民基本台帳費,戸籍住民基本台帳経費,13,委託料,3,1,11電算委託料,08住基ネット記録媒体保守委託料,,,,185040,R1決算書p39
2019,2,総務費,3,戸籍住民基本台帳費,1,戸籍住民基本台帳費,戸籍住民基本台帳経費,13,委託料,3,1,11電算委託料,09住基ネットシステム改修委託料,,,,99000,R1決算書p39
2019,2,総務費,3,戸籍住民基本台帳費,1,戸籍住民基本台帳費,戸籍住民基本台帳経費,13,委託料,3,1,11電算委託料,15戸籍副本データ管理システム保守委託料,,,,130800,R1決算書p39
2019,2,総務費,3,戸籍住民基本台帳費,1,戸籍住民基本台帳費,戸籍住民基本台帳経費,14,使用料及び賃借料,1,0,,,,,,9692512,R1決算書p39
2019,2,総務費,3,戸籍住民基本台帳費,1,戸籍住民基本台帳費,戸籍住民基本台帳経費,14,使用料及び賃借料,2,0,01使用料・借上料,,,,,9692512,R1決算書p39
2019,2,総務費,3,戸籍住民基本台帳費,1,戸籍住民基本台帳費,戸籍住民基本台帳経費,14,使用料及び賃借料,3,1,01使用料・借上料,01住民記録システムソフト使用料,,,,4251000,R1決算書p40
2019,2,総務費,3,戸籍住民基本台帳費,1,戸籍住民基本台帳費,戸籍住民基本台帳経費,14,使用料及び賃借料,3,1,01使用料・借上料,02戸籍ソフトリース料,,,,1749900,R1決算書p40
2019,2,総務費,3,戸籍住民基本台帳費,1,戸籍住民基本台帳費,戸籍住民基本台帳経費,14,使用料及び賃借料,3,1,01使用料・借上料,04住基ネットワークハウジング料,,,,3037612,R1決算書p40
2019,2,総務費,3,戸籍住民基本台帳費,1,戸籍住民基本台帳費,戸籍住民基本台帳経費,14,使用料及び賃借料,3,1,01使用料・借上料,05戸籍総合システム使用料,,,,654000,R1決算書p40
2019,2,総務費,3,戸籍住民基本台帳費,1,戸籍住民基本台帳費,戸籍住民基本台帳経費,18,備品購入費,1,0,,,,,,69080,R1決算書p40
2019,2,総務費,3,戸籍住民基本台帳費,1,戸籍住民基本台帳費,戸籍住民基本台帳経費,18,備品購入費,2,0,01備品購入費,,,,,69080,R1決算書p40
2019,2,総務費,3,戸籍住民基本台帳費,1,戸籍住民基本台帳費,戸籍住民基本台帳経費,18,備品購入費,3,1,01備品購入費,01事務用備品,,,,69080,R1決算書p40
2019,2,総務費,3,戸籍住民基本台帳費,1,戸籍住民基本台帳費,戸籍住民基本台帳経費,19,負担金補助及び交付金,1,0,,,,,,1220400,R1決算書p40
2019,2,総務費,3,戸籍住民基本台帳費,1,戸籍住民基本台帳費,戸籍住民基本台帳経費,19,負担金補助及び交付金,2,0,21負担金,,,,,1081400,R1決算書p40
2019,2,総務費,3,戸籍住民基本台帳費,1,戸籍住民基本台帳費,戸籍住民基本台帳経費,19,負担金補助及び交付金,3,1,21負担金,01戸籍・住民協議会負担金,,,,2400,R1決算書p40
2019,2,総務費,3,戸籍住民基本台帳費,1,戸籍住民基本台帳費,戸籍住民基本台帳経費,19,負担金補助及び交付金,3,1,21負担金,03戸籍システム共同利用負担金,,,,1079000,R1決算書p40
2019,2,総務費,3,戸籍住民基本台帳費,1,戸籍住民基本台帳費,戸籍住民基本台帳経費,19,負担金補助及び交付金,2,0,71交付金,,,,,139000,R1決算書p40
2019,2,総務費,3,戸籍住民基本台帳費,1,戸籍住民基本台帳費,戸籍住民基本台帳経費,19,負担金補助及び交付金,3,1,71交付金,01個人番号カード等委任交付金,,,,139000,R1決算書p40
2019,2,総務費,4,選挙費,1,選挙管理委員会費,選挙管理委員会経費,,,0,0,,,,,,147920,R1決算書p40
2019,2,総務費,4,選挙費,1,選挙管理委員会費,選挙管理委員会経費,1,報酬,1,0,,,,,,127900,R1決算書p40
2019,2,総務費,4,選挙費,1,選挙管理委員会費,選挙管理委員会経費,1,報酬,2,0,11委員報酬,,,,,127900,R1決算書p40
2019,2,総務費,4,選挙費,1,選挙管理委員会費,選挙管理委員会経費,1,報酬,3,1,11委員報酬,01選挙管理委員報酬,,,,127900,R1決算書p40
2019,2,総務費,4,選挙費,1,選挙管理委員会費,選挙管理委員会経費,11,需用費,1,0,,,,,,2420,R1決算書p40
2019,2,総務費,4,選挙費,1,選挙管理委員会費,選挙管理委員会経費,11,需用費,2,0,01消耗品,,,,,2420,R1決算書p40
2019,2,総務費,4,選挙費,1,選挙管理委員会費,選挙管理委員会経費,11,需用費,3,1,01消耗品,01消耗品,,,,2420,R1決算書p40
2019,2,総務費,4,選挙費,1,選挙管理委員会費,選挙管理委員会経費,19,負担金補助及び交付金,1,0,,,,,,17600,R1決算書p40
2019,2,総務費,4,選挙費,1,選挙管理委員会費,選挙管理委員会経費,19,負担金補助及び交付金,2,0,21負担金,,,,,17600,R1決算書p40
2019,2,総務費,4,選挙費,1,選挙管理委員会費,選挙管理委員会経費,19,負担金補助及び交付金,3,1,21負担金,01下伊那郡選挙管理委員会連合会負担金,,,,5000,R1決算書p40
2019,2,総務費,4,選挙費,1,選挙管理委員会費,選挙管理委員会経費,19,負担金補助及び交付金,3,1,21負担金,02北部ブロック選挙管理委員会総会負担金,,,,12600,R1決算書p40
2019,2,総務費,4,選挙費,3,参議院議員選挙費,参議院議員選挙経費,,,0,0,,,,,,3541393,R1決算書p40
2019,2,総務費,4,選挙費,3,参議院議員選挙費,参議院議員選挙経費,1,報酬,1,0,,,,,,819162,R1決算書p40
2019,2,総務費,4,選挙費,3,参議院議員選挙費,参議院議員選挙経費,1,報酬,2,0,11委員報酬,,,,,819162,R1決算書p40
2019,2,総務費,4,選挙費,3,参議院議員選挙費,参議院議員選挙経費,1,報酬,3,1,11委員報酬,01選挙管理委員報酬,,,,331496,R1決算書p40
2019,2,総務費,4,選挙費,3,参議院議員選挙費,参議院議員選挙経費,1,報酬,3,1,11委員報酬,02選挙立会人等報酬,,,,487666,R1決算書p40
2019,2,総務費,4,選挙費,3,参議院議員選挙費,参議院議員選挙経費,3,職員手当等,1,0,,,,,,1095570,R1決算書p40
2019,2,総務費,4,選挙費,3,参議院議員選挙費,参議院議員選挙経費,3,職員手当等,2,1,21職員手当等,,,,,1095570,R1決算書p40
2019,2,総務費,4,選挙費,3,参議院議員選挙費,参議院議員選挙経費,11,需用費,1,0,,,,,,1408718,R1決算書p40
2019,2,総務費,4,選挙費,3,参議院議員選挙費,参議院議員選挙経費,11,需用費,2,0,01消耗品,,,,,1408718,R1決算書p40
2019,2,総務費,4,選挙費,3,参議院議員選挙費,参議院議員選挙経費,11,需用費,3,1,01消耗品,01選挙関係経費,,,,1408718,R1決算書p40
2019,2,総務費,4,選挙費,3,参議院議員選挙費,参議院議員選挙経費,12,役務費,1,0,,,,,,37799,R1決算書p40
2019,2,総務費,4,選挙費,3,参議院議員選挙費,参議院議員選挙経費,12,役務費,2,0,01通信運搬費,,,,,37799,R1決算書p40
2019,2,総務費,4,選挙費,3,参議院議員選挙費,参議院議員選挙経費,12,役務費,3,1,01通信運搬費,01郵便料,,,,37799,R1決算書p40
2019,2,総務費,4,選挙費,3,参議院議員選挙費,参議院議員選挙経費,13,委託料,1,0,,,,,,111024,R1決算書p40
2019,2,総務費,4,選挙費,3,参議院議員選挙費,参議院議員選挙経費,13,委託料,2,0,11電算委託料,,,,,111024,R1決算書p40
2019,2,総務費,4,選挙費,3,参議院議員選挙費,参議院議員選挙経費,13,委託料,3,1,11電算委託料,01選挙事務委託料,,,,111024,R1決算書p40
2019,2,総務費,4,選挙費,3,参議院議員選挙費,参議院議員選挙経費,14,使用料及び賃借料,1,0,,,,,,69120,R1決算書p41
2019,2,総務費,4,選挙費,3,参議院議員選挙費,参議院議員選挙経費,14,使用料及び賃借料,2,0,01使用料・借上料,,,,,69120,R1決算書p41
2019,2,総務費,4,選挙費,3,参議院議員選挙費,参議院議員選挙経費,14,使用料及び賃借料,3,1,01使用料・借上料,02エアコン借上料,,,,69120,R1決算書p41
2019,2,総務費,4,選挙費,6,長野県議会議員選挙費,長野県議会議員選挙費,,,0,0,,,,,,1802700,R1決算書p41
2019,2,総務費,4,選挙費,6,長野県議会議員選挙費,長野県議会議員選挙費,1,報酬,1,0,,,,,,608052,R1決算書p41
2019,2,総務費,4,選挙費,6,長野県議会議員選挙費,長野県議会議員選挙費,1,報酬,2,0,11委員報酬,,,,,608052,R1決算書p41
2019,2,総務費,4,選挙費,6,長野県議会議員選挙費,長野県議会議員選挙費,1,報酬,3,1,11委員報酬,01選挙管理委員報酬,,,,154736,R1決算書p41
2019,2,総務費,4,選挙費,6,長野県議会議員選挙費,長野県議会議員選挙費,1,報酬,3,1,11委員報酬,02選挙立会人等報酬,,,,453316,R1決算書p41
2019,2,総務費,4,選挙費,6,長野県議会議員選挙費,長野県議会議員選挙費,3,職員手当等,1,0,,,,,,847977,R1決算書p41
2019,2,総務費,4,選挙費,6,長野県議会議員選挙費,長野県議会議員選挙費,3,職員手当等,2,1,21職員手当等,,,,,847977,R1決算書p41
2019,2,総務費,4,選挙費,6,長野県議会議員選挙費,長野県議会議員選挙費,11,需用費,1,0,,,,,,336671,R1決算書p41
2019,2,総務費,4,選挙費,6,長野県議会議員選挙費,長野県議会議員選挙費,11,需用費,2,0,01消耗品,,,,,336671,R1決算書p41
2019,2,総務費,4,選挙費,6,長野県議会議員選挙費,長野県議会議員選挙費,11,需用費,3,1,01消耗品,01選挙関係経費,,,,336671,R1決算書p41
2019,2,総務費,4,選挙費,6,長野県議会議員選挙費,長野県議会議員選挙費,12,役務費,1,0,,,,,,10000,R1決算書p41
2019,2,総務費,4,選挙費,6,長野県議会議員選挙費,長野県議会議員選挙費,12,役務費,2,0,01通信運搬費,,,,,10000,R1決算書p41
2019,2,総務費,4,選挙費,6,長野県議会議員選挙費,長野県議会議員選挙費,12,役務費,3,1,01通信運搬費,01郵便料,,,,10000,R1決算書p41
2019,2,総務費,4,選挙費,7,村議会議員選挙費,村議会議員選挙費,,,0,0,,,,,,2753438,R1決算書p41
2019,2,総務費,4,選挙費,7,村議会議員選挙費,村議会議員選挙費,1,報酬,1,0,,,,,,617840,R1決算書p41
2019,2,総務費,4,選挙費,7,村議会議員選挙費,村議会議員選挙費,1,報酬,2,0,11委員報酬,,,,,617840,R1決算書p41
2019,2,総務費,4,選挙費,7,村議会議員選挙費,村議会議員選挙費,1,報酬,3,1,11委員報酬,01選挙管理委員報酬,,,,129324,R1決算書p41
2019,2,総務費,4,選挙費,7,村議会議員選挙費,村議会議員選挙費,1,報酬,3,1,11委員報酬,02選挙立会人等報酬,,,,488516,R1決算書p41
2019,2,総務費,4,選挙費,7,村議会議員選挙費,村議会議員選挙費,3,職員手当等,1,0,,,,,,925488,R1決算書p41
2019,2,総務費,4,選挙費,7,村議会議員選挙費,村議会議員選挙費,3,職員手当等,2,1,21職員手当等,,,,,925488,R1決算書p41
2019,2,総務費,4,選挙費,7,村議会議員選挙費,村議会議員選挙費,11,需用費,1,0,,,,,,936916,R1決算書p41
2019,2,総務費,4,選挙費,7,村議会議員選挙費,村議会議員選挙費,11,需用費,2,0,01消耗品,,,,,936916,R1決算書p41
2019,2,総務費,4,選挙費,7,村議会議員選挙費,村議会議員選挙費,11,需用費,3,1,01消耗品,01選挙関係経費,,,,936916,R1決算書p41
2019,2,総務費,4,選挙費,7,村議会議員選挙費,村議会議員選挙費,12,役務費,1,0,,,,,,162170,R1決算書p41
2019,2,総務費,4,選挙費,7,村議会議員選挙費,村議会議員選挙費,12,役務費,2,0,01通信運搬費,,,,,162170,R1決算書p41
2019,2,総務費,4,選挙費,7,村議会議員選挙費,村議会議員選挙費,12,役務費,3,1,01通信運搬費,01郵便料,,,,162170,R1決算書p41
2019,2,総務費,4,選挙費,7,村議会議員選挙費,村議会議員選挙費,13,委託料,1,0,,,,,,111024,R1決算書p41
2019,2,総務費,4,選挙費,7,村議会議員選挙費,村議会議員選挙費,13,委託料,2,0,11電算委託料,,,,,111024,R1決算書p41
2019,2,総務費,4,選挙費,7,村議会議員選挙費,村議会議員選挙費,13,委託料,3,1,11電算委託料,01選挙事務委託料,,,,111024,R1決算書p41
2019,2,総務費,5,統計調査費,2,指定統計調査費,指定統計経費,,,0,0,,,,,,685208,R1決算書p41
2019,2,総務費,5,統計調査費,2,指定統計調査費,指定統計経費,1,報酬,1,0,,,,,,440320,R1決算書p41
2019,2,総務費,5,統計調査費,2,指定統計調査費,指定統計経費,1,報酬,2,0,11委員報酬,,,,,440320,R1決算書p41
2019,2,総務費,5,統計調査費,2,指定統計調査費,指定統計経費,1,報酬,3,1,11委員報酬,01統計調査員報酬,,,,440320,R1決算書p41
2019,2,総務費,5,統計調査費,2,指定統計調査費,指定統計経費,9,旅費,1,0,,,,,,79410,R1決算書p41
2019,2,総務費,5,統計調査費,2,指定統計調査費,指定統計経費,9,旅費,2,0,11職員旅費,,,,,79410,R1決算書p41
2019,2,総務費,5,統計調査費,2,指定統計調査費,指定統計経費,9,旅費,3,1,11職員旅費,01職員旅費,,,,79410,R1決算書p41
2019,2,総務費,5,統計調査費,2,指定統計調査費,指定統計経費,11,需用費,1,0,,,,,,161614,R1決算書p41
2019,2,総務費,5,統計調査費,2,指定統計調査費,指定統計経費,11,需用費,2,0,01消耗品,,,,,161614,R1決算書p41
2019,2,総務費,5,統計調査費,2,指定統計調査費,指定統計経費,11,需用費,3,1,01消耗品,01消耗品,,,,161614,R1決算書p41
2019,2,総務費,5,統計調査費,2,指定統計調査費,指定統計経費,12,役務費,1,0,,,,,,3864,R1決算書p42
2019,2,総務費,5,統計調査費,2,指定統計調査費,指定統計経費,12,役務費,2,0,01通信運搬費,,,,,3864,R1決算書p42
2019,2,総務費,5,統計調査費,2,指定統計調査費,指定統計経費,12,役務費,3,1,01通信運搬費,01郵便料,,,,3864,R1決算書p42
2019,2,総務費,6,監査委員費,1,監査委員費,監査委員関係経費,,,0,0,,,,,,575840,R1決算書p42
2019,2,総務費,6,監査委員費,1,監査委員費,監査委員関係経費,1,報酬,1,0,,,,,,520000,R1決算書p42
2019,2,総務費,6,監査委員費,1,監査委員費,監査委員関係経費,1,報酬,2,0,11委員報酬,,,,,520000,R1決算書p42
2019,2,総務費,6,監査委員費,1,監査委員費,監査委員関係経費,1,報酬,3,1,11委員報酬,01監査委員報酬,,,,520000,R1決算書p42
2019,2,総務費,6,監査委員費,1,監査委員費,監査委員関係経費,9,旅費,1,0,,,,,,46840,R1決算書p42
2019,2,総務費,6,監査委員費,1,監査委員費,監査委員関係経費,9,旅費,2,0,21委員旅費,,,,,46840,R1決算書p42
2019,2,総務費,6,監査委員費,1,監査委員費,監査委員関係経費,9,旅費,3,1,21委員旅費,01委員旅費,,,,46840,R1決算書p42
2019,2,総務費,6,監査委員費,1,監査委員費,監査委員関係経費,19,負担金補助及び交付金,1,0,,,,,,9000,R1決算書p42
2019,2,総務費,6,監査委員費,1,監査委員費,監査委員関係経費,19,負担金補助及び交付金,2,0,21負担金,,,,,9000,R1決算書p42
2019,2,総務費,6,監査委員費,1,監査委員費,監査委員関係経費,19,負担金補助及び交付金,3,1,21負担金,01下伊那郡監査委員協議会負担金,,,,9000,R1決算書p42
2019,2,総務費,7,国土調査費,1,地籍調査費,地籍調査関係経費,,,0,0,,,,,,11212099,R1決算書p42
2019,2,総務費,7,国土調査費,1,地籍調査費,地籍調査関係経費,4,共済費,1,0,,,,,,59486,R1決算書p42
2019,2,総務費,7,国土調査費,1,地籍調査費,地籍調査関係経費,4,共済費,2,0,41臨時職員等共済費,,,,,59486,R1決算書p42
2019,2,総務費,7,国土調査費,1,地籍調査費,地籍調査関係経費,4,共済費,3,1,41臨時職員等共済費,01労働保険料,,,,59486,R1決算書p42
2019,2,総務費,7,国土調査費,1,地籍調査費,地籍調査関係経費,7,賃金,1,0,,,,,,1810000,R1決算書p42
2019,2,総務費,7,国土調査費,1,地籍調査費,地籍調査関係経費,7,賃金,2,0,31作業員賃金,,,,,1810000,R1決算書p42
2019,2,総務費,7,国土調査費,1,地籍調査費,地籍調査関係経費,7,賃金,3,1,31作業員賃金,01測量補助賃金,,,,1810000,R1決算書p42
2019,2,総務費,7,国土調査費,1,地籍調査費,地籍調査関係経費,11,需用費,1,0,,,,,,609147,R1決算書p42
2019,2,総務費,7,国土調査費,1,地籍調査費,地籍調査関係経費,11,需用費,2,0,01消耗品,,,,,518784,R1決算書p42
2019,2,総務費,7,国土調査費,1,地籍調査費,地籍調査関係経費,11,需用費,3,1,01消耗品,01消耗品,,,,174568,R1決算書p42
2019,2,総務費,7,国土調査費,1,地籍調査費,地籍調査関係経費,11,需用費,3,1,01消耗品,03現場消耗品,,,,344216,R1決算書p42
2019,2,総務費,7,国土調査費,1,地籍調査費,地籍調査関係経費,11,需用費,2,0,11燃料費,,,,,72679,R1決算書p42
2019,2,総務費,7,国土調査費,1,地籍調査費,地籍調査関係経費,11,需用費,3,1,11燃料費,01公用車燃料費,,,,72679,R1決算書p42
2019,2,総務費,7,国土調査費,1,地籍調査費,地籍調査関係経費,11,需用費,2,0,51修繕費,,,,,17684,R1決算書p42
2019,2,総務費,7,国土調査費,1,地籍調査費,地籍調査関係経費,11,需用費,3,1,51修繕費,02公用車修繕費,,,,17684,R1決算書p42
2019,2,総務費,7,国土調査費,1,地籍調査費,地籍調査関係経費,12,役務費,1,0,,,,,,25358,R1決算書p42
2019,2,総務費,7,国土調査費,1,地籍調査費,地籍調査関係経費,12,役務費,2,0,21手数料,,,,,10368,R1決算書p42
2019,2,総務費,7,国土調査費,1,地籍調査費,地籍調査関係経費,12,役務費,3,1,21手数料,01公用車車検点検料,,,,10368,R1決算書p42
2019,2,総務費,7,国土調査費,1,地籍調査費,地籍調査関係経費,12,役務費,2,0,41損害保険料,,,,,14990,R1決算書p42
2019,2,総務費,7,国土調査費,1,地籍調査費,地籍調査関係経費,12,役務費,3,1,41損害保険料,01公用車共済保険料,,,,14990,R1決算書p42
2019,2,総務費,7,国土調査費,1,地籍調査費,地籍調査関係経費,13,委託料,1,0,,,,,,7786420,R1決算書p42
2019,2,総務費,7,国土調査費,1,地籍調査費,地籍調査関係経費,13,委託料,2,0,51業務委託料,,,,,416420,R1決算書p42
2019,2,総務費,7,国土調査費,1,地籍調査費,地籍調査関係経費,13,委託料,3,1,51業務委託料,02ＧＩＳ作成業務委託料,,,,416420,R1決算書p42
2019,2,総務費,7,国土調査費,1,地籍調査費,地籍調査関係経費,13,委託料,2,0,71調査・設計・監理委託料,,,,,7370000,R1決算書p42
2019,2,総務費,7,国土調査費,1,地籍調査費,地籍調査関係経費,13,委託料,3,1,71調査・設計・監理委託料,01地籍調査委託料,,,,7370000,R1決算書p42
2019,2,総務費,7,国土調査費,1,地籍調査費,地籍調査関係経費,14,使用料及び賃借料,1,0,,,,,,878688,R1決算書p42
2019,2,総務費,7,国土調査費,1,地籍調査費,地籍調査関係経費,14,使用料及び賃借料,2,0,01使用料・借上料,,,,,878688,R1決算書p42
2019,2,総務費,7,国土調査費,1,地籍調査費,地籍調査関係経費,14,使用料及び賃借料,3,1,01使用料・借上料,01コピーリース料,,,,583200,R1決算書p43
2019,2,総務費,7,国土調査費,1,地籍調査費,地籍調査関係経費,14,使用料及び賃借料,3,1,01使用料・借上料,04国調支援システムリース料,,,,295488,R1決算書p43
2019,2,総務費,7,国土調査費,1,地籍調査費,地籍調査関係経費,19,負担金補助及び交付金,1,0,,,,,,43000,R1決算書p43
2019,2,総務費,7,国土調査費,1,地籍調査費,地籍調査関係経費,19,負担金補助及び交付金,2,0,21負担金,,,,,43000,R1決算書p43
2019,2,総務費,7,国土調査費,1,地籍調査費,地籍調査関係経費,19,負担金補助及び交付金,3,1,21負担金,01地籍調査協会負担金,,,,43000,R1決算書p43
2019,2,総務費,7,国土調査費,1,地籍調査費,一般職人事管理経費（地籍調査）,,,0,0,,,,,,10737194,R1決算書p43
2019,2,総務費,7,国土調査費,1,地籍調査費,一般職人事管理経費（地籍調査）,2,給料,1,0,,,,,,6018900,R1決算書p43
2019,2,総務費,7,国土調査費,1,地籍調査費,一般職人事管理経費（地籍調査）,2,給料,2,0,21職員給料,,,,,6018900,R1決算書p43
2019,2,総務費,7,国土調査費,1,地籍調査費,一般職人事管理経費（地籍調査）,2,給料,3,1,21職員給料,01一般職員給料,,,,6018900,R1決算書p43
2019,2,総務費,7,国土調査費,1,地籍調査費,一般職人事管理経費（地籍調査）,3,職員手当等,1,0,,,,,,2879844,R1決算書p43
2019,2,総務費,7,国土調査費,1,地籍調査費,一般職人事管理経費（地籍調査）,3,職員手当等,2,1,21職員手当等,,,,,2879844,R1決算書p43
2019,2,総務費,7,国土調査費,1,地籍調査費,一般職人事管理経費（地籍調査）,4,共済費,1,0,,,,,,1838450,R1決算書p43
2019,2,総務費,7,国土調査費,1,地籍調査費,一般職人事管理経費（地籍調査）,4,共済費,2,0,31一般職共済費,,,,,1838450,R1決算書p43
2019,2,総務費,7,国土調査費,1,地籍調査費,一般職人事管理経費（地籍調査）,4,共済費,3,1,31一般職共済費,01地方公務員共済組合等負担金,,,,1838450,R1決算書p43
2019,6,農林水産業費,1,農業費,1,農業委員会費,農業委員会運営経費,,,0,0,,,,,,3072013,R1決算書p60
2019,6,農林水産業費,1,農業費,1,農業委員会費,農業委員会運営経費,1,報酬,1,0,,,,,,2146000,R1決算書p60
2019,6,農林水産業費,1,農業費,1,農業委員会費,農業委員会運営経費,1,報酬,2,0,11委員報酬,,,,,2146000,R1決算書p60
2019,6,農林水産業費,1,農業費,1,農業委員会費,農業委員会運営経費,1,報酬,3,1,11委員報酬,01農業委員報酬,,,,1708000,R1決算書p60
2019,6,農林水産業費,1,農業費,1,農業委員会費,農業委員会運営経費,1,報酬,3,1,11委員報酬,02農地利用最適化推進委員報酬,,,,438000,R1決算書p61
2019,6,農林水産業費,1,農業費,1,農業委員会費,農業委員会運営経費,7,賃金,1,0,,,,,,655300,R1決算書p61
2019,6,農林水産業費,1,農業費,1,農業委員会費,農業委員会運営経費,7,賃金,2,0,21委員賃金,,,,,655300,R1決算書p61
2019,6,農林水産業費,1,農業費,1,農業委員会費,農業委員会運営経費,7,賃金,3,1,21委員賃金,01自治会農業委員賃金,,,,89300,R1決算書p61
2019,6,農林水産業費,1,農業費,1,農業委員会費,農業委員会運営経費,7,賃金,3,1,21委員賃金,03農地利用状況調査員賃金,,,,204300,R1決算書p61
2019,6,農林水産業費,1,農業費,1,農業委員会費,農業委員会運営経費,7,賃金,3,1,21委員賃金,04機構集積支援事業賃金,,,,361700,R1決算書p61
2019,6,農林水産業費,1,農業費,1,農業委員会費,農業委員会運営経費,9,旅費,1,0,,,,,,91860,R1決算書p61
2019,6,農林水産業費,1,農業費,1,農業委員会費,農業委員会運営経費,9,旅費,2,0,21委員旅費,,,,,91860,R1決算書p61
2019,6,農林水産業費,1,農業費,1,農業委員会費,農業委員会運営経費,9,旅費,3,1,21委員旅費,01委員旅費,,,,91860,R1決算書p61
2019,6,農林水産業費,1,農業費,1,農業委員会費,農業委員会運営経費,11,需用費,1,0,,,,,,41530,R1決算書p61
2019,6,農林水産業費,1,農業費,1,農業委員会費,農業委員会運営経費,11,需用費,2,0,01消耗品,,,,,41530,R1決算書p61
2019,6,農林水産業費,1,農業費,1,農業委員会費,農業委員会運営経費,11,需用費,3,1,01消耗品,01消耗品,,,,18970,R1決算書p61
2019,6,農林水産業費,1,農業費,1,農業委員会費,農業委員会運営経費,11,需用費,3,1,01消耗品,02図書購入費,,,,22560,R1決算書p61
2019,6,農林水産業費,1,農業費,1,農業委員会費,農業委員会運営経費,12,役務費,1,0,,,,,,11473,R1決算書p61
2019,6,農林水産業費,1,農業費,1,農業委員会費,農業委員会運営経費,12,役務費,2,0,01通信運搬費,,,,,2473,R1決算書p61
2019,6,農林水産業費,1,農業費,1,農業委員会費,農業委員会運営経費,12,役務費,3,1,01通信運搬費,01郵便料,,,,2473,R1決算書p61
2019,6,農林水産業費,1,農業費,1,農業委員会費,農業委員会運営経費,12,役務費,2,0,41損害保険料,,,,,9000,R1決算書p61
2019,6,農林水産業費,1,農業費,1,農業委員会費,農業委員会運営経費,12,役務費,3,1,41損害保険料,01農業委員会公務災害保険料,,,,9000,R1決算書p61
2019,6,農林水産業費,1,農業費,1,農業委員会費,農業委員会運営経費,19,負担金補助及び交付金,1,0,,,,,,125850,R1決算書p61
2019,6,農林水産業費,1,農業費,1,農業委員会費,農業委員会運営経費,19,負担金補助及び交付金,2,0,21負担金,,,,,125850,R1決算書p61
2019,6,農林水産業費,1,農業費,1,農業委員会費,農業委員会運営経費,19,負担金補助及び交付金,3,1,21負担金,01飯伊農業委員会協議会負担金,,,,39000,R1決算書p61
2019,6,農林水産業費,1,農業費,1,農業委員会費,農業委員会運営経費,19,負担金補助及び交付金,3,1,21負担金,02長野県農業会議負担金,,,,43500,R1決算書p61
2019,6,農林水産業費,1,農業費,1,農業委員会費,農業委員会運営経費,19,負担金補助及び交付金,3,1,21負担金,03北部ブロック農業委員会負担金,,,,31350,R1決算書p61
2019,6,農林水産業費,1,農業費,1,農業委員会費,農業委員会運営経費,19,負担金補助及び交付金,3,1,21負担金,06土地情報管理センター負担金,,,,12000,R1決算書p61
2019,6,農林水産業費,1,農業費,2,農業総務費,農業総務一般経費,,,0,0,,,,,,172686,R1決算書p61
2019,6,農林水産業費,1,農業費,2,農業総務費,農業総務一般経費,11,需用費,1,0,,,,,,134686,R1決算書p61
2019,6,農林水産業費,1,農業費,2,農業総務費,農業総務一般経費,11,需用費,2,0,01消耗品,,,,,13704,R1決算書p61
2019,6,農林水産業費,1,農業費,2,農業総務費,農業総務一般経費,11,需用費,3,1,01消耗品,02図書購入費,,,,13704,R1決算書p61
2019,6,農林水産業費,1,農業費,2,農業総務費,農業総務一般経費,11,需用費,2,0,11燃料費,,,,,114546,R1決算書p61
2019,6,農林水産業費,1,農業費,2,農業総務費,農業総務一般経費,11,需用費,3,1,11燃料費,01公用車燃料費,,,,114546,R1決算書p61
2019,6,農林水産業費,1,農業費,2,農業総務費,農業総務一般経費,11,需用費,2,0,51修繕費,,,,,6436,R1決算書p61
2019,6,農林水産業費,1,農業費,2,農業総務費,農業総務一般経費,11,需用費,3,1,51修繕費,01公用車修繕費,,,,6436,R1決算書p61
2019,6,農林水産業費,1,農業費,2,農業総務費,農業総務一般経費,19,負担金補助及び交付金,1,0,,,,,,38000,R1決算書p61
2019,6,農林水産業費,1,農業費,2,農業総務費,農業総務一般経費,19,負担金補助及び交付金,2,0,21負担金,,,,,38000,R1決算書p61
2019,6,農林水産業費,1,農業費,2,農業総務費,農業総務一般経費,19,負担金補助及び交付金,3,1,21負担金,01飯伊農業振興協議会負担金,,,,18000,R1決算書p61
2019,6,農林水産業費,1,農業費,2,農業総務費,農業総務一般経費,19,負担金補助及び交付金,3,1,21負担金,04伊那谷アグリイノベーション推進機構負担金,,,,20000,R1決算書p61
2019,6,農林水産業費,1,農業費,2,農業総務費,一般職人事管理経費（農務）,,,0,0,,,,,,20689837,R1決算書p61
2019,6,農林水産業費,1,農業費,2,農業総務費,一般職人事管理経費（農務）,2,給料,1,0,,,,,,11603400,R1決算書p61
2019,6,農林水産業費,1,農業費,2,農業総務費,一般職人事管理経費（農務）,2,給料,2,0,21職員給料,,,,,11603400,R1決算書p61
2019,6,農林水産業費,1,農業費,2,農業総務費,一般職人事管理経費（農務）,2,給料,3,1,21職員給料,01一般職員給料,,,,11603400,R1決算書p61
2019,6,農林水産業費,1,農業費,2,農業総務費,一般職人事管理経費（農務）,3,職員手当等,1,0,,,,,,5476185,R1決算書p61
2019,6,農林水産業費,1,農業費,2,農業総務費,一般職人事管理経費（農務）,3,職員手当等,2,1,21職員手当等,,,,,5476185,R1決算書p61
2019,6,農林水産業費,1,農業費,2,農業総務費,一般職人事管理経費（農務）,4,共済費,1,0,,,,,,3610252,R1決算書p62
2019,6,農林水産業費,1,農業費,2,農業総務費,一般職人事管理経費（農務）,4,共済費,2,0,31一般職共済費,,,,,3610252,R1決算書p62
2019,6,農林水産業費,1,農業費,2,農業総務費,一般職人事管理経費（農務）,4,共済費,3,1,31一般職共済費,01地方公務員共済組合等負担金,,,,3610252,R1決算書p62
2019,6,農林水産業費,1,農業費,3,農業振興費,農業振興一般経費,,,0,0,,,,,,147296487,R1決算書p62
2019,6,農林水産業費,1,農業費,3,農業振興費,農業振興一般経費,11,需用費,1,0,,,,,,39710,R1決算書p62
2019,6,農林水産業費,1,農業費,3,農業振興費,農業振興一般経費,11,需用費,2,0,01消耗品,,,,,39710,R1決算書p62
2019,6,農林水産業費,1,農業費,3,農業振興費,農業振興一般経費,11,需用費,3,1,01消耗品,01消耗品,,,,39710,R1決算書p62
2019,6,農林水産業費,1,農業費,3,農業振興費,農業振興一般経費,13,委託料,1,0,,,,,,15640000,R1決算書p62
2019,6,農林水産業費,1,農業費,3,農業振興費,農業振興一般経費,13,委託料,2,0,71調査・設計・監理委託料,,,,,15640000,R1決算書p62
2019,6,農林水産業費,1,農業費,3,農業振興費,農業振興一般経費,13,委託料,3,1,71調査・設計・監理委託料,02農産物加工直売施設改修設計監理委託料（繰越明許）,,,,15640000,R1決算書p62
2019,6,農林水産業費,1,農業費,3,農業振興費,農業振興一般経費,15,工事請負費,1,0,,,,,,122188000,R1決算書p62
2019,6,農林水産業費,1,農業費,3,農業振興費,農業振興一般経費,15,工事請負費,2,0,01補助事業,,,,,115000000,R1決算書p62
2019,6,農林水産業費,1,農業費,3,農業振興費,農業振興一般経費,15,工事請負費,3,1,01補助事業,03農産物加工直売施設改修工事（繰越明許）,,,,115000000,R1決算書p62
2019,6,農林水産業費,1,農業費,3,農業振興費,農業振興一般経費,15,工事請負費,2,0,31単独事業,,,,,7188000,R1決算書p62
2019,6,農林水産業費,1,農業費,3,農業振興費,農業振興一般経費,15,工事請負費,3,1,31単独事業,04農産物加工直売施設改修工事,,,,7188000,R1決算書p62
2019,6,農林水産業費,1,農業費,3,農業振興費,農業振興一般経費,18,備品購入費,1,0,,,,,,1388460,R1決算書p62
2019,6,農林水産業費,1,農業費,3,農業振興費,農業振興一般経費,18,備品購入費,2,0,01備品購入費,,,,,1388460,R1決算書p62
2019,6,農林水産業費,1,農業費,3,農業振興費,農業振興一般経費,18,備品購入費,3,1,01備品購入費,03そば用収穫機械購入費,,,,431460,R1決算書p62
2019,6,農林水産業費,1,農業費,3,農業振興費,農業振興一般経費,18,備品購入費,3,1,01備品購入費,04農産物加工直売施設備品購入費,,,,957000,R1決算書p62
2019,6,農林水産業費,1,農業費,3,農業振興費,農業振興一般経費,19,負担金補助及び交付金,1,0,,,,,,8040317,R1決算書p62
2019,6,農林水産業費,1,農業費,3,農業振興費,農業振興一般経費,19,負担金補助及び交付金,2,0,51補助金,,,,,8040317,R1決算書p62
2019,6,農林水産業費,1,農業費,3,農業振興費,農業振興一般経費,19,負担金補助及び交付金,3,1,51補助金,01獣害防止施設設置補助金,,,,7729000,R1決算書p62
2019,6,農林水産業費,1,農業費,3,農業振興費,農業振興一般経費,19,負担金補助及び交付金,3,1,51補助金,04ふるさと保全活動補助金,,,,18997,R1決算書p62
2019,6,農林水産業費,1,農業費,3,農業振興費,農業振興一般経費,19,負担金補助及び交付金,3,1,51補助金,05農業文化祭補助金,,,,270000,R1決算書p62
2019,6,農林水産業費,1,農業費,3,農業振興費,農業振興一般経費,19,負担金補助及び交付金,3,1,51補助金,10地産地消支援事業補助金,,,,22320,R1決算書p62
2019,6,農林水産業費,1,農業費,3,農業振興費,経営所得安定対策事業,,,0,0,,,,,,103772,R1決算書p62
2019,6,農林水産業費,1,農業費,3,農業振興費,経営所得安定対策事業,7,賃金,1,0,,,,,,81700,R1決算書p62
2019,6,農林水産業費,1,農業費,3,農業振興費,経営所得安定対策事業,7,賃金,2,0,21委員賃金,,,,,81700,R1決算書p62
2019,6,農林水産業費,1,農業費,3,農業振興費,経営所得安定対策事業,7,賃金,3,1,21委員賃金,01水田農業推進協議会賃金,,,,43000,R1決算書p62
2019,6,農林水産業費,1,農業費,3,農業振興費,経営所得安定対策事業,7,賃金,3,1,21委員賃金,02現地確認調査員賃金,,,,38700,R1決算書p62
2019,6,農林水産業費,1,農業費,3,農業振興費,経営所得安定対策事業,11,需用費,1,0,,,,,,6344,R1決算書p62
2019,6,農林水産業費,1,農業費,3,農業振興費,経営所得安定対策事業,11,需用費,2,0,01消耗品,,,,,6344,R1決算書p62
2019,6,農林水産業費,1,農業費,3,農業振興費,経営所得安定対策事業,11,需用費,3,1,01消耗品,01消耗品,,,,6344,R1決算書p62
2019,6,農林水産業費,1,農業費,3,農業振興費,経営所得安定対策事業,12,役務費,1,0,,,,,,15728,R1決算書p62
2019,6,農林水産業費,1,農業費,3,農業振興費,経営所得安定対策事業,12,役務費,2,0,01通信運搬費,,,,,15728,R1決算書p62
2019,6,農林水産業費,1,農業費,3,農業振興費,経営所得安定対策事業,12,役務費,3,1,01通信運搬費,01郵便料,,,,15728,R1決算書p62
2019,6,農林水産業費,1,農業費,3,農業振興費,有害鳥獣駆除関係経費,,,0,0,,,,,,2785214,R1決算書p62
2019,6,農林水産業費,1,農業費,3,農業振興費,有害鳥獣駆除関係経費,8,報償費,1,0,,,,,,2257000,R1決算書p62
2019,6,農林水産業費,1,農業費,3,農業振興費,有害鳥獣駆除関係経費,8,報償費,2,0,01謝金,,,,,2000,R1決算書p62
2019,6,農林水産業費,1,農業費,3,農業振興費,有害鳥獣駆除関係経費,8,報償費,3,1,01謝金,01有害鳥獣駆除謝金,,,,2000,R1決算書p62
2019,6,農林水産業費,1,農業費,3,農業振興費,有害鳥獣駆除関係経費,8,報償費,2,0,21買上金,,,,,2255000,R1決算書p63
2019,6,農林水産業費,1,農業費,3,農業振興費,有害鳥獣駆除関係経費,8,報償費,3,1,21買上金,01有害鳥獣駆除報償,,,,2255000,R1決算書p63
2019,6,農林水産業費,1,農業費,3,農業振興費,有害鳥獣駆除関係経費,11,需用費,1,0,,,,,,761,R1決算書p63
2019,6,農林水産業費,1,農業費,3,農業振興費,有害鳥獣駆除関係経費,11,需用費,2,0,01消耗品,,,,,761,R1決算書p63
2019,6,農林水産業費,1,農業費,3,農業振興費,有害鳥獣駆除関係経費,11,需用費,3,1,01消耗品,01鳥獣害防止施設資材代,,,,761,R1決算書p63
2019,6,農林水産業費,1,農業費,3,農業振興費,有害鳥獣駆除関係経費,13,委託料,1,0,,,,,,80000,R1決算書p63
2019,6,農林水産業費,1,農業費,3,農業振興費,有害鳥獣駆除関係経費,13,委託料,2,0,21保守管理委託料,,,,,80000,R1決算書p63
2019,6,農林水産業費,1,農業費,3,農業振興費,有害鳥獣駆除関係経費,13,委託料,3,1,21保守管理委託料,01有害鳥獣捕獲檻管理委託料,,,,80000,R1決算書p63
2019,6,農林水産業費,1,農業費,3,農業振興費,有害鳥獣駆除関係経費,18,備品購入費,1,0,,,,,,447453,R1決算書p63
2019,6,農林水産業費,1,農業費,3,農業振興費,有害鳥獣駆除関係経費,18,備品購入費,2,0,01備品購入費,,,,,447453,R1決算書p63
2019,6,農林水産業費,1,農業費,3,農業振興費,有害鳥獣駆除関係経費,18,備品購入費,3,1,01備品購入費,01事業用備品購入費,,,,447453,R1決算書p63
2019,6,農林水産業費,1,農業費,3,農業振興費,特産農産物生産振興事業,,,0,0,,,,,,418560,R1決算書p63
2019,6,農林水産業費,1,農業費,3,農業振興費,特産農産物生産振興事業,19,負担金補助及び交付金,1,0,,,,,,418560,R1決算書p63
2019,6,農林水産業費,1,農業費,3,農業振興費,特産農産物生産振興事業,19,負担金補助及び交付金,2,0,51補助金,,,,,418560,R1決算書p63
2019,6,農林水産業費,1,農業費,3,農業振興費,特産農産物生産振興事業,19,負担金補助及び交付金,3,1,51補助金,01大豆価格安定事業補助金,,,,48100,R1決算書p63
2019,6,農林水産業費,1,農業費,3,農業振興費,特産農産物生産振興事業,19,負担金補助及び交付金,3,1,51補助金,02特産農産物生産振興補助金,,,,370460,R1決算書p63
2019,6,農林水産業費,1,農業費,3,農業振興費,人・農地プラン推進事業,,,0,0,,,,,,55900,R1決算書p63
2019,6,農林水産業費,1,農業費,3,農業振興費,人・農地プラン推進事業,7,賃金,1,0,,,,,,55900,R1決算書p63
2019,6,農林水産業費,1,農業費,3,農業振興費,人・農地プラン推進事業,7,賃金,2,0,21委員賃金,,,,,55900,R1決算書p63
2019,6,農林水産業費,1,農業費,3,農業振興費,人・農地プラン推進事業,7,賃金,3,1,21委員賃金,01人・農地推進賃金,,,,55900,R1決算書p63
2019,6,農林水産業費,1,農業費,3,農業振興費,新規就農者経営支援事業,,,0,0,,,,,,521500,R1決算書p63
2019,6,農林水産業費,1,農業費,3,農業振興費,新規就農者経営支援事業,19,負担金補助及び交付金,1,0,,,,,,521500,R1決算書p63
2019,6,農林水産業費,1,農業費,3,農業振興費,新規就農者経営支援事業,19,負担金補助及び交付金,2,0,51補助金,,,,,521500,R1決算書p63
2019,6,農林水産業費,1,農業費,3,農業振興費,新規就農者経営支援事業,19,負担金補助及び交付金,3,1,51補助金,01青年就農給付金,,,,521500,R1決算書p63
2019,6,農林水産業費,1,農業費,3,農業振興費,地域ブランド推進事業,,,0,0,,,,,,1701805,R1決算書p63
2019,6,農林水産業費,1,農業費,3,農業振興費,地域ブランド推進事業,7,賃金,1,0,,,,,,46500,R1決算書p63
2019,6,農林水産業費,1,農業費,3,農業振興費,地域ブランド推進事業,7,賃金,2,0,21委員賃金,,,,,12900,R1決算書p63
2019,6,農林水産業費,1,農業費,3,農業振興費,地域ブランド推進事業,7,賃金,3,1,21委員賃金,01地域ブランド協議会賃金,,,,12900,R1決算書p63
2019,6,農林水産業費,1,農業費,3,農業振興費,地域ブランド推進事業,7,賃金,2,0,31作業員賃金,,,,,33600,R1決算書p63
2019,6,農林水産業費,1,農業費,3,農業振興費,地域ブランド推進事業,7,賃金,3,1,31作業員賃金,01運転手賃金,,,,33600,R1決算書p63
2019,6,農林水産業費,1,農業費,3,農業振興費,地域ブランド推進事業,11,需用費,1,0,,,,,,1039809,R1決算書p63
2019,6,農林水産業費,1,農業費,3,農業振興費,地域ブランド推進事業,11,需用費,2,0,01消耗品,,,,,474509,R1決算書p63
2019,6,農林水産業費,1,農業費,3,農業振興費,地域ブランド推進事業,11,需用費,3,1,01消耗品,01消耗品,,,,474509,R1決算書p63
2019,6,農林水産業費,1,農業費,3,農業振興費,地域ブランド推進事業,11,需用費,2,0,31印刷製本費,,,,,565300,R1決算書p63
2019,6,農林水産業費,1,農業費,3,農業振興費,地域ブランド推進事業,11,需用費,3,1,31印刷製本費,01ロゴマーク印刷費,,,,565300,R1決算書p63
2019,6,農林水産業費,1,農業費,3,農業振興費,地域ブランド推進事業,14,使用料及び賃借料,1,0,,,,,,539496,R1決算書p63
2019,6,農林水産業費,1,農業費,3,農業振興費,地域ブランド推進事業,14,使用料及び賃借料,2,0,01使用料・借上料,,,,,539496,R1決算書p63
2019,6,農林水産業費,1,農業費,3,農業振興費,地域ブランド推進事業,14,使用料及び賃借料,3,1,01使用料・借上料,01物産展機材借上料,,,,187920,R1決算書p63
2019,6,農林水産業費,1,農業費,3,農業振興費,地域ブランド推進事業,14,使用料及び賃借料,3,1,01使用料・借上料,02駐車場使用料,,,,19800,R1決算書p63
2019,6,農林水産業費,1,農業費,3,農業振興費,地域ブランド推進事業,14,使用料及び賃借料,3,1,01使用料・借上料,03物産展会場使用料,,,,331776,R1決算書p63
2019,6,農林水産業費,1,農業費,3,農業振興費,地域ブランド推進事業,19,負担金補助及び交付金,1,0,,,,,,76000,R1決算書p64
2019,6,農林水産業費,1,農業費,3,農業振興費,地域ブランド推進事業,19,負担金補助及び交付金,2,0,51補助金,,,,,76000,R1決算書p64
2019,6,農林水産業費,1,農業費,3,農業振興費,地域ブランド推進事業,19,負担金補助及び交付金,3,1,51補助金,01六次産業化等支援補助金,,,,35000,R1決算書p64
2019,6,農林水産業費,1,農業費,3,農業振興費,地域ブランド推進事業,19,負担金補助及び交付金,3,1,51補助金,02お墨付き商品支援補助金,,,,41000,R1決算書p64
2019,6,農林水産業費,1,農業費,3,農業振興費,営農支援センター運営費,,,0,0,,,,,,724100,R1決算書p64
2019,6,農林水産業費,1,農業費,3,農業振興費,営農支援センター運営費,7,賃金,1,0,,,,,,724100,R1決算書p64
2019,6,農林水産業費,1,農業費,3,農業振興費,営農支援センター運営費,7,賃金,2,0,11臨時職員賃金,,,,,724100,R1決算書p64
2019,6,農林水産業費,1,農業費,3,農業振興費,営農支援センター運営費,7,賃金,3,1,11臨時職員賃金,01地域連携推進員賃金,,,,724100,R1決算書p64
2019,6,農林水産業費,1,農業費,4,畜産業費,家畜診療施設運営経費,,,0,0,,,,,,1260353,R1決算書p64
2019,6,農林水産業費,1,農業費,4,畜産業費,家畜診療施設運営経費,11,需用費,1,0,,,,,,200353,R1決算書p64
2019,6,農林水産業費,1,農業費,4,畜産業費,家畜診療施設運営経費,11,需用費,2,0,11燃料費,,,,,200353,R1決算書p64
2019,6,農林水産業費,1,農業費,4,畜産業費,家畜診療施設運営経費,11,需用費,3,1,11燃料費,01家畜診療燃料費,,,,200353,R1決算書p64
2019,6,農林水産業費,1,農業費,4,畜産業費,家畜診療施設運営経費,13,委託料,1,0,,,,,,1060000,R1決算書p64
2019,6,農林水産業費,1,農業費,4,畜産業費,家畜診療施設運営経費,13,委託料,2,0,51業務委託料,,,,,1060000,R1決算書p64
2019,6,農林水産業費,1,農業費,4,畜産業費,家畜診療施設運営経費,13,委託料,3,1,51業務委託料,01家畜診療委託料,,,,1060000,R1決算書p64
2019,6,農林水産業費,1,農業費,5,畜産振興費,畜産振興経費,,,0,0,,,,,,581080,R1決算書p64
2019,6,農林水産業費,1,農業費,5,畜産振興費,畜産振興経費,11,需用費,1,0,,,,,,41080,R1決算書p64
2019,6,農林水産業費,1,農業費,5,畜産振興費,畜産振興経費,11,需用費,2,0,01消耗品,,,,,41080,R1決算書p64
2019,6,農林水産業費,1,農業費,5,畜産振興費,畜産振興経費,11,需用費,3,1,01消耗品,01消耗品,,,,41080,R1決算書p64
2019,6,農林水産業費,1,農業費,5,畜産振興費,畜産振興経費,15,工事請負費,1,0,,,,,,540000,R1決算書p64
2019,6,農林水産業費,1,農業費,5,畜産振興費,畜産振興経費,15,工事請負費,2,0,31単独事業,,,,,540000,R1決算書p64
2019,6,農林水産業費,1,農業費,5,畜産振興費,畜産振興経費,15,工事請負費,3,1,31単独事業,01防護柵設置工事,,,,540000,R1決算書p64
2019,6,農林水産業費,1,農業費,6,農地費,農地費一般経費,,,0,0,,,,,,3756372,R1決算書p64
2019,6,農林水産業費,1,農業費,6,農地費,農地費一般経費,7,賃金,1,0,,,,,,767000,R1決算書p64
2019,6,農林水産業費,1,農業費,6,農地費,農地費一般経費,7,賃金,2,0,21委員賃金,,,,,767000,R1決算書p64
2019,6,農林水産業費,1,農業費,6,農地費,農地費一般経費,7,賃金,3,1,21委員賃金,01地すべり防止区域管理賃金,,,,767000,R1決算書p64
2019,6,農林水産業費,1,農業費,6,農地費,農地費一般経費,14,使用料及び賃借料,1,0,,,,,,244520,R1決算書p64
2019,6,農林水産業費,1,農業費,6,農地費,農地費一般経費,14,使用料及び賃借料,2,0,01使用料・借上料,,,,,244520,R1決算書p64
2019,6,農林水産業費,1,農業費,6,農地費,農地費一般経費,14,使用料及び賃借料,3,1,01使用料・借上料,01土地賃借料,,,,244520,R1決算書p64
2019,6,農林水産業費,1,農業費,6,農地費,農地費一般経費,15,工事請負費,1,0,,,,,,1426200,R1決算書p64
2019,6,農林水産業費,1,農業費,6,農地費,農地費一般経費,15,工事請負費,2,0,32維持・修繕工事,,,,,1426200,R1決算書p64
2019,6,農林水産業費,1,農業費,6,農地費,農地費一般経費,15,工事請負費,3,1,32維持・修繕工事,01農地維持工事,,,,1426200,R1決算書p64
2019,6,農林水産業費,1,農業費,6,農地費,農地費一般経費,16,原材料費,1,0,,,,,,1293837,R1決算書p64
2019,6,農林水産業費,1,農業費,6,農地費,農地費一般経費,16,原材料費,2,0,01原材料費,,,,,1293837,R1決算書p64
2019,6,農林水産業費,1,農業費,6,農地費,農地費一般経費,16,原材料費,3,1,01原材料費,02土地改良用資材代,,,,1293837,R1決算書p64
2019,6,農林水産業費,1,農業費,6,農地費,農地費一般経費,19,負担金補助及び交付金,1,0,,,,,,4200,R1決算書p64
2019,6,農林水産業費,1,農業費,6,農地費,農地費一般経費,19,負担金補助及び交付金,2,0,21負担金,,,,,4200,R1決算書p64
2019,6,農林水産業費,1,農業費,6,農地費,農地費一般経費,19,負担金補助及び交付金,3,1,21負担金,01長土連市町村割賦課金,,,,4200,R1決算書p64
2019,6,農林水産業費,1,農業費,6,農地費,農地費一般経費,22,補償補填及び賠償金,1,0,,,,,,20615,R1決算書p64
2019,6,農林水産業費,1,農業費,6,農地費,農地費一般経費,22,補償補填及び賠償金,2,0,01補償料,,,,,20615,R1決算書p64
2019,6,農林水産業費,1,農業費,6,農地費,農地費一般経費,22,補償補填及び賠償金,3,1,01補償料,01立木補償料,,,,20615,R1決算書p64
2019,6,農林水産業費,1,農業費,20,地域おこし協力隊事業,地域おこし協力隊事業,,,0,0,,,,,,728811,R1決算書p65
2019,6,農林水産業費,1,農業費,20,地域おこし協力隊事業,地域おこし協力隊事業,9,旅費,1,0,,,,,,4170,R1決算書p65
2019,6,農林水産業費,1,農業費,20,地域おこし協力隊事業,地域おこし協力隊事業,9,旅費,2,0,51費用弁償,,,,,4170,R1決算書p65
2019,6,農林水産業費,1,農業費,20,地域おこし協力隊事業,地域おこし協力隊事業,9,旅費,3,1,51費用弁償,01地域おこし協力隊旅費,,,,4170,R1決算書p65
2019,6,農林水産業費,1,農業費,20,地域おこし協力隊事業,地域おこし協力隊事業,11,需用費,1,0,,,,,,147777,R1決算書p65
2019,6,農林水産業費,1,農業費,20,地域おこし協力隊事業,地域おこし協力隊事業,11,需用費,2,0,01消耗品,,,,,118067,R1決算書p65
2019,6,農林水産業費,1,農業費,20,地域おこし協力隊事業,地域おこし協力隊事業,11,需用費,3,1,01消耗品,01消耗品,,,,118067,R1決算書p65
2019,6,農林水産業費,1,農業費,20,地域おこし協力隊事業,地域おこし協力隊事業,11,需用費,2,0,11燃料費,,,,,29710,R1決算書p65
2019,6,農林水産業費,1,農業費,20,地域おこし協力隊事業,地域おこし協力隊事業,11,需用費,3,1,11燃料費,01公用車燃料代,,,,29710,R1決算書p65
2019,6,農林水産業費,1,農業費,20,地域おこし協力隊事業,地域おこし協力隊事業,12,役務費,1,0,,,,,,18320,R1決算書p65
2019,6,農林水産業費,1,農業費,20,地域おこし協力隊事業,地域おこし協力隊事業,12,役務費,2,0,41損害保険料,,,,,18320,R1決算書p65
2019,6,農林水産業費,1,農業費,20,地域おこし協力隊事業,地域おこし協力隊事業,12,役務費,3,1,41損害保険料,01公用車共済保険料,,,,18320,R1決算書p65
2019,6,農林水産業費,1,農業費,20,地域おこし協力隊事業,地域おこし協力隊事業,14,使用料及び賃借料,1,0,,,,,,558544,R1決算書p65
2019,6,農林水産業費,1,農業費,20,地域おこし協力隊事業,地域おこし協力隊事業,14,使用料及び賃借料,2,0,01使用料・借上料,,,,,558544,R1決算書p65
2019,6,農林水産業費,1,農業費,20,地域おこし協力隊事業,地域おこし協力隊事業,14,使用料及び賃借料,3,1,01使用料・借上料,02住居借上料,,,,238000,R1決算書p65
2019,6,農林水産業費,1,農業費,20,地域おこし協力隊事業,地域おこし協力隊事業,14,使用料及び賃借料,3,1,01使用料・借上料,04事務用機器リース料,,,,50652,R1決算書p65
2019,6,農林水産業費,1,農業費,20,地域おこし協力隊事業,地域おこし協力隊事業,14,使用料及び賃借料,3,1,01使用料・借上料,05自動車リース料,,,,269892,R1決算書p65
2019,6,農林水産業費,1,農業費,21,日本型直接支払事業,日本型直接支払制度,,,0,0,,,,,,5323821,R1決算書p65
2019,6,農林水産業費,1,農業費,21,日本型直接支払事業,日本型直接支払制度,7,賃金,1,0,,,,,,315600,R1決算書p65
2019,6,農林水産業費,1,農業費,21,日本型直接支払事業,日本型直接支払制度,7,賃金,2,0,41事業賃金,,,,,315600,R1決算書p65
2019,6,農林水産業費,1,農業費,21,日本型直接支払事業,日本型直接支払制度,7,賃金,3,1,41事業賃金,01中山間地域直接支払賃金,,,,156600,R1決算書p65
2019,6,農林水産業費,1,農業費,21,日本型直接支払事業,日本型直接支払制度,7,賃金,3,1,41事業賃金,02多面的機能支払賃金,,,,159000,R1決算書p65
2019,6,農林水産業費,1,農業費,21,日本型直接支払事業,日本型直接支払制度,11,需用費,1,0,,,,,,16500,R1決算書p65
2019,6,農林水産業費,1,農業費,21,日本型直接支払事業,日本型直接支払制度,11,需用費,2,0,01消耗品,,,,,16500,R1決算書p65
2019,6,農林水産業費,1,農業費,21,日本型直接支払事業,日本型直接支払制度,11,需用費,3,1,01消耗品,01中山間直払消耗品,,,,16500,R1決算書p65
2019,6,農林水産業費,1,農業費,21,日本型直接支払事業,日本型直接支払制度,19,負担金補助及び交付金,1,0,,,,,,4991721,R1決算書p65
2019,6,農林水産業費,1,農業費,21,日本型直接支払事業,日本型直接支払制度,19,負担金補助及び交付金,2,0,71交付金,,,,,4991721,R1決算書p65
2019,6,農林水産業費,1,農業費,21,日本型直接支払事業,日本型直接支払制度,19,負担金補助及び交付金,3,1,71交付金,01中山間地域等直接支払交付金,,,,4003469,R1決算書p65
2019,6,農林水産業費,1,農業費,21,日本型直接支払事業,日本型直接支払制度,19,負担金補助及び交付金,3,1,71交付金,02多面的機能支払交付金,,,,988252,R1決算書p65
2019,6,農林水産業費,2,林業費,1,林業総務費,林業総務一般経費,,,0,0,,,,,,678272,R1決算書p65
2019,6,農林水産業費,2,林業費,1,林業総務費,林業総務一般経費,1,報酬,1,0,,,,,,11700,R1決算書p65
2019,6,農林水産業費,2,林業費,1,林業総務費,林業総務一般経費,1,報酬,2,0,11委員報酬,,,,,11700,R1決算書p65
2019,6,農林水産業費,2,林業費,1,林業総務費,林業総務一般経費,1,報酬,3,1,11委員報酬,01林務委員報酬,,,,11700,R1決算書p65
2019,6,農林水産業費,2,林業費,1,林業総務費,林業総務一般経費,19,負担金補助及び交付金,1,0,,,,,,666572,R1決算書p65
2019,6,農林水産業費,2,林業費,1,林業総務費,林業総務一般経費,19,負担金補助及び交付金,2,0,21負担金,,,,,666572,R1決算書p65
2019,6,農林水産業費,2,林業費,1,林業総務費,林業総務一般経費,19,負担金補助及び交付金,3,1,21負担金,01下伊那地区分収造林協議会負担金,,,,72372,R1決算書p65
2019,6,農林水産業費,2,林業費,1,林業総務費,林業総務一般経費,19,負担金補助及び交付金,3,1,21負担金,03南信州特用林産振興会負担金,,,,10000,R1決算書p65
2019,6,農林水産業費,2,林業費,1,林業総務費,林業総務一般経費,19,負担金補助及び交付金,3,1,21負担金,05下伊那山林協会負担金,,,,531200,R1決算書p65
2019,6,農林水産業費,2,林業費,1,林業総務費,林業総務一般経費,19,負担金補助及び交付金,3,1,21負担金,06飯伊林業活性化協議会負担金,,,,40000,R1決算書p65
2019,6,農林水産業費,2,林業費,1,林業総務費,林業総務一般経費,19,負担金補助及び交付金,3,1,21負担金,07長野県林業職員協会負担金,,,,3000,R1決算書p65
2019,6,農林水産業費,2,林業費,1,林業総務費,林業総務一般経費,19,負担金補助及び交付金,3,1,21負担金,08長野県森林保全協議会負担金,,,,10000,R1決算書p65
2019,6,農林水産業費,2,林業費,1,林業総務費,一般職人事管理経費（林務）,,,0,0,,,,,,6388138,R1決算書p66
2019,6,農林水産業費,2,林業費,1,林業総務費,一般職人事管理経費（林務）,2,給料,1,0,,,,,,3323100,R1決算書p66
2019,6,農林水産業費,2,林業費,1,林業総務費,一般職人事管理経費（林務）,2,給料,2,0,21職員給料,,,,,3323100,R1決算書p66
2019,6,農林水産業費,2,林業費,1,林業総務費,一般職人事管理経費（林務）,2,給料,3,1,21職員給料,01一般職員給料,,,,3323100,R1決算書p66
2019,6,農林水産業費,2,林業費,1,林業総務費,一般職人事管理経費（林務）,3,職員手当等,1,0,,,,,,1988038,R1決算書p66
2019,6,農林水産業費,2,林業費,1,林業総務費,一般職人事管理経費（林務）,3,職員手当等,2,1,21職員手当等,,,,,1988038,R1決算書p66
2019,6,農林水産業費,2,林業費,1,林業総務費,一般職人事管理経費（林務）,4,共済費,1,0,,,,,,1077000,R1決算書p66
2019,6,農林水産業費,2,林業費,1,林業総務費,一般職人事管理経費（林務）,4,共済費,2,0,31一般職共済費,,,,,1077000,R1決算書p66
2019,6,農林水産業費,2,林業費,1,林業総務費,一般職人事管理経費（林務）,4,共済費,3,1,31一般職共済費,01地方公務員共済組合等負担金,,,,1077000,R1決算書p66
2019,6,農林水産業費,2,林業費,2,林業振興費,林業振興一般経費,,,0,0,,,,,,5115483,R1決算書p66
2019,6,農林水産業費,2,林業費,2,林業振興費,林業振興一般経費,11,需用費,1,0,,,,,,1267249,R1決算書p66
2019,6,農林水産業費,2,林業費,2,林業振興費,林業振興一般経費,11,需用費,2,0,01消耗品,,,,,536562,R1決算書p66
2019,6,農林水産業費,2,林業費,2,林業振興費,林業振興一般経費,11,需用費,3,1,01消耗品,01消耗品,,,,486562,R1決算書p66
2019,6,農林水産業費,2,林業費,2,林業振興費,林業振興一般経費,11,需用費,3,1,01消耗品,07育林祭記念品,,,,50000,R1決算書p66
2019,6,農林水産業費,2,林業費,2,林業振興費,林業振興一般経費,11,需用費,2,0,41光熱水費,,,,,368361,R1決算書p66
2019,6,農林水産業費,2,林業費,2,林業振興費,林業振興一般経費,11,需用費,3,1,41光熱水費,01電気料,,,,341135,R1決算書p66
2019,6,農林水産業費,2,林業費,2,林業振興費,林業振興一般経費,11,需用費,3,1,41光熱水費,02ガス代,,,,27226,R1決算書p66
2019,6,農林水産業費,2,林業費,2,林業振興費,林業振興一般経費,11,需用費,2,0,51修繕費,,,,,362326,R1決算書p66
2019,6,農林水産業費,2,林業費,2,林業振興費,林業振興一般経費,11,需用費,3,1,51修繕費,01機械修繕費,,,,362326,R1決算書p66
2019,6,農林水産業費,2,林業費,2,林業振興費,林業振興一般経費,12,役務費,1,0,,,,,,120539,R1決算書p66
2019,6,農林水産業費,2,林業費,2,林業振興費,林業振興一般経費,12,役務費,2,0,01通信運搬費,,,,,74229,R1決算書p66
2019,6,農林水産業費,2,林業費,2,林業振興費,林業振興一般経費,12,役務費,3,1,01通信運搬費,01電話料,,,,6190,R1決算書p66
2019,6,農林水産業費,2,林業費,2,林業振興費,林業振興一般経費,12,役務費,3,1,01通信運搬費,02情報通信接続料,,,,68039,R1決算書p66
2019,6,農林水産業費,2,林業費,2,林業振興費,林業振興一般経費,12,役務費,2,0,21手数料,,,,,12260,R1決算書p66
2019,6,農林水産業費,2,林業費,2,林業振興費,林業振興一般経費,12,役務費,3,1,21手数料,01合併浄化槽検査手数料,,,,5000,R1決算書p66
2019,6,農林水産業費,2,林業費,2,林業振興費,林業振興一般経費,12,役務費,3,1,21手数料,02目立料,,,,7260,R1決算書p66
2019,6,農林水産業費,2,林業費,2,林業振興費,林業振興一般経費,12,役務費,2,0,31筆耕料,,,,,2000,R1決算書p66
2019,6,農林水産業費,2,林業費,2,林業振興費,林業振興一般経費,12,役務費,3,1,31筆耕料,01筆耕料,,,,2000,R1決算書p66
2019,6,農林水産業費,2,林業費,2,林業振興費,林業振興一般経費,12,役務費,2,0,41損害保険料,,,,,32050,R1決算書p66
2019,6,農林水産業費,2,林業費,2,林業振興費,林業振興一般経費,12,役務費,3,1,41損害保険料,02施設利用者傷害保険料,,,,32050,R1決算書p66
2019,6,農林水産業費,2,林業費,2,林業振興費,林業振興一般経費,13,委託料,1,0,,,,,,3271400,R1決算書p66
2019,6,農林水産業費,2,林業費,2,林業振興費,林業振興一般経費,13,委託料,2,0,21保守管理委託料,,,,,50600,R1決算書p66
2019,6,農林水産業費,2,林業費,2,林業振興費,林業振興一般経費,13,委託料,3,1,21保守管理委託料,01合併浄化槽保守管理委託料,,,,50600,R1決算書p66
2019,6,農林水産業費,2,林業費,2,林業振興費,林業振興一般経費,13,委託料,2,0,51業務委託料,,,,,3220800,R1決算書p66
2019,6,農林水産業費,2,林業費,2,林業振興費,林業振興一般経費,13,委託料,3,1,51業務委託料,01製材委託料,,,,1425600,R1決算書p66
2019,6,農林水産業費,2,林業費,2,林業振興費,林業振興一般経費,13,委託料,3,1,51業務委託料,04木工館管理運営委託料,,,,1795200,R1決算書p66
2019,6,農林水産業費,2,林業費,2,林業振興費,林業振興一般経費,17,公有財産購入費,1,0,,,,,,156195,R1決算書p66
2019,6,農林水産業費,2,林業費,2,林業振興費,林業振興一般経費,17,公有財産購入費,2,0,04私有林購入費,,,,,156195,R1決算書p66
2019,6,農林水産業費,2,林業費,2,林業振興費,林業振興一般経費,17,公有財産購入費,3,1,04私有林購入費,01私有林購入費,,,,156195,R1決算書p66
2019,6,農林水産業費,2,林業費,2,林業振興費,林業振興一般経費,19,負担金補助及び交付金,1,0,,,,,,300100,R1決算書p66
2019,6,農林水産業費,2,林業費,2,林業振興費,林業振興一般経費,19,負担金補助及び交付金,2,0,21負担金,,,,,300100,R1決算書p66
2019,6,農林水産業費,2,林業費,2,林業振興費,林業振興一般経費,19,負担金補助及び交付金,3,1,21負担金,01飯伊森林組合賦課金,,,,300100,R1決算書p66
2019,6,農林水産業費,2,林業費,2,林業振興費,有害鳥獣駆除関係経費,,,0,0,,,,,,6412950,R1決算書p66
2019,6,農林水産業費,2,林業費,2,林業振興費,有害鳥獣駆除関係経費,7,賃金,1,0,,,,,,34400,R1決算書p67
2019,6,農林水産業費,2,林業費,2,林業振興費,有害鳥獣駆除関係経費,7,賃金,2,0,21委員賃金,,,,,34400,R1決算書p67
2019,6,農林水産業費,2,林業費,2,林業振興費,有害鳥獣駆除関係経費,7,賃金,3,1,21委員賃金,01有害鳥獣駆除協議会賃金,,,,34400,R1決算書p67
2019,6,農林水産業費,2,林業費,2,林業振興費,有害鳥獣駆除関係経費,8,報償費,1,0,,,,,,6332650,R1決算書p67
2019,6,農林水産業費,2,林業費,2,林業振興費,有害鳥獣駆除関係経費,8,報償費,2,0,01謝金,,,,,912650,R1決算書p67
2019,6,農林水産業費,2,林業費,2,林業振興費,有害鳥獣駆除関係経費,8,報償費,3,1,01謝金,01有害鳥獣駆除謝金,,,,912650,R1決算書p67
2019,6,農林水産業費,2,林業費,2,林業振興費,有害鳥獣駆除関係経費,8,報償費,2,0,21買上金,,,,,5420000,R1決算書p67
2019,6,農林水産業費,2,林業費,2,林業振興費,有害鳥獣駆除関係経費,8,報償費,3,1,21買上金,01有害鳥獣駆除報償,,,,5420000,R1決算書p67
2019,6,農林水産業費,2,林業費,2,林業振興費,有害鳥獣駆除関係経費,12,役務費,1,0,,,,,,45900,R1決算書p67
2019,6,農林水産業費,2,林業費,2,林業振興費,有害鳥獣駆除関係経費,12,役務費,2,0,41損害保険料,,,,,45900,R1決算書p67
2019,6,農林水産業費,2,林業費,2,林業振興費,有害鳥獣駆除関係経費,12,役務費,3,1,41損害保険料,01有害鳥獣駆除傷害保険料,,,,45900,R1決算書p67
2019,6,農林水産業費,2,林業費,3,林道費,林道事業経費,,,0,0,,,,,,69104086,R1決算書p67
2019,6,農林水産業費,2,林業費,3,林道費,林道事業経費,11,需用費,1,0,,,,,,106283,R1決算書p67
2019,6,農林水産業費,2,林業費,3,林道費,林道事業経費,11,需用費,2,0,11燃料費,,,,,72583,R1決算書p67
2019,6,農林水産業費,2,林業費,3,林道費,林道事業経費,11,需用費,3,1,11燃料費,01公用車燃料費,,,,72583,R1決算書p67
2019,6,農林水産業費,2,林業費,3,林道費,林道事業経費,11,需用費,2,0,51修繕費,,,,,33700,R1決算書p67
2019,6,農林水産業費,2,林業費,3,林道費,林道事業経費,11,需用費,3,1,51修繕費,01公用車修繕費,,,,33700,R1決算書p67
2019,6,農林水産業費,2,林業費,3,林道費,林道事業経費,12,役務費,1,0,,,,,,28328,R1決算書p67
2019,6,農林水産業費,2,林業費,3,林道費,林道事業経費,12,役務費,2,0,21手数料,,,,,10368,R1決算書p67
2019,6,農林水産業費,2,林業費,3,林道費,林道事業経費,12,役務費,3,1,21手数料,01公用車車検点検料,,,,10368,R1決算書p67
2019,6,農林水産業費,2,林業費,3,林道費,林道事業経費,12,役務費,2,0,41損害保険料,,,,,17960,R1決算書p67
2019,6,農林水産業費,2,林業費,3,林道費,林道事業経費,12,役務費,3,1,41損害保険料,01公用車共済保険料,,,,17960,R1決算書p67
2019,6,農林水産業費,2,林業費,3,林道費,林道事業経費,13,委託料,1,0,,,,,,4271937,R1決算書p67
2019,6,農林水産業費,2,林業費,3,林道費,林道事業経費,13,委託料,2,0,51業務委託料,,,,,1156737,R1決算書p67
2019,6,農林水産業費,2,林業費,3,林道費,林道事業経費,13,委託料,3,1,51業務委託料,01伐開委託料,,,,661737,R1決算書p67
2019,6,農林水産業費,2,林業費,3,林道費,林道事業経費,13,委託料,3,1,51業務委託料,02橋梁点検委託料,,,,495000,R1決算書p67
2019,6,農林水産業費,2,林業費,3,林道費,林道事業経費,13,委託料,2,0,71調査・設計・監理委託料,,,,,3115200,R1決算書p67
2019,6,農林水産業費,2,林業費,3,林道費,林道事業経費,13,委託料,3,1,71調査・設計・監理委託料,01補助事業設計・監理委託料,,,,2510200,R1決算書p67
2019,6,農林水産業費,2,林業費,3,林道費,林道事業経費,13,委託料,3,1,71調査・設計・監理委託料,02単独事業設計・監理委託料,,,,605000,R1決算書p67
2019,6,農林水産業費,2,林業費,3,林道費,林道事業経費,15,工事請負費,1,0,,,,,,64697538,R1決算書p67
2019,6,農林水産業費,2,林業費,3,林道費,林道事業経費,15,工事請負費,2,0,01補助事業,,,,,33484000,R1決算書p67
2019,6,農林水産業費,2,林業費,3,林道費,林道事業経費,15,工事請負費,3,1,01補助事業,01林道開設・改良・舗装工事,,,,33484000,R1決算書p67
2019,6,農林水産業費,2,林業費,3,林道費,林道事業経費,15,工事請負費,2,0,31単独事業,,,,,11957000,R1決算書p67
2019,6,農林水産業費,2,林業費,3,林道費,林道事業経費,15,工事請負費,3,1,31単独事業,01林道開設・改良・舗装工事,,,,9581000,R1決算書p67
2019,6,農林水産業費,2,林業費,3,林道費,林道事業経費,15,工事請負費,3,1,31単独事業,02林道交通安全施設工事,,,,2376000,R1決算書p67
2019,6,農林水産業費,2,林業費,3,林道費,林道事業経費,15,工事請負費,2,0,32維持・修繕工事,,,,,19256538,R1決算書p67
2019,6,農林水産業費,2,林業費,3,林道費,林道事業経費,15,工事請負費,3,1,32維持・修繕工事,01林道維持工事,,,,13413738,R1決算書p67
2019,6,農林水産業費,2,林業費,3,林道費,林道事業経費,15,工事請負費,3,1,32維持・修繕工事,02林道維持工事（明許繰越）,,,,5842800,R1決算書p67
2019,6,農林水産業費,2,林業費,4,造林費,造林事業,,,0,0,,,,,,15532690,R1決算書p67
2019,6,農林水産業費,2,林業費,4,造林費,造林事業,15,工事請負費,1,0,,,,,,12120314,R1決算書p67
2019,6,農林水産業費,2,林業費,4,造林費,造林事業,15,工事請負費,2,0,01補助事業,,,,,10370214,R1決算書p67
2019,6,農林水産業費,2,林業費,4,造林費,造林事業,15,工事請負費,3,1,01補助事業,02森林造成事業,,,,10287714,R1決算書p67
2019,6,農林水産業費,2,林業費,4,造林費,造林事業,15,工事請負費,3,1,01補助事業,05松くい虫対策事業,,,,82500,R1決算書p67
2019,6,農林水産業費,2,林業費,4,造林費,造林事業,15,工事請負費,2,0,31単独事業,,,,,1750100,R1決算書p67
2019,6,農林水産業費,2,林業費,4,造林費,造林事業,15,工事請負費,3,1,31単独事業,03森林税活用事業,,,,1750100,R1決算書p68
2019,6,農林水産業費,2,林業費,4,造林費,造林事業,19,負担金補助及び交付金,1,0,,,,,,3412376,R1決算書p68
2019,6,農林水産業費,2,林業費,4,造林費,造林事業,19,負担金補助及び交付金,2,0,21負担金,,,,,1815283,R1決算書p68
2019,6,農林水産業費,2,林業費,4,造林費,造林事業,19,負担金補助及び交付金,3,1,21負担金,01森林組合事業負担金,,,,1815283,R1決算書p68
2019,6,農林水産業費,2,林業費,4,造林費,造林事業,19,負担金補助及び交付金,2,0,51補助金,,,,,1597093,R1決算書p68
2019,6,農林水産業費,2,林業費,4,造林費,造林事業,19,負担金補助及び交付金,3,1,51補助金,01私有林　造林事業補助金,,,,1597093,R1決算書p68
2019,6,農林水産業費,2,林業費,6,森林総合研究所受託事業費,森林総合研究所受託事業費,,,0,0,,,,,,32400,R1決算書p68
2019,6,農林水産業費,2,林業費,6,森林総合研究所受託事業費,森林総合研究所受託事業費,13,委託料,1,0,,,,,,32400,R1決算書p68
2019,6,農林水産業費,2,林業費,6,森林総合研究所受託事業費,森林総合研究所受託事業費,13,委託料,2,0,51業務委託料,,,,,32400,R1決算書p68
2019,6,農林水産業費,2,林業費,6,森林総合研究所受託事業費,森林総合研究所受託事業費,13,委託料,3,1,51業務委託料,01水源林造成受託事業委託料,,,,32400,R1決算書p68
2019,6,農林水産業費,2,林業費,10,森林環境譲与税活用費,森林環境譲与税活用事業,,,0,0,,,,,,4747320,R1決算書p68
2019,6,農林水産業費,2,林業費,10,森林環境譲与税活用費,森林環境譲与税活用事業,15,工事請負費,1,0,,,,,,3388000,R1決算書p68
2019,6,農林水産業費,2,林業費,10,森林環境譲与税活用費,森林環境譲与税活用事業,15,工事請負費,2,0,31単独事業,,,,,3388000,R1決算書p68
2019,6,農林水産業費,2,林業費,10,森林環境譲与税活用費,森林環境譲与税活用事業,15,工事請負費,3,1,31単独事業,01小規模治山工事,,,,3388000,R1決算書p68
2019,6,農林水産業費,2,林業費,10,森林環境譲与税活用費,森林環境譲与税活用事業,18,備品購入費,1,0,,,,,,1359320,R1決算書p68
2019,6,農林水産業費,2,林業費,10,森林環境譲与税活用費,森林環境譲与税活用事業,18,備品購入費,2,0,01備品購入費,,,,,1359320,R1決算書p68
2019,6,農林水産業費,2,林業費,10,森林環境譲与税活用費,森林環境譲与税活用事業,18,備品購入費,3,1,01備品購入費,01備品購入費,,,,1359320,R1決算書p68
2019,7,商工費,1,商工費,1,商工総務費,商工総務一般経費,,,0,0,,,,,,835800,R1決算書p68
2019,7,商工費,1,商工費,1,商工総務費,商工総務一般経費,19,負担金補助及び交付金,1,0,,,,,,835800,R1決算書p68
2019,7,商工費,1,商工費,1,商工総務費,商工総務一般経費,19,負担金補助及び交付金,2,0,21負担金,,,,,235800,R1決算書p68
2019,7,商工費,1,商工費,1,商工総務費,商工総務一般経費,19,負担金補助及び交付金,3,1,21負担金,07飯田職業安定協会負担金,,,,1000,R1決算書p68
2019,7,商工費,1,商工費,1,商工総務費,商工総務一般経費,19,負担金補助及び交付金,3,1,21負担金,08飯田勤労者共済会負担金,,,,28800,R1決算書p68
2019,7,商工費,1,商工費,1,商工総務費,商工総務一般経費,19,負担金補助及び交付金,3,1,21負担金,11商工会負担金,,,,9000,R1決算書p68
2019,7,商工費,1,商工費,1,商工総務費,商工総務一般経費,19,負担金補助及び交付金,3,1,21負担金,13産業振興の拠点関係負担金,,,,197000,R1決算書p68
2019,7,商工費,1,商工費,1,商工総務費,商工総務一般経費,19,負担金補助及び交付金,2,0,51補助金,,,,,600000,R1決算書p68
2019,7,商工費,1,商工費,1,商工総務費,商工総務一般経費,19,負担金補助及び交付金,3,1,51補助金,03信州大学航空機システム共同研究講座コンソーシアム補助金,,,,600000,R1決算書p68
2019,7,商工費,1,商工費,1,商工総務費,一般職人事管理経費（商工）,,,0,0,,,,,,5867993,R1決算書p68
2019,7,商工費,1,商工費,1,商工総務費,一般職人事管理経費（商工）,2,給料,1,0,,,,,,3234900,R1決算書p68
2019,7,商工費,1,商工費,1,商工総務費,一般職人事管理経費（商工）,2,給料,2,0,21職員給料,,,,,3234900,R1決算書p68
2019,7,商工費,1,商工費,1,商工総務費,一般職人事管理経費（商工）,2,給料,3,1,21職員給料,01一般職員給料,,,,3234900,R1決算書p68
2019,7,商工費,1,商工費,1,商工総務費,一般職人事管理経費（商工）,3,職員手当等,1,0,,,,,,1604165,R1決算書p68
2019,7,商工費,1,商工費,1,商工総務費,一般職人事管理経費（商工）,3,職員手当等,2,1,21職員手当等,,,,,1604165,R1決算書p68
2019,7,商工費,1,商工費,1,商工総務費,一般職人事管理経費（商工）,4,共済費,1,0,,,,,,1028928,R1決算書p68
2019,7,商工費,1,商工費,1,商工総務費,一般職人事管理経費（商工）,4,共済費,2,0,31一般職共済費,,,,,1028928,R1決算書p68
2019,7,商工費,1,商工費,1,商工総務費,一般職人事管理経費（商工）,4,共済費,3,1,31一般職共済費,01地方公務員共済組合等負担金,,,,1028928,R1決算書p68
2019,7,商工費,1,商工費,2,商工振興費,商工振興一般経費,,,0,0,,,,,,14060522,R1決算書p69
2019,7,商工費,1,商工費,2,商工振興費,商工振興一般経費,11,需用費,1,0,,,,,,114748,R1決算書p69
2019,7,商工費,1,商工費,2,商工振興費,商工振興一般経費,11,需用費,2,0,41光熱水費,,,,,114748,R1決算書p69
2019,7,商工費,1,商工費,2,商工振興費,商工振興一般経費,11,需用費,3,1,41光熱水費,01電気料（街路灯）,,,,114748,R1決算書p69
2019,7,商工費,1,商工費,2,商工振興費,商工振興一般経費,12,役務費,1,0,,,,,,19134,R1決算書p69
2019,7,商工費,1,商工費,2,商工振興費,商工振興一般経費,12,役務費,2,0,41損害保険料,,,,,19134,R1決算書p69
2019,7,商工費,1,商工費,2,商工振興費,商工振興一般経費,12,役務費,3,1,41損害保険料,01村有建物災害共済保険料,,,,19134,R1決算書p69
2019,7,商工費,1,商工費,2,商工振興費,商工振興一般経費,13,委託料,1,0,,,,,,2014980,R1決算書p69
2019,7,商工費,1,商工費,2,商工振興費,商工振興一般経費,13,委託料,2,0,51業務委託料,,,,,2014980,R1決算書p69
2019,7,商工費,1,商工費,2,商工振興費,商工振興一般経費,13,委託料,3,1,51業務委託料,03プレミアム付商品券業務委託料,,,,2014980,R1決算書p69
2019,7,商工費,1,商工費,2,商工振興費,商工振興一般経費,14,使用料及び賃借料,1,0,,,,,,211824,R1決算書p69
2019,7,商工費,1,商工費,2,商工振興費,商工振興一般経費,14,使用料及び賃借料,2,0,12敷地料,,,,,211824,R1決算書p69
2019,7,商工費,1,商工費,2,商工振興費,商工振興一般経費,14,使用料及び賃借料,3,1,12敷地料,01過疎対策工場敷地料,,,,211824,R1決算書p69
2019,7,商工費,1,商工費,2,商工振興費,商工振興一般経費,19,負担金補助及び交付金,1,0,,,,,,11374344,R1決算書p69
2019,7,商工費,1,商工費,2,商工振興費,商工振興一般経費,19,負担金補助及び交付金,2,0,51補助金,,,,,11374344,R1決算書p69
2019,7,商工費,1,商工費,2,商工振興費,商工振興一般経費,19,負担金補助及び交付金,3,1,51補助金,01商工振興事業補助金,,,,6184660,R1決算書p69
2019,7,商工費,1,商工費,2,商工振興費,商工振興一般経費,19,負担金補助及び交付金,3,1,51補助金,04商工関係資金利子補給金（不況対策）,,,,189684,R1決算書p69
2019,7,商工費,1,商工費,2,商工振興費,商工振興一般経費,19,負担金補助及び交付金,3,1,51補助金,08第三セクター事業補助,,,,5000000,R1決算書p69
2019,7,商工費,1,商工費,2,商工振興費,商工振興一般経費,22,補償補填及び賠償金,1,0,,,,,,325492,R1決算書p69
2019,7,商工費,1,商工費,2,商工振興費,商工振興一般経費,22,補償補填及び賠償金,2,0,11保証料,,,,,325492,R1決算書p69
2019,7,商工費,1,商工費,2,商工振興費,商工振興一般経費,22,補償補填及び賠償金,3,1,11保証料,01信用保証協会保証料,,,,325492,R1決算書p69
2019,7,商工費,1,商工費,3,観光費,観光一般経費,,,0,0,,,,,,28782968,R1決算書p69
2019,7,商工費,1,商工費,3,観光費,観光一般経費,7,賃金,1,0,,,,,,477700,R1決算書p69
2019,7,商工費,1,商工費,3,観光費,観光一般経費,7,賃金,2,0,31作業員賃金,,,,,296800,R1決算書p69
2019,7,商工費,1,商工費,3,観光費,観光一般経費,7,賃金,3,1,31作業員賃金,01運転手賃金,,,,16800,R1決算書p69
2019,7,商工費,1,商工費,3,観光費,観光一般経費,7,賃金,3,1,31作業員賃金,02観光施設管理賃金,,,,280000,R1決算書p69
2019,7,商工費,1,商工費,3,観光費,観光一般経費,7,賃金,2,0,41事業賃金,,,,,180900,R1決算書p69
2019,7,商工費,1,商工費,3,観光費,観光一般経費,7,賃金,3,1,41事業賃金,01さくらの女王行事出席賃金,,,,180900,R1決算書p69
2019,7,商工費,1,商工費,3,観光費,観光一般経費,9,旅費,1,0,,,,,,339048,R1決算書p69
2019,7,商工費,1,商工費,3,観光費,観光一般経費,9,旅費,2,0,11職員旅費,,,,,225600,R1決算書p69
2019,7,商工費,1,商工費,3,観光費,観光一般経費,9,旅費,3,1,11職員旅費,01職員旅費,,,,225600,R1決算書p69
2019,7,商工費,1,商工費,3,観光費,観光一般経費,9,旅費,2,0,51費用弁償,,,,,113448,R1決算書p69
2019,7,商工費,1,商工費,3,観光費,観光一般経費,9,旅費,3,1,51費用弁償,01さくらの女王旅費,,,,113448,R1決算書p69
2019,7,商工費,1,商工費,3,観光費,観光一般経費,11,需用費,1,0,,,,,,11984923,R1決算書p69
2019,7,商工費,1,商工費,3,観光費,観光一般経費,11,需用費,2,0,01消耗品,,,,,1236905,R1決算書p69
2019,7,商工費,1,商工費,3,観光費,観光一般経費,11,需用費,3,1,01消耗品,01消耗品,,,,1091669,R1決算書p69
2019,7,商工費,1,商工費,3,観光費,観光一般経費,11,需用費,3,1,01消耗品,02都市との交流事業経費,,,,145236,R1決算書p69
2019,7,商工費,1,商工費,3,観光費,観光一般経費,11,需用費,2,0,11燃料費,,,,,10000,R1決算書p69
2019,7,商工費,1,商工費,3,観光費,観光一般経費,11,需用費,3,1,11燃料費,01公用車燃料費,,,,10000,R1決算書p69
2019,7,商工費,1,商工費,3,観光費,観光一般経費,11,需用費,2,0,31印刷製本費,,,,,1134080,R1決算書p69
2019,7,商工費,1,商工費,3,観光費,観光一般経費,11,需用費,3,1,31印刷製本費,01印刷製本費,,,,1134080,R1決算書p69
2019,7,商工費,1,商工費,3,観光費,観光一般経費,11,需用費,2,0,41光熱水費,,,,,7654648,R1決算書p69
2019,7,商工費,1,商工費,3,観光費,観光一般経費,11,需用費,3,1,41光熱水費,01電気料（観光施設）,,,,7379655,R1決算書p70
2019,7,商工費,1,商工費,3,観光費,観光一般経費,11,需用費,3,1,41光熱水費,02水道料,,,,274993,R1決算書p70
2019,7,商工費,1,商工費,3,観光費,観光一般経費,11,需用費,2,0,51修繕費,,,,,1949290,R1決算書p70
2019,7,商工費,1,商工費,3,観光費,観光一般経費,11,需用費,3,1,51修繕費,01観光施設修繕費,,,,1909342,R1決算書p70
2019,7,商工費,1,商工費,3,観光費,観光一般経費,11,需用費,3,1,51修繕費,02機械修繕費,,,,39948,R1決算書p70
2019,7,商工費,1,商工費,3,観光費,観光一般経費,12,役務費,1,0,,,,,,919047,R1決算書p70
2019,7,商工費,1,商工費,3,観光費,観光一般経費,12,役務費,2,0,01通信運搬費,,,,,51380,R1決算書p70
2019,7,商工費,1,商工費,3,観光費,観光一般経費,12,役務費,3,1,01通信運搬費,01電話料,,,,740,R1決算書p70
2019,7,商工費,1,商工費,3,観光費,観光一般経費,12,役務費,3,1,01通信運搬費,03テレビ受信料,,,,50640,R1決算書p70
2019,7,商工費,1,商工費,3,観光費,観光一般経費,12,役務費,2,0,21手数料,,,,,357150,R1決算書p70
2019,7,商工費,1,商工費,3,観光費,観光一般経費,12,役務費,3,1,21手数料,01消防施設点検料,,,,33480,R1決算書p70
2019,7,商工費,1,商工費,3,観光費,観光一般経費,12,役務費,3,1,21手数料,02くみ取り料,,,,193670,R1決算書p70
2019,7,商工費,1,商工費,3,観光費,観光一般経費,12,役務費,3,1,21手数料,03遊具検査手数料,,,,66000,R1決算書p70
2019,7,商工費,1,商工費,3,観光費,観光一般経費,12,役務費,3,1,21手数料,04合併浄化槽検査手数料,,,,49000,R1決算書p70
2019,7,商工費,1,商工費,3,観光費,観光一般経費,12,役務費,3,1,21手数料,09着付け等手数料,,,,15000,R1決算書p70
2019,7,商工費,1,商工費,3,観光費,観光一般経費,12,役務費,2,0,41損害保険料,,,,,510517,R1決算書p70
2019,7,商工費,1,商工費,3,観光費,観光一般経費,12,役務費,3,1,41損害保険料,01村有建物災害共済保険料,,,,510517,R1決算書p70
2019,7,商工費,1,商工費,3,観光費,観光一般経費,13,委託料,1,0,,,,,,3398144,R1決算書p70
2019,7,商工費,1,商工費,3,観光費,観光一般経費,13,委託料,2,0,21保守管理委託料,,,,,3211112,R1決算書p70
2019,7,商工費,1,商工費,3,観光費,観光一般経費,13,委託料,3,1,21保守管理委託料,01合併浄化槽保守管理委託料,,,,601040,R1決算書p70
2019,7,商工費,1,商工費,3,観光費,観光一般経費,13,委託料,3,1,21保守管理委託料,02自動ドア管理委託料,,,,341000,R1決算書p70
2019,7,商工費,1,商工費,3,観光費,観光一般経費,13,委託料,3,1,21保守管理委託料,03観光施設管理（村委託分）委託料,,,,1950984,R1決算書p70
2019,7,商工費,1,商工費,3,観光費,観光一般経費,13,委託料,3,1,21保守管理委託料,05電気施設保守委託料,,,,243288,R1決算書p70
2019,7,商工費,1,商工費,3,観光費,観光一般経費,13,委託料,3,1,21保守管理委託料,06受水槽保守管理委託料,,,,74800,R1決算書p70
2019,7,商工費,1,商工費,3,観光費,観光一般経費,13,委託料,2,0,31検査委託料,,,,,22032,R1決算書p70
2019,7,商工費,1,商工費,3,観光費,観光一般経費,13,委託料,3,1,31検査委託料,01観光施設水質検査委託料,,,,22032,R1決算書p70
2019,7,商工費,1,商工費,3,観光費,観光一般経費,13,委託料,2,0,71調査・設計・監理委託料,,,,,165000,R1決算書p70
2019,7,商工費,1,商工費,3,観光費,観光一般経費,13,委託料,3,1,71調査・設計・監理委託料,03観光施設設計・監理委託料,,,,165000,R1決算書p70
2019,7,商工費,1,商工費,3,観光費,観光一般経費,14,使用料及び賃借料,1,0,,,,,,1115688,R1決算書p70
2019,7,商工費,1,商工費,3,観光費,観光一般経費,14,使用料及び賃借料,2,0,01使用料・借上料,,,,,416859,R1決算書p70
2019,7,商工費,1,商工費,3,観光費,観光一般経費,14,使用料及び賃借料,3,1,01使用料・借上料,01仮設トイレ借上料,,,,201059,R1決算書p70
2019,7,商工費,1,商工費,3,観光費,観光一般経費,14,使用料及び賃借料,3,1,01使用料・借上料,06駐車場使用料,,,,19600,R1決算書p70
2019,7,商工費,1,商工費,3,観光費,観光一般経費,14,使用料及び賃借料,3,1,01使用料・借上料,08事務室使用料,,,,196200,R1決算書p70
2019,7,商工費,1,商工費,3,観光費,観光一般経費,14,使用料及び賃借料,2,0,12敷地料,,,,,698829,R1決算書p70
2019,7,商工費,1,商工費,3,観光費,観光一般経費,14,使用料及び賃借料,3,1,12敷地料,01道の駅敷地料,,,,610016,R1決算書p70
2019,7,商工費,1,商工費,3,観光費,観光一般経費,14,使用料及び賃借料,3,1,12敷地料,02広河原小屋敷地料,,,,3000,R1決算書p70
2019,7,商工費,1,商工費,3,観光費,観光一般経費,14,使用料及び賃借料,3,1,12敷地料,05するぎ農園村敷地料,,,,85813,R1決算書p70
2019,7,商工費,1,商工費,3,観光費,観光一般経費,15,工事請負費,1,0,,,,,,4083610,R1決算書p70
2019,7,商工費,1,商工費,3,観光費,観光一般経費,15,工事請負費,2,0,31単独事業,,,,,4083610,R1決算書p70
2019,7,商工費,1,商工費,3,観光費,観光一般経費,15,工事請負費,3,1,31単独事業,01観光施設整備工事,,,,1782000,R1決算書p70
2019,7,商工費,1,商工費,3,観光費,観光一般経費,15,工事請負費,3,1,31単独事業,04観光施設改修工事,,,,2301610,R1決算書p70
2019,7,商工費,1,商工費,3,観光費,観光一般経費,18,備品購入費,1,0,,,,,,719064,R1決算書p70
2019,7,商工費,1,商工費,3,観光費,観光一般経費,18,備品購入費,2,0,01備品購入費,,,,,719064,R1決算書p70
2019,7,商工費,1,商工費,3,観光費,観光一般経費,18,備品購入費,3,1,01備品購入費,01事業用備品購入費,,,,719064,R1決算書p71
2019,7,商工費,1,商工費,3,観光費,観光一般経費,19,負担金補助及び交付金,1,0,,,,,,5745744,R1決算書p71
2019,7,商工費,1,商工費,3,観光費,観光一般経費,19,負担金補助及び交付金,2,0,11負担金（一部事務組合）,,,,,181000,R1決算書p71
2019,7,商工費,1,商工費,3,観光費,観光一般経費,19,負担金補助及び交付金,3,1,11負担金（一部事務組合）,01南信州広域連合負担金（一組負担金）,,,,181000,R1決算書p71
2019,7,商工費,1,商工費,3,観光費,観光一般経費,19,負担金補助及び交付金,2,0,21負担金,,,,,299000,R1決算書p71
2019,7,商工費,1,商工費,3,観光費,観光一般経費,19,負担金補助及び交付金,3,1,21負担金,03日本さくらの会負担金,,,,11000,R1決算書p71
2019,7,商工費,1,商工費,3,観光費,観光一般経費,19,負担金補助及び交付金,3,1,21負担金,05温泉協会協議会負担金,,,,9000,R1決算書p71
2019,7,商工費,1,商工費,3,観光費,観光一般経費,19,負担金補助及び交付金,3,1,21負担金,06国有林観光施設協議会負担金,,,,3000,R1決算書p71
2019,7,商工費,1,商工費,3,観光費,観光一般経費,19,負担金補助及び交付金,3,1,21負担金,07高山植物等保護対策協議会負担金,,,,6000,R1決算書p71
2019,7,商工費,1,商工費,3,観光費,観光一般経費,19,負担金補助及び交付金,3,1,21負担金,13長野県観光情報提供システム負担金,,,,10000,R1決算書p71
2019,7,商工費,1,商工費,3,観光費,観光一般経費,19,負担金補助及び交付金,3,1,21負担金,15信州・長野県観光協会負担金,,,,40000,R1決算書p71
2019,7,商工費,1,商工費,3,観光費,観光一般経費,19,負担金補助及び交付金,3,1,21負担金,17南アルプス自然環境保全活用連携協議会負担金,,,,100000,R1決算書p71
2019,7,商工費,1,商工費,3,観光費,観光一般経費,19,負担金補助及び交付金,3,1,21負担金,18観光協会負担金,,,,6000,R1決算書p71
2019,7,商工費,1,商工費,3,観光費,観光一般経費,19,負担金補助及び交付金,3,1,21負担金,24中部ブロック道の駅連絡会負担金,,,,70000,R1決算書p71
2019,7,商工費,1,商工費,3,観光費,観光一般経費,19,負担金補助及び交付金,3,1,21負担金,25道の駅EV運用負担金,,,,44000,R1決算書p71
2019,7,商工費,1,商工費,3,観光費,観光一般経費,19,負担金補助及び交付金,2,0,51補助金,,,,,5265744,R1決算書p71
2019,7,商工費,1,商工費,3,観光費,観光一般経費,19,負担金補助及び交付金,3,1,51補助金,01大鹿村観光協会補助金,,,,4515744,R1決算書p71
2019,7,商工費,1,商工費,3,観光費,観光一般経費,19,負担金補助及び交付金,3,1,51補助金,02地域活性化事業補助金,,,,150000,R1決算書p71
2019,7,商工費,1,商工費,3,観光費,観光一般経費,19,負担金補助及び交付金,3,1,51補助金,04さくら祭り補助金,,,,600000,R1決算書p71
2019,7,商工費,1,商工費,4,地域おこし協力隊事業,地域おこし協力隊事業,,,0,0,,,,,,6971492,R1決算書p71
2019,7,商工費,1,商工費,4,地域おこし協力隊事業,地域おこし協力隊事業,7,賃金,1,0,,,,,,4800000,R1決算書p71
2019,7,商工費,1,商工費,4,地域おこし協力隊事業,地域おこし協力隊事業,7,賃金,2,0,11臨時職員賃金,,,,,4800000,R1決算書p71
2019,7,商工費,1,商工費,4,地域おこし協力隊事業,地域おこし協力隊事業,7,賃金,3,1,11臨時職員賃金,01地域おこし協力隊賃金,,,,4800000,R1決算書p71
2019,7,商工費,1,商工費,4,地域おこし協力隊事業,地域おこし協力隊事業,9,旅費,1,0,,,,,,64267,R1決算書p71
2019,7,商工費,1,商工費,4,地域おこし協力隊事業,地域おこし協力隊事業,9,旅費,2,0,51費用弁償,,,,,64267,R1決算書p71
2019,7,商工費,1,商工費,4,地域おこし協力隊事業,地域おこし協力隊事業,9,旅費,3,1,51費用弁償,01地域おこし協力隊旅費,,,,64267,R1決算書p71
2019,7,商工費,1,商工費,4,地域おこし協力隊事業,地域おこし協力隊事業,11,需用費,1,0,,,,,,604664,R1決算書p71
2019,7,商工費,1,商工費,4,地域おこし協力隊事業,地域おこし協力隊事業,11,需用費,2,0,11燃料費,,,,,81464,R1決算書p71
2019,7,商工費,1,商工費,4,地域おこし協力隊事業,地域おこし協力隊事業,11,需用費,3,1,11燃料費,01公用車燃料費,,,,81464,R1決算書p71
2019,7,商工費,1,商工費,4,地域おこし協力隊事業,地域おこし協力隊事業,11,需用費,2,0,31印刷製本費,,,,,523200,R1決算書p71
2019,7,商工費,1,商工費,4,地域おこし協力隊事業,地域おこし協力隊事業,11,需用費,3,1,31印刷製本費,01協力隊新聞印刷費,,,,523200,R1決算書p71
2019,7,商工費,1,商工費,4,地域おこし協力隊事業,地域おこし協力隊事業,12,役務費,1,0,,,,,,101981,R1決算書p71
2019,7,商工費,1,商工費,4,地域おこし協力隊事業,地域おこし協力隊事業,12,役務費,2,0,21手数料,,,,,61381,R1決算書p71
2019,7,商工費,1,商工費,4,地域おこし協力隊事業,地域おこし協力隊事業,12,役務費,3,1,21手数料,01公用車車検点検料,,,,61381,R1決算書p71
2019,7,商工費,1,商工費,4,地域おこし協力隊事業,地域おこし協力隊事業,12,役務費,2,0,41損害保険料,,,,,40600,R1決算書p71
2019,7,商工費,1,商工費,4,地域おこし協力隊事業,地域おこし協力隊事業,12,役務費,3,1,41損害保険料,01公用車共済保険料,,,,40600,R1決算書p71
2019,7,商工費,1,商工費,4,地域おこし協力隊事業,地域おこし協力隊事業,14,使用料及び賃借料,1,0,,,,,,1389980,R1決算書p71
2019,7,商工費,1,商工費,4,地域おこし協力隊事業,地域おこし協力隊事業,14,使用料及び賃借料,2,0,01使用料・借上料,,,,,1389980,R1決算書p71
2019,7,商工費,1,商工費,4,地域おこし協力隊事業,地域おこし協力隊事業,14,使用料及び賃借料,3,1,01使用料・借上料,02住居借上料,,,,290000,R1決算書p71
2019,7,商工費,1,商工費,4,地域おこし協力隊事業,地域おこし協力隊事業,14,使用料及び賃借料,3,1,01使用料・借上料,03事務用機器リース料,,,,89424,R1決算書p71
2019,7,商工費,1,商工費,4,地域おこし協力隊事業,地域おこし協力隊事業,14,使用料及び賃借料,3,1,01使用料・借上料,04自動車リース料,,,,1010556,R1決算書p71
2019,7,商工費,1,商工費,4,地域おこし協力隊事業,地域おこし協力隊事業,19,負担金補助及び交付金,1,0,,,,,,4000,R1決算書p72
2019,7,商工費,1,商工費,4,地域おこし協力隊事業,地域おこし協力隊事業,19,負担金補助及び交付金,2,0,21負担金,,,,,4000,R1決算書p72
2019,7,商工費,1,商工費,4,地域おこし協力隊事業,地域おこし協力隊事業,19,負担金補助及び交付金,3,1,21負担金,01地域おこし協力隊研修等負担金,,,,4000,R1決算書p72
2019,7,商工費,1,商工費,4,地域おこし協力隊事業,地域おこし協力隊事業,27,公課費,1,0,,,,,,6600,R1決算書p72
2019,7,商工費,1,商工費,4,地域おこし協力隊事業,地域おこし協力隊事業,27,公課費,2,0,01重量税,,,,,6600,R1決算書p72
2019,7,商工費,1,商工費,4,地域おこし協力隊事業,地域おこし協力隊事業,27,公課費,3,1,01重量税,01公用車重量税,,,,6600,R1決算書p72
2019,13,諸支出金,1,基金費,1,財政調整基金費,財政調整基金積立金,,,0,0,,,,,,1087051,R1決算書p95
2019,13,諸支出金,1,基金費,1,財政調整基金費,財政調整基金積立金,25,積立金,1,0,,,,,,1087051,R1決算書p95
2019,13,諸支出金,1,基金費,1,財政調整基金費,財政調整基金積立金,25,積立金,2,1,11利子積立金,,,,,1087051,R1決算書p95
2019,13,諸支出金,1,基金費,2,減債基金費,減債基金積立金,,,0,0,,,,,,1503288,R1決算書p95
2019,13,諸支出金,1,基金費,2,減債基金費,減債基金積立金,25,積立金,1,0,,,,,,1503288,R1決算書p95
2019,13,諸支出金,1,基金費,2,減債基金費,減債基金積立金,25,積立金,2,1,11利子積立金,,,,,1503288,R1決算書p95
2019,13,諸支出金,1,基金費,3,公共施設等整備基金費,公共施設等整備基金積立金,,,0,0,,,,,,43825856,R1決算書p95
2019,13,諸支出金,1,基金費,3,公共施設等整備基金費,公共施設等整備基金積立金,25,積立金,1,0,,,,,,43825856,R1決算書p95
2019,13,諸支出金,1,基金費,3,公共施設等整備基金費,公共施設等整備基金積立金,25,積立金,2,1,01積立金,,,,,41511000,R1決算書p95
2019,13,諸支出金,1,基金費,3,公共施設等整備基金費,公共施設等整備基金積立金,25,積立金,2,1,11利子積立金,,,,,2314856,R1決算書p95
2019,13,諸支出金,1,基金費,4,文教施設整備基金費,文教施設整備基金積立金,,,0,0,,,,,,41899,R1決算書p95
2019,13,諸支出金,1,基金費,4,文教施設整備基金費,文教施設整備基金積立金,25,積立金,1,0,,,,,,41899,R1決算書p95
2019,13,諸支出金,1,基金費,4,文教施設整備基金費,文教施設整備基金積立金,25,積立金,2,1,11利子積立金,,,,,41899,R1決算書p95
2019,13,諸支出金,1,基金費,5,ふるさとづくり基金費,ふるさとづくり基金積立金,,,0,0,,,,,,4592806,R1決算書p95
2019,13,諸支出金,1,基金費,5,ふるさとづくり基金費,ふるさとづくり基金積立金,25,積立金,1,0,,,,,,4592806,R1決算書p95
2019,13,諸支出金,1,基金費,5,ふるさとづくり基金費,ふるさとづくり基金積立金,25,積立金,2,1,01積立金,,,,,4000000,R1決算書p95
2019,13,諸支出金,1,基金費,5,ふるさとづくり基金費,ふるさとづくり基金積立金,25,積立金,2,1,11利子積立金,,,,,592806,R1決算書p95
2019,13,諸支出金,1,基金費,6,高齢者福祉基金費,高齢者福祉基金積立金,,,0,0,,,,,,54434,R1決算書p95
2019,13,諸支出金,1,基金費,6,高齢者福祉基金費,高齢者福祉基金積立金,25,積立金,1,0,,,,,,54434,R1決算書p95
2019,13,諸支出金,1,基金費,6,高齢者福祉基金費,高齢者福祉基金積立金,25,積立金,2,1,11利子積立金,,,,,54434,R1決算書p95
2019,13,諸支出金,1,基金費,13,奨学資金貸付基金,奨学資金貸付基金,,,0,0,,,,,,50000,R1決算書p95
2019,13,諸支出金,1,基金費,13,奨学資金貸付基金,奨学資金貸付基金,25,積立金,1,0,,,,,,50000,R1決算書p95
2019,13,諸支出金,1,基金費,13,奨学資金貸付基金,奨学資金貸付基金,25,積立金,2,1,01積立金,,,,,50000,R1決算書p95
2020,2,総務費,1,総務管理費,1,一般管理費,総務事務経費,,,0,0,,,,,,114529516,R2決算書p27
2020,2,総務費,1,総務管理費,1,一般管理費,総務事務経費,1,報酬,1,0,,,,,,510200,R2決算書p27
2020,2,総務費,1,総務管理費,1,一般管理費,総務事務経費,1,報酬,2,0,11委員報酬,,,,,510200,R2決算書p27
2020,2,総務費,1,総務管理費,1,一般管理費,総務事務経費,1,報酬,3,1,11委員報酬,01自治会長年報酬,,,,321000,R2決算書p27
2020,2,総務費,1,総務管理費,1,一般管理費,総務事務経費,1,報酬,3,1,11委員報酬,02自治会長会議報酬,,,,189200,R2決算書p28
2020,2,総務費,1,総務管理費,1,一般管理費,総務事務経費,7,報償費,1,0,,,,,,69650,R2決算書p28
2020,2,総務費,1,総務管理費,1,一般管理費,総務事務経費,7,報償費,2,0,01謝金,,,,,35000,R2決算書p28
2020,2,総務費,1,総務管理費,1,一般管理費,総務事務経費,7,報償費,3,1,01謝金,03車両整備管理者謝金,,,,20000,R2決算書p28
2020,2,総務費,1,総務管理費,1,一般管理費,総務事務経費,7,報償費,3,1,01謝金,04保護司謝礼,,,,15000,R2決算書p28
2020,2,総務費,1,総務管理費,1,一般管理費,総務事務経費,7,報償費,2,0,11記念品等,,,,,34650,R2決算書p28
2020,2,総務費,1,総務管理費,1,一般管理費,総務事務経費,7,報償費,3,1,11記念品等,01村表彰記念品代,,,,34650,R2決算書p28
2020,2,総務費,1,総務管理費,1,一般管理費,総務事務経費,8,旅費,1,0,,,,,,62940,R2決算書p28
2020,2,総務費,1,総務管理費,1,一般管理費,総務事務経費,8,旅費,2,0,11職員旅費,,,,,62940,R2決算書p28
2020,2,総務費,1,総務管理費,1,一般管理費,総務事務経費,8,旅費,3,1,11職員旅費,01職員旅費,,,,62940,R2決算書p28
2020,2,総務費,1,総務管理費,1,一般管理費,総務事務経費,9,交際費,1,0,,,,,,249000,R2決算書p28
2020,2,総務費,1,総務管理費,1,一般管理費,総務事務経費,9,交際費,2,0,01交際費,,,,,249000,R2決算書p28
2020,2,総務費,1,総務管理費,1,一般管理費,総務事務経費,9,交際費,3,1,01交際費,01交際費,,,,249000,R2決算書p28
2020,2,総務費,1,総務管理費,1,一般管理費,総務事務経費,10,需用費,1,0,,,,,,6818281,R2決算書p28
2020,2,総務費,1,総務管理費,1,一般管理費,総務事務経費,10,需用費,2,0,01消耗品,,,,,2632544,R2決算書p28
2020,2,総務費,1,総務管理費,1,一般管理費,総務事務経費,10,需用費,3,1,01消耗品,01消耗品,,,,2199411,R2決算書p28
2020,2,総務費,1,総務管理費,1,一般管理費,総務事務経費,10,需用費,3,1,01消耗品,02図書購入費,,,,152787,R2決算書p28
2020,2,総務費,1,総務管理費,1,一般管理費,総務事務経費,10,需用費,3,1,01消耗品,03職員被服費,,,,258170,R2決算書p28
2020,2,総務費,1,総務管理費,1,一般管理費,総務事務経費,10,需用費,3,1,01消耗品,06特別定額給付金消耗品,,,,22176,R2決算書p28
2020,2,総務費,1,総務管理費,1,一般管理費,総務事務経費,10,需用費,2,0,11燃料費,,,,,396932,R2決算書p28
2020,2,総務費,1,総務管理費,1,一般管理費,総務事務経費,10,需用費,3,1,11燃料費,01公用車燃料費,,,,396932,R2決算書p28
2020,2,総務費,1,総務管理費,1,一般管理費,総務事務経費,10,需用費,2,0,31印刷製本費,,,,,2972473,R2決算書p28
2020,2,総務費,1,総務管理費,1,一般管理費,総務事務経費,10,需用費,3,1,31印刷製本費,02法規追録代,,,,2972473,R2決算書p28
2020,2,総務費,1,総務管理費,1,一般管理費,総務事務経費,10,需用費,2,0,51修繕費,,,,,816332,R2決算書p28
2020,2,総務費,1,総務管理費,1,一般管理費,総務事務経費,10,需用費,3,1,51修繕費,02公用車修繕費,,,,816332,R2決算書p28
2020,2,総務費,1,総務管理費,1,一般管理費,総務事務経費,11,役務費,1,0,,,,,,673900,R2決算書p28
2020,2,総務費,1,総務管理費,1,一般管理費,総務事務経費,11,役務費,2,0,01通信運搬費,,,,,45336,R2決算書p28
2020,2,総務費,1,総務管理費,1,一般管理費,総務事務経費,11,役務費,3,1,01通信運搬費,04年賀はがき代,,,,13923,R2決算書p28
2020,2,総務費,1,総務管理費,1,一般管理費,総務事務経費,11,役務費,3,1,01通信運搬費,07特別定額給付金郵便料,,,,31413,R2決算書p28
2020,2,総務費,1,総務管理費,1,一般管理費,総務事務経費,11,役務費,2,0,21手数料,,,,,140110,R2決算書p28
2020,2,総務費,1,総務管理費,1,一般管理費,総務事務経費,11,役務費,3,1,21手数料,01公用車車検点検料,,,,102050,R2決算書p28
2020,2,総務費,1,総務管理費,1,一般管理費,総務事務経費,11,役務費,3,1,21手数料,04金融機関取扱手数料,,,,38060,R2決算書p28
2020,2,総務費,1,総務管理費,1,一般管理費,総務事務経費,11,役務費,2,0,31筆耕料,,,,,18000,R2決算書p28
2020,2,総務費,1,総務管理費,1,一般管理費,総務事務経費,11,役務費,3,1,31筆耕料,01筆耕料,,,,18000,R2決算書p28
2020,2,総務費,1,総務管理費,1,一般管理費,総務事務経費,11,役務費,2,0,41損害保険料,,,,,470454,R2決算書p28
2020,2,総務費,1,総務管理費,1,一般管理費,総務事務経費,11,役務費,3,1,41損害保険料,01全国町村会団体生命保険料,,,,147000,R2決算書p28
2020,2,総務費,1,総務管理費,1,一般管理費,総務事務経費,11,役務費,3,1,41損害保険料,02全国総合賠償保険料,,,,99994,R2決算書p28
2020,2,総務費,1,総務管理費,1,一般管理費,総務事務経費,11,役務費,3,1,41損害保険料,03自賠責保険料,,,,13000,R2決算書p28
2020,2,総務費,1,総務管理費,1,一般管理費,総務事務経費,11,役務費,3,1,41損害保険料,04公用車共済保険料,,,,200690,R2決算書p28
2020,2,総務費,1,総務管理費,1,一般管理費,総務事務経費,11,役務費,3,1,41損害保険料,06災害補償保険料,,,,9770,R2決算書p28
2020,2,総務費,1,総務管理費,1,一般管理費,総務事務経費,12,委託料,1,0,,,,,,2527696,R2決算書p28
2020,2,総務費,1,総務管理費,1,一般管理費,総務事務経費,12,委託料,2,0,11電算委託料,,,,,1908617,R2決算書p28
2020,2,総務費,1,総務管理費,1,一般管理費,総務事務経費,12,委託料,3,1,11電算委託料,01給与計算委託料,,,,604457,R2決算書p28
2020,2,総務費,1,総務管理費,1,一般管理費,総務事務経費,12,委託料,3,1,11電算委託料,04特別定額給付金業務委託料,,,,1304160,R2決算書p28
2020,2,総務費,1,総務管理費,1,一般管理費,総務事務経費,12,委託料,2,0,61検診等委託料,,,,,619079,R2決算書p29
2020,2,総務費,1,総務管理費,1,一般管理費,総務事務経費,12,委託料,3,1,61検診等委託料,01職員健康診断委託料,,,,619079,R2決算書p29
2020,2,総務費,1,総務管理費,1,一般管理費,総務事務経費,13,使用料及び賃借料,1,0,,,,,,2769153,R2決算書p29
2020,2,総務費,1,総務管理費,1,一般管理費,総務事務経費,13,使用料及び賃借料,2,0,01使用料・借上料,,,,,2555433,R2決算書p29
2020,2,総務費,1,総務管理費,1,一般管理費,総務事務経費,13,使用料及び賃借料,3,1,01使用料・借上料,01コピーリース料,,,,2321022,R2決算書p29
2020,2,総務費,1,総務管理費,1,一般管理費,総務事務経費,13,使用料及び賃借料,3,1,01使用料・借上料,03印刷機リース料,,,,167961,R2決算書p29
2020,2,総務費,1,総務管理費,1,一般管理費,総務事務経費,13,使用料及び賃借料,3,1,01使用料・借上料,04自動車借上料,,,,25530,R2決算書p29
2020,2,総務費,1,総務管理費,1,一般管理費,総務事務経費,13,使用料及び賃借料,3,1,01使用料・借上料,06ネットＥＢ使用料,,,,36520,R2決算書p29
2020,2,総務費,1,総務管理費,1,一般管理費,総務事務経費,13,使用料及び賃借料,3,1,01使用料・借上料,07駐車場使用料,,,,4400,R2決算書p29
2020,2,総務費,1,総務管理費,1,一般管理費,総務事務経費,13,使用料及び賃借料,2,0,21有料道路通行料,,,,,213720,R2決算書p29
2020,2,総務費,1,総務管理費,1,一般管理費,総務事務経費,13,使用料及び賃借料,3,1,21有料道路通行料,01有料道路通行料,,,,213720,R2決算書p29
2020,2,総務費,1,総務管理費,1,一般管理費,総務事務経費,18,負担金補助及び交付金,1,0,,,,,,100799996,R2決算書p29
2020,2,総務費,1,総務管理費,1,一般管理費,総務事務経費,18,負担金補助及び交付金,2,0,11負担金（一部事務組合）,,,,,1256696,R2決算書p29
2020,2,総務費,1,総務管理費,1,一般管理費,総務事務経費,18,負担金補助及び交付金,3,1,11負担金（一部事務組合）,01下伊那郡町村会負担金,,,,1208900,R2決算書p29
2020,2,総務費,1,総務管理費,1,一般管理費,総務事務経費,18,負担金補助及び交付金,3,1,11負担金（一部事務組合）,03非常勤公務災害補償負担金,,,,19796,R2決算書p29
2020,2,総務費,1,総務管理費,1,一般管理費,総務事務経費,18,負担金補助及び交付金,3,1,11負担金（一部事務組合）,04下伊那郡町村総合事務組合負担金,,,,28000,R2決算書p29
2020,2,総務費,1,総務管理費,1,一般管理費,総務事務経費,18,負担金補助及び交付金,2,0,21負担金,,,,,143300,R2決算書p29
2020,2,総務費,1,総務管理費,1,一般管理費,総務事務経費,18,負担金補助及び交付金,3,1,21負担金,01安全運転管理講習会負担金,,,,9000,R2決算書p29
2020,2,総務費,1,総務管理費,1,一般管理費,総務事務経費,18,負担金補助及び交付金,3,1,21負担金,02自家用車組合負担金,,,,14300,R2決算書p29
2020,2,総務費,1,総務管理費,1,一般管理費,総務事務経費,18,負担金補助及び交付金,3,1,21負担金,03行政相談協議会負担金,,,,20000,R2決算書p29
2020,2,総務費,1,総務管理費,1,一般管理費,総務事務経費,18,負担金補助及び交付金,3,1,21負担金,04防火管理者協議会負担金,,,,6500,R2決算書p29
2020,2,総務費,1,総務管理費,1,一般管理費,総務事務経費,18,負担金補助及び交付金,3,1,21負担金,05国際連合協会負担金,,,,2000,R2決算書p29
2020,2,総務費,1,総務管理費,1,一般管理費,総務事務経費,18,負担金補助及び交付金,3,1,21負担金,06飯田コンピュータ協会協賛金,,,,3000,R2決算書p29
2020,2,総務費,1,総務管理費,1,一般管理費,総務事務経費,18,負担金補助及び交付金,3,1,21負担金,07危険物安全協会負担金,,,,5900,R2決算書p29
2020,2,総務費,1,総務管理費,1,一般管理費,総務事務経費,18,負担金補助及び交付金,3,1,21負担金,09指定金融機関負担金,,,,10000,R2決算書p29
2020,2,総務費,1,総務管理費,1,一般管理費,総務事務経費,18,負担金補助及び交付金,3,1,21負担金,13庶務研究会負担金,,,,3000,R2決算書p29
2020,2,総務費,1,総務管理費,1,一般管理費,総務事務経費,18,負担金補助及び交付金,3,1,21負担金,15伊那大島駅駐輪場負担金,,,,35600,R2決算書p29
2020,2,総務費,1,総務管理費,1,一般管理費,総務事務経費,18,負担金補助及び交付金,3,1,21負担金,16保護司会賛助金,,,,22000,R2決算書p29
2020,2,総務費,1,総務管理費,1,一般管理費,総務事務経費,18,負担金補助及び交付金,3,1,21負担金,21平和首長会議メンバーシップ負担金,,,,2000,R2決算書p29
2020,2,総務費,1,総務管理費,1,一般管理費,総務事務経費,18,負担金補助及び交付金,3,1,21負担金,22長野県暴力追放センター負担金,,,,10000,R2決算書p29
2020,2,総務費,1,総務管理費,1,一般管理費,総務事務経費,18,負担金補助及び交付金,2,0,71交付金,,,,,99400000,R2決算書p29
2020,2,総務費,1,総務管理費,1,一般管理費,総務事務経費,18,負担金補助及び交付金,3,1,71交付金,02特別定額給付金,,,,99400000,R2決算書p29
2020,2,総務費,1,総務管理費,1,一般管理費,総務事務経費,26,公課費,1,0,,,,,,48700,R2決算書p29
2020,2,総務費,1,総務管理費,1,一般管理費,総務事務経費,26,公課費,2,0,01重量税,,,,,48700,R2決算書p29
2020,2,総務費,1,総務管理費,1,一般管理費,総務事務経費,26,公課費,3,1,01重量税,01公用車重量税,,,,48700,R2決算書p29
2020,2,総務費,1,総務管理費,1,一般管理費,一般職人事管理経費（総務費）,,,0,0,,,,,,110235545,R2決算書p29
2020,2,総務費,1,総務管理費,1,一般管理費,一般職人事管理経費（総務費）,2,給料,1,0,,,,,,44929799,R2決算書p29
2020,2,総務費,1,総務管理費,1,一般管理費,一般職人事管理経費（総務費）,2,給料,2,0,21職員給料,,,,,44929799,R2決算書p29
2020,2,総務費,1,総務管理費,1,一般管理費,一般職人事管理経費（総務費）,2,給料,3,1,21職員給料,01特別職・一般職給料,,,,44929799,R2決算書p29
2020,2,総務費,1,総務管理費,1,一般管理費,一般職人事管理経費（総務費）,3,職員手当等,1,0,,,,,,51168428,R2決算書p29
2020,2,総務費,1,総務管理費,1,一般管理費,一般職人事管理経費（総務費）,3,職員手当等,2,1,21職員手当等,,,,,51168428,R2決算書p29
2020,2,総務費,1,総務管理費,1,一般管理費,一般職人事管理経費（総務費）,4,共済費,1,0,,,,,,14137318,R2決算書p29
2020,2,総務費,1,総務管理費,1,一般管理費,一般職人事管理経費（総務費）,4,共済費,2,0,31一般職共済費,,,,,14137318,R2決算書p29
2020,2,総務費,1,総務管理費,1,一般管理費,一般職人事管理経費（総務費）,4,共済費,3,1,31一般職共済費,01地方公務員共済組合等負担金,,,,14137318,R2決算書p30
2020,2,総務費,1,総務管理費,1,一般管理費,互助会・災害補償基金経費,,,0,0,,,,,,729000,R2決算書p30
2020,2,総務費,1,総務管理費,1,一般管理費,互助会・災害補償基金経費,18,負担金補助及び交付金,1,0,,,,,,729000,R2決算書p30
2020,2,総務費,1,総務管理費,1,一般管理費,互助会・災害補償基金経費,18,負担金補助及び交付金,2,0,01負担金（人件費）,,,,,729000,R2決算書p30
2020,2,総務費,1,総務管理費,1,一般管理費,互助会・災害補償基金経費,18,負担金補助及び交付金,3,1,01負担金（人件費）,01町村職員互助会負担金,,,,407207,R2決算書p30
2020,2,総務費,1,総務管理費,1,一般管理費,互助会・災害補償基金経費,18,負担金補助及び交付金,3,1,01負担金（人件費）,02地方公務員災害補償基金負担金,,,,321793,R2決算書p30
2020,2,総務費,1,総務管理費,1,一般管理費,臨時職員管理経費（社会保険等）,,,0,0,,,,,,9315845,R2決算書p30
2020,2,総務費,1,総務管理費,1,一般管理費,臨時職員管理経費（社会保険等）,3,職員手当等,1,0,,,,,,1053972,R2決算書p30
2020,2,総務費,1,総務管理費,1,一般管理費,臨時職員管理経費（社会保険等）,3,職員手当等,2,1,22会計年度任用職員手当,,,,,1053972,R2決算書p30
2020,2,総務費,1,総務管理費,1,一般管理費,臨時職員管理経費（社会保険等）,4,共済費,1,0,,,,,,8261873,R2決算書p30
2020,2,総務費,1,総務管理費,1,一般管理費,臨時職員管理経費（社会保険等）,4,共済費,2,0,41臨時職員等共済費,,,,,8261873,R2決算書p30
2020,2,総務費,1,総務管理費,1,一般管理費,臨時職員管理経費（社会保険等）,4,共済費,3,1,41臨時職員等共済費,01社会保険料,,,,8261873,R2決算書p30
2020,2,総務費,1,総務管理費,1,一般管理費,臨時職員管理経費（総務課）,,,0,0,,,,,,1719584,R2決算書p30
2020,2,総務費,1,総務管理費,1,一般管理費,臨時職員管理経費（総務課）,2,給料,1,0,,,,,,1461000,R2決算書p30
2020,2,総務費,1,総務管理費,1,一般管理費,臨時職員管理経費（総務課）,2,給料,2,0,22会計年度任用職員給料,,,,,1461000,R2決算書p30
2020,2,総務費,1,総務管理費,1,一般管理費,臨時職員管理経費（総務課）,2,給料,3,1,22会計年度任用職員給料,01会計年度任用職員2号給料,,,,1461000,R2決算書p30
2020,2,総務費,1,総務管理費,1,一般管理費,臨時職員管理経費（総務課）,3,職員手当等,1,0,,,,,,258584,R2決算書p30
2020,2,総務費,1,総務管理費,1,一般管理費,臨時職員管理経費（総務課）,3,職員手当等,2,1,22会計年度任用職員手当,,,,,258584,R2決算書p30
2020,2,総務費,1,総務管理費,2,文書広報費,文書広報一般経費,,,0,0,,,,,,52885356,R2決算書p30
2020,2,総務費,1,総務管理費,2,文書広報費,文書広報一般経費,1,報酬,1,0,,,,,,228750,R2決算書p30
2020,2,総務費,1,総務管理費,2,文書広報費,文書広報一般経費,1,報酬,2,0,11委員報酬,,,,,228750,R2決算書p30
2020,2,総務費,1,総務管理費,2,文書広報費,文書広報一般経費,1,報酬,3,1,11委員報酬,01自治会広報係報酬,,,,228750,R2決算書p30
2020,2,総務費,1,総務管理費,2,文書広報費,文書広報一般経費,10,需用費,1,0,,,,,,2478929,R2決算書p30
2020,2,総務費,1,総務管理費,2,文書広報費,文書広報一般経費,10,需用費,2,0,01消耗品,,,,,115825,R2決算書p30
2020,2,総務費,1,総務管理費,2,文書広報費,文書広報一般経費,10,需用費,3,1,01消耗品,01消耗品,,,,31825,R2決算書p30
2020,2,総務費,1,総務管理費,2,文書広報費,文書広報一般経費,10,需用費,3,1,01消耗品,02情報無線電池代,,,,84000,R2決算書p30
2020,2,総務費,1,総務管理費,2,文書広報費,文書広報一般経費,10,需用費,2,0,31印刷製本費,,,,,2281400,R2決算書p30
2020,2,総務費,1,総務管理費,2,文書広報費,文書広報一般経費,10,需用費,3,1,31印刷製本費,01広報おおしか印刷代,,,,2281400,R2決算書p30
2020,2,総務費,1,総務管理費,2,文書広報費,文書広報一般経費,10,需用費,2,0,41光熱水費,,,,,81704,R2決算書p30
2020,2,総務費,1,総務管理費,2,文書広報費,文書広報一般経費,10,需用費,3,1,41光熱水費,01電気料（情報無線）,,,,81704,R2決算書p30
2020,2,総務費,1,総務管理費,2,文書広報費,文書広報一般経費,11,役務費,1,0,,,,,,1734302,R2決算書p30
2020,2,総務費,1,総務管理費,2,文書広報費,文書広報一般経費,11,役務費,2,0,01通信運搬費,,,,,1732602,R2決算書p30
2020,2,総務費,1,総務管理費,2,文書広報費,文書広報一般経費,11,役務費,3,1,01通信運搬費,01郵便料,,,,1573044,R2決算書p30
2020,2,総務費,1,総務管理費,2,文書広報費,文書広報一般経費,11,役務費,3,1,01通信運搬費,02運搬費（宅急便）,,,,124908,R2決算書p30
2020,2,総務費,1,総務管理費,2,文書広報費,文書広報一般経費,11,役務費,3,1,01通信運搬費,03電波利用料（情報無線）,,,,34650,R2決算書p30
2020,2,総務費,1,総務管理費,2,文書広報費,文書広報一般経費,11,役務費,2,0,41損害保険料,,,,,1700,R2決算書p30
2020,2,総務費,1,総務管理費,2,文書広報費,文書広報一般経費,11,役務費,3,1,41損害保険料,01電池作業員損害保険料,,,,1700,R2決算書p30
2020,2,総務費,1,総務管理費,2,文書広報費,文書広報一般経費,12,委託料,1,0,,,,,,1368875,R2決算書p30
2020,2,総務費,1,総務管理費,2,文書広報費,文書広報一般経費,12,委託料,2,0,21保守管理委託料,,,,,1298000,R2決算書p30
2020,2,総務費,1,総務管理費,2,文書広報費,文書広報一般経費,12,委託料,3,1,21保守管理委託料,01情報無線保守委託料,,,,1298000,R2決算書p30
2020,2,総務費,1,総務管理費,2,文書広報費,文書広報一般経費,12,委託料,2,0,51業務委託料,,,,,70875,R2決算書p30
2020,2,総務費,1,総務管理費,2,文書広報費,文書広報一般経費,12,委託料,3,1,51業務委託料,03情報無線電池交換委託料,,,,70875,R2決算書p31
2020,2,総務費,1,総務管理費,2,文書広報費,文書広報一般経費,14,工事請負費,1,0,,,,,,47074500,R2決算書p31
2020,2,総務費,1,総務管理費,2,文書広報費,文書広報一般経費,14,工事請負費,2,0,31単独事業,,,,,47074500,R2決算書p31
2020,2,総務費,1,総務管理費,2,文書広報費,文書広報一般経費,14,工事請負費,3,1,31単独事業,02同報無線改修工事,,,,47074500,R2決算書p31
2020,2,総務費,1,総務管理費,3,財政管理費,財政一般経費,,,0,0,,,,,,10216030,R2決算書p31
2020,2,総務費,1,総務管理費,3,財政管理費,財政一般経費,10,需用費,1,0,,,,,,30030,R2決算書p31
2020,2,総務費,1,総務管理費,3,財政管理費,財政一般経費,10,需用費,2,0,01消耗品,,,,,30030,R2決算書p31
2020,2,総務費,1,総務管理費,3,財政管理費,財政一般経費,10,需用費,3,1,01消耗品,01図書購入費,,,,30030,R2決算書p31
2020,2,総務費,1,総務管理費,3,財政管理費,財政一般経費,12,委託料,1,0,,,,,,10186000,R2決算書p31
2020,2,総務費,1,総務管理費,3,財政管理費,財政一般経費,12,委託料,2,0,11電算委託料,,,,,550000,R2決算書p31
2020,2,総務費,1,総務管理費,3,財政管理費,財政一般経費,12,委託料,3,1,11電算委託料,01公会計制度システム保守委託料,,,,550000,R2決算書p31
2020,2,総務費,1,総務管理費,3,財政管理費,財政一般経費,12,委託料,2,0,21保守管理委託料,,,,,957000,R2決算書p31
2020,2,総務費,1,総務管理費,3,財政管理費,財政一般経費,12,委託料,3,1,21保守管理委託料,01公有財産管理システム保守料,,,,957000,R2決算書p31
2020,2,総務費,1,総務管理費,3,財政管理費,財政一般経費,12,委託料,2,0,51業務委託料,,,,,8679000,R2決算書p31
2020,2,総務費,1,総務管理費,3,財政管理費,財政一般経費,12,委託料,3,1,51業務委託料,03財務書類作成業務委託料,,,,2563000,R2決算書p31
2020,2,総務費,1,総務管理費,3,財政管理費,財政一般経費,12,委託料,3,1,51業務委託料,04資産台帳更新委託料,,,,3905000,R2決算書p31
2020,2,総務費,1,総務管理費,3,財政管理費,財政一般経費,12,委託料,3,1,51業務委託料,07公共施設長寿命化計画策定業務委託料,,,,2211000,R2決算書p31
2020,2,総務費,1,総務管理費,5,財産管理費,財産管理経費,,,0,0,,,,,,51926891,R2決算書p31
2020,2,総務費,1,総務管理費,5,財産管理費,財産管理経費,10,需用費,1,0,,,,,,5418331,R2決算書p31
2020,2,総務費,1,総務管理費,5,財産管理費,財産管理経費,10,需用費,2,0,01消耗品,,,,,351288,R2決算書p31
2020,2,総務費,1,総務管理費,5,財産管理費,財産管理経費,10,需用費,3,1,01消耗品,01庁舎消耗品,,,,205956,R2決算書p31
2020,2,総務費,1,総務管理費,5,財産管理費,財産管理経費,10,需用費,3,1,01消耗品,02モップ・マット,,,,145332,R2決算書p31
2020,2,総務費,1,総務管理費,5,財産管理費,財産管理経費,10,需用費,2,0,41光熱水費,,,,,4546933,R2決算書p31
2020,2,総務費,1,総務管理費,5,財産管理費,財産管理経費,10,需用費,3,1,41光熱水費,01電気料,,,,2104997,R2決算書p31
2020,2,総務費,1,総務管理費,5,財産管理費,財産管理経費,10,需用費,3,1,41光熱水費,02水道料,,,,261338,R2決算書p31
2020,2,総務費,1,総務管理費,5,財産管理費,財産管理経費,10,需用費,3,1,41光熱水費,03灯油代,,,,2122308,R2決算書p31
2020,2,総務費,1,総務管理費,5,財産管理費,財産管理経費,10,需用費,3,1,41光熱水費,04ガス代,,,,58290,R2決算書p31
2020,2,総務費,1,総務管理費,5,財産管理費,財産管理経費,10,需用費,2,0,51修繕費,,,,,520110,R2決算書p31
2020,2,総務費,1,総務管理費,5,財産管理費,財産管理経費,10,需用費,3,1,51修繕費,01建物修繕費,,,,406450,R2決算書p31
2020,2,総務費,1,総務管理費,5,財産管理費,財産管理経費,10,需用費,3,1,51修繕費,02その他修繕費,,,,113660,R2決算書p31
2020,2,総務費,1,総務管理費,5,財産管理費,財産管理経費,11,役務費,1,0,,,,,,1227355,R2決算書p31
2020,2,総務費,1,総務管理費,5,財産管理費,財産管理経費,11,役務費,2,0,01通信運搬費,,,,,1078294,R2決算書p31
2020,2,総務費,1,総務管理費,5,財産管理費,財産管理経費,11,役務費,3,1,01通信運搬費,01電話料,,,,1014994,R2決算書p31
2020,2,総務費,1,総務管理費,5,財産管理費,財産管理経費,11,役務費,3,1,01通信運搬費,02テレビ受信料,,,,63300,R2決算書p31
2020,2,総務費,1,総務管理費,5,財産管理費,財産管理経費,11,役務費,2,0,21手数料,,,,,38500,R2決算書p31
2020,2,総務費,1,総務管理費,5,財産管理費,財産管理経費,11,役務費,3,1,21手数料,01消防施設点検料,,,,38500,R2決算書p31
2020,2,総務費,1,総務管理費,5,財産管理費,財産管理経費,11,役務費,2,0,41損害保険料,,,,,110561,R2決算書p31
2020,2,総務費,1,総務管理費,5,財産管理費,財産管理経費,11,役務費,3,1,41損害保険料,01村有建物災害共済保険料,,,,110561,R2決算書p31
2020,2,総務費,1,総務管理費,5,財産管理費,財産管理経費,12,委託料,1,0,,,,,,911265,R2決算書p31
2020,2,総務費,1,総務管理費,5,財産管理費,財産管理経費,12,委託料,2,0,21保守管理委託料,,,,,911265,R2決算書p31
2020,2,総務費,1,総務管理費,5,財産管理費,財産管理経費,12,委託料,3,1,21保守管理委託料,01電話保守委託料,,,,172000,R2決算書p31
2020,2,総務費,1,総務管理費,5,財産管理費,財産管理経費,12,委託料,3,1,21保守管理委託料,03電気施設保守委託料,,,,189400,R2決算書p31
2020,2,総務費,1,総務管理費,5,財産管理費,財産管理経費,12,委託料,3,1,21保守管理委託料,04合併浄化槽保守管理委託料,,,,245265,R2決算書p31
2020,2,総務費,1,総務管理費,5,財産管理費,財産管理経費,12,委託料,3,1,21保守管理委託料,05自動ドア管理委託料,,,,128600,R2決算書p32
2020,2,総務費,1,総務管理費,5,財産管理費,財産管理経費,12,委託料,3,1,21保守管理委託料,06非常用発電設備点検委託料,,,,88000,R2決算書p32
2020,2,総務費,1,総務管理費,5,財産管理費,財産管理経費,12,委託料,3,1,21保守管理委託料,07サーバ保守料,,,,88000,R2決算書p32
2020,2,総務費,1,総務管理費,5,財産管理費,財産管理経費,13,使用料及び賃借料,1,0,,,,,,959210,R2決算書p32
2020,2,総務費,1,総務管理費,5,財産管理費,財産管理経費,13,使用料及び賃借料,2,0,01使用料・借上料,,,,,495000,R2決算書p32
2020,2,総務費,1,総務管理費,5,財産管理費,財産管理経費,13,使用料及び賃借料,3,1,01使用料・借上料,01LEDリース料,,,,495000,R2決算書p32
2020,2,総務費,1,総務管理費,5,財産管理費,財産管理経費,13,使用料及び賃借料,2,0,12敷地料,,,,,464210,R2決算書p32
2020,2,総務費,1,総務管理費,5,財産管理費,財産管理経費,13,使用料及び賃借料,3,1,12敷地料,01庁舎敷地料,,,,375330,R2決算書p32
2020,2,総務費,1,総務管理費,5,財産管理費,財産管理経費,13,使用料及び賃借料,3,1,12敷地料,02駐在所敷地料,,,,88880,R2決算書p32
2020,2,総務費,1,総務管理費,5,財産管理費,財産管理経費,14,工事請負費,1,0,,,,,,43410730,R2決算書p32
2020,2,総務費,1,総務管理費,5,財産管理費,財産管理経費,14,工事請負費,2,0,32維持・修繕工事,,,,,43410730,R2決算書p32
2020,2,総務費,1,総務管理費,5,財産管理費,財産管理経費,14,工事請負費,3,1,32維持・修繕工事,01庁舎施設修繕工事,,,,9310730,R2決算書p32
2020,2,総務費,1,総務管理費,5,財産管理費,財産管理経費,14,工事請負費,3,1,32維持・修繕工事,10庁舎施設修繕工事（繰越明許）,,,,34100000,R2決算書p32
2020,2,総務費,1,総務管理費,6,企画費,企画事務経費,,,0,0,,,,,,42320240,R2決算書p32
2020,2,総務費,1,総務管理費,6,企画費,企画事務経費,1,報酬,1,0,,,,,,113600,R2決算書p32
2020,2,総務費,1,総務管理費,6,企画費,企画事務経費,1,報酬,2,0,11委員報酬,,,,,113600,R2決算書p32
2020,2,総務費,1,総務管理費,6,企画費,企画事務経費,1,報酬,3,1,11委員報酬,02景観審議会報酬,,,,65700,R2決算書p32
2020,2,総務費,1,総務管理費,6,企画費,企画事務経費,1,報酬,3,1,11委員報酬,04交通システム策定委員会報酬,,,,21500,R2決算書p32
2020,2,総務費,1,総務管理費,6,企画費,企画事務経費,1,報酬,3,1,11委員報酬,05行政評価委員会報酬,,,,26400,R2決算書p32
2020,2,総務費,1,総務管理費,6,企画費,企画事務経費,10,需用費,1,0,,,,,,2268694,R2決算書p32
2020,2,総務費,1,総務管理費,6,企画費,企画事務経費,10,需用費,2,0,01消耗品,,,,,1910094,R2決算書p32
2020,2,総務費,1,総務管理費,6,企画費,企画事務経費,10,需用費,3,1,01消耗品,01消耗品,,,,1895694,R2決算書p32
2020,2,総務費,1,総務管理費,6,企画費,企画事務経費,10,需用費,3,1,01消耗品,04美しい村新聞購入費,,,,14400,R2決算書p32
2020,2,総務費,1,総務管理費,6,企画費,企画事務経費,10,需用費,2,0,31印刷製本費,,,,,358600,R2決算書p32
2020,2,総務費,1,総務管理費,6,企画費,企画事務経費,10,需用費,3,1,31印刷製本費,01村勢要覧印刷費,,,,122100,R2決算書p32
2020,2,総務費,1,総務管理費,6,企画費,企画事務経費,10,需用費,3,1,31印刷製本費,05美しい村ＰＲ資料印刷費,,,,236500,R2決算書p32
2020,2,総務費,1,総務管理費,6,企画費,企画事務経費,11,役務費,1,0,,,,,,10890,R2決算書p32
2020,2,総務費,1,総務管理費,6,企画費,企画事務経費,11,役務費,2,0,01通信運搬費,,,,,10890,R2決算書p32
2020,2,総務費,1,総務管理費,6,企画費,企画事務経費,11,役務費,3,1,01通信運搬費,01郵便料,,,,10890,R2決算書p32
2020,2,総務費,1,総務管理費,6,企画費,企画事務経費,12,委託料,1,0,,,,,,147400,R2決算書p32
2020,2,総務費,1,総務管理費,6,企画費,企画事務経費,12,委託料,2,0,21保守管理委託料,,,,,147400,R2決算書p32
2020,2,総務費,1,総務管理費,6,企画費,企画事務経費,12,委託料,3,1,21保守管理委託料,01ホームページ保守委託料,,,,147400,R2決算書p32
2020,2,総務費,1,総務管理費,6,企画費,企画事務経費,13,使用料及び賃借料,1,0,,,,,,790242,R2決算書p32
2020,2,総務費,1,総務管理費,6,企画費,企画事務経費,13,使用料及び賃借料,2,0,01使用料・借上料,,,,,788322,R2決算書p32
2020,2,総務費,1,総務管理費,6,企画費,企画事務経費,13,使用料及び賃借料,3,1,01使用料・借上料,04展示会場使用料,,,,29370,R2決算書p32
2020,2,総務費,1,総務管理費,6,企画費,企画事務経費,13,使用料及び賃借料,3,1,01使用料・借上料,05行政ＨＰ用サーバ使用料,,,,256608,R2決算書p32
2020,2,総務費,1,総務管理費,6,企画費,企画事務経費,13,使用料及び賃借料,3,1,01使用料・借上料,06ふるさと納税システム利用料,,,,502344,R2決算書p32
2020,2,総務費,1,総務管理費,6,企画費,企画事務経費,13,使用料及び賃借料,2,0,12敷地料,,,,,1920,R2決算書p32
2020,2,総務費,1,総務管理費,6,企画費,企画事務経費,13,使用料及び賃借料,3,1,12敷地料,01バス停敷地料,,,,1920,R2決算書p32
2020,2,総務費,1,総務管理費,6,企画費,企画事務経費,14,工事請負費,1,0,,,,,,7800000,R2決算書p32
2020,2,総務費,1,総務管理費,6,企画費,企画事務経費,14,工事請負費,2,0,32維持・修繕工事,,,,,7800000,R2決算書p32
2020,2,総務費,1,総務管理費,6,企画費,企画事務経費,14,工事請負費,3,1,32維持・修繕工事,04感染症対応維持修繕工事,,,,7800000,R2決算書p32
2020,2,総務費,1,総務管理費,6,企画費,企画事務経費,15,原材料費,1,0,,,,,,79600,R2決算書p32
2020,2,総務費,1,総務管理費,6,企画費,企画事務経費,15,原材料費,2,0,01原材料費,,,,,79600,R2決算書p33
2020,2,総務費,1,総務管理費,6,企画費,企画事務経費,15,原材料費,3,1,01原材料費,02美しい村づくり活動材料代,,,,79600,R2決算書p33
2020,2,総務費,1,総務管理費,6,企画費,企画事務経費,17,備品購入費,1,0,,,,,,2619870,R2決算書p33
2020,2,総務費,1,総務管理費,6,企画費,企画事務経費,17,備品購入費,2,0,01備品購入費,,,,,2619870,R2決算書p33
2020,2,総務費,1,総務管理費,6,企画費,企画事務経費,17,備品購入費,3,1,01備品購入費,03コミュニティ事業備品購入費,,,,2306370,R2決算書p33
2020,2,総務費,1,総務管理費,6,企画費,企画事務経費,17,備品購入費,3,1,01備品購入費,04事務用備品購入,,,,313500,R2決算書p33
2020,2,総務費,1,総務管理費,6,企画費,企画事務経費,18,負担金補助及び交付金,1,0,,,,,,28489944,R2決算書p33
2020,2,総務費,1,総務管理費,6,企画費,企画事務経費,18,負担金補助及び交付金,2,0,11負担金（一部事務組合）,,,,,3975000,R2決算書p33
2020,2,総務費,1,総務管理費,6,企画費,企画事務経費,18,負担金補助及び交付金,3,1,11負担金（一部事務組合）,01南信州広域連合負担金,,,,2196000,R2決算書p33
2020,2,総務費,1,総務管理費,6,企画費,企画事務経費,18,負担金補助及び交付金,3,1,11負担金（一部事務組合）,02北部総合事務組合負担金,,,,1779000,R2決算書p33
2020,2,総務費,1,総務管理費,6,企画費,企画事務経費,18,負担金補助及び交付金,2,0,21負担金,,,,,491950,R2決算書p33
2020,2,総務費,1,総務管理費,6,企画費,企画事務経費,18,負担金補助及び交付金,3,1,21負担金,02全国山振連盟負担金,,,,40000,R2決算書p33
2020,2,総務費,1,総務管理費,6,企画費,企画事務経費,18,負担金補助及び交付金,3,1,21負担金,03全国過疎地域自立促進連盟負担金,,,,58950,R2決算書p33
2020,2,総務費,1,総務管理費,6,企画費,企画事務経費,18,負担金補助及び交付金,3,1,21負担金,09美しい村連合負担金,,,,235000,R2決算書p33
2020,2,総務費,1,総務管理費,6,企画費,企画事務経費,18,負担金補助及び交付金,3,1,21負担金,13ダム・発電関係市町村全国協議会負担金,,,,8000,R2決算書p33
2020,2,総務費,1,総務管理費,6,企画費,企画事務経費,18,負担金補助及び交付金,3,1,21負担金,20伊那大島駅負担金,,,,150000,R2決算書p33
2020,2,総務費,1,総務管理費,6,企画費,企画事務経費,18,負担金補助及び交付金,2,0,51補助金,,,,,21315000,R2決算書p33
2020,2,総務費,1,総務管理費,6,企画費,企画事務経費,18,負担金補助及び交付金,3,1,51補助金,06廃止代替バス運行補助金,,,,18763000,R2決算書p33
2020,2,総務費,1,総務管理費,6,企画費,企画事務経費,18,負担金補助及び交付金,3,1,51補助金,07美しい村づくり事業補助金,,,,2120000,R2決算書p33
2020,2,総務費,1,総務管理費,6,企画費,企画事務経費,18,負担金補助及び交付金,3,1,51補助金,09地域公共交通機関等維持・確保支援金,,,,432000,R2決算書p33
2020,2,総務費,1,総務管理費,6,企画費,企画事務経費,18,負担金補助及び交付金,2,0,71交付金,,,,,2707994,R2決算書p33
2020,2,総務費,1,総務管理費,6,企画費,企画事務経費,18,負担金補助及び交付金,3,1,71交付金,01美しい村づくり交付金,,,,2707994,R2決算書p33
2020,2,総務費,1,総務管理費,6,企画費,地域おこし協力隊・集落支援員事業,,,0,0,,,,,,6674532,R2決算書p33
2020,2,総務費,1,総務管理費,6,企画費,地域おこし協力隊・集落支援員事業,1,報酬,1,0,,,,,,4800000,R2決算書p33
2020,2,総務費,1,総務管理費,6,企画費,地域おこし協力隊・集落支援員事業,1,報酬,2,0,26会計年度任用職員報酬,,,,,4800000,R2決算書p33
2020,2,総務費,1,総務管理費,6,企画費,地域おこし協力隊・集落支援員事業,1,報酬,3,1,26会計年度任用職員報酬,01会計年度任用職員1号報酬,,,,4800000,R2決算書p33
2020,2,総務費,1,総務管理費,6,企画費,地域おこし協力隊・集落支援員事業,4,共済費,1,0,,,,,,905928,R2決算書p33
2020,2,総務費,1,総務管理費,6,企画費,地域おこし協力隊・集落支援員事業,4,共済費,2,0,41臨時職員等共済費,,,,,905928,R2決算書p33
2020,2,総務費,1,総務管理費,6,企画費,地域おこし協力隊・集落支援員事業,4,共済費,3,1,41臨時職員等共済費,01社会保険料,,,,905928,R2決算書p33
2020,2,総務費,1,総務管理費,6,企画費,地域おこし協力隊・集落支援員事業,8,旅費,1,0,,,,,,2000,R2決算書p33
2020,2,総務費,1,総務管理費,6,企画費,地域おこし協力隊・集落支援員事業,8,旅費,2,0,51費用弁償,,,,,2000,R2決算書p33
2020,2,総務費,1,総務管理費,6,企画費,地域おこし協力隊・集落支援員事業,8,旅費,3,1,51費用弁償,01地域おこし協力隊旅費,,,,2000,R2決算書p33
2020,2,総務費,1,総務管理費,6,企画費,地域おこし協力隊・集落支援員事業,10,需用費,1,0,,,,,,100882,R2決算書p33
2020,2,総務費,1,総務管理費,6,企画費,地域おこし協力隊・集落支援員事業,10,需用費,2,0,01消耗品,,,,,61991,R2決算書p33
2020,2,総務費,1,総務管理費,6,企画費,地域おこし協力隊・集落支援員事業,10,需用費,3,1,01消耗品,01消耗品,,,,42631,R2決算書p33
2020,2,総務費,1,総務管理費,6,企画費,地域おこし協力隊・集落支援員事業,10,需用費,3,1,01消耗品,02図書購入費,,,,19360,R2決算書p33
2020,2,総務費,1,総務管理費,6,企画費,地域おこし協力隊・集落支援員事業,10,需用費,2,0,11燃料費,,,,,33017,R2決算書p33
2020,2,総務費,1,総務管理費,6,企画費,地域おこし協力隊・集落支援員事業,10,需用費,3,1,11燃料費,01公用車燃料代,,,,33017,R2決算書p33
2020,2,総務費,1,総務管理費,6,企画費,地域おこし協力隊・集落支援員事業,10,需用費,2,0,51修繕費,,,,,5874,R2決算書p33
2020,2,総務費,1,総務管理費,6,企画費,地域おこし協力隊・集落支援員事業,10,需用費,3,1,51修繕費,01公用車修繕費,,,,5874,R2決算書p33
2020,2,総務費,1,総務管理費,6,企画費,地域おこし協力隊・集落支援員事業,11,役務費,1,0,,,,,,26940,R2決算書p33
2020,2,総務費,1,総務管理費,6,企画費,地域おこし協力隊・集落支援員事業,11,役務費,2,0,21手数料,,,,,10780,R2決算書p34
2020,2,総務費,1,総務管理費,6,企画費,地域おこし協力隊・集落支援員事業,11,役務費,3,1,21手数料,01公用車車検点検料,,,,10780,R2決算書p34
2020,2,総務費,1,総務管理費,6,企画費,地域おこし協力隊・集落支援員事業,11,役務費,2,0,41損害保険料,,,,,16160,R2決算書p34
2020,2,総務費,1,総務管理費,6,企画費,地域おこし協力隊・集落支援員事業,11,役務費,3,1,41損害保険料,02公用車共済保険料,,,,16160,R2決算書p34
2020,2,総務費,1,総務管理費,6,企画費,地域おこし協力隊・集落支援員事業,13,使用料及び賃借料,1,0,,,,,,734832,R2決算書p34
2020,2,総務費,1,総務管理費,6,企画費,地域おこし協力隊・集落支援員事業,13,使用料及び賃借料,2,0,01使用料・借上料,,,,,734832,R2決算書p34
2020,2,総務費,1,総務管理費,6,企画費,地域おこし協力隊・集落支援員事業,13,使用料及び賃借料,3,1,01使用料・借上料,02住宅借上料,,,,384000,R2決算書p34
2020,2,総務費,1,総務管理費,6,企画費,地域おこし協力隊・集落支援員事業,13,使用料及び賃借料,3,1,01使用料・借上料,03事務用機器リース料,,,,166032,R2決算書p34
2020,2,総務費,1,総務管理費,6,企画費,地域おこし協力隊・集落支援員事業,13,使用料及び賃借料,3,1,01使用料・借上料,04自動車リース料,,,,184800,R2決算書p34
2020,2,総務費,1,総務管理費,6,企画費,地域おこし協力隊・集落支援員事業,17,備品購入費,1,0,,,,,,103950,R2決算書p34
2020,2,総務費,1,総務管理費,6,企画費,地域おこし協力隊・集落支援員事業,17,備品購入費,2,0,01備品購入費,,,,,103950,R2決算書p34
2020,2,総務費,1,総務管理費,6,企画費,地域おこし協力隊・集落支援員事業,17,備品購入費,3,1,01備品購入費,02カメラ購入費,,,,103950,R2決算書p34
2020,2,総務費,1,総務管理費,6,企画費,リニア対策経費,,,0,0,,,,,,526800,R2決算書p34
2020,2,総務費,1,総務管理費,6,企画費,リニア対策経費,1,報酬,1,0,,,,,,498800,R2決算書p34
2020,2,総務費,1,総務管理費,6,企画費,リニア対策経費,1,報酬,2,0,11委員報酬,,,,,498800,R2決算書p34
2020,2,総務費,1,総務管理費,6,企画費,リニア対策経費,1,報酬,3,1,11委員報酬,01リニア連絡協議会委員報酬,,,,498800,R2決算書p34
2020,2,総務費,1,総務管理費,6,企画費,リニア対策経費,8,旅費,1,0,,,,,,24000,R2決算書p34
2020,2,総務費,1,総務管理費,6,企画費,リニア対策経費,8,旅費,2,0,11職員旅費,,,,,24000,R2決算書p34
2020,2,総務費,1,総務管理費,6,企画費,リニア対策経費,8,旅費,3,1,11職員旅費,01職員旅費,,,,24000,R2決算書p34
2020,2,総務費,1,総務管理費,6,企画費,リニア対策経費,18,負担金補助及び交付金,1,0,,,,,,4000,R2決算書p34
2020,2,総務費,1,総務管理費,6,企画費,リニア対策経費,18,負担金補助及び交付金,2,0,21負担金,,,,,4000,R2決算書p34
2020,2,総務費,1,総務管理費,6,企画費,リニア対策経費,18,負担金補助及び交付金,3,1,21負担金,01リニアエクスプレス同盟会負担金,,,,4000,R2決算書p34
2020,2,総務費,1,総務管理費,8,交通安全対策費,交通安全一般経費,,,0,0,,,,,,339318,R2決算書p34
2020,2,総務費,1,総務管理費,8,交通安全対策費,交通安全一般経費,10,需用費,1,0,,,,,,146318,R2決算書p34
2020,2,総務費,1,総務管理費,8,交通安全対策費,交通安全一般経費,10,需用費,2,0,01消耗品,,,,,28160,R2決算書p34
2020,2,総務費,1,総務管理費,8,交通安全対策費,交通安全一般経費,10,需用費,3,1,01消耗品,01交通安全用品,,,,28160,R2決算書p34
2020,2,総務費,1,総務管理費,8,交通安全対策費,交通安全一般経費,10,需用費,2,0,41光熱水費,,,,,10644,R2決算書p34
2020,2,総務費,1,総務管理費,8,交通安全対策費,交通安全一般経費,10,需用費,3,1,41光熱水費,01電気料（回転灯）,,,,10644,R2決算書p34
2020,2,総務費,1,総務管理費,8,交通安全対策費,交通安全一般経費,10,需用費,2,0,51修繕費,,,,,107514,R2決算書p34
2020,2,総務費,1,総務管理費,8,交通安全対策費,交通安全一般経費,10,需用費,3,1,51修繕費,02除雪車両修繕費,,,,107514,R2決算書p34
2020,2,総務費,1,総務管理費,8,交通安全対策費,交通安全一般経費,18,負担金補助及び交付金,1,0,,,,,,193000,R2決算書p34
2020,2,総務費,1,総務管理費,8,交通安全対策費,交通安全一般経費,18,負担金補助及び交付金,2,0,21負担金,,,,,193000,R2決算書p34
2020,2,総務費,1,総務管理費,8,交通安全対策費,交通安全一般経費,18,負担金補助及び交付金,3,1,21負担金,03大鹿村交通安全協会事業費負担金,,,,193000,R2決算書p34
2020,2,総務費,1,総務管理費,8,交通安全対策費,南信交通災害共済経費,,,0,0,,,,,,349300,R2決算書p34
2020,2,総務費,1,総務管理費,8,交通安全対策費,南信交通災害共済経費,18,負担金補助及び交付金,1,0,,,,,,349300,R2決算書p34
2020,2,総務費,1,総務管理費,8,交通安全対策費,南信交通災害共済経費,18,負担金補助及び交付金,2,0,51補助金,,,,,349300,R2決算書p34
2020,2,総務費,1,総務管理費,8,交通安全対策費,南信交通災害共済経費,18,負担金補助及び交付金,3,1,51補助金,01南信交通災害共済掛金補助,,,,349300,R2決算書p34
2020,2,総務費,1,総務管理費,8,交通安全対策費,交通安全施設整備経費,,,0,0,,,,,,9374508,R2決算書p34
2020,2,総務費,1,総務管理費,8,交通安全対策費,交通安全施設整備経費,10,需用費,1,0,,,,,,606501,R2決算書p34
2020,2,総務費,1,総務管理費,8,交通安全対策費,交通安全施設整備経費,10,需用費,2,0,01消耗品,,,,,199749,R2決算書p34
2020,2,総務費,1,総務管理費,8,交通安全対策費,交通安全施設整備経費,10,需用費,3,1,01消耗品,01除雪用三角板代,,,,199749,R2決算書p34
2020,2,総務費,1,総務管理費,8,交通安全対策費,交通安全施設整備経費,10,需用費,2,0,11燃料費,,,,,118750,R2決算書p35
2020,2,総務費,1,総務管理費,8,交通安全対策費,交通安全施設整備経費,10,需用費,3,1,11燃料費,01公用車燃料費,,,,118750,R2決算書p35
2020,2,総務費,1,総務管理費,8,交通安全対策費,交通安全施設整備経費,10,需用費,2,0,51修繕費,,,,,288002,R2決算書p35
2020,2,総務費,1,総務管理費,8,交通安全対策費,交通安全施設整備経費,10,需用費,3,1,51修繕費,01公用車修繕費,,,,288002,R2決算書p35
2020,2,総務費,1,総務管理費,8,交通安全対策費,交通安全施設整備経費,11,役務費,1,0,,,,,,47560,R2決算書p35
2020,2,総務費,1,総務管理費,8,交通安全対策費,交通安全施設整備経費,11,役務費,2,0,21手数料,,,,,33020,R2決算書p35
2020,2,総務費,1,総務管理費,8,交通安全対策費,交通安全施設整備経費,11,役務費,3,1,21手数料,01公用車車検点検料,,,,33020,R2決算書p35
2020,2,総務費,1,総務管理費,8,交通安全対策費,交通安全施設整備経費,11,役務費,2,0,41損害保険料,,,,,14540,R2決算書p35
2020,2,総務費,1,総務管理費,8,交通安全対策費,交通安全施設整備経費,11,役務費,3,1,41損害保険料,01公用車共済保険料,,,,14540,R2決算書p35
2020,2,総務費,1,総務管理費,8,交通安全対策費,交通安全施設整備経費,12,委託料,1,0,,,,,,4112690,R2決算書p35
2020,2,総務費,1,総務管理費,8,交通安全対策費,交通安全施設整備経費,12,委託料,2,0,51業務委託料,,,,,4112690,R2決算書p35
2020,2,総務費,1,総務管理費,8,交通安全対策費,交通安全施設整備経費,12,委託料,3,1,51業務委託料,02除雪委託料,,,,4112690,R2決算書p35
2020,2,総務費,1,総務管理費,8,交通安全対策費,交通安全施設整備経費,14,工事請負費,1,0,,,,,,2593800,R2決算書p35
2020,2,総務費,1,総務管理費,8,交通安全対策費,交通安全施設整備経費,14,工事請負費,2,0,31単独事業,,,,,2593800,R2決算書p35
2020,2,総務費,1,総務管理費,8,交通安全対策費,交通安全施設整備経費,14,工事請負費,3,1,31単独事業,01ガードレール・カーブミラー設置工事,,,,2593800,R2決算書p35
2020,2,総務費,1,総務管理費,8,交通安全対策費,交通安全施設整備経費,15,原材料費,1,0,,,,,,2007357,R2決算書p35
2020,2,総務費,1,総務管理費,8,交通安全対策費,交通安全施設整備経費,15,原材料費,2,0,01原材料費,,,,,2007357,R2決算書p35
2020,2,総務費,1,総務管理費,8,交通安全対策費,交通安全施設整備経費,15,原材料費,3,1,01原材料費,02融雪剤,,,,1963500,R2決算書p35
2020,2,総務費,1,総務管理費,8,交通安全対策費,交通安全施設整備経費,15,原材料費,3,1,01原材料費,03滑り止め用砂,,,,43857,R2決算書p35
2020,2,総務費,1,総務管理費,8,交通安全対策費,交通安全施設整備経費,26,公課費,1,0,,,,,,6600,R2決算書p35
2020,2,総務費,1,総務管理費,8,交通安全対策費,交通安全施設整備経費,26,公課費,2,0,01重量税,,,,,6600,R2決算書p35
2020,2,総務費,1,総務管理費,8,交通安全対策費,交通安全施設整備経費,26,公課費,3,1,01重量税,01公用車重量税,,,,6600,R2決算書p35
2020,2,総務費,1,総務管理費,9,電子計算費,電子計算経費,,,0,0,,,,,,26447406,R2決算書p35
2020,2,総務費,1,総務管理費,9,電子計算費,電子計算経費,7,報償費,1,0,,,,,,88000,R2決算書p35
2020,2,総務費,1,総務管理費,9,電子計算費,電子計算経費,7,報償費,2,0,01謝金,,,,,88000,R2決算書p35
2020,2,総務費,1,総務管理費,9,電子計算費,電子計算経費,7,報償費,3,1,01謝金,01講師謝礼,,,,88000,R2決算書p35
2020,2,総務費,1,総務管理費,9,電子計算費,電子計算経費,10,需用費,1,0,,,,,,107375,R2決算書p35
2020,2,総務費,1,総務管理費,9,電子計算費,電子計算経費,10,需用費,2,0,01消耗品,,,,,7924,R2決算書p35
2020,2,総務費,1,総務管理費,9,電子計算費,電子計算経費,10,需用費,3,1,01消耗品,01消耗品,,,,7924,R2決算書p35
2020,2,総務費,1,総務管理費,9,電子計算費,電子計算経費,10,需用費,2,0,51修繕費,,,,,99451,R2決算書p35
2020,2,総務費,1,総務管理費,9,電子計算費,電子計算経費,10,需用費,3,1,51修繕費,01パソコン等修繕費,,,,99451,R2決算書p35
2020,2,総務費,1,総務管理費,9,電子計算費,電子計算経費,11,役務費,1,0,,,,,,1443128,R2決算書p35
2020,2,総務費,1,総務管理費,9,電子計算費,電子計算経費,11,役務費,2,0,01通信運搬費,,,,,1443128,R2決算書p35
2020,2,総務費,1,総務管理費,9,電子計算費,電子計算経費,11,役務費,3,1,01通信運搬費,02情報通信接続料,,,,1443128,R2決算書p35
2020,2,総務費,1,総務管理費,9,電子計算費,電子計算経費,12,委託料,1,0,,,,,,4352150,R2決算書p35
2020,2,総務費,1,総務管理費,9,電子計算費,電子計算経費,12,委託料,2,0,11電算委託料,,,,,3912150,R2決算書p35
2020,2,総務費,1,総務管理費,9,電子計算費,電子計算経費,12,委託料,3,1,11電算委託料,03基幹系等機器保守委託料,,,,686400,R2決算書p36
2020,2,総務費,1,総務管理費,9,電子計算費,電子計算経費,12,委託料,3,1,11電算委託料,06システム改修委託料,,,,97350,R2決算書p36
2020,2,総務費,1,総務管理費,9,電子計算費,電子計算経費,12,委託料,3,1,11電算委託料,07情報系機器保守委託料,,,,528000,R2決算書p36
2020,2,総務費,1,総務管理費,9,電子計算費,電子計算経費,12,委託料,3,1,11電算委託料,09ＬＧＷＡＮシステム運用支援委託料,,,,198000,R2決算書p36
2020,2,総務費,1,総務管理費,9,電子計算費,電子計算経費,12,委託料,3,1,11電算委託料,17情報セキュリティ強化機器保守委託料,,,,739200,R2決算書p36
2020,2,総務費,1,総務管理費,9,電子計算費,電子計算経費,12,委託料,3,1,11電算委託料,18マイナンバー管理システム保守委託料,,,,79200,R2決算書p36
2020,2,総務費,1,総務管理費,9,電子計算費,電子計算経費,12,委託料,3,1,11電算委託料,20自治体中間サーバー改修委託料,,,,1584000,R2決算書p36
2020,2,総務費,1,総務管理費,9,電子計算費,電子計算経費,12,委託料,2,0,51業務委託料,,,,,440000,R2決算書p36
2020,2,総務費,1,総務管理費,9,電子計算費,電子計算経費,12,委託料,3,1,51業務委託料,01庁舎内配線業務委託料,,,,220000,R2決算書p36
2020,2,総務費,1,総務管理費,9,電子計算費,電子計算経費,12,委託料,3,1,51業務委託料,04情報セキュリティ研修委託料,,,,220000,R2決算書p36
2020,2,総務費,1,総務管理費,9,電子計算費,電子計算経費,13,使用料及び賃借料,1,0,,,,,,11767873,R2決算書p36
2020,2,総務費,1,総務管理費,9,電子計算費,電子計算経費,13,使用料及び賃借料,2,0,01使用料・借上料,,,,,11767873,R2決算書p36
2020,2,総務費,1,総務管理費,9,電子計算費,電子計算経費,13,使用料及び賃借料,3,1,01使用料・借上料,01財務会計システム使用料,,,,3154800,R2決算書p36
2020,2,総務費,1,総務管理費,9,電子計算費,電子計算経費,13,使用料及び賃借料,3,1,01使用料・借上料,02ＬＧＷＡＮハウジング料,,,,1215720,R2決算書p36
2020,2,総務費,1,総務管理費,9,電子計算費,電子計算経費,13,使用料及び賃借料,3,1,01使用料・借上料,03ウイルス対策ソフト使用料,,,,385110,R2決算書p36
2020,2,総務費,1,総務管理費,9,電子計算費,電子計算経費,13,使用料及び賃借料,3,1,01使用料・借上料,06基幹系システム使用料,,,,2754240,R2決算書p36
2020,2,総務費,1,総務管理費,9,電子計算費,電子計算経費,13,使用料及び賃借料,3,1,01使用料・借上料,07ＬＧＷＡＮルータ使用料,,,,97680,R2決算書p36
2020,2,総務費,1,総務管理費,9,電子計算費,電子計算経費,13,使用料及び賃借料,3,1,01使用料・借上料,09サーバリース料,,,,2057434,R2決算書p36
2020,2,総務費,1,総務管理費,9,電子計算費,電子計算経費,13,使用料及び賃借料,3,1,01使用料・借上料,11パソコンリース料,,,,2102889,R2決算書p36
2020,2,総務費,1,総務管理費,9,電子計算費,電子計算経費,17,備品購入費,1,0,,,,,,3003000,R2決算書p36
2020,2,総務費,1,総務管理費,9,電子計算費,電子計算経費,17,備品購入費,2,0,01備品購入費,,,,,3003000,R2決算書p36
2020,2,総務費,1,総務管理費,9,電子計算費,電子計算経費,17,備品購入費,3,1,01備品購入費,01パソコン等購入費,,,,3003000,R2決算書p36
2020,2,総務費,1,総務管理費,9,電子計算費,電子計算経費,18,負担金補助及び交付金,1,0,,,,,,5685880,R2決算書p36
2020,2,総務費,1,総務管理費,9,電子計算費,電子計算経費,18,負担金補助及び交付金,2,0,21負担金,,,,,5685880,R2決算書p36
2020,2,総務費,1,総務管理費,9,電子計算費,電子計算経費,18,負担金補助及び交付金,3,1,21負担金,01長野県自治振興組合負担金,,,,872108,R2決算書p36
2020,2,総務費,1,総務管理費,9,電子計算費,電子計算経費,18,負担金補助及び交付金,3,1,21負担金,02電子申請・届出サービス負担金,,,,34571,R2決算書p36
2020,2,総務費,1,総務管理費,9,電子計算費,電子計算経費,18,負担金補助及び交付金,3,1,21負担金,03中間ＳＶＰＦ負担金,,,,4183000,R2決算書p36
2020,2,総務費,1,総務管理費,9,電子計算費,電子計算経費,18,負担金補助及び交付金,3,1,21負担金,04自治体情報セキュリティクラウド負担金,,,,596201,R2決算書p36
2020,2,総務費,1,総務管理費,10,ＣＡＴＶ事業費,ＣＡＴＶ管理事業,,,0,0,,,,,,55354647,R2決算書p36
2020,2,総務費,1,総務管理費,10,ＣＡＴＶ事業費,ＣＡＴＶ管理事業,10,需用費,1,0,,,,,,32771,R2決算書p36
2020,2,総務費,1,総務管理費,10,ＣＡＴＶ事業費,ＣＡＴＶ管理事業,10,需用費,2,0,01消耗品,,,,,32771,R2決算書p36
2020,2,総務費,1,総務管理費,10,ＣＡＴＶ事業費,ＣＡＴＶ管理事業,10,需用費,3,1,01消耗品,01消耗品,,,,32771,R2決算書p36
2020,2,総務費,1,総務管理費,10,ＣＡＴＶ事業費,ＣＡＴＶ管理事業,11,役務費,1,0,,,,,,2134425,R2決算書p36
2020,2,総務費,1,総務管理費,10,ＣＡＴＶ事業費,ＣＡＴＶ管理事業,11,役務費,2,0,01通信運搬費,,,,,2004225,R2決算書p36
2020,2,総務費,1,総務管理費,10,ＣＡＴＶ事業費,ＣＡＴＶ管理事業,11,役務費,3,1,01通信運搬費,03情報通信接続料,,,,2004225,R2決算書p36
2020,2,総務費,1,総務管理費,10,ＣＡＴＶ事業費,ＣＡＴＶ管理事業,11,役務費,2,0,41損害保険料,,,,,130200,R2決算書p36
2020,2,総務費,1,総務管理費,10,ＣＡＴＶ事業費,ＣＡＴＶ管理事業,11,役務費,3,1,41損害保険料,01ＣＡＴＶ施設保険料,,,,130200,R2決算書p36
2020,2,総務費,1,総務管理費,10,ＣＡＴＶ事業費,ＣＡＴＶ管理事業,12,委託料,1,0,,,,,,36720938,R2決算書p36
2020,2,総務費,1,総務管理費,10,ＣＡＴＶ事業費,ＣＡＴＶ管理事業,12,委託料,2,0,21保守管理委託料,,,,,915938,R2決算書p36
2020,2,総務費,1,総務管理費,10,ＣＡＴＶ事業費,ＣＡＴＶ管理事業,12,委託料,3,1,21保守管理委託料,01ＣＡＴＶ保守委託料,,,,915938,R2決算書p36
2020,2,総務費,1,総務管理費,10,ＣＡＴＶ事業費,ＣＡＴＶ管理事業,12,委託料,2,0,81機器更新委託料,,,,,35805000,R2決算書p37
2020,2,総務費,1,総務管理費,10,ＣＡＴＶ事業費,ＣＡＴＶ管理事業,12,委託料,3,1,81機器更新委託料,01ＣＡＴＶ施設更新委託料,,,,35805000,R2決算書p37
2020,2,総務費,1,総務管理費,10,ＣＡＴＶ事業費,ＣＡＴＶ管理事業,14,工事請負費,1,0,,,,,,2497770,R2決算書p37
2020,2,総務費,1,総務管理費,10,ＣＡＴＶ事業費,ＣＡＴＶ管理事業,14,工事請負費,2,0,31単独事業,,,,,1962290,R2決算書p37
2020,2,総務費,1,総務管理費,10,ＣＡＴＶ事業費,ＣＡＴＶ管理事業,14,工事請負費,3,1,31単独事業,01引込み線工事,,,,33330,R2決算書p37
2020,2,総務費,1,総務管理費,10,ＣＡＴＶ事業費,ＣＡＴＶ管理事業,14,工事請負費,3,1,31単独事業,03CATV施設整備工事,,,,1928960,R2決算書p37
2020,2,総務費,1,総務管理費,10,ＣＡＴＶ事業費,ＣＡＴＶ管理事業,14,工事請負費,2,0,32維持・修繕工事,,,,,535480,R2決算書p37
2020,2,総務費,1,総務管理費,10,ＣＡＴＶ事業費,ＣＡＴＶ管理事業,14,工事請負費,3,1,32維持・修繕工事,01維持修繕工事,,,,535480,R2決算書p37
2020,2,総務費,1,総務管理費,10,ＣＡＴＶ事業費,ＣＡＴＶ管理事業,18,負担金補助及び交付金,1,0,,,,,,13968743,R2決算書p37
2020,2,総務費,1,総務管理費,10,ＣＡＴＶ事業費,ＣＡＴＶ管理事業,18,負担金補助及び交付金,2,0,21負担金,,,,,13214543,R2決算書p37
2020,2,総務費,1,総務管理費,10,ＣＡＴＶ事業費,ＣＡＴＶ管理事業,18,負担金補助及び交付金,3,1,21負担金,03ケーブルテレビ事業負担金,,,,13214543,R2決算書p37
2020,2,総務費,1,総務管理費,10,ＣＡＴＶ事業費,ＣＡＴＶ管理事業,18,負担金補助及び交付金,2,0,51補助金,,,,,754200,R2決算書p37
2020,2,総務費,1,総務管理費,10,ＣＡＴＶ事業費,ＣＡＴＶ管理事業,18,負担金補助及び交付金,3,1,51補助金,01インターネット利用補助金,,,,683200,R2決算書p37
2020,2,総務費,1,総務管理費,10,ＣＡＴＶ事業費,ＣＡＴＶ管理事業,18,負担金補助及び交付金,3,1,51補助金,02情報通信環境整備補助金,,,,71000,R2決算書p37
2020,2,総務費,2,徴税費,1,税務総務費,税務一般経費,,,0,0,,,,,,8862181,R2決算書p37
2020,2,総務費,2,徴税費,1,税務総務費,税務一般経費,10,需用費,1,0,,,,,,54663,R2決算書p37
2020,2,総務費,2,徴税費,1,税務総務費,税務一般経費,10,需用費,2,0,01消耗品,,,,,53677,R2決算書p37
2020,2,総務費,2,徴税費,1,税務総務費,税務一般経費,10,需用費,3,1,01消耗品,01消耗品,,,,7117,R2決算書p37
2020,2,総務費,2,徴税費,1,税務総務費,税務一般経費,10,需用費,3,1,01消耗品,02図書購入費,,,,46560,R2決算書p37
2020,2,総務費,2,徴税費,1,税務総務費,税務一般経費,10,需用費,2,0,31印刷製本費,,,,,986,R2決算書p37
2020,2,総務費,2,徴税費,1,税務総務費,税務一般経費,10,需用費,3,1,31印刷製本費,01印刷製本費,,,,986,R2決算書p37
2020,2,総務費,2,徴税費,1,税務総務費,税務一般経費,11,役務費,1,0,,,,,,187226,R2決算書p37
2020,2,総務費,2,徴税費,1,税務総務費,税務一般経費,11,役務費,2,0,21手数料,,,,,177226,R2決算書p37
2020,2,総務費,2,徴税費,1,税務総務費,税務一般経費,11,役務費,3,1,21手数料,01口座振替等収納手数料,,,,177226,R2決算書p37
2020,2,総務費,2,徴税費,1,税務総務費,税務一般経費,11,役務費,2,0,31筆耕料,,,,,10000,R2決算書p37
2020,2,総務費,2,徴税費,1,税務総務費,税務一般経費,11,役務費,3,1,31筆耕料,01筆耕料,,,,10000,R2決算書p37
2020,2,総務費,2,徴税費,1,税務総務費,税務一般経費,12,委託料,1,0,,,,,,6668667,R2決算書p37
2020,2,総務費,2,徴税費,1,税務総務費,税務一般経費,12,委託料,2,0,11電算委託料,,,,,6025703,R2決算書p37
2020,2,総務費,2,徴税費,1,税務総務費,税務一般経費,12,委託料,3,1,11電算委託料,01住民税,,,,2219030,R2決算書p37
2020,2,総務費,2,徴税費,1,税務総務費,税務一般経費,12,委託料,3,1,11電算委託料,02固定資産税,,,,3320526,R2決算書p37
2020,2,総務費,2,徴税費,1,税務総務費,税務一般経費,12,委託料,3,1,11電算委託料,03軽自動車税,,,,126447,R2決算書p37
2020,2,総務費,2,徴税費,1,税務総務費,税務一般経費,12,委託料,3,1,11電算委託料,05収納・口座・会計委託料,,,,359700,R2決算書p37
2020,2,総務費,2,徴税費,1,税務総務費,税務一般経費,12,委託料,2,0,51業務委託料,,,,,642964,R2決算書p37
2020,2,総務費,2,徴税費,1,税務総務費,税務一般経費,12,委託料,3,1,51業務委託料,02固定資産土地意見書委託,,,,274309,R2決算書p37
2020,2,総務費,2,徴税費,1,税務総務費,税務一般経費,12,委託料,3,1,51業務委託料,04軽自動車税申告書取扱委託料,,,,5890,R2決算書p37
2020,2,総務費,2,徴税費,1,税務総務費,税務一般経費,12,委託料,3,1,51業務委託料,06eLTAXシステム業務委託料,,,,357500,R2決算書p37
2020,2,総務費,2,徴税費,1,税務総務費,税務一般経費,12,委託料,3,1,51業務委託料,07軽自動車税環境性能割徴収取扱委託料,,,,5265,R2決算書p37
2020,2,総務費,2,徴税費,1,税務総務費,税務一般経費,13,使用料及び賃借料,1,0,,,,,,1839280,R2決算書p37
2020,2,総務費,2,徴税費,1,税務総務費,税務一般経費,13,使用料及び賃借料,2,0,01使用料・借上料,,,,,1839280,R2決算書p37
2020,2,総務費,2,徴税費,1,税務総務費,税務一般経費,13,使用料及び賃借料,3,1,01使用料・借上料,01ｅＬＴＡＸシステム使用料,,,,726000,R2決算書p37
2020,2,総務費,2,徴税費,1,税務総務費,税務一般経費,13,使用料及び賃借料,3,1,01使用料・借上料,02Ｒｅａｍｓ．ＮＥＴ申告相談システム使用料,,,,447480,R2決算書p38
2020,2,総務費,2,徴税費,1,税務総務費,税務一般経費,13,使用料及び賃借料,3,1,01使用料・借上料,03軽自動車情報システム使用料,,,,5800,R2決算書p38
2020,2,総務費,2,徴税費,1,税務総務費,税務一般経費,13,使用料及び賃借料,3,1,01使用料・借上料,04地方税共通納税システム使用料,,,,231000,R2決算書p38
2020,2,総務費,2,徴税費,1,税務総務費,税務一般経費,13,使用料及び賃借料,3,1,01使用料・借上料,05家屋評価システム使用料,,,,429000,R2決算書p38
2020,2,総務費,2,徴税費,1,税務総務費,税務一般経費,18,負担金補助及び交付金,1,0,,,,,,112345,R2決算書p38
2020,2,総務費,2,徴税費,1,税務総務費,税務一般経費,18,負担金補助及び交付金,2,0,21負担金,,,,,112345,R2決算書p38
2020,2,総務費,2,徴税費,1,税務総務費,税務一般経費,18,負担金補助及び交付金,3,1,21負担金,01飯伊地区税協負担金,,,,1800,R2決算書p38
2020,2,総務費,2,徴税費,1,税務総務費,税務一般経費,18,負担金補助及び交付金,3,1,21負担金,02長野県税制研究会負担金,,,,1500,R2決算書p38
2020,2,総務費,2,徴税費,1,税務総務費,税務一般経費,18,負担金補助及び交付金,3,1,21負担金,03資産評価システムセンター負担金,,,,30000,R2決算書p38
2020,2,総務費,2,徴税費,1,税務総務費,税務一般経費,18,負担金補助及び交付金,3,1,21負担金,06確定申告書郵送負担金,,,,63,R2決算書p38
2020,2,総務費,2,徴税費,1,税務総務費,税務一般経費,18,負担金補助及び交付金,3,1,21負担金,07年末調整用紙郵送負担金,,,,957,R2決算書p38
2020,2,総務費,2,徴税費,1,税務総務費,税務一般経費,18,負担金補助及び交付金,3,1,21負担金,08地方税電子化協議会負担金,,,,28025,R2決算書p38
2020,2,総務費,2,徴税費,1,税務総務費,税務一般経費,18,負担金補助及び交付金,3,1,21負担金,09長野県地方税滞納整理機構負担金,,,,50000,R2決算書p38
2020,2,総務費,2,徴税費,1,税務総務費,一般職人事管理経費（税務）,,,0,0,,,,,,11534300,R2決算書p38
2020,2,総務費,2,徴税費,1,税務総務費,一般職人事管理経費（税務）,2,給料,1,0,,,,,,6107400,R2決算書p38
2020,2,総務費,2,徴税費,1,税務総務費,一般職人事管理経費（税務）,2,給料,2,0,21職員給料,,,,,6107400,R2決算書p38
2020,2,総務費,2,徴税費,1,税務総務費,一般職人事管理経費（税務）,2,給料,3,1,21職員給料,01一般職員給料,,,,6107400,R2決算書p38
2020,2,総務費,2,徴税費,1,税務総務費,一般職人事管理経費（税務）,3,職員手当等,1,0,,,,,,3447700,R2決算書p38
2020,2,総務費,2,徴税費,1,税務総務費,一般職人事管理経費（税務）,3,職員手当等,2,1,21職員手当等,,,,,3447700,R2決算書p38
2020,2,総務費,2,徴税費,1,税務総務費,一般職人事管理経費（税務）,4,共済費,1,0,,,,,,1979200,R2決算書p38
2020,2,総務費,2,徴税費,1,税務総務費,一般職人事管理経費（税務）,4,共済費,2,0,31一般職共済費,,,,,1979200,R2決算書p38
2020,2,総務費,2,徴税費,1,税務総務費,一般職人事管理経費（税務）,4,共済費,3,1,31一般職共済費,01地方公務員共済組合等負担金,,,,1979200,R2決算書p38
2020,2,総務費,2,徴税費,2,賦課徴収費,賦課徴収事務経費,,,0,0,,,,,,923254,R2決算書p38
2020,2,総務費,2,徴税費,2,賦課徴収費,賦課徴収事務経費,10,需用費,1,0,,,,,,690360,R2決算書p38
2020,2,総務費,2,徴税費,2,賦課徴収費,賦課徴収事務経費,10,需用費,2,0,01消耗品,,,,,690360,R2決算書p38
2020,2,総務費,2,徴税費,2,賦課徴収費,賦課徴収事務経費,10,需用費,3,1,01消耗品,01消耗品,,,,690360,R2決算書p38
2020,2,総務費,2,徴税費,2,賦課徴収費,賦課徴収事務経費,22,償還金利子及び割引料,1,0,,,,,,232894,R2決算書p38
2020,2,総務費,2,徴税費,2,賦課徴収費,賦課徴収事務経費,22,償還金利子及び割引料,2,1,05償還金及び還付加算金,,,,,232894,R2決算書p38
2020,2,総務費,3,戸籍住民基本台帳費,1,戸籍住民基本台帳費,戸籍住民基本台帳経費,,,0,0,,,,,,24719119,R2決算書p38
2020,2,総務費,3,戸籍住民基本台帳費,1,戸籍住民基本台帳費,戸籍住民基本台帳経費,10,需用費,1,0,,,,,,65081,R2決算書p38
2020,2,総務費,3,戸籍住民基本台帳費,1,戸籍住民基本台帳費,戸籍住民基本台帳経費,10,需用費,2,0,01消耗品,,,,,65081,R2決算書p38
2020,2,総務費,3,戸籍住民基本台帳費,1,戸籍住民基本台帳費,戸籍住民基本台帳経費,10,需用費,3,1,01消耗品,01消耗品,,,,30558,R2決算書p38
2020,2,総務費,3,戸籍住民基本台帳費,1,戸籍住民基本台帳費,戸籍住民基本台帳経費,10,需用費,3,1,01消耗品,02図書購入費,,,,34523,R2決算書p38
2020,2,総務費,3,戸籍住民基本台帳費,1,戸籍住民基本台帳費,戸籍住民基本台帳経費,11,役務費,1,0,,,,,,29618,R2決算書p38
2020,2,総務費,3,戸籍住民基本台帳費,1,戸籍住民基本台帳費,戸籍住民基本台帳経費,11,役務費,2,0,01通信運搬費,,,,,29618,R2決算書p38
2020,2,総務費,3,戸籍住民基本台帳費,1,戸籍住民基本台帳費,戸籍住民基本台帳経費,11,役務費,3,1,01通信運搬費,01住基カード関連郵送料,,,,29618,R2決算書p38
2020,2,総務費,3,戸籍住民基本台帳費,1,戸籍住民基本台帳費,戸籍住民基本台帳経費,12,委託料,1,0,,,,,,16312120,R2決算書p38
2020,2,総務費,3,戸籍住民基本台帳費,1,戸籍住民基本台帳費,戸籍住民基本台帳経費,12,委託料,2,0,11電算委託料,,,,,16312120,R2決算書p38
2020,2,総務費,3,戸籍住民基本台帳費,1,戸籍住民基本台帳費,戸籍住民基本台帳経費,12,委託料,3,1,11電算委託料,04戸籍機器・ソフト保守委託料,,,,1602480,R2決算書p38
2020,2,総務費,3,戸籍住民基本台帳費,1,戸籍住民基本台帳費,戸籍住民基本台帳経費,12,委託料,3,1,11電算委託料,05住民記録システムソフト保守料,,,,2119260,R2決算書p39
2020,2,総務費,3,戸籍住民基本台帳費,1,戸籍住民基本台帳費,戸籍住民基本台帳経費,12,委託料,3,1,11電算委託料,08住基ネット記録媒体保守委託料,,,,39600,R2決算書p39
2020,2,総務費,3,戸籍住民基本台帳費,1,戸籍住民基本台帳費,戸籍住民基本台帳経費,12,委託料,3,1,11電算委託料,09住基ネットシステム改修委託料,,,,99000,R2決算書p39
2020,2,総務費,3,戸籍住民基本台帳費,1,戸籍住民基本台帳費,戸籍住民基本台帳経費,12,委託料,3,1,11電算委託料,15戸籍副本データ管理システム保守委託料,,,,132000,R2決算書p39
2020,2,総務費,3,戸籍住民基本台帳費,1,戸籍住民基本台帳費,戸籍住民基本台帳経費,12,委託料,3,1,11電算委託料,16システム改修委託料,,,,9254300,R2決算書p39
2020,2,総務費,3,戸籍住民基本台帳費,1,戸籍住民基本台帳費,戸籍住民基本台帳経費,12,委託料,3,1,11電算委託料,19住基ネットワークハウジング委託料,,,,3065480,R2決算書p39
2020,2,総務費,3,戸籍住民基本台帳費,1,戸籍住民基本台帳費,戸籍住民基本台帳経費,13,使用料及び賃借料,1,0,,,,,,6715500,R2決算書p39
2020,2,総務費,3,戸籍住民基本台帳費,1,戸籍住民基本台帳費,戸籍住民基本台帳経費,13,使用料及び賃借料,2,0,01使用料・借上料,,,,,6715500,R2決算書p39
2020,2,総務費,3,戸籍住民基本台帳費,1,戸籍住民基本台帳費,戸籍住民基本台帳経費,13,使用料及び賃借料,3,1,01使用料・借上料,01住民記録システムソフト使用料,,,,4290000,R2決算書p39
2020,2,総務費,3,戸籍住民基本台帳費,1,戸籍住民基本台帳費,戸籍住民基本台帳経費,13,使用料及び賃借料,3,1,01使用料・借上料,02戸籍ソフトリース料,,,,1765500,R2決算書p39
2020,2,総務費,3,戸籍住民基本台帳費,1,戸籍住民基本台帳費,戸籍住民基本台帳経費,13,使用料及び賃借料,3,1,01使用料・借上料,05戸籍総合システム使用料,,,,660000,R2決算書p39
2020,2,総務費,3,戸籍住民基本台帳費,1,戸籍住民基本台帳費,戸籍住民基本台帳経費,18,負担金補助及び交付金,1,0,,,,,,1596800,R2決算書p39
2020,2,総務費,3,戸籍住民基本台帳費,1,戸籍住民基本台帳費,戸籍住民基本台帳経費,18,負担金補助及び交付金,2,0,21負担金,,,,,1166400,R2決算書p39
2020,2,総務費,3,戸籍住民基本台帳費,1,戸籍住民基本台帳費,戸籍住民基本台帳経費,18,負担金補助及び交付金,3,1,21負担金,01戸籍・住民協議会負担金,,,,2400,R2決算書p39
2020,2,総務費,3,戸籍住民基本台帳費,1,戸籍住民基本台帳費,戸籍住民基本台帳経費,18,負担金補助及び交付金,3,1,21負担金,03戸籍システム共同利用負担金,,,,1164000,R2決算書p39
2020,2,総務費,3,戸籍住民基本台帳費,1,戸籍住民基本台帳費,戸籍住民基本台帳経費,18,負担金補助及び交付金,2,0,71交付金,,,,,430400,R2決算書p39
2020,2,総務費,3,戸籍住民基本台帳費,1,戸籍住民基本台帳費,戸籍住民基本台帳経費,18,負担金補助及び交付金,3,1,71交付金,01個人番号カード等委任交付金,,,,430400,R2決算書p39
2020,2,総務費,4,選挙費,1,選挙管理委員会費,選挙管理委員会経費,,,0,0,,,,,,89700,R2決算書p39
2020,2,総務費,4,選挙費,1,選挙管理委員会費,選挙管理委員会経費,1,報酬,1,0,,,,,,84700,R2決算書p39
2020,2,総務費,4,選挙費,1,選挙管理委員会費,選挙管理委員会経費,1,報酬,2,0,11委員報酬,,,,,84700,R2決算書p39
2020,2,総務費,4,選挙費,1,選挙管理委員会費,選挙管理委員会経費,1,報酬,3,1,11委員報酬,01選挙管理委員報酬,,,,84700,R2決算書p39
2020,2,総務費,4,選挙費,1,選挙管理委員会費,選挙管理委員会経費,18,負担金補助及び交付金,1,0,,,,,,5000,R2決算書p39
2020,2,総務費,4,選挙費,1,選挙管理委員会費,選挙管理委員会経費,18,負担金補助及び交付金,2,0,21負担金,,,,,5000,R2決算書p39
2020,2,総務費,4,選挙費,1,選挙管理委員会費,選挙管理委員会経費,18,負担金補助及び交付金,3,1,21負担金,01下伊那郡選挙管理委員会連合会負担金,,,,5000,R2決算書p39
2020,2,総務費,4,選挙費,4,村長選挙費,村長選挙経費,,,0,0,,,,,,1911678,R2決算書p39
2020,2,総務費,4,選挙費,4,村長選挙費,村長選挙経費,1,報酬,1,0,,,,,,116100,R2決算書p39
2020,2,総務費,4,選挙費,4,村長選挙費,村長選挙経費,1,報酬,2,0,11委員報酬,,,,,116100,R2決算書p39
2020,2,総務費,4,選挙費,4,村長選挙費,村長選挙経費,1,報酬,3,1,11委員報酬,01選挙管理委員報酬,,,,62700,R2決算書p39
2020,2,総務費,4,選挙費,4,村長選挙費,村長選挙経費,1,報酬,3,1,11委員報酬,02選挙立会人等報酬,,,,53400,R2決算書p39
2020,2,総務費,4,選挙費,4,村長選挙費,村長選挙経費,10,需用費,1,0,,,,,,1635836,R2決算書p39
2020,2,総務費,4,選挙費,4,村長選挙費,村長選挙経費,10,需用費,2,0,01消耗品,,,,,1635836,R2決算書p39
2020,2,総務費,4,選挙費,4,村長選挙費,村長選挙経費,10,需用費,3,1,01消耗品,01選挙関係経費,,,,1635836,R2決算書p39
2020,2,総務費,4,選挙費,4,村長選挙費,村長選挙経費,11,役務費,1,0,,,,,,46662,R2決算書p39
2020,2,総務費,4,選挙費,4,村長選挙費,村長選挙経費,11,役務費,2,0,01通信運搬費,,,,,46662,R2決算書p39
2020,2,総務費,4,選挙費,4,村長選挙費,村長選挙経費,11,役務費,3,1,01通信運搬費,01郵便料,,,,46662,R2決算書p39
2020,2,総務費,4,選挙費,4,村長選挙費,村長選挙経費,12,委託料,1,0,,,,,,113080,R2決算書p39
2020,2,総務費,4,選挙費,4,村長選挙費,村長選挙経費,12,委託料,2,0,11電算委託料,,,,,113080,R2決算書p39
2020,2,総務費,4,選挙費,4,村長選挙費,村長選挙経費,12,委託料,3,1,11電算委託料,01選挙事務委託料,,,,113080,R2決算書p39
2020,2,総務費,4,選挙費,7,村議会議員選挙費,村議会議員選挙費,,,0,0,,,,,,415330,R2決算書p40
2020,2,総務費,4,選挙費,7,村議会議員選挙費,村議会議員選挙費,10,需用費,1,0,,,,,,415330,R2決算書p40
2020,2,総務費,4,選挙費,7,村議会議員選挙費,村議会議員選挙費,10,需用費,2,0,01消耗品,,,,,415330,R2決算書p40
2020,2,総務費,4,選挙費,7,村議会議員選挙費,村議会議員選挙費,10,需用費,3,1,01消耗品,01選挙関係経費,,,,415330,R2決算書p40
2020,2,総務費,5,統計調査費,2,指定統計調査費,指定統計経費,,,0,0,,,,,,1582315,R2決算書p40
2020,2,総務費,5,統計調査費,2,指定統計調査費,指定統計経費,1,報酬,1,0,,,,,,919730,R2決算書p40
2020,2,総務費,5,統計調査費,2,指定統計調査費,指定統計経費,1,報酬,2,0,11委員報酬,,,,,919730,R2決算書p40
2020,2,総務費,5,統計調査費,2,指定統計調査費,指定統計経費,1,報酬,3,1,11委員報酬,01統計調査員報酬,,,,919730,R2決算書p40
2020,2,総務費,5,統計調査費,2,指定統計調査費,指定統計経費,8,旅費,1,0,,,,,,11280,R2決算書p40
2020,2,総務費,5,統計調査費,2,指定統計調査費,指定統計経費,8,旅費,2,0,11職員旅費,,,,,11280,R2決算書p40
2020,2,総務費,5,統計調査費,2,指定統計調査費,指定統計経費,8,旅費,3,1,11職員旅費,01職員旅費,,,,11280,R2決算書p40
2020,2,総務費,5,統計調査費,2,指定統計調査費,指定統計経費,10,需用費,1,0,,,,,,492465,R2決算書p40
2020,2,総務費,5,統計調査費,2,指定統計調査費,指定統計経費,10,需用費,2,0,01消耗品,,,,,492465,R2決算書p40
2020,2,総務費,5,統計調査費,2,指定統計調査費,指定統計経費,10,需用費,3,1,01消耗品,01消耗品,,,,492465,R2決算書p40
2020,2,総務費,5,統計調査費,2,指定統計調査費,指定統計経費,11,役務費,1,0,,,,,,7040,R2決算書p40
2020,2,総務費,5,統計調査費,2,指定統計調査費,指定統計経費,11,役務費,2,0,01通信運搬費,,,,,7040,R2決算書p40
2020,2,総務費,5,統計調査費,2,指定統計調査費,指定統計経費,11,役務費,3,1,01通信運搬費,01郵便料,,,,7040,R2決算書p40
2020,2,総務費,5,統計調査費,2,指定統計調査費,指定統計経費,13,使用料及び賃借料,1,0,,,,,,151800,R2決算書p40
2020,2,総務費,5,統計調査費,2,指定統計調査費,指定統計経費,13,使用料及び賃借料,2,0,01使用料・借上料,,,,,151800,R2決算書p40
2020,2,総務費,5,統計調査費,2,指定統計調査費,指定統計経費,13,使用料及び賃借料,3,1,01使用料・借上料,02審査会場使用料,,,,151800,R2決算書p40
2020,2,総務費,6,監査委員費,1,監査委員費,監査委員関係経費,,,0,0,,,,,,491485,R2決算書p40
2020,2,総務費,6,監査委員費,1,監査委員費,監査委員関係経費,1,報酬,1,0,,,,,,479645,R2決算書p40
2020,2,総務費,6,監査委員費,1,監査委員費,監査委員関係経費,1,報酬,2,0,11委員報酬,,,,,479645,R2決算書p40
2020,2,総務費,6,監査委員費,1,監査委員費,監査委員関係経費,1,報酬,3,1,11委員報酬,01監査委員報酬,,,,479645,R2決算書p40
2020,2,総務費,6,監査委員費,1,監査委員費,監査委員関係経費,10,需用費,1,0,,,,,,4840,R2決算書p40
2020,2,総務費,6,監査委員費,1,監査委員費,監査委員関係経費,10,需用費,2,0,01消耗品,,,,,4840,R2決算書p40
2020,2,総務費,6,監査委員費,1,監査委員費,監査委員関係経費,10,需用費,3,1,01消耗品,01図書購入費,,,,4840,R2決算書p40
2020,2,総務費,6,監査委員費,1,監査委員費,監査委員関係経費,18,負担金補助及び交付金,1,0,,,,,,7000,R2決算書p40
2020,2,総務費,6,監査委員費,1,監査委員費,監査委員関係経費,18,負担金補助及び交付金,2,0,21負担金,,,,,7000,R2決算書p40
2020,2,総務費,6,監査委員費,1,監査委員費,監査委員関係経費,18,負担金補助及び交付金,3,1,21負担金,01下伊那郡監査委員協議会負担金,,,,7000,R2決算書p40
2020,2,総務費,7,国土調査費,1,地籍調査費,地籍調査関係経費,,,0,0,,,,,,16974697,R2決算書p40
2020,2,総務費,7,国土調査費,1,地籍調査費,地籍調査関係経費,1,報酬,1,0,,,,,,1830000,R2決算書p40
2020,2,総務費,7,国土調査費,1,地籍調査費,地籍調査関係経費,1,報酬,2,0,26会計年度任用職員報酬,,,,,1830000,R2決算書p40
2020,2,総務費,7,国土調査費,1,地籍調査費,地籍調査関係経費,1,報酬,3,1,26会計年度任用職員報酬,01測量補助報酬,,,,1230000,R2決算書p40
2020,2,総務費,7,国土調査費,1,地籍調査費,地籍調査関係経費,1,報酬,3,1,26会計年度任用職員報酬,06測量補助報酬（繰越明許）,,,,600000,R2決算書p40
2020,2,総務費,7,国土調査費,1,地籍調査費,地籍調査関係経費,4,共済費,1,0,,,,,,46886,R2決算書p40
2020,2,総務費,7,国土調査費,1,地籍調査費,地籍調査関係経費,4,共済費,2,0,41臨時職員等共済費,,,,,46886,R2決算書p40
2020,2,総務費,7,国土調査費,1,地籍調査費,地籍調査関係経費,4,共済費,3,1,41臨時職員等共済費,01労働保険料,,,,46886,R2決算書p40
2020,2,総務費,7,国土調査費,1,地籍調査費,地籍調査関係経費,10,需用費,1,0,,,,,,884714,R2決算書p41
2020,2,総務費,7,国土調査費,1,地籍調査費,地籍調査関係経費,10,需用費,2,0,01消耗品,,,,,705343,R2決算書p41
2020,2,総務費,7,国土調査費,1,地籍調査費,地籍調査関係経費,10,需用費,3,1,01消耗品,10消耗品（繰越明許）,,,,138652,R2決算書p41
2020,2,総務費,7,国土調査費,1,地籍調査費,地籍調査関係経費,10,需用費,3,1,01消耗品,11現場消耗品（繰越明許）,,,,566691,R2決算書p41
2020,2,総務費,7,国土調査費,1,地籍調査費,地籍調査関係経費,10,需用費,2,0,11燃料費,,,,,89283,R2決算書p41
2020,2,総務費,7,国土調査費,1,地籍調査費,地籍調査関係経費,10,需用費,3,1,11燃料費,01公用車燃料費,,,,89283,R2決算書p41
2020,2,総務費,7,国土調査費,1,地籍調査費,地籍調査関係経費,10,需用費,2,0,51修繕費,,,,,90088,R2決算書p41
2020,2,総務費,7,国土調査費,1,地籍調査費,地籍調査関係経費,10,需用費,3,1,51修繕費,02公用車修繕費,,,,90088,R2決算書p41
2020,2,総務費,7,国土調査費,1,地籍調査費,地籍調査関係経費,11,役務費,1,0,,,,,,50850,R2決算書p41
2020,2,総務費,7,国土調査費,1,地籍調査費,地籍調査関係経費,11,役務費,2,0,21手数料,,,,,35860,R2決算書p41
2020,2,総務費,7,国土調査費,1,地籍調査費,地籍調査関係経費,11,役務費,3,1,21手数料,01公用車車検点検料,,,,35860,R2決算書p41
2020,2,総務費,7,国土調査費,1,地籍調査費,地籍調査関係経費,11,役務費,2,0,41損害保険料,,,,,14990,R2決算書p41
2020,2,総務費,7,国土調査費,1,地籍調査費,地籍調査関係経費,11,役務費,3,1,41損害保険料,01公用車共済保険料,,,,14990,R2決算書p41
2020,2,総務費,7,国土調査費,1,地籍調査費,地籍調査関係経費,12,委託料,1,0,,,,,,13013165,R2決算書p41
2020,2,総務費,7,国土調査費,1,地籍調査費,地籍調査関係経費,12,委託料,2,0,51業務委託料,,,,,726165,R2決算書p41
2020,2,総務費,7,国土調査費,1,地籍調査費,地籍調査関係経費,12,委託料,3,1,51業務委託料,02ＧＩＳ作成業務委託料,,,,456665,R2決算書p41
2020,2,総務費,7,国土調査費,1,地籍調査費,地籍調査関係経費,12,委託料,3,1,51業務委託料,11伐開委託料（繰越明許）,,,,269500,R2決算書p41
2020,2,総務費,7,国土調査費,1,地籍調査費,地籍調査関係経費,12,委託料,2,0,71調査、設計、監理委託料,,,,,12287000,R2決算書p41
2020,2,総務費,7,国土調査費,1,地籍調査費,地籍調査関係経費,12,委託料,3,1,71調査、設計、監理委託料,01地籍調査委託料,,,,1837000,R2決算書p41
2020,2,総務費,7,国土調査費,1,地籍調査費,地籍調査関係経費,12,委託料,3,1,71調査、設計、監理委託料,10地籍調査委託料（繰越明許）,,,,10450000,R2決算書p41
2020,2,総務費,7,国土調査費,1,地籍調査費,地籍調査関係経費,13,使用料及び賃借料,1,0,,,,,,863382,R2決算書p41
2020,2,総務費,7,国土調査費,1,地籍調査費,地籍調査関係経費,13,使用料及び賃借料,2,0,01使用料、借上料,,,,,863382,R2決算書p41
2020,2,総務費,7,国土調査費,1,地籍調査費,地籍調査関係経費,13,使用料及び賃借料,3,1,01使用料、借上料,01コピーリース料,,,,582600,R2決算書p41
2020,2,総務費,7,国土調査費,1,地籍調査費,地籍調査関係経費,13,使用料及び賃借料,3,1,01使用料、借上料,04国調支援システムリース料,,,,280782,R2決算書p41
2020,2,総務費,7,国土調査費,1,地籍調査費,地籍調査関係経費,17,備品購入費,1,0,,,,,,195800,R2決算書p41
2020,2,総務費,7,国土調査費,1,地籍調査費,地籍調査関係経費,17,備品購入費,2,0,01備品購入費,,,,,195800,R2決算書p41
2020,2,総務費,7,国土調査費,1,地籍調査費,地籍調査関係経費,17,備品購入費,3,1,01備品購入費,11事業用備品購入費（繰越明許）,,,,195800,R2決算書p41
2020,2,総務費,7,国土調査費,1,地籍調査費,地籍調査関係経費,18,負担金補助及び交付金,1,0,,,,,,57000,R2決算書p41
2020,2,総務費,7,国土調査費,1,地籍調査費,地籍調査関係経費,18,負担金補助及び交付金,2,0,21負担金,,,,,57000,R2決算書p41
2020,2,総務費,7,国土調査費,1,地籍調査費,地籍調査関係経費,18,負担金補助及び交付金,3,1,21負担金,01地籍調査協会負担金,,,,57000,R2決算書p41
2020,2,総務費,7,国土調査費,1,地籍調査費,地籍調査関係経費,21,補償補填及び賠償金,1,0,,,,,,26300,R2決算書p41
2020,2,総務費,7,国土調査費,1,地籍調査費,地籍調査関係経費,21,補償補填及び賠償金,2,0,01補償料,,,,,26300,R2決算書p41
2020,2,総務費,7,国土調査費,1,地籍調査費,地籍調査関係経費,21,補償補填及び賠償金,3,1,01補償料,06伐開補償料（繰越明許）,,,,26300,R2決算書p41
2020,2,総務費,7,国土調査費,1,地籍調査費,地籍調査関係経費,26,公課費,1,0,,,,,,6600,R2決算書p41
2020,2,総務費,7,国土調査費,1,地籍調査費,地籍調査関係経費,26,公課費,2,0,01重量税,,,,,6600,R2決算書p41
2020,2,総務費,7,国土調査費,1,地籍調査費,地籍調査関係経費,26,公課費,3,1,01重量税,01公用車重量税,,,,6600,R2決算書p41
2020,2,総務費,7,国土調査費,1,地籍調査費,一般職人事管理経費（地籍調査）,,,0,0,,,,,,11466080,R2決算書p41
2020,2,総務費,7,国土調査費,1,地籍調査費,一般職人事管理経費（地籍調査）,2,給料,1,0,,,,,,6208200,R2決算書p41
2020,2,総務費,7,国土調査費,1,地籍調査費,一般職人事管理経費（地籍調査）,2,給料,2,0,21職員給料,,,,,6208200,R2決算書p41
2020,2,総務費,7,国土調査費,1,地籍調査費,一般職人事管理経費（地籍調査）,2,給料,3,1,21職員給料,01一般職員給料,,,,6208200,R2決算書p41
2020,2,総務費,7,国土調査費,1,地籍調査費,一般職人事管理経費（地籍調査）,3,職員手当等,1,0,,,,,,3292383,R2決算書p41
2020,2,総務費,7,国土調査費,1,地籍調査費,一般職人事管理経費（地籍調査）,3,職員手当等,2,1,21職員手当等,,,,,3292383,R2決算書p41
2020,2,総務費,7,国土調査費,1,地籍調査費,一般職人事管理経費（地籍調査）,4,共済費,1,0,,,,,,1965497,R2決算書p41
2020,2,総務費,7,国土調査費,1,地籍調査費,一般職人事管理経費（地籍調査）,4,共済費,2,0,31一般職共済費,,,,,1965497,R2決算書p42
2020,2,総務費,7,国土調査費,1,地籍調査費,一般職人事管理経費（地籍調査）,4,共済費,3,1,31一般職共済費,01地方公務員共済組合等負担金,,,,1965497,R2決算書p42
2020,6,農林水産業費,1,農業費,1,農業委員会費,農業委員会運営経費,,,0,0,,,,,,2904110,R2決算書p60
2020,6,農林水産業費,1,農業費,1,農業委員会費,農業委員会運営経費,1,報酬,1,0,,,,,,2747500,R2決算書p60
2020,6,農林水産業費,1,農業費,1,農業委員会費,農業委員会運営経費,1,報酬,2,0,11委員報酬,,,,,2747500,R2決算書p60
2020,6,農林水産業費,1,農業費,1,農業委員会費,農業委員会運営経費,1,報酬,3,1,11委員報酬,01農業委員報酬,,,,1708000,R2決算書p60
2020,6,農林水産業費,1,農業費,1,農業委員会費,農業委員会運営経費,1,報酬,3,1,11委員報酬,02農地利用最適化推進委員報酬,,,,438000,R2決算書p60
2020,6,農林水産業費,1,農業費,1,農業委員会費,農業委員会運営経費,1,報酬,3,1,11委員報酬,03農地利用状況調査員報酬,,,,240500,R2決算書p60
2020,6,農林水産業費,1,農業費,1,農業委員会費,農業委員会運営経費,1,報酬,3,1,11委員報酬,04機構集積支援事業報酬,,,,361000,R2決算書p60
2020,6,農林水産業費,1,農業費,1,農業委員会費,農業委員会運営経費,8,旅費,1,0,,,,,,2880,R2決算書p60
2020,6,農林水産業費,1,農業費,1,農業委員会費,農業委員会運営経費,8,旅費,2,0,21委員旅費,,,,,2880,R2決算書p60
2020,6,農林水産業費,1,農業費,1,農業委員会費,農業委員会運営経費,8,旅費,3,1,21委員旅費,01委員旅費,,,,2880,R2決算書p60
2020,6,農林水産業費,1,農業費,1,農業委員会費,農業委員会運営経費,10,需用費,1,0,,,,,,68590,R2決算書p60
2020,6,農林水産業費,1,農業費,1,農業委員会費,農業委員会運営経費,10,需用費,2,0,01消耗品,,,,,68590,R2決算書p60
2020,6,農林水産業費,1,農業費,1,農業委員会費,農業委員会運営経費,10,需用費,3,1,01消耗品,01消耗品,,,,41020,R2決算書p60
2020,6,農林水産業費,1,農業費,1,農業委員会費,農業委員会運営経費,10,需用費,3,1,01消耗品,02図書購入費,,,,27570,R2決算書p60
2020,6,農林水産業費,1,農業費,1,農業委員会費,農業委員会運営経費,11,役務費,1,0,,,,,,10640,R2決算書p60
2020,6,農林水産業費,1,農業費,1,農業委員会費,農業委員会運営経費,11,役務費,2,0,01通信運搬費,,,,,1640,R2決算書p60
2020,6,農林水産業費,1,農業費,1,農業委員会費,農業委員会運営経費,11,役務費,3,1,01通信運搬費,01郵便料,,,,1640,R2決算書p60
2020,6,農林水産業費,1,農業費,1,農業委員会費,農業委員会運営経費,11,役務費,2,0,41損害保険料,,,,,9000,R2決算書p60
2020,6,農林水産業費,1,農業費,1,農業委員会費,農業委員会運営経費,11,役務費,3,1,41損害保険料,01農業委員会公務災害保険料,,,,9000,R2決算書p60
2020,6,農林水産業費,1,農業費,1,農業委員会費,農業委員会運営経費,18,負担金補助及び交付金,1,0,,,,,,74500,R2決算書p60
2020,6,農林水産業費,1,農業費,1,農業委員会費,農業委員会運営経費,18,負担金補助及び交付金,2,0,21負担金,,,,,74500,R2決算書p60
2020,6,農林水産業費,1,農業費,1,農業委員会費,農業委員会運営経費,18,負担金補助及び交付金,3,1,21負担金,01飯伊農業委員会協議会負担金,,,,20000,R2決算書p60
2020,6,農林水産業費,1,農業費,1,農業委員会費,農業委員会運営経費,18,負担金補助及び交付金,3,1,21負担金,02長野県農業会議負担金,,,,42000,R2決算書p60
2020,6,農林水産業費,1,農業費,1,農業委員会費,農業委員会運営経費,18,負担金補助及び交付金,3,1,21負担金,05研修会負担金,,,,1500,R2決算書p60
2020,6,農林水産業費,1,農業費,1,農業委員会費,農業委員会運営経費,18,負担金補助及び交付金,3,1,21負担金,06土地情報管理センター負担金,,,,11000,R2決算書p60
2020,6,農林水産業費,1,農業費,2,農業総務費,農業総務一般経費,,,0,0,,,,,,280547,R2決算書p60
2020,6,農林水産業費,1,農業費,2,農業総務費,農業総務一般経費,8,旅費,1,0,,,,,,4000,R2決算書p60
2020,6,農林水産業費,1,農業費,2,農業総務費,農業総務一般経費,8,旅費,2,0,11職員旅費,,,,,4000,R2決算書p60
2020,6,農林水産業費,1,農業費,2,農業総務費,農業総務一般経費,8,旅費,3,1,11職員旅費,01職員旅費,,,,4000,R2決算書p60
2020,6,農林水産業費,1,農業費,2,農業総務費,農業総務一般経費,10,需用費,1,0,,,,,,212226,R2決算書p60
2020,6,農林水産業費,1,農業費,2,農業総務費,農業総務一般経費,10,需用費,2,0,01消耗品,,,,,13828,R2決算書p60
2020,6,農林水産業費,1,農業費,2,農業総務費,農業総務一般経費,10,需用費,3,1,01消耗品,02図書購入費,,,,13828,R2決算書p60
2020,6,農林水産業費,1,農業費,2,農業総務費,農業総務一般経費,10,需用費,2,0,11燃料費,,,,,82273,R2決算書p60
2020,6,農林水産業費,1,農業費,2,農業総務費,農業総務一般経費,10,需用費,3,1,11燃料費,01公用車燃料費,,,,82273,R2決算書p60
2020,6,農林水産業費,1,農業費,2,農業総務費,農業総務一般経費,10,需用費,2,0,51修繕費,,,,,116125,R2決算書p60
2020,6,農林水産業費,1,農業費,2,農業総務費,農業総務一般経費,10,需用費,3,1,51修繕費,01公用車修繕費,,,,116125,R2決算書p60
2020,6,農林水産業費,1,農業費,2,農業総務費,農業総務一般経費,11,役務費,1,0,,,,,,16880,R2決算書p60
2020,6,農林水産業費,1,農業費,2,農業総務費,農業総務一般経費,11,役務費,2,0,41損害保険料,,,,,16880,R2決算書p60
2020,6,農林水産業費,1,農業費,2,農業総務費,農業総務一般経費,11,役務費,3,1,41損害保険料,01公用車共済保険料,,,,16880,R2決算書p60
2020,6,農林水産業費,1,農業費,2,農業総務費,農業総務一般経費,18,負担金補助及び交付金,1,0,,,,,,47441,R2決算書p60
2020,6,農林水産業費,1,農業費,2,農業総務費,農業総務一般経費,18,負担金補助及び交付金,2,0,21負担金,,,,,47441,R2決算書p60
2020,6,農林水産業費,1,農業費,2,農業総務費,農業総務一般経費,18,負担金補助及び交付金,3,1,21負担金,01飯伊農業振興協議会負担金,,,,9000,R2決算書p60
2020,6,農林水産業費,1,農業費,2,農業総務費,農業総務一般経費,18,負担金補助及び交付金,3,1,21負担金,04伊那谷アグリイノベーション推進機構負担金,,,,20000,R2決算書p60
2020,6,農林水産業費,1,農業費,2,農業総務費,農業総務一般経費,18,負担金補助及び交付金,3,1,21負担金,05南信州・担い手就農プロデュース負担金,,,,18441,R2決算書p61
2020,6,農林水産業費,1,農業費,2,農業総務費,一般職人事管理経費（農務）,,,0,0,,,,,,21583915,R2決算書p61
2020,6,農林水産業費,1,農業費,2,農業総務費,一般職人事管理経費（農務）,2,給料,1,0,,,,,,12420300,R2決算書p61
2020,6,農林水産業費,1,農業費,2,農業総務費,一般職人事管理経費（農務）,2,給料,2,0,21職員給料,,,,,12420300,R2決算書p61
2020,6,農林水産業費,1,農業費,2,農業総務費,一般職人事管理経費（農務）,2,給料,3,1,21職員給料,01一般職員給料,,,,12420300,R2決算書p61
2020,6,農林水産業費,1,農業費,2,農業総務費,一般職人事管理経費（農務）,3,職員手当等,1,0,,,,,,5550507,R2決算書p61
2020,6,農林水産業費,1,農業費,2,農業総務費,一般職人事管理経費（農務）,3,職員手当等,2,1,21職員手当等,,,,,5550507,R2決算書p61
2020,6,農林水産業費,1,農業費,2,農業総務費,一般職人事管理経費（農務）,4,共済費,1,0,,,,,,3613108,R2決算書p61
2020,6,農林水産業費,1,農業費,2,農業総務費,一般職人事管理経費（農務）,4,共済費,2,0,31一般職共済費,,,,,3613108,R2決算書p61
2020,6,農林水産業費,1,農業費,2,農業総務費,一般職人事管理経費（農務）,4,共済費,3,1,31一般職共済費,01地方公務員共済組合等負担金,,,,3613108,R2決算書p61
2020,6,農林水産業費,1,農業費,3,農業振興費,農業振興一般経費,,,0,0,,,,,,17447463,R2決算書p61
2020,6,農林水産業費,1,農業費,3,農業振興費,農業振興一般経費,10,需用費,1,0,,,,,,27000,R2決算書p61
2020,6,農林水産業費,1,農業費,3,農業振興費,農業振興一般経費,10,需用費,2,0,01消耗品,,,,,27000,R2決算書p61
2020,6,農林水産業費,1,農業費,3,農業振興費,農業振興一般経費,10,需用費,3,1,01消耗品,01消耗品,,,,27000,R2決算書p61
2020,6,農林水産業費,1,農業費,3,農業振興費,農業振興一般経費,12,委託料,1,0,,,,,,935000,R2決算書p61
2020,6,農林水産業費,1,農業費,3,農業振興費,農業振興一般経費,12,委託料,2,0,71調査、設計、監理委託料,,,,,935000,R2決算書p61
2020,6,農林水産業費,1,農業費,3,農業振興費,農業振興一般経費,12,委託料,3,1,71調査、設計、監理委託料,03塩の里周辺整備設計、監理委託料,,,,935000,R2決算書p61
2020,6,農林水産業費,1,農業費,3,農業振興費,農業振興一般経費,14,工事請負費,1,0,,,,,,1419000,R2決算書p61
2020,6,農林水産業費,1,農業費,3,農業振興費,農業振興一般経費,14,工事請負費,2,0,31単独事業,,,,,1419000,R2決算書p61
2020,6,農林水産業費,1,農業費,3,農業振興費,農業振興一般経費,14,工事請負費,3,1,31単独事業,05農業施設設置工事,,,,1419000,R2決算書p61
2020,6,農林水産業費,1,農業費,3,農業振興費,農業振興一般経費,17,備品購入費,1,0,,,,,,3832530,R2決算書p61
2020,6,農林水産業費,1,農業費,3,農業振興費,農業振興一般経費,17,備品購入費,2,0,01備品購入費,,,,,3832530,R2決算書p61
2020,6,農林水産業費,1,農業費,3,農業振興費,農業振興一般経費,17,備品購入費,3,1,01備品購入費,03そば用収穫機械購入費,,,,3758500,R2決算書p61
2020,6,農林水産業費,1,農業費,3,農業振興費,農業振興一般経費,17,備品購入費,3,1,01備品購入費,04農産物加工直売施設備品購入費,,,,74030,R2決算書p61
2020,6,農林水産業費,1,農業費,3,農業振興費,農業振興一般経費,18,負担金補助及び交付金,1,0,,,,,,11233933,R2決算書p61
2020,6,農林水産業費,1,農業費,3,農業振興費,農業振興一般経費,18,負担金補助及び交付金,2,0,51補助金,,,,,11233933,R2決算書p61
2020,6,農林水産業費,1,農業費,3,農業振興費,農業振興一般経費,18,負担金補助及び交付金,3,1,51補助金,01獣害防止施設設置補助金,,,,10279000,R2決算書p61
2020,6,農林水産業費,1,農業費,3,農業振興費,農業振興一般経費,18,負担金補助及び交付金,3,1,51補助金,04ふるさと保全活動補助金,,,,10016,R2決算書p61
2020,6,農林水産業費,1,農業費,3,農業振興費,農業振興一般経費,18,負担金補助及び交付金,3,1,51補助金,05産業文化祭補助金,,,,80600,R2決算書p61
2020,6,農林水産業費,1,農業費,3,農業振興費,農業振興一般経費,18,負担金補助及び交付金,3,1,51補助金,10地産地消支援事業補助金,,,,21240,R2決算書p61
2020,6,農林水産業費,1,農業費,3,農業振興費,農業振興一般経費,18,負担金補助及び交付金,3,1,51補助金,11大豆価格安定事業補助金,,,,58300,R2決算書p61
2020,6,農林水産業費,1,農業費,3,農業振興費,農業振興一般経費,18,負担金補助及び交付金,3,1,51補助金,19遊休農地対策事業補助金,,,,376777,R2決算書p61
2020,6,農林水産業費,1,農業費,3,農業振興費,農業振興一般経費,18,負担金補助及び交付金,3,1,51補助金,20特産農産物生産振興補助金,,,,408000,R2決算書p61
2020,6,農林水産業費,1,農業費,3,農業振興費,経営所得安定対策事業,,,0,0,,,,,,24042,R2決算書p61
2020,6,農林水産業費,1,農業費,3,農業振興費,経営所得安定対策事業,10,需用費,1,0,,,,,,8896,R2決算書p61
2020,6,農林水産業費,1,農業費,3,農業振興費,経営所得安定対策事業,10,需用費,2,0,01消耗品,,,,,8896,R2決算書p61
2020,6,農林水産業費,1,農業費,3,農業振興費,経営所得安定対策事業,10,需用費,3,1,01消耗品,01消耗品,,,,8896,R2決算書p61
2020,6,農林水産業費,1,農業費,3,農業振興費,経営所得安定対策事業,11,役務費,1,0,,,,,,15146,R2決算書p61
2020,6,農林水産業費,1,農業費,3,農業振興費,経営所得安定対策事業,11,役務費,2,0,01通信運搬費,,,,,15146,R2決算書p61
2020,6,農林水産業費,1,農業費,3,農業振興費,経営所得安定対策事業,11,役務費,3,1,01通信運搬費,01郵便料,,,,15146,R2決算書p61
2020,6,農林水産業費,1,農業費,3,農業振興費,有害鳥獣駆除関係経費,,,0,0,,,,,,6014910,R2決算書p62
2020,6,農林水産業費,1,農業費,3,農業振興費,有害鳥獣駆除関係経費,7,報償費,1,0,,,,,,3880000,R2決算書p62
2020,6,農林水産業費,1,農業費,3,農業振興費,有害鳥獣駆除関係経費,7,報償費,2,0,01謝金,,,,,26000,R2決算書p62
2020,6,農林水産業費,1,農業費,3,農業振興費,有害鳥獣駆除関係経費,7,報償費,3,1,01謝金,01有害鳥獣駆除謝金,,,,26000,R2決算書p62
2020,6,農林水産業費,1,農業費,3,農業振興費,有害鳥獣駆除関係経費,7,報償費,2,0,21買上金,,,,,3854000,R2決算書p62
2020,6,農林水産業費,1,農業費,3,農業振興費,有害鳥獣駆除関係経費,7,報償費,3,1,21買上金,01有害鳥獣駆除報償,,,,3854000,R2決算書p62
2020,6,農林水産業費,1,農業費,3,農業振興費,有害鳥獣駆除関係経費,10,需用費,1,0,,,,,,5610,R2決算書p62
2020,6,農林水産業費,1,農業費,3,農業振興費,有害鳥獣駆除関係経費,10,需用費,2,0,01消耗品,,,,,5610,R2決算書p62
2020,6,農林水産業費,1,農業費,3,農業振興費,有害鳥獣駆除関係経費,10,需用費,3,1,01消耗品,01鳥獣害防止施設資材代,,,,5610,R2決算書p62
2020,6,農林水産業費,1,農業費,3,農業振興費,有害鳥獣駆除関係経費,12,委託料,1,0,,,,,,80000,R2決算書p62
2020,6,農林水産業費,1,農業費,3,農業振興費,有害鳥獣駆除関係経費,12,委託料,2,0,21保守管理委託料,,,,,80000,R2決算書p62
2020,6,農林水産業費,1,農業費,3,農業振興費,有害鳥獣駆除関係経費,12,委託料,3,1,21保守管理委託料,01有害鳥獣捕獲檻管理委託料,,,,80000,R2決算書p62
2020,6,農林水産業費,1,農業費,3,農業振興費,有害鳥獣駆除関係経費,17,備品購入費,1,0,,,,,,451000,R2決算書p62
2020,6,農林水産業費,1,農業費,3,農業振興費,有害鳥獣駆除関係経費,17,備品購入費,2,0,01備品購入費,,,,,451000,R2決算書p62
2020,6,農林水産業費,1,農業費,3,農業振興費,有害鳥獣駆除関係経費,17,備品購入費,3,1,01備品購入費,01事業用備品購入費,,,,451000,R2決算書p62
2020,6,農林水産業費,1,農業費,3,農業振興費,有害鳥獣駆除関係経費,18,負担金補助及び交付金,1,0,,,,,,1598300,R2決算書p62
2020,6,農林水産業費,1,農業費,3,農業振興費,有害鳥獣駆除関係経費,18,負担金補助及び交付金,2,0,71交付金,,,,,1598300,R2決算書p62
2020,6,農林水産業費,1,農業費,3,農業振興費,有害鳥獣駆除関係経費,18,負担金補助及び交付金,3,1,71交付金,01有害鳥獣駆除対策協議会交付金,,,,1598300,R2決算書p62
2020,6,農林水産業費,1,農業費,3,農業振興費,人・農地プラン推進事業,,,0,0,,,,,,43000,R2決算書p62
2020,6,農林水産業費,1,農業費,3,農業振興費,人・農地プラン推進事業,1,報酬,1,0,,,,,,43000,R2決算書p62
2020,6,農林水産業費,1,農業費,3,農業振興費,人・農地プラン推進事業,1,報酬,2,0,11委員報酬,,,,,43000,R2決算書p62
2020,6,農林水産業費,1,農業費,3,農業振興費,人・農地プラン推進事業,1,報酬,3,1,11委員報酬,01人・農地プラン策定委員報酬,,,,43000,R2決算書p62
2020,6,農林水産業費,1,農業費,3,農業振興費,地域ブランド推進事業,,,0,0,,,,,,2381177,R2決算書p62
2020,6,農林水産業費,1,農業費,3,農業振興費,地域ブランド推進事業,1,報酬,1,0,,,,,,17200,R2決算書p62
2020,6,農林水産業費,1,農業費,3,農業振興費,地域ブランド推進事業,1,報酬,2,0,11委員報酬,,,,,17200,R2決算書p62
2020,6,農林水産業費,1,農業費,3,農業振興費,地域ブランド推進事業,1,報酬,3,1,11委員報酬,01地域ブランド協議会報酬,,,,17200,R2決算書p62
2020,6,農林水産業費,1,農業費,3,農業振興費,地域ブランド推進事業,10,需用費,1,0,,,,,,634977,R2決算書p62
2020,6,農林水産業費,1,農業費,3,農業振興費,地域ブランド推進事業,10,需用費,2,0,01消耗品,,,,,354477,R2決算書p62
2020,6,農林水産業費,1,農業費,3,農業振興費,地域ブランド推進事業,10,需用費,3,1,01消耗品,01消耗品,,,,354477,R2決算書p62
2020,6,農林水産業費,1,農業費,3,農業振興費,地域ブランド推進事業,10,需用費,2,0,31印刷製本費,,,,,280500,R2決算書p62
2020,6,農林水産業費,1,農業費,3,農業振興費,地域ブランド推進事業,10,需用費,3,1,31印刷製本費,01ロゴマーク印刷費,,,,280500,R2決算書p62
2020,6,農林水産業費,1,農業費,3,農業振興費,地域ブランド推進事業,18,負担金補助及び交付金,1,0,,,,,,1729000,R2決算書p62
2020,6,農林水産業費,1,農業費,3,農業振興費,地域ブランド推進事業,18,負担金補助及び交付金,2,0,51補助金,,,,,1729000,R2決算書p62
2020,6,農林水産業費,1,農業費,3,農業振興費,地域ブランド推進事業,18,負担金補助及び交付金,3,1,51補助金,01六次産業化等支援補助金,,,,433000,R2決算書p62
2020,6,農林水産業費,1,農業費,3,農業振興費,地域ブランド推進事業,18,負担金補助及び交付金,3,1,51補助金,02お墨付き商品支援補助金,,,,196000,R2決算書p62
2020,6,農林水産業費,1,農業費,3,農業振興費,地域ブランド推進事業,18,負担金補助及び交付金,3,1,51補助金,03地域の一店一商品づくりサポート事業補助金,,,,1100000,R2決算書p62
2020,6,農林水産業費,1,農業費,3,農業振興費,営農支援センター運営費,,,0,0,,,,,,721200,R2決算書p62
2020,6,農林水産業費,1,農業費,3,農業振興費,営農支援センター運営費,1,報酬,1,0,,,,,,721200,R2決算書p62
2020,6,農林水産業費,1,農業費,3,農業振興費,営農支援センター運営費,1,報酬,2,0,26会計年度任用職員報酬,,,,,721200,R2決算書p62
2020,6,農林水産業費,1,農業費,3,農業振興費,営農支援センター運営費,1,報酬,3,1,26会計年度任用職員報酬,01地域連携推進員報酬,,,,721200,R2決算書p62
2020,6,農林水産業費,1,農業費,4,畜産業費,家畜診療施設運営経費,,,0,0,,,,,,1203648,R2決算書p63
2020,6,農林水産業費,1,農業費,4,畜産業費,家畜診療施設運営経費,10,需用費,1,0,,,,,,163648,R2決算書p63
2020,6,農林水産業費,1,農業費,4,畜産業費,家畜診療施設運営経費,10,需用費,2,0,11燃料費,,,,,163648,R2決算書p63
2020,6,農林水産業費,1,農業費,4,畜産業費,家畜診療施設運営経費,10,需用費,3,1,11燃料費,01家畜診療燃料費,,,,163648,R2決算書p63
2020,6,農林水産業費,1,農業費,4,畜産業費,家畜診療施設運営経費,12,委託料,1,0,,,,,,1040000,R2決算書p63
2020,6,農林水産業費,1,農業費,4,畜産業費,家畜診療施設運営経費,12,委託料,2,0,51業務委託料,,,,,1040000,R2決算書p63
2020,6,農林水産業費,1,農業費,4,畜産業費,家畜診療施設運営経費,12,委託料,3,1,51業務委託料,01家畜診療委託料,,,,1040000,R2決算書p63
2020,6,農林水産業費,1,農業費,5,畜産振興費,畜産振興経費,,,0,0,,,,,,155685,R2決算書p63
2020,6,農林水産業費,1,農業費,5,畜産振興費,畜産振興経費,10,需用費,1,0,,,,,,40405,R2決算書p63
2020,6,農林水産業費,1,農業費,5,畜産振興費,畜産振興経費,10,需用費,2,0,01消耗品,,,,,40405,R2決算書p63
2020,6,農林水産業費,1,農業費,5,畜産振興費,畜産振興経費,10,需用費,3,1,01消耗品,01消耗品,,,,40405,R2決算書p63
2020,6,農林水産業費,1,農業費,5,畜産振興費,畜産振興経費,14,工事請負費,1,0,,,,,,115280,R2決算書p63
2020,6,農林水産業費,1,農業費,5,畜産振興費,畜産振興経費,14,工事請負費,2,0,31単独事業,,,,,115280,R2決算書p63
2020,6,農林水産業費,1,農業費,5,畜産振興費,畜産振興経費,14,工事請負費,3,1,31単独事業,01防護柵設置工事,,,,115280,R2決算書p63
2020,6,農林水産業費,1,農業費,6,農地費,農地費一般経費,,,0,0,,,,,,9176506,R2決算書p63
2020,6,農林水産業費,1,農業費,6,農地費,農地費一般経費,1,報酬,1,0,,,,,,476000,R2決算書p63
2020,6,農林水産業費,1,農業費,6,農地費,農地費一般経費,1,報酬,2,0,11委員報酬,,,,,476000,R2決算書p63
2020,6,農林水産業費,1,農業費,6,農地費,農地費一般経費,1,報酬,3,1,11委員報酬,01地すべり防止区域管理報酬,,,,476000,R2決算書p63
2020,6,農林水産業費,1,農業費,6,農地費,農地費一般経費,12,委託料,1,0,,,,,,1705000,R2決算書p63
2020,6,農林水産業費,1,農業費,6,農地費,農地費一般経費,12,委託料,2,0,71調査、設計、監理委託料,,,,,1705000,R2決算書p63
2020,6,農林水産業費,1,農業費,6,農地費,農地費一般経費,12,委託料,3,1,71調査、設計、監理委託料,02単独事業設計、監理委託料,,,,1705000,R2決算書p63
2020,6,農林水産業費,1,農業費,6,農地費,農地費一般経費,14,工事請負費,1,0,,,,,,4963200,R2決算書p63
2020,6,農林水産業費,1,農業費,6,農地費,農地費一般経費,14,工事請負費,2,0,32維持・修繕工事,,,,,4963200,R2決算書p63
2020,6,農林水産業費,1,農業費,6,農地費,農地費一般経費,14,工事請負費,3,1,32維持・修繕工事,01農地維持工事,,,,4963200,R2決算書p63
2020,6,農林水産業費,1,農業費,6,農地費,農地費一般経費,15,原材料費,1,0,,,,,,705106,R2決算書p63
2020,6,農林水産業費,1,農業費,6,農地費,農地費一般経費,15,原材料費,2,0,01原材料費,,,,,705106,R2決算書p63
2020,6,農林水産業費,1,農業費,6,農地費,農地費一般経費,15,原材料費,3,1,01原材料費,02土地改良用資材代,,,,705106,R2決算書p63
2020,6,農林水産業費,1,農業費,6,農地費,農地費一般経費,18,負担金補助及び交付金,1,0,,,,,,1327200,R2決算書p63
2020,6,農林水産業費,1,農業費,6,農地費,農地費一般経費,18,負担金補助及び交付金,2,0,21負担金,,,,,40200,R2決算書p63
2020,6,農林水産業費,1,農業費,6,農地費,農地費一般経費,18,負担金補助及び交付金,3,1,21負担金,01長土連市町村割賦課金,,,,40200,R2決算書p63
2020,6,農林水産業費,1,農業費,6,農地費,農地費一般経費,18,負担金補助及び交付金,2,0,51補助金,,,,,1287000,R2決算書p63
2020,6,農林水産業費,1,農業費,6,農地費,農地費一般経費,18,負担金補助及び交付金,3,1,51補助金,01農業用井水維持修繕補助金,,,,1287000,R2決算書p63
2020,6,農林水産業費,1,農業費,20,地域おこし協力隊事業,地域おこし協力隊事業,,,0,0,,,,,,3435913,R2決算書p63
2020,6,農林水産業費,1,農業費,20,地域おこし協力隊事業,地域おこし協力隊事業,1,報酬,1,0,,,,,,2400000,R2決算書p63
2020,6,農林水産業費,1,農業費,20,地域おこし協力隊事業,地域おこし協力隊事業,1,報酬,2,0,26会計年度任用職員報酬,,,,,2400000,R2決算書p63
2020,6,農林水産業費,1,農業費,20,地域おこし協力隊事業,地域おこし協力隊事業,1,報酬,3,1,26会計年度任用職員報酬,01地域おこし協力隊報酬,,,,2400000,R2決算書p63
2020,6,農林水産業費,1,農業費,20,地域おこし協力隊事業,地域おこし協力隊事業,10,需用費,1,0,,,,,,104721,R2決算書p63
2020,6,農林水産業費,1,農業費,20,地域おこし協力隊事業,地域おこし協力隊事業,10,需用費,2,0,01消耗品,,,,,79972,R2決算書p63
2020,6,農林水産業費,1,農業費,20,地域おこし協力隊事業,地域おこし協力隊事業,10,需用費,3,1,01消耗品,01消耗品,,,,79972,R2決算書p63
2020,6,農林水産業費,1,農業費,20,地域おこし協力隊事業,地域おこし協力隊事業,10,需用費,2,0,11燃料費,,,,,4674,R2決算書p63
2020,6,農林水産業費,1,農業費,20,地域おこし協力隊事業,地域おこし協力隊事業,10,需用費,3,1,11燃料費,01公用車燃料代,,,,4674,R2決算書p63
2020,6,農林水産業費,1,農業費,20,地域おこし協力隊事業,地域おこし協力隊事業,10,需用費,2,0,51修繕費,,,,,20075,R2決算書p64
2020,6,農林水産業費,1,農業費,20,地域おこし協力隊事業,地域おこし協力隊事業,10,需用費,3,1,51修繕費,02公用車修繕費,,,,20075,R2決算書p64
2020,6,農林水産業費,1,農業費,20,地域おこし協力隊事業,地域おこし協力隊事業,11,役務費,1,0,,,,,,16160,R2決算書p64
2020,6,農林水産業費,1,農業費,20,地域おこし協力隊事業,地域おこし協力隊事業,11,役務費,2,0,41損害保険料,,,,,16160,R2決算書p64
2020,6,農林水産業費,1,農業費,20,地域おこし協力隊事業,地域おこし協力隊事業,11,役務費,3,1,41損害保険料,01公用車共済保険料,,,,16160,R2決算書p64
2020,6,農林水産業費,1,農業費,20,地域おこし協力隊事業,地域おこし協力隊事業,13,使用料及び賃借料,1,0,,,,,,772032,R2決算書p64
2020,6,農林水産業費,1,農業費,20,地域おこし協力隊事業,地域おこし協力隊事業,13,使用料及び賃借料,2,0,01使用料・借上料,,,,,772032,R2決算書p64
2020,6,農林水産業費,1,農業費,20,地域おこし協力隊事業,地域おこし協力隊事業,13,使用料及び賃借料,3,1,01使用料・借上料,02住居借上料,,,,408000,R2決算書p64
2020,6,農林水産業費,1,農業費,20,地域おこし協力隊事業,地域おこし協力隊事業,13,使用料及び賃借料,3,1,01使用料・借上料,04事務用機器リース料,,,,166032,R2決算書p64
2020,6,農林水産業費,1,農業費,20,地域おこし協力隊事業,地域おこし協力隊事業,13,使用料及び賃借料,3,1,01使用料・借上料,05自動車リース料,,,,198000,R2決算書p64
2020,6,農林水産業費,1,農業費,20,地域おこし協力隊事業,地域おこし協力隊事業,18,負担金補助及び交付金,1,0,,,,,,143000,R2決算書p64
2020,6,農林水産業費,1,農業費,20,地域おこし協力隊事業,地域おこし協力隊事業,18,負担金補助及び交付金,2,0,21負担金,,,,,143000,R2決算書p64
2020,6,農林水産業費,1,農業費,20,地域おこし協力隊事業,地域おこし協力隊事業,18,負担金補助及び交付金,3,1,21負担金,01会議負担金,,,,143000,R2決算書p64
2020,6,農林水産業費,1,農業費,21,日本型直接支払事業,日本型直接支払制度,,,0,0,,,,,,4664822,R2決算書p64
2020,6,農林水産業費,1,農業費,21,日本型直接支払事業,日本型直接支払制度,1,報酬,1,0,,,,,,175000,R2決算書p64
2020,6,農林水産業費,1,農業費,21,日本型直接支払事業,日本型直接支払制度,1,報酬,2,0,26会計年度任用職員報酬,,,,,175000,R2決算書p64
2020,6,農林水産業費,1,農業費,21,日本型直接支払事業,日本型直接支払制度,1,報酬,3,1,26会計年度任用職員報酬,01中山間地域直接支払報酬,,,,105000,R2決算書p64
2020,6,農林水産業費,1,農業費,21,日本型直接支払事業,日本型直接支払制度,1,報酬,3,1,26会計年度任用職員報酬,02多面的機能支払報酬,,,,70000,R2決算書p64
2020,6,農林水産業費,1,農業費,21,日本型直接支払事業,日本型直接支払制度,10,需用費,1,0,,,,,,40000,R2決算書p64
2020,6,農林水産業費,1,農業費,21,日本型直接支払事業,日本型直接支払制度,10,需用費,2,0,01消耗品,,,,,40000,R2決算書p64
2020,6,農林水産業費,1,農業費,21,日本型直接支払事業,日本型直接支払制度,10,需用費,3,1,01消耗品,01中山間直払消耗品,,,,40000,R2決算書p64
2020,6,農林水産業費,1,農業費,21,日本型直接支払事業,日本型直接支払制度,18,負担金補助及び交付金,1,0,,,,,,4449822,R2決算書p64
2020,6,農林水産業費,1,農業費,21,日本型直接支払事業,日本型直接支払制度,18,負担金補助及び交付金,2,0,71交付金,,,,,4449822,R2決算書p64
2020,6,農林水産業費,1,農業費,21,日本型直接支払事業,日本型直接支払制度,18,負担金補助及び交付金,3,1,71交付金,01中山間地域等直接支払交付金,,,,3513714,R2決算書p64
2020,6,農林水産業費,1,農業費,21,日本型直接支払事業,日本型直接支払制度,18,負担金補助及び交付金,3,1,71交付金,02多面的機能支払交付金,,,,936108,R2決算書p64
2020,6,農林水産業費,2,林業費,1,林業総務費,林業総務一般経費,,,0,0,,,,,,1921536,R2決算書p64
2020,6,農林水産業費,2,林業費,1,林業総務費,林業総務一般経費,1,報酬,1,0,,,,,,21100,R2決算書p64
2020,6,農林水産業費,2,林業費,1,林業総務費,林業総務一般経費,1,報酬,2,0,11委員報酬,,,,,21100,R2決算書p64
2020,6,農林水産業費,2,林業費,1,林業総務費,林業総務一般経費,1,報酬,3,1,11委員報酬,01林務委員報酬,,,,21100,R2決算書p64
2020,6,農林水産業費,2,林業費,1,林業総務費,林業総務一般経費,18,負担金補助及び交付金,1,0,,,,,,1900436,R2決算書p64
2020,6,農林水産業費,2,林業費,1,林業総務費,林業総務一般経費,18,負担金補助及び交付金,2,0,21負担金,,,,,833436,R2決算書p64
2020,6,農林水産業費,2,林業費,1,林業総務費,林業総務一般経費,18,負担金補助及び交付金,3,1,21負担金,01下伊那地区分収造林協議会負担金,,,,72336,R2決算書p64
2020,6,農林水産業費,2,林業費,1,林業総務費,林業総務一般経費,18,負担金補助及び交付金,3,1,21負担金,03南信州特用林産振興会負担金,,,,10000,R2決算書p64
2020,6,農林水産業費,2,林業費,1,林業総務費,林業総務一般経費,18,負担金補助及び交付金,3,1,21負担金,05下伊那山林協会負担金,,,,696100,R2決算書p64
2020,6,農林水産業費,2,林業費,1,林業総務費,林業総務一般経費,18,負担金補助及び交付金,3,1,21負担金,06飯伊林業活性化協議会負担金,,,,42000,R2決算書p64
2020,6,農林水産業費,2,林業費,1,林業総務費,林業総務一般経費,18,負担金補助及び交付金,3,1,21負担金,07長野県林業職員協会負担金,,,,3000,R2決算書p64
2020,6,農林水産業費,2,林業費,1,林業総務費,林業総務一般経費,18,負担金補助及び交付金,3,1,21負担金,08長野県森林保全協議会負担金,,,,10000,R2決算書p64
2020,6,農林水産業費,2,林業費,1,林業総務費,林業総務一般経費,18,負担金補助及び交付金,2,0,51補助金,,,,,1067000,R2決算書p64
2020,6,農林水産業費,2,林業費,1,林業総務費,林業総務一般経費,18,負担金補助及び交付金,3,1,51補助金,02木質バイオマス普及促進補助金,,,,1067000,R2決算書p64
2020,6,農林水産業費,2,林業費,1,林業総務費,一般職人事管理経費（林務）,,,0,0,,,,,,7196715,R2決算書p64
2020,6,農林水産業費,2,林業費,1,林業総務費,一般職人事管理経費（林務）,2,給料,1,0,,,,,,3673200,R2決算書p64
2020,6,農林水産業費,2,林業費,1,林業総務費,一般職人事管理経費（林務）,2,給料,2,0,21職員給料,,,,,3673200,R2決算書p65
2020,6,農林水産業費,2,林業費,1,林業総務費,一般職人事管理経費（林務）,2,給料,3,1,21職員給料,01一般職員給料,,,,3673200,R2決算書p65
2020,6,農林水産業費,2,林業費,1,林業総務費,一般職人事管理経費（林務）,3,職員手当等,1,0,,,,,,2259491,R2決算書p65
2020,6,農林水産業費,2,林業費,1,林業総務費,一般職人事管理経費（林務）,3,職員手当等,2,1,21職員手当等,,,,,2259491,R2決算書p65
2020,6,農林水産業費,2,林業費,1,林業総務費,一般職人事管理経費（林務）,4,共済費,1,0,,,,,,1264024,R2決算書p65
2020,6,農林水産業費,2,林業費,1,林業総務費,一般職人事管理経費（林務）,4,共済費,2,0,31一般職共済費,,,,,1264024,R2決算書p65
2020,6,農林水産業費,2,林業費,1,林業総務費,一般職人事管理経費（林務）,4,共済費,3,1,31一般職共済費,01地方公務員共済組合等負担金,,,,1264024,R2決算書p65
2020,6,農林水産業費,2,林業費,2,林業振興費,林業振興一般経費,,,0,0,,,,,,3173108,R2決算書p65
2020,6,農林水産業費,2,林業費,2,林業振興費,林業振興一般経費,10,需用費,1,0,,,,,,581045,R2決算書p65
2020,6,農林水産業費,2,林業費,2,林業振興費,林業振興一般経費,10,需用費,2,0,01消耗品,,,,,130899,R2決算書p65
2020,6,農林水産業費,2,林業費,2,林業振興費,林業振興一般経費,10,需用費,3,1,01消耗品,01消耗品,,,,88899,R2決算書p65
2020,6,農林水産業費,2,林業費,2,林業振興費,林業振興一般経費,10,需用費,3,1,01消耗品,07育林祭記念品,,,,42000,R2決算書p65
2020,6,農林水産業費,2,林業費,2,林業振興費,林業振興一般経費,10,需用費,2,0,41光熱水費,,,,,352136,R2決算書p65
2020,6,農林水産業費,2,林業費,2,林業振興費,林業振興一般経費,10,需用費,3,1,41光熱水費,01電気料,,,,325080,R2決算書p65
2020,6,農林水産業費,2,林業費,2,林業振興費,林業振興一般経費,10,需用費,3,1,41光熱水費,02ガス代,,,,27056,R2決算書p65
2020,6,農林水産業費,2,林業費,2,林業振興費,林業振興一般経費,10,需用費,2,0,51修繕費,,,,,98010,R2決算書p65
2020,6,農林水産業費,2,林業費,2,林業振興費,林業振興一般経費,10,需用費,3,1,51修繕費,01機械修繕費,,,,98010,R2決算書p65
2020,6,農林水産業費,2,林業費,2,林業振興費,林業振興一般経費,11,役務費,1,0,,,,,,127163,R2決算書p65
2020,6,農林水産業費,2,林業費,2,林業振興費,林業振興一般経費,11,役務費,2,0,01通信運搬費,,,,,75703,R2決算書p65
2020,6,農林水産業費,2,林業費,2,林業振興費,林業振興一般経費,11,役務費,3,1,01通信運搬費,02情報通信接続料,,,,75703,R2決算書p65
2020,6,農林水産業費,2,林業費,2,林業振興費,林業振興一般経費,11,役務費,2,0,21手数料,,,,,19410,R2決算書p65
2020,6,農林水産業費,2,林業費,2,林業振興費,林業振興一般経費,11,役務費,3,1,21手数料,01合併浄化槽検査手数料,,,,5000,R2決算書p65
2020,6,農林水産業費,2,林業費,2,林業振興費,林業振興一般経費,11,役務費,3,1,21手数料,02目立料,,,,14410,R2決算書p65
2020,6,農林水産業費,2,林業費,2,林業振興費,林業振興一般経費,11,役務費,2,0,41損害保険料,,,,,32050,R2決算書p65
2020,6,農林水産業費,2,林業費,2,林業振興費,林業振興一般経費,11,役務費,3,1,41損害保険料,02施設利用者傷害保険料,,,,32050,R2決算書p65
2020,6,農林水産業費,2,林業費,2,林業振興費,林業振興一般経費,12,委託料,1,0,,,,,,1845800,R2決算書p65
2020,6,農林水産業費,2,林業費,2,林業振興費,林業振興一般経費,12,委託料,2,0,21保守管理委託料,,,,,50600,R2決算書p65
2020,6,農林水産業費,2,林業費,2,林業振興費,林業振興一般経費,12,委託料,3,1,21保守管理委託料,01合併浄化槽保守管理委託料,,,,50600,R2決算書p65
2020,6,農林水産業費,2,林業費,2,林業振興費,林業振興一般経費,12,委託料,2,0,51業務委託料,,,,,1795200,R2決算書p65
2020,6,農林水産業費,2,林業費,2,林業振興費,林業振興一般経費,12,委託料,3,1,51業務委託料,04木工館管理運営委託料,,,,1795200,R2決算書p65
2020,6,農林水産業費,2,林業費,2,林業振興費,林業振興一般経費,14,工事請負費,1,0,,,,,,62700,R2決算書p65
2020,6,農林水産業費,2,林業費,2,林業振興費,林業振興一般経費,14,工事請負費,2,0,32維持・修繕工事,,,,,62700,R2決算書p65
2020,6,農林水産業費,2,林業費,2,林業振興費,林業振興一般経費,14,工事請負費,3,1,32維持・修繕工事,01維持修繕工事,,,,62700,R2決算書p65
2020,6,農林水産業費,2,林業費,2,林業振興費,林業振興一般経費,17,備品購入費,1,0,,,,,,256300,R2決算書p65
2020,6,農林水産業費,2,林業費,2,林業振興費,林業振興一般経費,17,備品購入費,2,0,01備品購入費,,,,,256300,R2決算書p65
2020,6,農林水産業費,2,林業費,2,林業振興費,林業振興一般経費,17,備品購入費,3,1,01備品購入費,01事業用備品購入費,,,,256300,R2決算書p65
2020,6,農林水産業費,2,林業費,2,林業振興費,林業振興一般経費,18,負担金補助及び交付金,1,0,,,,,,300100,R2決算書p65
2020,6,農林水産業費,2,林業費,2,林業振興費,林業振興一般経費,18,負担金補助及び交付金,2,0,21負担金,,,,,300100,R2決算書p65
2020,6,農林水産業費,2,林業費,2,林業振興費,林業振興一般経費,18,負担金補助及び交付金,3,1,21負担金,01飯伊森林組合賦課金,,,,300100,R2決算書p65
2020,6,農林水産業費,2,林業費,2,林業振興費,有害鳥獣駆除関係経費,,,0,0,,,,,,6528810,R2決算書p65
2020,6,農林水産業費,2,林業費,2,林業振興費,有害鳥獣駆除関係経費,1,報酬,1,0,,,,,,30100,R2決算書p65
2020,6,農林水産業費,2,林業費,2,林業振興費,有害鳥獣駆除関係経費,1,報酬,2,0,11委員報酬,,,,,30100,R2決算書p65
2020,6,農林水産業費,2,林業費,2,林業振興費,有害鳥獣駆除関係経費,1,報酬,3,1,11委員報酬,01有害鳥獣駆除協議会報酬,,,,30100,R2決算書p65
2020,6,農林水産業費,2,林業費,2,林業振興費,有害鳥獣駆除関係経費,7,報償費,1,0,,,,,,6373250,R2決算書p66
2020,6,農林水産業費,2,林業費,2,林業振興費,有害鳥獣駆除関係経費,7,報償費,2,0,01謝金,,,,,1373250,R2決算書p66
2020,6,農林水産業費,2,林業費,2,林業振興費,有害鳥獣駆除関係経費,7,報償費,3,1,01謝金,01有害鳥獣駆除謝金,,,,1373250,R2決算書p66
2020,6,農林水産業費,2,林業費,2,林業振興費,有害鳥獣駆除関係経費,7,報償費,2,0,21買上金,,,,,5000000,R2決算書p66
2020,6,農林水産業費,2,林業費,2,林業振興費,有害鳥獣駆除関係経費,7,報償費,3,1,21買上金,01有害鳥獣駆除報償,,,,5000000,R2決算書p66
2020,6,農林水産業費,2,林業費,2,林業振興費,有害鳥獣駆除関係経費,11,役務費,1,0,,,,,,47250,R2決算書p66
2020,6,農林水産業費,2,林業費,2,林業振興費,有害鳥獣駆除関係経費,11,役務費,2,0,41損害保険料,,,,,47250,R2決算書p66
2020,6,農林水産業費,2,林業費,2,林業振興費,有害鳥獣駆除関係経費,11,役務費,3,1,41損害保険料,01有害鳥獣駆除傷害保険料,,,,47250,R2決算書p66
2020,6,農林水産業費,2,林業費,2,林業振興費,有害鳥獣駆除関係経費,14,工事請負費,1,0,,,,,,78210,R2決算書p66
2020,6,農林水産業費,2,林業費,2,林業振興費,有害鳥獣駆除関係経費,14,工事請負費,2,0,31単独事業,,,,,78210,R2決算書p66
2020,6,農林水産業費,2,林業費,2,林業振興費,有害鳥獣駆除関係経費,14,工事請負費,3,1,31単独事業,03残渣処理場設置工事,,,,78210,R2決算書p66
2020,6,農林水産業費,2,林業費,3,林道費,林道事業経費,,,0,0,,,,,,74096945,R2決算書p66
2020,6,農林水産業費,2,林業費,3,林道費,林道事業経費,10,需用費,1,0,,,,,,177385,R2決算書p66
2020,6,農林水産業費,2,林業費,3,林道費,林道事業経費,10,需用費,2,0,11燃料費,,,,,105500,R2決算書p66
2020,6,農林水産業費,2,林業費,3,林道費,林道事業経費,10,需用費,3,1,11燃料費,01公用車燃料費,,,,105500,R2決算書p66
2020,6,農林水産業費,2,林業費,3,林道費,林道事業経費,10,需用費,2,0,51修繕費,,,,,71885,R2決算書p66
2020,6,農林水産業費,2,林業費,3,林道費,林道事業経費,10,需用費,3,1,51修繕費,01公用車修繕費,,,,71885,R2決算書p66
2020,6,農林水産業費,2,林業費,3,林道費,林道事業経費,11,役務費,1,0,,,,,,49180,R2決算書p66
2020,6,農林水産業費,2,林業費,3,林道費,林道事業経費,11,役務費,2,0,21手数料,,,,,33020,R2決算書p66
2020,6,農林水産業費,2,林業費,3,林道費,林道事業経費,11,役務費,3,1,21手数料,01公用車車検点検料,,,,33020,R2決算書p66
2020,6,農林水産業費,2,林業費,3,林道費,林道事業経費,11,役務費,2,0,41損害保険料,,,,,16160,R2決算書p66
2020,6,農林水産業費,2,林業費,3,林道費,林道事業経費,11,役務費,3,1,41損害保険料,01公用車共済保険料,,,,16160,R2決算書p66
2020,6,農林水産業費,2,林業費,3,林道費,林道事業経費,12,委託料,1,0,,,,,,5976300,R2決算書p66
2020,6,農林水産業費,2,林業費,3,林道費,林道事業経費,12,委託料,2,0,51業務委託料,,,,,231000,R2決算書p66
2020,6,農林水産業費,2,林業費,3,林道費,林道事業経費,12,委託料,3,1,51業務委託料,01伐開委託料,,,,231000,R2決算書p66
2020,6,農林水産業費,2,林業費,3,林道費,林道事業経費,12,委託料,2,0,71調査・設計・監理委託料,,,,,5745300,R2決算書p66
2020,6,農林水産業費,2,林業費,3,林道費,林道事業経費,12,委託料,3,1,71調査・設計・監理委託料,01補助事業設計・監理委託料,,,,5470300,R2決算書p66
2020,6,農林水産業費,2,林業費,3,林道費,林道事業経費,12,委託料,3,1,71調査・設計・監理委託料,02単独事業設計・監理委託料,,,,275000,R2決算書p66
2020,6,農林水産業費,2,林業費,3,林道費,林道事業経費,14,工事請負費,1,0,,,,,,67591815,R2決算書p66
2020,6,農林水産業費,2,林業費,3,林道費,林道事業経費,14,工事請負費,2,0,01補助事業,,,,,41360000,R2決算書p66
2020,6,農林水産業費,2,林業費,3,林道費,林道事業経費,14,工事請負費,3,1,01補助事業,01林道開設・改良・舗装工事,,,,41360000,R2決算書p66
2020,6,農林水産業費,2,林業費,3,林道費,林道事業経費,14,工事請負費,2,0,31単独事業,,,,,7238000,R2決算書p66
2020,6,農林水産業費,2,林業費,3,林道費,林道事業経費,14,工事請負費,3,1,31単独事業,01林道開設・改良・舗装工事,,,,4268000,R2決算書p66
2020,6,農林水産業費,2,林業費,3,林道費,林道事業経費,14,工事請負費,3,1,31単独事業,02林道交通安全施設工事,,,,2970000,R2決算書p66
2020,6,農林水産業費,2,林業費,3,林道費,林道事業経費,14,工事請負費,2,0,32維持・修繕工事,,,,,18993815,R2決算書p66
2020,6,農林水産業費,2,林業費,3,林道費,林道事業経費,14,工事請負費,3,1,32維持・修繕工事,01林道維持工事,,,,15275815,R2決算書p66
2020,6,農林水産業費,2,林業費,3,林道費,林道事業経費,14,工事請負費,3,1,32維持・修繕工事,02林道維持工事（明許繰越）,,,,3718000,R2決算書p66
2020,6,農林水産業費,2,林業費,3,林道費,林道事業経費,21,補償補填及び賠償金,1,0,,,,,,295665,R2決算書p66
2020,6,農林水産業費,2,林業費,3,林道費,林道事業経費,21,補償補填及び賠償金,2,0,01補償料,,,,,295665,R2決算書p66
2020,6,農林水産業費,2,林業費,3,林道費,林道事業経費,21,補償補填及び賠償金,3,1,01補償料,01工事立木補償料,,,,295665,R2決算書p66
2020,6,農林水産業費,2,林業費,3,林道費,林道事業経費,26,公課費,1,0,,,,,,6600,R2決算書p66
2020,6,農林水産業費,2,林業費,3,林道費,林道事業経費,26,公課費,2,0,01重量税,,,,,6600,R2決算書p66
2020,6,農林水産業費,2,林業費,3,林道費,林道事業経費,26,公課費,3,1,01重量税,01公用車重量税,,,,6600,R2決算書p66
2020,6,農林水産業費,2,林業費,4,造林費,造林事業,,,0,0,,,,,,5853906,R2決算書p67
2020,6,農林水産業費,2,林業費,4,造林費,造林事業,14,工事請負費,1,0,,,,,,1943920,R2決算書p67
2020,6,農林水産業費,2,林業費,4,造林費,造林事業,14,工事請負費,2,0,01補助事業,,,,,930600,R2決算書p67
2020,6,農林水産業費,2,林業費,4,造林費,造林事業,14,工事請負費,3,1,01補助事業,05松くい虫対策事業,,,,930600,R2決算書p67
2020,6,農林水産業費,2,林業費,4,造林費,造林事業,14,工事請負費,2,0,31単独事業,,,,,891000,R2決算書p67
2020,6,農林水産業費,2,林業費,4,造林費,造林事業,14,工事請負費,3,1,31単独事業,03森林税活用事業,,,,891000,R2決算書p67
2020,6,農林水産業費,2,林業費,4,造林費,造林事業,14,工事請負費,2,0,32維持・修繕工事,,,,,122320,R2決算書p67
2020,6,農林水産業費,2,林業費,4,造林費,造林事業,14,工事請負費,3,1,32維持・修繕工事,02作業道維持工事,,,,122320,R2決算書p67
2020,6,農林水産業費,2,林業費,4,造林費,造林事業,17,備品購入費,1,0,,,,,,829200,R2決算書p67
2020,6,農林水産業費,2,林業費,4,造林費,造林事業,17,備品購入費,2,0,01備品購入費,,,,,829200,R2決算書p67
2020,6,農林水産業費,2,林業費,4,造林費,造林事業,17,備品購入費,3,1,01備品購入費,01森林税活用備品購入費,,,,829200,R2決算書p67
2020,6,農林水産業費,2,林業費,4,造林費,造林事業,18,負担金補助及び交付金,1,0,,,,,,3050881,R2決算書p67
2020,6,農林水産業費,2,林業費,4,造林費,造林事業,18,負担金補助及び交付金,2,0,21負担金,,,,,2224941,R2決算書p67
2020,6,農林水産業費,2,林業費,4,造林費,造林事業,18,負担金補助及び交付金,3,1,21負担金,01森林組合事業負担金,,,,2224941,R2決算書p67
2020,6,農林水産業費,2,林業費,4,造林費,造林事業,18,負担金補助及び交付金,2,0,51補助金,,,,,825940,R2決算書p67
2020,6,農林水産業費,2,林業費,4,造林費,造林事業,18,負担金補助及び交付金,3,1,51補助金,01私有林　造林事業補助金,,,,825940,R2決算書p67
2020,6,農林水産業費,2,林業費,4,造林費,造林事業,21,補償補填及び賠償金,1,0,,,,,,29905,R2決算書p67
2020,6,農林水産業費,2,林業費,4,造林費,造林事業,21,補償補填及び賠償金,2,0,01補償料,,,,,29905,R2決算書p67
2020,6,農林水産業費,2,林業費,4,造林費,造林事業,21,補償補填及び賠償金,3,1,01補償料,01工事立木補償料,,,,29905,R2決算書p67
2020,6,農林水産業費,2,林業費,6,森林総合研究所受託事業費,森林総合研究所受託事業費,,,0,0,,,,,,4555100,R2決算書p67
2020,6,農林水産業費,2,林業費,6,森林総合研究所受託事業費,森林総合研究所受託事業費,12,委託料,1,0,,,,,,4555100,R2決算書p67
2020,6,農林水産業費,2,林業費,6,森林総合研究所受託事業費,森林総合研究所受託事業費,12,委託料,2,0,51業務委託料,,,,,4555100,R2決算書p67
2020,6,農林水産業費,2,林業費,6,森林総合研究所受託事業費,森林総合研究所受託事業費,12,委託料,3,1,51業務委託料,01水源林造成受託事業委託料,,,,4555100,R2決算書p67
2020,6,農林水産業費,2,林業費,10,森林環境譲与税活用費,森林環境譲与税活用事業,,,0,0,,,,,,1386000,R2決算書p67
2020,6,農林水産業費,2,林業費,10,森林環境譲与税活用費,森林環境譲与税活用事業,12,委託料,1,0,,,,,,1386000,R2決算書p67
2020,6,農林水産業費,2,林業費,10,森林環境譲与税活用費,森林環境譲与税活用事業,12,委託料,2,0,51業務委託料,,,,,1386000,R2決算書p67
2020,6,農林水産業費,2,林業費,10,森林環境譲与税活用費,森林環境譲与税活用事業,12,委託料,3,1,51業務委託料,01伐採委託料,,,,1386000,R2決算書p67
2020,7,商工費,1,商工費,1,商工総務費,商工総務一般経費,,,0,0,,,,,,585800,R2決算書p67
2020,7,商工費,1,商工費,1,商工総務費,商工総務一般経費,18,負担金補助及び交付金,1,0,,,,,,585800,R2決算書p67
2020,7,商工費,1,商工費,1,商工総務費,商工総務一般経費,18,負担金補助及び交付金,2,0,21負担金,,,,,485800,R2決算書p67
2020,7,商工費,1,商工費,1,商工総務費,商工総務一般経費,18,負担金補助及び交付金,3,1,21負担金,07飯田職業安定協会負担金,,,,1000,R2決算書p67
2020,7,商工費,1,商工費,1,商工総務費,商工総務一般経費,18,負担金補助及び交付金,3,1,21負担金,08飯田勤労者共済会負担金,,,,37800,R2決算書p67
2020,7,商工費,1,商工費,1,商工総務費,商工総務一般経費,18,負担金補助及び交付金,3,1,21負担金,13産業振興の拠点関係負担金,,,,447000,R2決算書p67
2020,7,商工費,1,商工費,1,商工総務費,商工総務一般経費,18,負担金補助及び交付金,2,0,51補助金,,,,,100000,R2決算書p67
2020,7,商工費,1,商工費,1,商工総務費,商工総務一般経費,18,負担金補助及び交付金,3,1,51補助金,03信州大学航空機システム共同研究講座コンソーシアム補助金,,,,100000,R2決算書p68
2020,7,商工費,1,商工費,1,商工総務費,一般職人事管理経費（商工）,,,0,0,,,,,,6611688,R2決算書p68
2020,7,商工費,1,商工費,1,商工総務費,一般職人事管理経費（商工）,2,給料,1,0,,,,,,3323100,R2決算書p68
2020,7,商工費,1,商工費,1,商工総務費,一般職人事管理経費（商工）,2,給料,2,0,21職員給料,,,,,3323100,R2決算書p68
2020,7,商工費,1,商工費,1,商工総務費,一般職人事管理経費（商工）,2,給料,3,1,21職員給料,01一般職員給料,,,,3323100,R2決算書p68
2020,7,商工費,1,商工費,1,商工総務費,一般職人事管理経費（商工）,3,職員手当等,1,0,,,,,,2253402,R2決算書p68
2020,7,商工費,1,商工費,1,商工総務費,一般職人事管理経費（商工）,3,職員手当等,2,1,21職員手当等,,,,,2253402,R2決算書p68
2020,7,商工費,1,商工費,1,商工総務費,一般職人事管理経費（商工）,4,共済費,1,0,,,,,,1035186,R2決算書p68
2020,7,商工費,1,商工費,1,商工総務費,一般職人事管理経費（商工）,4,共済費,2,0,31一般職共済費,,,,,1035186,R2決算書p68
2020,7,商工費,1,商工費,1,商工総務費,一般職人事管理経費（商工）,4,共済費,3,1,31一般職共済費,01地方公務員共済組合等負担金,,,,1035186,R2決算書p68
2020,7,商工費,1,商工費,2,商工振興費,商工振興一般経費,,,0,0,,,,,,51212328,R2決算書p68
2020,7,商工費,1,商工費,2,商工振興費,商工振興一般経費,10,需用費,1,0,,,,,,97720,R2決算書p68
2020,7,商工費,1,商工費,2,商工振興費,商工振興一般経費,10,需用費,2,0,41光熱水費,,,,,97720,R2決算書p68
2020,7,商工費,1,商工費,2,商工振興費,商工振興一般経費,10,需用費,3,1,41光熱水費,01電気料（街路灯）,,,,97720,R2決算書p68
2020,7,商工費,1,商工費,2,商工振興費,商工振興一般経費,11,役務費,1,0,,,,,,18802,R2決算書p68
2020,7,商工費,1,商工費,2,商工振興費,商工振興一般経費,11,役務費,2,0,41損害保険料,,,,,18802,R2決算書p68
2020,7,商工費,1,商工費,2,商工振興費,商工振興一般経費,11,役務費,3,1,41損害保険料,01村有建物災害共済保険料,,,,18802,R2決算書p68
2020,7,商工費,1,商工費,2,商工振興費,商工振興一般経費,13,使用料及び賃借料,1,0,,,,,,211824,R2決算書p68
2020,7,商工費,1,商工費,2,商工振興費,商工振興一般経費,13,使用料及び賃借料,2,0,12敷地料,,,,,211824,R2決算書p68
2020,7,商工費,1,商工費,2,商工振興費,商工振興一般経費,13,使用料及び賃借料,3,1,12敷地料,01過疎対策工場敷地料,,,,211824,R2決算書p68
2020,7,商工費,1,商工費,2,商工振興費,商工振興一般経費,18,負担金補助及び交付金,1,0,,,,,,50347867,R2決算書p68
2020,7,商工費,1,商工費,2,商工振興費,商工振興一般経費,18,負担金補助及び交付金,2,0,21負担金,,,,,1800000,R2決算書p68
2020,7,商工費,1,商工費,2,商工振興費,商工振興一般経費,18,負担金補助及び交付金,3,1,21負担金,02新型コロナウイルス感染症対策協力金等負担金,,,,1800000,R2決算書p68
2020,7,商工費,1,商工費,2,商工振興費,商工振興一般経費,18,負担金補助及び交付金,2,0,51補助金,,,,,48547867,R2決算書p68
2020,7,商工費,1,商工費,2,商工振興費,商工振興一般経費,18,負担金補助及び交付金,3,1,51補助金,01商工振興事業補助金,,,,5986940,R2決算書p68
2020,7,商工費,1,商工費,2,商工振興費,商工振興一般経費,18,負担金補助及び交付金,3,1,51補助金,04商工関係資金利子補給金（不況対策）,,,,206040,R2決算書p68
2020,7,商工費,1,商工費,2,商工振興費,商工振興一般経費,18,負担金補助及び交付金,3,1,51補助金,10新型コロナウイルス感染症対策商工振興補助金,,,,42316132,R2決算書p68
2020,7,商工費,1,商工費,2,商工振興費,商工振興一般経費,18,負担金補助及び交付金,3,1,51補助金,11新型コロナウイルス感染症対応危機対策資金利子補給金,,,,38755,R2決算書p68
2020,7,商工費,1,商工費,2,商工振興費,商工振興一般経費,21,補償補填及び賠償金,1,0,,,,,,536115,R2決算書p68
2020,7,商工費,1,商工費,2,商工振興費,商工振興一般経費,21,補償補填及び賠償金,2,0,11保証料,,,,,536115,R2決算書p68
2020,7,商工費,1,商工費,2,商工振興費,商工振興一般経費,21,補償補填及び賠償金,3,1,11保証料,01信用保証協会保証料,,,,34443,R2決算書p68
2020,7,商工費,1,商工費,2,商工振興費,商工振興一般経費,21,補償補填及び賠償金,3,1,11保証料,02新型コロナウイルス感染症対応信用保証協会保証料,,,,501672,R2決算書p68
2020,7,商工費,1,商工費,3,観光費,観光一般経費,,,0,0,,,,,,46766896,R2決算書p68
2020,7,商工費,1,商工費,3,観光費,観光一般経費,1,報酬,1,0,,,,,,900000,R2決算書p68
2020,7,商工費,1,商工費,3,観光費,観光一般経費,1,報酬,2,0,26会計年度任用職員報酬,,,,,900000,R2決算書p68
2020,7,商工費,1,商工費,3,観光費,観光一般経費,1,報酬,3,1,26会計年度任用職員報酬,01会計年度任用職員1号報酬,,,,600000,R2決算書p68
2020,7,商工費,1,商工費,3,観光費,観光一般経費,1,報酬,3,1,26会計年度任用職員報酬,03観光施設管理報酬,,,,300000,R2決算書p69
2020,7,商工費,1,商工費,3,観光費,観光一般経費,8,旅費,1,0,,,,,,4000,R2決算書p69
2020,7,商工費,1,商工費,3,観光費,観光一般経費,8,旅費,2,0,11職員旅費,,,,,4000,R2決算書p69
2020,7,商工費,1,商工費,3,観光費,観光一般経費,8,旅費,3,1,11職員旅費,01職員旅費,,,,4000,R2決算書p69
2020,7,商工費,1,商工費,3,観光費,観光一般経費,10,需用費,1,0,,,,,,11032820,R2決算書p69
2020,7,商工費,1,商工費,3,観光費,観光一般経費,10,需用費,2,0,01消耗品,,,,,1706217,R2決算書p69
2020,7,商工費,1,商工費,3,観光費,観光一般経費,10,需用費,3,1,01消耗品,01消耗品,,,,1694447,R2決算書p69
2020,7,商工費,1,商工費,3,観光費,観光一般経費,10,需用費,3,1,01消耗品,02都市との交流事業経費,,,,11770,R2決算書p69
2020,7,商工費,1,商工費,3,観光費,観光一般経費,10,需用費,2,0,31印刷製本費,,,,,334400,R2決算書p69
2020,7,商工費,1,商工費,3,観光費,観光一般経費,10,需用費,3,1,31印刷製本費,01印刷製本費,,,,334400,R2決算書p69
2020,7,商工費,1,商工費,3,観光費,観光一般経費,10,需用費,2,0,41光熱水費,,,,,7394512,R2決算書p69
2020,7,商工費,1,商工費,3,観光費,観光一般経費,10,需用費,3,1,41光熱水費,01電気料（観光施設）,,,,7138041,R2決算書p69
2020,7,商工費,1,商工費,3,観光費,観光一般経費,10,需用費,3,1,41光熱水費,02水道料,,,,256471,R2決算書p69
2020,7,商工費,1,商工費,3,観光費,観光一般経費,10,需用費,2,0,51修繕費,,,,,1597691,R2決算書p69
2020,7,商工費,1,商工費,3,観光費,観光一般経費,10,需用費,3,1,51修繕費,01観光施設修繕費,,,,1542691,R2決算書p69
2020,7,商工費,1,商工費,3,観光費,観光一般経費,10,需用費,3,1,51修繕費,02機械修繕費,,,,55000,R2決算書p69
2020,7,商工費,1,商工費,3,観光費,観光一般経費,11,役務費,1,0,,,,,,1162998,R2決算書p69
2020,7,商工費,1,商工費,3,観光費,観光一般経費,11,役務費,2,0,01通信運搬費,,,,,53966,R2決算書p69
2020,7,商工費,1,商工費,3,観光費,観光一般経費,11,役務費,3,1,01通信運搬費,01電話料,,,,100,R2決算書p69
2020,7,商工費,1,商工費,3,観光費,観光一般経費,11,役務費,3,1,01通信運搬費,03テレビ受信料,,,,49282,R2決算書p69
2020,7,商工費,1,商工費,3,観光費,観光一般経費,11,役務費,3,1,01通信運搬費,04郵便料,,,,4584,R2決算書p69
2020,7,商工費,1,商工費,3,観光費,観光一般経費,11,役務費,2,0,21手数料,,,,,583100,R2決算書p69
2020,7,商工費,1,商工費,3,観光費,観光一般経費,11,役務費,3,1,21手数料,01消防施設点検料,,,,34100,R2決算書p69
2020,7,商工費,1,商工費,3,観光費,観光一般経費,11,役務費,3,1,21手数料,02くみ取り料,,,,170000,R2決算書p69
2020,7,商工費,1,商工費,3,観光費,観光一般経費,11,役務費,3,1,21手数料,03遊具検査手数料,,,,176000,R2決算書p69
2020,7,商工費,1,商工費,3,観光費,観光一般経費,11,役務費,3,1,21手数料,04合併浄化槽検査手数料,,,,49000,R2決算書p69
2020,7,商工費,1,商工費,3,観光費,観光一般経費,11,役務費,3,1,21手数料,07廃棄物処理手数料,,,,154000,R2決算書p69
2020,7,商工費,1,商工費,3,観光費,観光一般経費,11,役務費,2,0,41損害保険料,,,,,525932,R2決算書p69
2020,7,商工費,1,商工費,3,観光費,観光一般経費,11,役務費,3,1,41損害保険料,01村有建物災害共済保険料,,,,525932,R2決算書p69
2020,7,商工費,1,商工費,3,観光費,観光一般経費,12,委託料,1,0,,,,,,3551330,R2決算書p69
2020,7,商工費,1,商工費,3,観光費,観光一般経費,12,委託料,2,0,21保守管理委託料,,,,,2758890,R2決算書p69
2020,7,商工費,1,商工費,3,観光費,観光一般経費,12,委託料,3,1,21保守管理委託料,01合併浄化槽保守管理委託料,,,,601040,R2決算書p69
2020,7,商工費,1,商工費,3,観光費,観光一般経費,12,委託料,3,1,21保守管理委託料,02自動ドア管理委託料,,,,341000,R2決算書p69
2020,7,商工費,1,商工費,3,観光費,観光一般経費,12,委託料,3,1,21保守管理委託料,03観光施設管理（村委託分）委託料,,,,1494550,R2決算書p69
2020,7,商工費,1,商工費,3,観光費,観光一般経費,12,委託料,3,1,21保守管理委託料,05電気施設保守委託料,,,,245520,R2決算書p69
2020,7,商工費,1,商工費,3,観光費,観光一般経費,12,委託料,3,1,21保守管理委託料,06受水槽保守管理委託料,,,,76780,R2決算書p69
2020,7,商工費,1,商工費,3,観光費,観光一般経費,12,委託料,2,0,31検査委託料,,,,,22440,R2決算書p69
2020,7,商工費,1,商工費,3,観光費,観光一般経費,12,委託料,3,1,31検査委託料,01観光施設水質検査委託料,,,,22440,R2決算書p69
2020,7,商工費,1,商工費,3,観光費,観光一般経費,12,委託料,2,0,71調査・設計・監理委託料,,,,,770000,R2決算書p69
2020,7,商工費,1,商工費,3,観光費,観光一般経費,12,委託料,3,1,71調査・設計・監理委託料,03観光施設設計・監理委託料,,,,770000,R2決算書p69
2020,7,商工費,1,商工費,3,観光費,観光一般経費,13,使用料及び賃借料,1,0,,,,,,896829,R2決算書p69
2020,7,商工費,1,商工費,3,観光費,観光一般経費,13,使用料及び賃借料,2,0,01使用料・借上料,,,,,198000,R2決算書p69
2020,7,商工費,1,商工費,3,観光費,観光一般経費,13,使用料及び賃借料,3,1,01使用料・借上料,08事務室使用料,,,,198000,R2決算書p69
2020,7,商工費,1,商工費,3,観光費,観光一般経費,13,使用料及び賃借料,2,0,12敷地料,,,,,698829,R2決算書p70
2020,7,商工費,1,商工費,3,観光費,観光一般経費,13,使用料及び賃借料,3,1,12敷地料,01道の駅敷地料,,,,610016,R2決算書p70
2020,7,商工費,1,商工費,3,観光費,観光一般経費,13,使用料及び賃借料,3,1,12敷地料,02広河原小屋敷地料,,,,3000,R2決算書p70
2020,7,商工費,1,商工費,3,観光費,観光一般経費,13,使用料及び賃借料,3,1,12敷地料,05するぎ農園村敷地料,,,,85813,R2決算書p70
2020,7,商工費,1,商工費,3,観光費,観光一般経費,14,工事請負費,1,0,,,,,,15873000,R2決算書p70
2020,7,商工費,1,商工費,3,観光費,観光一般経費,14,工事請負費,2,0,01補助事業,,,,,2420000,R2決算書p70
2020,7,商工費,1,商工費,3,観光費,観光一般経費,14,工事請負費,3,1,01補助事業,04観光施設整備事業,,,,2420000,R2決算書p70
2020,7,商工費,1,商工費,3,観光費,観光一般経費,14,工事請負費,2,0,31単独事業,,,,,13453000,R2決算書p70
2020,7,商工費,1,商工費,3,観光費,観光一般経費,14,工事請負費,3,1,31単独事業,01観光施設整備工事,,,,9416000,R2決算書p70
2020,7,商工費,1,商工費,3,観光費,観光一般経費,14,工事請負費,3,1,31単独事業,04観光施設改修工事,,,,4037000,R2決算書p70
2020,7,商工費,1,商工費,3,観光費,観光一般経費,17,備品購入費,1,0,,,,,,221760,R2決算書p70
2020,7,商工費,1,商工費,3,観光費,観光一般経費,17,備品購入費,2,0,01備品購入費,,,,,221760,R2決算書p70
2020,7,商工費,1,商工費,3,観光費,観光一般経費,17,備品購入費,3,1,01備品購入費,01事業用備品購入費,,,,221760,R2決算書p70
2020,7,商工費,1,商工費,3,観光費,観光一般経費,18,負担金補助及び交付金,1,0,,,,,,13124159,R2決算書p70
2020,7,商工費,1,商工費,3,観光費,観光一般経費,18,負担金補助及び交付金,2,0,21負担金,,,,,2166100,R2決算書p70
2020,7,商工費,1,商工費,3,観光費,観光一般経費,18,負担金補助及び交付金,3,1,21負担金,03日本さくらの会負担金,,,,5000,R2決算書p70
2020,7,商工費,1,商工費,3,観光費,観光一般経費,18,負担金補助及び交付金,3,1,21負担金,05温泉協会協議会負担金,,,,3000,R2決算書p70
2020,7,商工費,1,商工費,3,観光費,観光一般経費,18,負担金補助及び交付金,3,1,21負担金,06国有林観光施設協議会負担金,,,,2100,R2決算書p70
2020,7,商工費,1,商工費,3,観光費,観光一般経費,18,負担金補助及び交付金,3,1,21負担金,07高山植物等保護対策協議会負担金,,,,6000,R2決算書p70
2020,7,商工費,1,商工費,3,観光費,観光一般経費,18,負担金補助及び交付金,3,1,21負担金,13長野県観光情報提供システム負担金,,,,16000,R2決算書p70
2020,7,商工費,1,商工費,3,観光費,観光一般経費,18,負担金補助及び交付金,3,1,21負担金,15信州・長野県観光協会負担金,,,,40000,R2決算書p70
2020,7,商工費,1,商工費,3,観光費,観光一般経費,18,負担金補助及び交付金,3,1,21負担金,17南アルプス自然環境保全活用連携協議会負担金,,,,100000,R2決算書p70
2020,7,商工費,1,商工費,3,観光費,観光一般経費,18,負担金補助及び交付金,3,1,21負担金,24中部ブロック道の駅連絡会負担金,,,,70000,R2決算書p70
2020,7,商工費,1,商工費,3,観光費,観光一般経費,18,負担金補助及び交付金,3,1,21負担金,25道の駅EV運用負担金,,,,44000,R2決算書p70
2020,7,商工費,1,商工費,3,観光費,観光一般経費,18,負担金補助及び交付金,3,1,21負担金,27南信州観光公社負担金,,,,1880000,R2決算書p70
2020,7,商工費,1,商工費,3,観光費,観光一般経費,18,負担金補助及び交付金,2,0,51補助金,,,,,10958059,R2決算書p70
2020,7,商工費,1,商工費,3,観光費,観光一般経費,18,負担金補助及び交付金,3,1,51補助金,01大鹿村観光協会補助金,,,,4344649,R2決算書p70
2020,7,商工費,1,商工費,3,観光費,観光一般経費,18,負担金補助及び交付金,3,1,51補助金,08新型コロナウイルス感染症対応観光協会補助金,,,,6613410,R2決算書p70
2020,7,商工費,1,商工費,4,地域おこし協力隊事業,地域おこし協力隊事業,,,0,0,,,,,,3968069,R2決算書p70
2020,7,商工費,1,商工費,4,地域おこし協力隊事業,地域おこし協力隊事業,1,報酬,1,0,,,,,,1807200,R2決算書p70
2020,7,商工費,1,商工費,4,地域おこし協力隊事業,地域おこし協力隊事業,1,報酬,2,0,26会計年度任用職員報酬,,,,,1807200,R2決算書p70
2020,7,商工費,1,商工費,4,地域おこし協力隊事業,地域おこし協力隊事業,1,報酬,3,1,26会計年度任用職員報酬,01地域おこし協力隊報酬,,,,1807200,R2決算書p70
2020,7,商工費,1,商工費,4,地域おこし協力隊事業,地域おこし協力隊事業,3,職員手当等,1,0,,,,,,18000,R2決算書p70
2020,7,商工費,1,商工費,4,地域おこし協力隊事業,地域おこし協力隊事業,3,職員手当等,2,1,22会計年度任用職員手当,,,,,18000,R2決算書p70
2020,7,商工費,1,商工費,4,地域おこし協力隊事業,地域おこし協力隊事業,10,需用費,1,0,,,,,,481145,R2決算書p70
2020,7,商工費,1,商工費,4,地域おこし協力隊事業,地域おこし協力隊事業,10,需用費,2,0,01消耗品,,,,,40776,R2決算書p70
2020,7,商工費,1,商工費,4,地域おこし協力隊事業,地域おこし協力隊事業,10,需用費,3,1,01消耗品,01消耗品,,,,40776,R2決算書p70
2020,7,商工費,1,商工費,4,地域おこし協力隊事業,地域おこし協力隊事業,10,需用費,2,0,11燃料費,,,,,27253,R2決算書p70
2020,7,商工費,1,商工費,4,地域おこし協力隊事業,地域おこし協力隊事業,10,需用費,3,1,11燃料費,01公用車燃料費,,,,27253,R2決算書p70
2020,7,商工費,1,商工費,4,地域おこし協力隊事業,地域おこし協力隊事業,10,需用費,2,0,31印刷製本費,,,,,396000,R2決算書p70
2020,7,商工費,1,商工費,4,地域おこし協力隊事業,地域おこし協力隊事業,10,需用費,3,1,31印刷製本費,01協力隊新聞印刷費,,,,396000,R2決算書p70
2020,7,商工費,1,商工費,4,地域おこし協力隊事業,地域おこし協力隊事業,10,需用費,2,0,51修繕費,,,,,17116,R2決算書p71
2020,7,商工費,1,商工費,4,地域おこし協力隊事業,地域おこし協力隊事業,10,需用費,3,1,51修繕費,01公用車修繕費,,,,17116,R2決算書p71
2020,7,商工費,1,商工費,4,地域おこし協力隊事業,地域おこし協力隊事業,11,役務費,1,0,,,,,,108180,R2決算書p71
2020,7,商工費,1,商工費,4,地域おこし協力隊事業,地域おこし協力隊事業,11,役務費,2,0,21手数料,,,,,64700,R2決算書p71
2020,7,商工費,1,商工費,4,地域おこし協力隊事業,地域おこし協力隊事業,11,役務費,3,1,21手数料,01公用車車検点検料,,,,64700,R2決算書p71
2020,7,商工費,1,商工費,4,地域おこし協力隊事業,地域おこし協力隊事業,11,役務費,2,0,41損害保険料,,,,,43480,R2決算書p71
2020,7,商工費,1,商工費,4,地域おこし協力隊事業,地域おこし協力隊事業,11,役務費,3,1,41損害保険料,01公用車共済保険料,,,,43480,R2決算書p71
2020,7,商工費,1,商工費,4,地域おこし協力隊事業,地域おこし協力隊事業,13,使用料及び賃借料,1,0,,,,,,1553544,R2決算書p71
2020,7,商工費,1,商工費,4,地域おこし協力隊事業,地域おこし協力隊事業,13,使用料及び賃借料,2,0,01使用料・借上料,,,,,1553544,R2決算書p71
2020,7,商工費,1,商工費,4,地域おこし協力隊事業,地域おこし協力隊事業,13,使用料及び賃借料,3,1,01使用料・借上料,02住居借上料,,,,306000,R2決算書p71
2020,7,商工費,1,商工費,4,地域おこし協力隊事業,地域おこし協力隊事業,13,使用料及び賃借料,3,1,01使用料・借上料,03事務用機器リース料,,,,29808,R2決算書p71
2020,7,商工費,1,商工費,4,地域おこし協力隊事業,地域おこし協力隊事業,13,使用料及び賃借料,3,1,01使用料・借上料,04自動車リース料,,,,1217736,R2決算書p71
2020,13,諸支出金,1,基金費,1,財政調整基金費,財政調整基金積立金,,,0,0,,,,,,467906,R2決算書p94
2020,13,諸支出金,1,基金費,1,財政調整基金費,財政調整基金積立金,24,積立金,1,0,,,,,,467906,R2決算書p94
2020,13,諸支出金,1,基金費,1,財政調整基金費,財政調整基金積立金,24,積立金,2,1,11利子積立金,,,,,467906,R2決算書p94
2020,13,諸支出金,1,基金費,2,減債基金費,減債基金積立金,,,0,0,,,,,,36511212,R2決算書p94
2020,13,諸支出金,1,基金費,2,減債基金費,減債基金積立金,24,積立金,1,0,,,,,,36511212,R2決算書p94
2020,13,諸支出金,1,基金費,2,減債基金費,減債基金積立金,24,積立金,2,1,01積立金,,,,,35000000,R2決算書p94
2020,13,諸支出金,1,基金費,2,減債基金費,減債基金積立金,24,積立金,2,1,11利子積立金,,,,,1511212,R2決算書p94
2020,13,諸支出金,1,基金費,3,公共施設等整備基金費,公共施設等整備基金積立金,,,0,0,,,,,,2084584,R2決算書p94
2020,13,諸支出金,1,基金費,3,公共施設等整備基金費,公共施設等整備基金積立金,24,積立金,1,0,,,,,,2084584,R2決算書p94
2020,13,諸支出金,1,基金費,3,公共施設等整備基金費,公共施設等整備基金積立金,24,積立金,2,1,11利子積立金,,,,,2084584,R2決算書p94
2020,13,諸支出金,1,基金費,4,文教施設整備基金費,文教施設整備基金積立金,,,0,0,,,,,,34042045,R2決算書p94
2020,13,諸支出金,1,基金費,4,文教施設整備基金費,文教施設整備基金積立金,24,積立金,1,0,,,,,,34042045,R2決算書p94
2020,13,諸支出金,1,基金費,4,文教施設整備基金費,文教施設整備基金積立金,24,積立金,2,1,01積立金,,,,,34000000,R2決算書p94
2020,13,諸支出金,1,基金費,4,文教施設整備基金費,文教施設整備基金積立金,24,積立金,2,1,11利子積立金,,,,,42045,R2決算書p94
2020,13,諸支出金,1,基金費,5,ふるさとづくり基金費,ふるさとづくり基金積立金,,,0,0,,,,,,104089467,R2決算書p94
2020,13,諸支出金,1,基金費,5,ふるさとづくり基金費,ふるさとづくり基金積立金,24,積立金,1,0,,,,,,104089467,R2決算書p94
2020,13,諸支出金,1,基金費,5,ふるさとづくり基金費,ふるさとづくり基金積立金,24,積立金,2,1,01積立金,,,,,103490000,R2決算書p94
2020,13,諸支出金,1,基金費,5,ふるさとづくり基金費,ふるさとづくり基金積立金,24,積立金,2,1,11利子積立金,,,,,599467,R2決算書p94
2020,13,諸支出金,1,基金費,6,高齢者福祉基金費,高齢者福祉基金積立金,,,0,0,,,,,,54624,R2決算書p94
2020,13,諸支出金,1,基金費,6,高齢者福祉基金費,高齢者福祉基金積立金,24,積立金,1,0,,,,,,54624,R2決算書p94
2020,13,諸支出金,1,基金費,6,高齢者福祉基金費,高齢者福祉基金積立金,24,積立金,2,1,11利子積立金,,,,,54624,R2決算書p94
2020,13,諸支出金,1,基金費,14,森林環境譲与税基金,森林環境譲与税基金,,,0,0,,,,,,7888680,R2決算書p94
2020,13,諸支出金,1,基金費,14,森林環境譲与税基金,森林環境譲与税基金,24,積立金,1,0,,,,,,7888680,R2決算書p94
2020,13,諸支出金,1,基金費,14,森林環境譲与税基金,森林環境譲与税基金,24,積立金,2,1,01積立金,,,,,7888680,R2決算書p94
2021,2,総務費,1,総務管理費,1,一般管理費,総務事務経費,,,0,0,,,,,,13125958,R3決算書p28
2021,2,総務費,1,総務管理費,1,一般管理費,総務事務経費,1,報酬,1,0,,,,,,552400,R3決算書p28
2021,2,総務費,1,総務管理費,1,一般管理費,総務事務経費,1,報酬,2,0,11委員報酬,,,,,552400,R3決算書p28
2021,2,総務費,1,総務管理費,1,一般管理費,総務事務経費,1,報酬,3,1,11委員報酬,01自治会長年報酬,,,,320200,R3決算書p28
2021,2,総務費,1,総務管理費,1,一般管理費,総務事務経費,1,報酬,3,1,11委員報酬,02自治会長会議報酬,,,,232200,R3決算書p28
2021,2,総務費,1,総務管理費,1,一般管理費,総務事務経費,7,報償費,1,0,,,,,,74600,R3決算書p28
2021,2,総務費,1,総務管理費,1,一般管理費,総務事務経費,7,報償費,2,0,01謝金,,,,,35000,R3決算書p29
2021,2,総務費,1,総務管理費,1,一般管理費,総務事務経費,7,報償費,3,1,01謝金,03車両整備管理者謝金,,,,20000,R3決算書p29
2021,2,総務費,1,総務管理費,1,一般管理費,総務事務経費,7,報償費,3,1,01謝金,04保護司謝礼,,,,15000,R3決算書p29
2021,2,総務費,1,総務管理費,1,一般管理費,総務事務経費,7,報償費,2,0,11記念品等,,,,,39600,R3決算書p29
2021,2,総務費,1,総務管理費,1,一般管理費,総務事務経費,7,報償費,3,1,11記念品等,01村表彰記念品代,,,,39600,R3決算書p29
2021,2,総務費,1,総務管理費,1,一般管理費,総務事務経費,8,旅費,1,0,,,,,,119920,R3決算書p29
2021,2,総務費,1,総務管理費,1,一般管理費,総務事務経費,8,旅費,2,0,11職員旅費,,,,,119920,R3決算書p29
2021,2,総務費,1,総務管理費,1,一般管理費,総務事務経費,8,旅費,3,1,11職員旅費,01職員旅費,,,,119920,R3決算書p29
2021,2,総務費,1,総務管理費,1,一般管理費,総務事務経費,9,交際費,1,0,,,,,,112310,R3決算書p29
2021,2,総務費,1,総務管理費,1,一般管理費,総務事務経費,9,交際費,2,0,01交際費,,,,,112310,R3決算書p29
2021,2,総務費,1,総務管理費,1,一般管理費,総務事務経費,9,交際費,3,1,01交際費,01交際費,,,,112310,R3決算書p29
2021,2,総務費,1,総務管理費,1,一般管理費,総務事務経費,10,需用費,1,0,,,,,,6176110,R3決算書p29
2021,2,総務費,1,総務管理費,1,一般管理費,総務事務経費,10,需用費,2,0,01消耗品,,,,,2462239,R3決算書p29
2021,2,総務費,1,総務管理費,1,一般管理費,総務事務経費,10,需用費,3,1,01消耗品,01消耗品,,,,2127378,R3決算書p29
2021,2,総務費,1,総務管理費,1,一般管理費,総務事務経費,10,需用費,3,1,01消耗品,02図書購入費,,,,155176,R3決算書p29
2021,2,総務費,1,総務管理費,1,一般管理費,総務事務経費,10,需用費,3,1,01消耗品,03職員被服費,,,,179685,R3決算書p29
2021,2,総務費,1,総務管理費,1,一般管理費,総務事務経費,10,需用費,2,0,11燃料費,,,,,516380,R3決算書p29
2021,2,総務費,1,総務管理費,1,一般管理費,総務事務経費,10,需用費,3,1,11燃料費,01公用車燃料費,,,,516380,R3決算書p29
2021,2,総務費,1,総務管理費,1,一般管理費,総務事務経費,10,需用費,2,0,31印刷製本費,,,,,3045950,R3決算書p29
2021,2,総務費,1,総務管理費,1,一般管理費,総務事務経費,10,需用費,3,1,31印刷製本費,02法規追録代,,,,3045950,R3決算書p29
2021,2,総務費,1,総務管理費,1,一般管理費,総務事務経費,10,需用費,2,0,51修繕費,,,,,151541,R3決算書p29
2021,2,総務費,1,総務管理費,1,一般管理費,総務事務経費,10,需用費,3,1,51修繕費,02公用車修繕費,,,,151541,R3決算書p29
2021,2,総務費,1,総務管理費,1,一般管理費,総務事務経費,11,役務費,1,0,,,,,,647138,R3決算書p29
2021,2,総務費,1,総務管理費,1,一般管理費,総務事務経費,11,役務費,2,0,01通信運搬費,,,,,14112,R3決算書p29
2021,2,総務費,1,総務管理費,1,一般管理費,総務事務経費,11,役務費,3,1,01通信運搬費,04年賀はがき代,,,,14112,R3決算書p29
2021,2,総務費,1,総務管理費,1,一般管理費,総務事務経費,11,役務費,2,0,11広告料,,,,,11000,R3決算書p29
2021,2,総務費,1,総務管理費,1,一般管理費,総務事務経費,11,役務費,3,1,11広告料,01新聞広告掲載料,,,,11000,R3決算書p29
2021,2,総務費,1,総務管理費,1,一般管理費,総務事務経費,11,役務費,2,0,21手数料,,,,,131266,R3決算書p29
2021,2,総務費,1,総務管理費,1,一般管理費,総務事務経費,11,役務費,3,1,21手数料,01公用車車検点検料,,,,90940,R3決算書p29
2021,2,総務費,1,総務管理費,1,一般管理費,総務事務経費,11,役務費,3,1,21手数料,04金融機関取扱手数料,,,,40326,R3決算書p29
2021,2,総務費,1,総務管理費,1,一般管理費,総務事務経費,11,役務費,2,0,31筆耕料,,,,,20000,R3決算書p29
2021,2,総務費,1,総務管理費,1,一般管理費,総務事務経費,11,役務費,3,1,31筆耕料,01筆耕料,,,,20000,R3決算書p29
2021,2,総務費,1,総務管理費,1,一般管理費,総務事務経費,11,役務費,2,0,41損害保険料,,,,,470760,R3決算書p29
2021,2,総務費,1,総務管理費,1,一般管理費,総務事務経費,11,役務費,3,1,41損害保険料,01全国町村会団体生命保険料,,,,153000,R3決算書p29
2021,2,総務費,1,総務管理費,1,一般管理費,総務事務経費,11,役務費,3,1,41損害保険料,02全国総合賠償保険料,,,,97070,R3決算書p29
2021,2,総務費,1,総務管理費,1,一般管理費,総務事務経費,11,役務費,3,1,41損害保険料,03自賠責保険料,,,,12630,R3決算書p29
2021,2,総務費,1,総務管理費,1,一般管理費,総務事務経費,11,役務費,3,1,41損害保険料,04公用車共済保険料,,,,198290,R3決算書p29
2021,2,総務費,1,総務管理費,1,一般管理費,総務事務経費,11,役務費,3,1,41損害保険料,06災害補償保険料,,,,9770,R3決算書p29
2021,2,総務費,1,総務管理費,1,一般管理費,総務事務経費,12,委託料,1,0,,,,,,1226379,R3決算書p29
2021,2,総務費,1,総務管理費,1,一般管理費,総務事務経費,12,委託料,2,0,11電算委託料,,,,,590657,R3決算書p29
2021,2,総務費,1,総務管理費,1,一般管理費,総務事務経費,12,委託料,3,1,11電算委託料,01給与計算委託料,,,,590657,R3決算書p29
2021,2,総務費,1,総務管理費,1,一般管理費,総務事務経費,12,委託料,2,0,61検診等委託料,,,,,635722,R3決算書p29
2021,2,総務費,1,総務管理費,1,一般管理費,総務事務経費,12,委託料,3,1,61検診等委託料,01職員健康診断委託料,,,,635722,R3決算書p29
2021,2,総務費,1,総務管理費,1,一般管理費,総務事務経費,13,使用料及び賃借料,1,0,,,,,,2876027,R3決算書p29
2021,2,総務費,1,総務管理費,1,一般管理費,総務事務経費,13,使用料及び賃借料,2,0,01使用料・借上料,,,,,2622967,R3決算書p30
2021,2,総務費,1,総務管理費,1,一般管理費,総務事務経費,13,使用料及び賃借料,3,1,01使用料・借上料,01コピーリース料,,,,2378212,R3決算書p30
2021,2,総務費,1,総務管理費,1,一般管理費,総務事務経費,13,使用料及び賃借料,3,1,01使用料・借上料,03印刷機リース料,,,,167961,R3決算書p30
2021,2,総務費,1,総務管理費,1,一般管理費,総務事務経費,13,使用料及び賃借料,3,1,01使用料・借上料,04自動車借上料,,,,31700,R3決算書p30
2021,2,総務費,1,総務管理費,1,一般管理費,総務事務経費,13,使用料及び賃借料,3,1,01使用料・借上料,06ネットＥＢ使用料,,,,40524,R3決算書p30
2021,2,総務費,1,総務管理費,1,一般管理費,総務事務経費,13,使用料及び賃借料,3,1,01使用料・借上料,07駐車場使用料,,,,4570,R3決算書p30
2021,2,総務費,1,総務管理費,1,一般管理費,総務事務経費,13,使用料及び賃借料,2,0,21有料道路通行料,,,,,253060,R3決算書p30
2021,2,総務費,1,総務管理費,1,一般管理費,総務事務経費,13,使用料及び賃借料,3,1,21有料道路通行料,01有料道路通行料,,,,253060,R3決算書p30
2021,2,総務費,1,総務管理費,1,一般管理費,総務事務経費,18,負担金補助及び交付金,1,0,,,,,,1240774,R3決算書p30
2021,2,総務費,1,総務管理費,1,一般管理費,総務事務経費,18,負担金補助及び交付金,2,0,11負担金（一部事務組合）,,,,,829484,R3決算書p30
2021,2,総務費,1,総務管理費,1,一般管理費,総務事務経費,18,負担金補助及び交付金,3,1,11負担金（一部事務組合）,01下伊那郡町村会負担金,,,,781800,R3決算書p30
2021,2,総務費,1,総務管理費,1,一般管理費,総務事務経費,18,負担金補助及び交付金,3,1,11負担金（一部事務組合）,03非常勤公務災害補償負担金,,,,19684,R3決算書p30
2021,2,総務費,1,総務管理費,1,一般管理費,総務事務経費,18,負担金補助及び交付金,3,1,11負担金（一部事務組合）,04下伊那郡町村総合事務組合負担金,,,,28000,R3決算書p30
2021,2,総務費,1,総務管理費,1,一般管理費,総務事務経費,18,負担金補助及び交付金,2,0,21負担金,,,,,411290,R3決算書p30
2021,2,総務費,1,総務管理費,1,一般管理費,総務事務経費,18,負担金補助及び交付金,3,1,21負担金,01安全運転管理講習会負担金,,,,24640,R3決算書p30
2021,2,総務費,1,総務管理費,1,一般管理費,総務事務経費,18,負担金補助及び交付金,3,1,21負担金,03行政相談協議会負担金,,,,20000,R3決算書p30
2021,2,総務費,1,総務管理費,1,一般管理費,総務事務経費,18,負担金補助及び交付金,3,1,21負担金,04防火管理者協議会負担金,,,,6500,R3決算書p30
2021,2,総務費,1,総務管理費,1,一般管理費,総務事務経費,18,負担金補助及び交付金,3,1,21負担金,05国際連合協会負担金,,,,2000,R3決算書p30
2021,2,総務費,1,総務管理費,1,一般管理費,総務事務経費,18,負担金補助及び交付金,3,1,21負担金,06飯田コンピュータ協会協賛金,,,,3000,R3決算書p30
2021,2,総務費,1,総務管理費,1,一般管理費,総務事務経費,18,負担金補助及び交付金,3,1,21負担金,07危険物安全協会負担金,,,,5900,R3決算書p30
2021,2,総務費,1,総務管理費,1,一般管理費,総務事務経費,18,負担金補助及び交付金,3,1,21負担金,09指定金融機関負担金,,,,10000,R3決算書p30
2021,2,総務費,1,総務管理費,1,一般管理費,総務事務経費,18,負担金補助及び交付金,3,1,21負担金,10職員研修負担金,,,,264650,R3決算書p30
2021,2,総務費,1,総務管理費,1,一般管理費,総務事務経費,18,負担金補助及び交付金,3,1,21負担金,12副村長会負担金,,,,6000,R3決算書p30
2021,2,総務費,1,総務管理費,1,一般管理費,総務事務経費,18,負担金補助及び交付金,3,1,21負担金,15伊那大島駅駐輪場負担金,,,,35600,R3決算書p30
2021,2,総務費,1,総務管理費,1,一般管理費,総務事務経費,18,負担金補助及び交付金,3,1,21負担金,16保護司会賛助金,,,,21000,R3決算書p30
2021,2,総務費,1,総務管理費,1,一般管理費,総務事務経費,18,負担金補助及び交付金,3,1,21負担金,21平和首長会議メンバーシップ負担金,,,,2000,R3決算書p30
2021,2,総務費,1,総務管理費,1,一般管理費,総務事務経費,18,負担金補助及び交付金,3,1,21負担金,22長野県暴力追放センター負担金,,,,10000,R3決算書p30
2021,2,総務費,1,総務管理費,1,一般管理費,総務事務経費,26,公課費,1,0,,,,,,100300,R3決算書p30
2021,2,総務費,1,総務管理費,1,一般管理費,総務事務経費,26,公課費,2,0,01重量税,,,,,92300,R3決算書p30
2021,2,総務費,1,総務管理費,1,一般管理費,総務事務経費,26,公課費,3,1,01重量税,01公用車重量税,,,,92300,R3決算書p30
2021,2,総務費,1,総務管理費,1,一般管理費,総務事務経費,26,公課費,2,0,11印紙税,,,,,8000,R3決算書p30
2021,2,総務費,1,総務管理費,1,一般管理費,総務事務経費,26,公課費,3,1,11印紙税,01印紙代,,,,8000,R3決算書p30
2021,2,総務費,1,総務管理費,1,一般管理費,一般職人事管理経費（総務費）,,,0,0,,,,,,103146454,R3決算書p30
2021,2,総務費,1,総務管理費,1,一般管理費,一般職人事管理経費（総務費）,2,給料,1,0,,,,,,40425900,R3決算書p30
2021,2,総務費,1,総務管理費,1,一般管理費,一般職人事管理経費（総務費）,2,給料,2,0,21職員給料,,,,,40425900,R3決算書p30
2021,2,総務費,1,総務管理費,1,一般管理費,一般職人事管理経費（総務費）,2,給料,3,1,21職員給料,01特別職・一般職給料,,,,40425900,R3決算書p30
2021,2,総務費,1,総務管理費,1,一般管理費,一般職人事管理経費（総務費）,3,職員手当等,1,0,,,,,,49992627,R3決算書p30
2021,2,総務費,1,総務管理費,1,一般管理費,一般職人事管理経費（総務費）,3,職員手当等,2,1,21職員手当等,,,,,49992627,R3決算書p30
2021,2,総務費,1,総務管理費,1,一般管理費,一般職人事管理経費（総務費）,4,共済費,1,0,,,,,,12727927,R3決算書p30
2021,2,総務費,1,総務管理費,1,一般管理費,一般職人事管理経費（総務費）,4,共済費,2,0,31一般職共済費,,,,,12727927,R3決算書p30
2021,2,総務費,1,総務管理費,1,一般管理費,一般職人事管理経費（総務費）,4,共済費,3,1,31一般職共済費,01地方公務員共済組合等負担金,,,,12727927,R3決算書p30
2021,2,総務費,1,総務管理費,1,一般管理費,互助会・災害補償基金経費,,,0,0,,,,,,714268,R3決算書p30
2021,2,総務費,1,総務管理費,1,一般管理費,互助会・災害補償基金経費,18,負担金補助及び交付金,1,0,,,,,,714268,R3決算書p31
2021,2,総務費,1,総務管理費,1,一般管理費,互助会・災害補償基金経費,18,負担金補助及び交付金,2,0,01負担金（人件費）,,,,,714268,R3決算書p31
2021,2,総務費,1,総務管理費,1,一般管理費,互助会・災害補償基金経費,18,負担金補助及び交付金,3,1,01負担金（人件費）,01町村職員互助会負担金,,,,396850,R3決算書p31
2021,2,総務費,1,総務管理費,1,一般管理費,互助会・災害補償基金経費,18,負担金補助及び交付金,3,1,01負担金（人件費）,02地方公務員災害補償基金負担金,,,,317418,R3決算書p31
2021,2,総務費,1,総務管理費,1,一般管理費,臨時職員管理経費（社会保険等）,,,0,0,,,,,,7022082,R3決算書p31
2021,2,総務費,1,総務管理費,1,一般管理費,臨時職員管理経費（社会保険等）,4,共済費,1,0,,,,,,7022082,R3決算書p31
2021,2,総務費,1,総務管理費,1,一般管理費,臨時職員管理経費（社会保険等）,4,共済費,2,0,41臨時職員等共済費,,,,,7022082,R3決算書p31
2021,2,総務費,1,総務管理費,1,一般管理費,臨時職員管理経費（社会保険等）,4,共済費,3,1,41臨時職員等共済費,01社会保険料,,,,7022082,R3決算書p31
2021,2,総務費,1,総務管理費,1,一般管理費,臨時職員管理経費（総務課）,,,0,0,,,,,,4882246,R3決算書p31
2021,2,総務費,1,総務管理費,1,一般管理費,臨時職員管理経費（総務課）,2,給料,1,0,,,,,,4006800,R3決算書p31
2021,2,総務費,1,総務管理費,1,一般管理費,臨時職員管理経費（総務課）,2,給料,2,0,22会計年度任用職員給料,,,,,4006800,R3決算書p31
2021,2,総務費,1,総務管理費,1,一般管理費,臨時職員管理経費（総務課）,2,給料,3,1,22会計年度任用職員給料,01会計年度任用職員2号給料,,,,4006800,R3決算書p31
2021,2,総務費,1,総務管理費,1,一般管理費,臨時職員管理経費（総務課）,3,職員手当等,1,0,,,,,,875446,R3決算書p31
2021,2,総務費,1,総務管理費,1,一般管理費,臨時職員管理経費（総務課）,3,職員手当等,2,1,22会計年度任用職員手当,,,,,875446,R3決算書p31
2021,2,総務費,1,総務管理費,1,一般管理費,臨時特別給付金事業,,,0,0,,,,,,18722992,R3決算書p31
2021,2,総務費,1,総務管理費,1,一般管理費,臨時特別給付金事業,10,需用費,1,0,,,,,,86447,R3決算書p31
2021,2,総務費,1,総務管理費,1,一般管理費,臨時特別給付金事業,10,需用費,2,0,01消耗品,,,,,59315,R3決算書p31
2021,2,総務費,1,総務管理費,1,一般管理費,臨時特別給付金事業,10,需用費,3,1,01消耗品,01消耗品,,,,59315,R3決算書p31
2021,2,総務費,1,総務管理費,1,一般管理費,臨時特別給付金事業,10,需用費,2,0,31印刷製本費,,,,,27132,R3決算書p31
2021,2,総務費,1,総務管理費,1,一般管理費,臨時特別給付金事業,10,需用費,3,1,31印刷製本費,01広報おおしか印刷代,,,,27132,R3決算書p31
2021,2,総務費,1,総務管理費,1,一般管理費,臨時特別給付金事業,11,役務費,1,0,,,,,,37745,R3決算書p31
2021,2,総務費,1,総務管理費,1,一般管理費,臨時特別給付金事業,11,役務費,2,0,01通信運搬費,,,,,37745,R3決算書p31
2021,2,総務費,1,総務管理費,1,一般管理費,臨時特別給付金事業,11,役務費,3,1,01通信運搬費,01郵便料,,,,37745,R3決算書p31
2021,2,総務費,1,総務管理費,1,一般管理費,臨時特別給付金事業,12,委託料,1,0,,,,,,998800,R3決算書p31
2021,2,総務費,1,総務管理費,1,一般管理費,臨時特別給付金事業,12,委託料,2,0,11電算委託料,,,,,998800,R3決算書p31
2021,2,総務費,1,総務管理費,1,一般管理費,臨時特別給付金事業,12,委託料,3,1,11電算委託料,01システム改修委託料,,,,998800,R3決算書p31
2021,2,総務費,1,総務管理費,1,一般管理費,臨時特別給付金事業,18,負担金補助及び交付金,1,0,,,,,,17600000,R3決算書p31
2021,2,総務費,1,総務管理費,1,一般管理費,臨時特別給付金事業,18,負担金補助及び交付金,2,0,71交付金,,,,,17600000,R3決算書p31
2021,2,総務費,1,総務管理費,1,一般管理費,臨時特別給付金事業,18,負担金補助及び交付金,3,1,71交付金,01臨時特別給付金,,,,17600000,R3決算書p31
2021,2,総務費,1,総務管理費,2,文書広報費,文書広報一般経費,,,0,0,,,,,,6717134,R3決算書p31
2021,2,総務費,1,総務管理費,2,文書広報費,文書広報一般経費,1,報酬,1,0,,,,,,227000,R3決算書p31
2021,2,総務費,1,総務管理費,2,文書広報費,文書広報一般経費,1,報酬,2,0,11委員報酬,,,,,227000,R3決算書p31
2021,2,総務費,1,総務管理費,2,文書広報費,文書広報一般経費,1,報酬,3,1,11委員報酬,01自治会広報係報酬,,,,227000,R3決算書p31
2021,2,総務費,1,総務管理費,2,文書広報費,文書広報一般経費,10,需用費,1,0,,,,,,2923880,R3決算書p31
2021,2,総務費,1,総務管理費,2,文書広報費,文書広報一般経費,10,需用費,2,0,01消耗品,,,,,105044,R3決算書p31
2021,2,総務費,1,総務管理費,2,文書広報費,文書広報一般経費,10,需用費,3,1,01消耗品,01消耗品,,,,14484,R3決算書p31
2021,2,総務費,1,総務管理費,2,文書広報費,文書広報一般経費,10,需用費,3,1,01消耗品,02情報無線電池代,,,,90560,R3決算書p31
2021,2,総務費,1,総務管理費,2,文書広報費,文書広報一般経費,10,需用費,2,0,31印刷製本費,,,,,2346668,R3決算書p31
2021,2,総務費,1,総務管理費,2,文書広報費,文書広報一般経費,10,需用費,3,1,31印刷製本費,01広報おおしか印刷代,,,,2333468,R3決算書p31
2021,2,総務費,1,総務管理費,2,文書広報費,文書広報一般経費,10,需用費,3,1,31印刷製本費,02納付書印刷代,,,,13200,R3決算書p31
2021,2,総務費,1,総務管理費,2,文書広報費,文書広報一般経費,10,需用費,2,0,41光熱水費,,,,,88818,R3決算書p31
2021,2,総務費,1,総務管理費,2,文書広報費,文書広報一般経費,10,需用費,3,1,41光熱水費,01電気料（情報無線）,,,,88818,R3決算書p32
2021,2,総務費,1,総務管理費,2,文書広報費,文書広報一般経費,10,需用費,2,0,51修繕費,,,,,383350,R3決算書p32
2021,2,総務費,1,総務管理費,2,文書広報費,文書広報一般経費,10,需用費,3,1,51修繕費,01修繕費（情報無線）,,,,383350,R3決算書p32
2021,2,総務費,1,総務管理費,2,文書広報費,文書広報一般経費,11,役務費,1,0,,,,,,1585379,R3決算書p32
2021,2,総務費,1,総務管理費,2,文書広報費,文書広報一般経費,11,役務費,2,0,01通信運搬費,,,,,1579649,R3決算書p32
2021,2,総務費,1,総務管理費,2,文書広報費,文書広報一般経費,11,役務費,3,1,01通信運搬費,01郵便料,,,,1312789,R3決算書p32
2021,2,総務費,1,総務管理費,2,文書広報費,文書広報一般経費,11,役務費,3,1,01通信運搬費,02運搬費（宅急便）,,,,232210,R3決算書p32
2021,2,総務費,1,総務管理費,2,文書広報費,文書広報一般経費,11,役務費,3,1,01通信運搬費,03電波利用料（情報無線）,,,,34650,R3決算書p32
2021,2,総務費,1,総務管理費,2,文書広報費,文書広報一般経費,11,役務費,2,0,41損害保険料,,,,,5730,R3決算書p32
2021,2,総務費,1,総務管理費,2,文書広報費,文書広報一般経費,11,役務費,3,1,41損害保険料,01電池作業員損害保険料,,,,5730,R3決算書p32
2021,2,総務費,1,総務管理費,2,文書広報費,文書広報一般経費,12,委託料,1,0,,,,,,1485875,R3決算書p32
2021,2,総務費,1,総務管理費,2,文書広報費,文書広報一般経費,12,委託料,2,0,21保守管理委託料,,,,,1298000,R3決算書p32
2021,2,総務費,1,総務管理費,2,文書広報費,文書広報一般経費,12,委託料,3,1,21保守管理委託料,01情報無線保守委託料,,,,1298000,R3決算書p32
2021,2,総務費,1,総務管理費,2,文書広報費,文書広報一般経費,12,委託料,2,0,51業務委託料,,,,,187875,R3決算書p32
2021,2,総務費,1,総務管理費,2,文書広報費,文書広報一般経費,12,委託料,3,1,51業務委託料,03情報無線電池交換委託料,,,,187875,R3決算書p32
2021,2,総務費,1,総務管理費,2,文書広報費,文書広報一般経費,14,工事請負費,1,0,,,,,,495000,R3決算書p32
2021,2,総務費,1,総務管理費,2,文書広報費,文書広報一般経費,14,工事請負費,2,0,31単独事業,,,,,495000,R3決算書p32
2021,2,総務費,1,総務管理費,2,文書広報費,文書広報一般経費,14,工事請負費,3,1,31単独事業,02同報無線改修工事,,,,495000,R3決算書p32
2021,2,総務費,1,総務管理費,3,財政管理費,財政一般経費,,,0,0,,,,,,13480564,R3決算書p32
2021,2,総務費,1,総務管理費,3,財政管理費,財政一般経費,8,旅費,1,0,,,,,,2000,R3決算書p32
2021,2,総務費,1,総務管理費,3,財政管理費,財政一般経費,8,旅費,2,0,11職員旅費,,,,,2000,R3決算書p32
2021,2,総務費,1,総務管理費,3,財政管理費,財政一般経費,8,旅費,3,1,11職員旅費,01職員旅費,,,,2000,R3決算書p32
2021,2,総務費,1,総務管理費,3,財政管理費,財政一般経費,10,需用費,1,0,,,,,,3564,R3決算書p32
2021,2,総務費,1,総務管理費,3,財政管理費,財政一般経費,10,需用費,2,0,01消耗品,,,,,3564,R3決算書p32
2021,2,総務費,1,総務管理費,3,財政管理費,財政一般経費,10,需用費,3,1,01消耗品,01図書購入費,,,,3564,R3決算書p32
2021,2,総務費,1,総務管理費,3,財政管理費,財政一般経費,12,委託料,1,0,,,,,,13475000,R3決算書p32
2021,2,総務費,1,総務管理費,3,財政管理費,財政一般経費,12,委託料,2,0,11電算委託料,,,,,550000,R3決算書p32
2021,2,総務費,1,総務管理費,3,財政管理費,財政一般経費,12,委託料,3,1,11電算委託料,01公会計制度システム保守委託料,,,,550000,R3決算書p32
2021,2,総務費,1,総務管理費,3,財政管理費,財政一般経費,12,委託料,2,0,21保守管理委託料,,,,,957000,R3決算書p32
2021,2,総務費,1,総務管理費,3,財政管理費,財政一般経費,12,委託料,3,1,21保守管理委託料,01公有財産管理システム保守料,,,,957000,R3決算書p32
2021,2,総務費,1,総務管理費,3,財政管理費,財政一般経費,12,委託料,2,0,51業務委託料,,,,,11968000,R3決算書p32
2021,2,総務費,1,総務管理費,3,財政管理費,財政一般経費,12,委託料,3,1,51業務委託料,02公共施設等総合管理計画作成委託料,,,,3531000,R3決算書p32
2021,2,総務費,1,総務管理費,3,財政管理費,財政一般経費,12,委託料,3,1,51業務委託料,03財務書類作成業務委託料,,,,3124000,R3決算書p32
2021,2,総務費,1,総務管理費,3,財政管理費,財政一般経費,12,委託料,3,1,51業務委託料,04資産台帳更新委託料,,,,3993000,R3決算書p32
2021,2,総務費,1,総務管理費,3,財政管理費,財政一般経費,12,委託料,3,1,51業務委託料,08公会計システム更新委託料,,,,1320000,R3決算書p32
2021,2,総務費,1,総務管理費,5,財産管理費,財産管理経費,,,0,0,,,,,,78084992,R3決算書p32
2021,2,総務費,1,総務管理費,5,財産管理費,財産管理経費,10,需用費,1,0,,,,,,6591314,R3決算書p32
2021,2,総務費,1,総務管理費,5,財産管理費,財産管理経費,10,需用費,2,0,01消耗品,,,,,484699,R3決算書p32
2021,2,総務費,1,総務管理費,5,財産管理費,財産管理経費,10,需用費,3,1,01消耗品,01庁舎消耗品,,,,346033,R3決算書p32
2021,2,総務費,1,総務管理費,5,財産管理費,財産管理経費,10,需用費,3,1,01消耗品,02モップ・マット,,,,138666,R3決算書p32
2021,2,総務費,1,総務管理費,5,財産管理費,財産管理経費,10,需用費,2,0,41光熱水費,,,,,5574765,R3決算書p32
2021,2,総務費,1,総務管理費,5,財産管理費,財産管理経費,10,需用費,3,1,41光熱水費,01電気料,,,,2272350,R3決算書p32
2021,2,総務費,1,総務管理費,5,財産管理費,財産管理経費,10,需用費,3,1,41光熱水費,02水道料,,,,261161,R3決算書p32
2021,2,総務費,1,総務管理費,5,財産管理費,財産管理経費,10,需用費,3,1,41光熱水費,03灯油代,,,,2983719,R3決算書p33
2021,2,総務費,1,総務管理費,5,財産管理費,財産管理経費,10,需用費,3,1,41光熱水費,04ガス代,,,,57535,R3決算書p33
2021,2,総務費,1,総務管理費,5,財産管理費,財産管理経費,10,需用費,2,0,51修繕費,,,,,531850,R3決算書p33
2021,2,総務費,1,総務管理費,5,財産管理費,財産管理経費,10,需用費,3,1,51修繕費,01建物修繕費,,,,343750,R3決算書p33
2021,2,総務費,1,総務管理費,5,財産管理費,財産管理経費,10,需用費,3,1,51修繕費,02その他修繕費,,,,188100,R3決算書p33
2021,2,総務費,1,総務管理費,5,財産管理費,財産管理経費,11,役務費,1,0,,,,,,1228800,R3決算書p33
2021,2,総務費,1,総務管理費,5,財産管理費,財産管理経費,11,役務費,2,0,01通信運搬費,,,,,1079739,R3決算書p33
2021,2,総務費,1,総務管理費,5,財産管理費,財産管理経費,11,役務費,3,1,01通信運搬費,01電話料,,,,1018633,R3決算書p33
2021,2,総務費,1,総務管理費,5,財産管理費,財産管理経費,11,役務費,3,1,01通信運搬費,02テレビ受信料,,,,61106,R3決算書p33
2021,2,総務費,1,総務管理費,5,財産管理費,財産管理経費,11,役務費,2,0,21手数料,,,,,38500,R3決算書p33
2021,2,総務費,1,総務管理費,5,財産管理費,財産管理経費,11,役務費,3,1,21手数料,01消防施設点検料,,,,38500,R3決算書p33
2021,2,総務費,1,総務管理費,5,財産管理費,財産管理経費,11,役務費,2,0,41損害保険料,,,,,110561,R3決算書p33
2021,2,総務費,1,総務管理費,5,財産管理費,財産管理経費,11,役務費,3,1,41損害保険料,01村有建物災害共済保険料,,,,110561,R3決算書p33
2021,2,総務費,1,総務管理費,5,財産管理費,財産管理経費,12,委託料,1,0,,,,,,1264068,R3決算書p33
2021,2,総務費,1,総務管理費,5,財産管理費,財産管理経費,12,委託料,2,0,21保守管理委託料,,,,,1264068,R3決算書p33
2021,2,総務費,1,総務管理費,5,財産管理費,財産管理経費,12,委託料,3,1,21保守管理委託料,01電話保守委託料,,,,172000,R3決算書p33
2021,2,総務費,1,総務管理費,5,財産管理費,財産管理経費,12,委託料,3,1,21保守管理委託料,03電気施設保守委託料,,,,189400,R3決算書p33
2021,2,総務費,1,総務管理費,5,財産管理費,財産管理経費,12,委託料,3,1,21保守管理委託料,04合併浄化槽保守管理委託料,,,,378970,R3決算書p33
2021,2,総務費,1,総務管理費,5,財産管理費,財産管理経費,12,委託料,3,1,21保守管理委託料,05自動ドア管理委託料,,,,128600,R3決算書p33
2021,2,総務費,1,総務管理費,5,財産管理費,財産管理経費,12,委託料,3,1,21保守管理委託料,06非常用発電設備点検委託料,,,,181500,R3決算書p33
2021,2,総務費,1,総務管理費,5,財産管理費,財産管理経費,12,委託料,3,1,21保守管理委託料,07サーバ保守料,,,,88000,R3決算書p33
2021,2,総務費,1,総務管理費,5,財産管理費,財産管理経費,12,委託料,3,1,21保守管理委託料,08金庫保守点検料,,,,125598,R3決算書p33
2021,2,総務費,1,総務管理費,5,財産管理費,財産管理経費,13,使用料及び賃借料,1,0,,,,,,2250610,R3決算書p33
2021,2,総務費,1,総務管理費,5,財産管理費,財産管理経費,13,使用料及び賃借料,2,0,01使用料・借上料,,,,,1786400,R3決算書p33
2021,2,総務費,1,総務管理費,5,財産管理費,財産管理経費,13,使用料及び賃借料,3,1,01使用料・借上料,01LEDリース料,,,,1786400,R3決算書p33
2021,2,総務費,1,総務管理費,5,財産管理費,財産管理経費,13,使用料及び賃借料,2,0,12敷地料,,,,,464210,R3決算書p33
2021,2,総務費,1,総務管理費,5,財産管理費,財産管理経費,13,使用料及び賃借料,3,1,12敷地料,01庁舎敷地料,,,,375330,R3決算書p33
2021,2,総務費,1,総務管理費,5,財産管理費,財産管理経費,13,使用料及び賃借料,3,1,12敷地料,02駐在所敷地料,,,,88880,R3決算書p33
2021,2,総務費,1,総務管理費,5,財産管理費,財産管理経費,14,工事請負費,1,0,,,,,,66750200,R3決算書p33
2021,2,総務費,1,総務管理費,5,財産管理費,財産管理経費,14,工事請負費,2,0,32維持・修繕工事,,,,,66750200,R3決算書p33
2021,2,総務費,1,総務管理費,5,財産管理費,財産管理経費,14,工事請負費,3,1,32維持・修繕工事,01庁舎施設修繕工事,,,,66750200,R3決算書p33
2021,2,総務費,1,総務管理費,6,企画費,企画事務経費,,,0,0,,,,,,56901606,R3決算書p33
2021,2,総務費,1,総務管理費,6,企画費,企画事務経費,1,報酬,1,0,,,,,,412800,R3決算書p33
2021,2,総務費,1,総務管理費,6,企画費,企画事務経費,1,報酬,2,0,11委員報酬,,,,,412800,R3決算書p33
2021,2,総務費,1,総務管理費,6,企画費,企画事務経費,1,報酬,3,1,11委員報酬,01総合振興計画策定委員会報酬,,,,144300,R3決算書p33
2021,2,総務費,1,総務管理費,6,企画費,企画事務経費,1,報酬,3,1,11委員報酬,02景観審議会報酬,,,,26400,R3決算書p33
2021,2,総務費,1,総務管理費,6,企画費,企画事務経費,1,報酬,3,1,11委員報酬,04交通システム策定委員会報酬,,,,47300,R3決算書p33
2021,2,総務費,1,総務管理費,6,企画費,企画事務経費,1,報酬,3,1,11委員報酬,05行政評価委員会報酬,,,,26400,R3決算書p33
2021,2,総務費,1,総務管理費,6,企画費,企画事務経費,1,報酬,3,1,11委員報酬,08村づくり検討委員会報酬,,,,142600,R3決算書p33
2021,2,総務費,1,総務管理費,6,企画費,企画事務経費,1,報酬,3,1,11委員報酬,09審査委員報酬,,,,25800,R3決算書p33
2021,2,総務費,1,総務管理費,6,企画費,企画事務経費,7,報償費,1,0,,,,,,325140,R3決算書p33
2021,2,総務費,1,総務管理費,6,企画費,企画事務経費,7,報償費,2,0,01謝金,,,,,325140,R3決算書p33
2021,2,総務費,1,総務管理費,6,企画費,企画事務経費,7,報償費,3,1,01謝金,01講師謝礼,,,,300000,R3決算書p33
2021,2,総務費,1,総務管理費,6,企画費,企画事務経費,7,報償費,3,1,01謝金,04移住対策協力者謝金,,,,25140,R3決算書p34
2021,2,総務費,1,総務管理費,6,企画費,企画事務経費,8,旅費,1,0,,,,,,252086,R3決算書p34
2021,2,総務費,1,総務管理費,6,企画費,企画事務経費,8,旅費,2,0,11職員旅費,,,,,3000,R3決算書p34
2021,2,総務費,1,総務管理費,6,企画費,企画事務経費,8,旅費,3,1,11職員旅費,01職員旅費,,,,3000,R3決算書p34
2021,2,総務費,1,総務管理費,6,企画費,企画事務経費,8,旅費,2,0,51費用弁償,,,,,249086,R3決算書p34
2021,2,総務費,1,総務管理費,6,企画費,企画事務経費,8,旅費,3,1,51費用弁償,01講師旅費,,,,66366,R3決算書p34
2021,2,総務費,1,総務管理費,6,企画費,企画事務経費,8,旅費,3,1,51費用弁償,03受賞者旅費,,,,182720,R3決算書p34
2021,2,総務費,1,総務管理費,6,企画費,企画事務経費,10,需用費,1,0,,,,,,2491331,R3決算書p34
2021,2,総務費,1,総務管理費,6,企画費,企画事務経費,10,需用費,2,0,01消耗品,,,,,2067281,R3決算書p34
2021,2,総務費,1,総務管理費,6,企画費,企画事務経費,10,需用費,3,1,01消耗品,01消耗品,,,,2052881,R3決算書p34
2021,2,総務費,1,総務管理費,6,企画費,企画事務経費,10,需用費,3,1,01消耗品,04美しい村新聞購入費,,,,14400,R3決算書p34
2021,2,総務費,1,総務管理費,6,企画費,企画事務経費,10,需用費,2,0,31印刷製本費,,,,,424050,R3決算書p34
2021,2,総務費,1,総務管理費,6,企画費,企画事務経費,10,需用費,3,1,31印刷製本費,01村勢要覧印刷費,,,,122100,R3決算書p34
2021,2,総務費,1,総務管理費,6,企画費,企画事務経費,10,需用費,3,1,31印刷製本費,05美しい村ＰＲ資料印刷費,,,,271150,R3決算書p34
2021,2,総務費,1,総務管理費,6,企画費,企画事務経費,10,需用費,3,1,31印刷製本費,06名刺用台紙印刷代,,,,30800,R3決算書p34
2021,2,総務費,1,総務管理費,6,企画費,企画事務経費,11,役務費,1,0,,,,,,43177,R3決算書p34
2021,2,総務費,1,総務管理費,6,企画費,企画事務経費,11,役務費,2,0,01通信運搬費,,,,,13177,R3決算書p34
2021,2,総務費,1,総務管理費,6,企画費,企画事務経費,11,役務費,3,1,01通信運搬費,01郵便料,,,,13177,R3決算書p34
2021,2,総務費,1,総務管理費,6,企画費,企画事務経費,11,役務費,2,0,31筆耕料,,,,,30000,R3決算書p34
2021,2,総務費,1,総務管理費,6,企画費,企画事務経費,11,役務費,3,1,31筆耕料,01筆耕料,,,,30000,R3決算書p34
2021,2,総務費,1,総務管理費,6,企画費,企画事務経費,12,委託料,1,0,,,,,,7165400,R3決算書p34
2021,2,総務費,1,総務管理費,6,企画費,企画事務経費,12,委託料,2,0,01資料作成委託料,,,,,6820000,R3決算書p34
2021,2,総務費,1,総務管理費,6,企画費,企画事務経費,12,委託料,3,1,01資料作成委託料,02総合振興計画策定業務委託,,,,6820000,R3決算書p34
2021,2,総務費,1,総務管理費,6,企画費,企画事務経費,12,委託料,2,0,21保守管理委託料,,,,,213400,R3決算書p34
2021,2,総務費,1,総務管理費,6,企画費,企画事務経費,12,委託料,3,1,21保守管理委託料,01ホームページ保守委託料,,,,213400,R3決算書p34
2021,2,総務費,1,総務管理費,6,企画費,企画事務経費,12,委託料,2,0,51業務委託料,,,,,132000,R3決算書p34
2021,2,総務費,1,総務管理費,6,企画費,企画事務経費,12,委託料,3,1,51業務委託料,03ホームページ更新委託料,,,,132000,R3決算書p34
2021,2,総務費,1,総務管理費,6,企画費,企画事務経費,13,使用料及び賃借料,1,0,,,,,,723962,R3決算書p34
2021,2,総務費,1,総務管理費,6,企画費,企画事務経費,13,使用料及び賃借料,2,0,01使用料・借上料,,,,,722042,R3決算書p34
2021,2,総務費,1,総務管理費,6,企画費,企画事務経費,13,使用料及び賃借料,3,1,01使用料・借上料,05行政ＨＰ用サーバ使用料,,,,256608,R3決算書p34
2021,2,総務費,1,総務管理費,6,企画費,企画事務経費,13,使用料及び賃借料,3,1,01使用料・借上料,06ふるさと納税システム利用料,,,,465434,R3決算書p34
2021,2,総務費,1,総務管理費,6,企画費,企画事務経費,13,使用料及び賃借料,2,0,12敷地料,,,,,1920,R3決算書p34
2021,2,総務費,1,総務管理費,6,企画費,企画事務経費,13,使用料及び賃借料,3,1,12敷地料,01バス停敷地料,,,,1920,R3決算書p34
2021,2,総務費,1,総務管理費,6,企画費,企画事務経費,14,工事請負費,1,0,,,,,,11131000,R3決算書p34
2021,2,総務費,1,総務管理費,6,企画費,企画事務経費,14,工事請負費,2,0,32維持・修繕工事,,,,,11131000,R3決算書p34
2021,2,総務費,1,総務管理費,6,企画費,企画事務経費,14,工事請負費,3,1,32維持・修繕工事,05感染症対応維持修繕工事（繰越明許）,,,,11131000,R3決算書p34
2021,2,総務費,1,総務管理費,6,企画費,企画事務経費,15,原材料費,1,0,,,,,,95520,R3決算書p34
2021,2,総務費,1,総務管理費,6,企画費,企画事務経費,15,原材料費,2,0,01原材料費,,,,,95520,R3決算書p34
2021,2,総務費,1,総務管理費,6,企画費,企画事務経費,15,原材料費,3,1,01原材料費,02美しい村づくり活動材料代,,,,95520,R3決算書p34
2021,2,総務費,1,総務管理費,6,企画費,企画事務経費,17,備品購入費,1,0,,,,,,2340195,R3決算書p34
2021,2,総務費,1,総務管理費,6,企画費,企画事務経費,17,備品購入費,2,0,01備品購入費,,,,,2340195,R3決算書p34
2021,2,総務費,1,総務管理費,6,企画費,企画事務経費,17,備品購入費,3,1,01備品購入費,03コミュニティ事業備品購入費,,,,2202200,R3決算書p34
2021,2,総務費,1,総務管理費,6,企画費,企画事務経費,17,備品購入費,3,1,01備品購入費,04事務用備品購入,,,,137995,R3決算書p34
2021,2,総務費,1,総務管理費,6,企画費,企画事務経費,18,負担金補助及び交付金,1,0,,,,,,31920995,R3決算書p35
2021,2,総務費,1,総務管理費,6,企画費,企画事務経費,18,負担金補助及び交付金,2,0,11負担金（一部事務組合）,,,,,4441000,R3決算書p35
2021,2,総務費,1,総務管理費,6,企画費,企画事務経費,18,負担金補助及び交付金,3,1,11負担金（一部事務組合）,01南信州広域連合負担金,,,,2152000,R3決算書p35
2021,2,総務費,1,総務管理費,6,企画費,企画事務経費,18,負担金補助及び交付金,3,1,11負担金（一部事務組合）,02北部総合事務組合負担金,,,,2289000,R3決算書p35
2021,2,総務費,1,総務管理費,6,企画費,企画事務経費,18,負担金補助及び交付金,2,0,21負担金,,,,,493000,R3決算書p35
2021,2,総務費,1,総務管理費,6,企画費,企画事務経費,18,負担金補助及び交付金,3,1,21負担金,02全国山振連盟負担金,,,,40000,R3決算書p35
2021,2,総務費,1,総務管理費,6,企画費,企画事務経費,18,負担金補助及び交付金,3,1,21負担金,03全国過疎地域自立促進連盟負担金,,,,63000,R3決算書p35
2021,2,総務費,1,総務管理費,6,企画費,企画事務経費,18,負担金補助及び交付金,3,1,21負担金,09美しい村連合負担金,,,,222000,R3決算書p35
2021,2,総務費,1,総務管理費,6,企画費,企画事務経費,18,負担金補助及び交付金,3,1,21負担金,13ダム・発電関係市町村全国協議会負担金,,,,8000,R3決算書p35
2021,2,総務費,1,総務管理費,6,企画費,企画事務経費,18,負担金補助及び交付金,3,1,21負担金,20伊那大島駅負担金,,,,150000,R3決算書p35
2021,2,総務費,1,総務管理費,6,企画費,企画事務経費,18,負担金補助及び交付金,3,1,21負担金,22楽園信州推進協議会負担金,,,,10000,R3決算書p35
2021,2,総務費,1,総務管理費,6,企画費,企画事務経費,18,負担金補助及び交付金,2,0,51補助金,,,,,24399000,R3決算書p35
2021,2,総務費,1,総務管理費,6,企画費,企画事務経費,18,負担金補助及び交付金,3,1,51補助金,03コミュニティ活動補助金,,,,2451000,R3決算書p35
2021,2,総務費,1,総務管理費,6,企画費,企画事務経費,18,負担金補助及び交付金,3,1,51補助金,05地域活性化事業補助金,,,,968000,R3決算書p35
2021,2,総務費,1,総務管理費,6,企画費,企画事務経費,18,負担金補助及び交付金,3,1,51補助金,06廃止代替バス運行補助金,,,,19482000,R3決算書p35
2021,2,総務費,1,総務管理費,6,企画費,企画事務経費,18,負担金補助及び交付金,3,1,51補助金,07美しい村づくり事業補助金,,,,1498000,R3決算書p35
2021,2,総務費,1,総務管理費,6,企画費,企画事務経費,18,負担金補助及び交付金,2,0,71交付金,,,,,2587995,R3決算書p35
2021,2,総務費,1,総務管理費,6,企画費,企画事務経費,18,負担金補助及び交付金,3,1,71交付金,01美しい村づくり交付金,,,,2587995,R3決算書p35
2021,2,総務費,1,総務管理費,6,企画費,地域おこし協力隊・集落支援員事業,,,0,0,,,,,,7949553,R3決算書p35
2021,2,総務費,1,総務管理費,6,企画費,地域おこし協力隊・集落支援員事業,1,報酬,1,0,,,,,,5400000,R3決算書p35
2021,2,総務費,1,総務管理費,6,企画費,地域おこし協力隊・集落支援員事業,1,報酬,2,0,26会計年度任用職員報酬,,,,,5400000,R3決算書p35
2021,2,総務費,1,総務管理費,6,企画費,地域おこし協力隊・集落支援員事業,1,報酬,3,1,26会計年度任用職員報酬,01会計年度任用職員1号報酬,,,,5400000,R3決算書p35
2021,2,総務費,1,総務管理費,6,企画費,地域おこし協力隊・集落支援員事業,4,共済費,1,0,,,,,,1541230,R3決算書p35
2021,2,総務費,1,総務管理費,6,企画費,地域おこし協力隊・集落支援員事業,4,共済費,2,0,41臨時職員等共済費,,,,,1541230,R3決算書p35
2021,2,総務費,1,総務管理費,6,企画費,地域おこし協力隊・集落支援員事業,4,共済費,3,1,41臨時職員等共済費,01社会保険料,,,,1541230,R3決算書p35
2021,2,総務費,1,総務管理費,6,企画費,地域おこし協力隊・集落支援員事業,10,需用費,1,0,,,,,,203743,R3決算書p35
2021,2,総務費,1,総務管理費,6,企画費,地域おこし協力隊・集落支援員事業,10,需用費,2,0,01消耗品,,,,,100333,R3決算書p35
2021,2,総務費,1,総務管理費,6,企画費,地域おこし協力隊・集落支援員事業,10,需用費,3,1,01消耗品,01消耗品,,,,83481,R3決算書p35
2021,2,総務費,1,総務管理費,6,企画費,地域おこし協力隊・集落支援員事業,10,需用費,3,1,01消耗品,02図書購入費,,,,16852,R3決算書p35
2021,2,総務費,1,総務管理費,6,企画費,地域おこし協力隊・集落支援員事業,10,需用費,2,0,11燃料費,,,,,37234,R3決算書p35
2021,2,総務費,1,総務管理費,6,企画費,地域おこし協力隊・集落支援員事業,10,需用費,3,1,11燃料費,01公用車燃料代,,,,37234,R3決算書p35
2021,2,総務費,1,総務管理費,6,企画費,地域おこし協力隊・集落支援員事業,10,需用費,2,0,51修繕費,,,,,66176,R3決算書p35
2021,2,総務費,1,総務管理費,6,企画費,地域おこし協力隊・集落支援員事業,10,需用費,3,1,51修繕費,01公用車修繕費,,,,66176,R3決算書p35
2021,2,総務費,1,総務管理費,6,企画費,地域おこし協力隊・集落支援員事業,11,役務費,1,0,,,,,,46600,R3決算書p35
2021,2,総務費,1,総務管理費,6,企画費,地域おこし協力隊・集落支援員事業,11,役務費,2,0,21手数料,,,,,31610,R3決算書p35
2021,2,総務費,1,総務管理費,6,企画費,地域おこし協力隊・集落支援員事業,11,役務費,3,1,21手数料,01公用車車検点検料,,,,31610,R3決算書p35
2021,2,総務費,1,総務管理費,6,企画費,地域おこし協力隊・集落支援員事業,11,役務費,2,0,41損害保険料,,,,,14990,R3決算書p35
2021,2,総務費,1,総務管理費,6,企画費,地域おこし協力隊・集落支援員事業,11,役務費,3,1,41損害保険料,02公用車共済保険料,,,,14990,R3決算書p35
2021,2,総務費,1,総務管理費,6,企画費,地域おこし協力隊・集落支援員事業,13,使用料及び賃借料,1,0,,,,,,751380,R3決算書p35
2021,2,総務費,1,総務管理費,6,企画費,地域おこし協力隊・集落支援員事業,13,使用料及び賃借料,2,0,01使用料・借上料,,,,,744340,R3決算書p35
2021,2,総務費,1,総務管理費,6,企画費,地域おこし協力隊・集落支援員事業,13,使用料及び賃借料,3,1,01使用料・借上料,01駐車場使用料,,,,400,R3決算書p35
2021,2,総務費,1,総務管理費,6,企画費,地域おこし協力隊・集落支援員事業,13,使用料及び賃借料,3,1,01使用料・借上料,02住宅借上料,,,,384000,R3決算書p35
2021,2,総務費,1,総務管理費,6,企画費,地域おこし協力隊・集落支援員事業,13,使用料及び賃借料,3,1,01使用料・借上料,03事務用機器リース料,,,,175140,R3決算書p36
2021,2,総務費,1,総務管理費,6,企画費,地域おこし協力隊・集落支援員事業,13,使用料及び賃借料,3,1,01使用料・借上料,04自動車リース料,,,,184800,R3決算書p36
2021,2,総務費,1,総務管理費,6,企画費,地域おこし協力隊・集落支援員事業,13,使用料及び賃借料,2,0,21有料道路通行料,,,,,7040,R3決算書p36
2021,2,総務費,1,総務管理費,6,企画費,地域おこし協力隊・集落支援員事業,13,使用料及び賃借料,3,1,21有料道路通行料,01有料道路通行料,,,,7040,R3決算書p36
2021,2,総務費,1,総務管理費,6,企画費,地域おこし協力隊・集落支援員事業,26,公課費,1,0,,,,,,6600,R3決算書p36
2021,2,総務費,1,総務管理費,6,企画費,地域おこし協力隊・集落支援員事業,26,公課費,2,0,01重量税,,,,,6600,R3決算書p36
2021,2,総務費,1,総務管理費,6,企画費,地域おこし協力隊・集落支援員事業,26,公課費,3,1,01重量税,01公用車重量税,,,,6600,R3決算書p36
2021,2,総務費,1,総務管理費,6,企画費,リニア対策経費,,,0,0,,,,,,3936200,R3決算書p36
2021,2,総務費,1,総務管理費,6,企画費,リニア対策経費,1,報酬,1,0,,,,,,447200,R3決算書p36
2021,2,総務費,1,総務管理費,6,企画費,リニア対策経費,1,報酬,2,0,11委員報酬,,,,,447200,R3決算書p36
2021,2,総務費,1,総務管理費,6,企画費,リニア対策経費,1,報酬,3,1,11委員報酬,01リニア連絡協議会委員報酬,,,,447200,R3決算書p36
2021,2,総務費,1,総務管理費,6,企画費,リニア対策経費,8,旅費,1,0,,,,,,42000,R3決算書p36
2021,2,総務費,1,総務管理費,6,企画費,リニア対策経費,8,旅費,2,0,11職員旅費,,,,,42000,R3決算書p36
2021,2,総務費,1,総務管理費,6,企画費,リニア対策経費,8,旅費,3,1,11職員旅費,01職員旅費,,,,42000,R3決算書p36
2021,2,総務費,1,総務管理費,6,企画費,リニア対策経費,12,委託料,1,0,,,,,,3443000,R3決算書p36
2021,2,総務費,1,総務管理費,6,企画費,リニア対策経費,12,委託料,2,0,51業務委託料,,,,,3443000,R3決算書p36
2021,2,総務費,1,総務管理費,6,企画費,リニア対策経費,12,委託料,3,1,51業務委託料,01設計照査委託料,,,,572000,R3決算書p36
2021,2,総務費,1,総務管理費,6,企画費,リニア対策経費,12,委託料,3,1,51業務委託料,02設計照査委託料（繰越明許）,,,,2871000,R3決算書p36
2021,2,総務費,1,総務管理費,6,企画費,リニア対策経費,18,負担金補助及び交付金,1,0,,,,,,4000,R3決算書p36
2021,2,総務費,1,総務管理費,6,企画費,リニア対策経費,18,負担金補助及び交付金,2,0,21負担金,,,,,4000,R3決算書p36
2021,2,総務費,1,総務管理費,6,企画費,リニア対策経費,18,負担金補助及び交付金,3,1,21負担金,01リニアエクスプレス同盟会負担金,,,,4000,R3決算書p36
2021,2,総務費,1,総務管理費,8,交通安全対策費,交通安全一般経費,,,0,0,,,,,,326166,R3決算書p36
2021,2,総務費,1,総務管理費,8,交通安全対策費,交通安全一般経費,10,需用費,1,0,,,,,,44166,R3決算書p36
2021,2,総務費,1,総務管理費,8,交通安全対策費,交通安全一般経費,10,需用費,2,0,01消耗品,,,,,14520,R3決算書p36
2021,2,総務費,1,総務管理費,8,交通安全対策費,交通安全一般経費,10,需用費,3,1,01消耗品,01交通安全用品,,,,14520,R3決算書p36
2021,2,総務費,1,総務管理費,8,交通安全対策費,交通安全一般経費,10,需用費,2,0,41光熱水費,,,,,11896,R3決算書p36
2021,2,総務費,1,総務管理費,8,交通安全対策費,交通安全一般経費,10,需用費,3,1,41光熱水費,01電気料（回転灯）,,,,11896,R3決算書p36
2021,2,総務費,1,総務管理費,8,交通安全対策費,交通安全一般経費,10,需用費,2,0,51修繕費,,,,,17750,R3決算書p36
2021,2,総務費,1,総務管理費,8,交通安全対策費,交通安全一般経費,10,需用費,3,1,51修繕費,01交通安全機器修繕料,,,,17750,R3決算書p36
2021,2,総務費,1,総務管理費,8,交通安全対策費,交通安全一般経費,18,負担金補助及び交付金,1,0,,,,,,282000,R3決算書p36
2021,2,総務費,1,総務管理費,8,交通安全対策費,交通安全一般経費,18,負担金補助及び交付金,2,0,21負担金,,,,,247000,R3決算書p36
2021,2,総務費,1,総務管理費,8,交通安全対策費,交通安全一般経費,18,負担金補助及び交付金,3,1,21負担金,03大鹿村交通安全協会事業費負担金,,,,247000,R3決算書p36
2021,2,総務費,1,総務管理費,8,交通安全対策費,交通安全一般経費,18,負担金補助及び交付金,2,0,51補助金,,,,,35000,R3決算書p36
2021,2,総務費,1,総務管理費,8,交通安全対策費,交通安全一般経費,18,負担金補助及び交付金,3,1,51補助金,01安全運転支援装置設置促進補助金,,,,35000,R3決算書p36
2021,2,総務費,1,総務管理費,8,交通安全対策費,南信交通災害共済経費,,,0,0,,,,,,191200,R3決算書p36
2021,2,総務費,1,総務管理費,8,交通安全対策費,南信交通災害共済経費,18,負担金補助及び交付金,1,0,,,,,,191200,R3決算書p36
2021,2,総務費,1,総務管理費,8,交通安全対策費,南信交通災害共済経費,18,負担金補助及び交付金,2,0,51補助金,,,,,191200,R3決算書p36
2021,2,総務費,1,総務管理費,8,交通安全対策費,南信交通災害共済経費,18,負担金補助及び交付金,3,1,51補助金,01南信交通災害共済掛金補助,,,,191200,R3決算書p36
2021,2,総務費,1,総務管理費,8,交通安全対策費,交通安全施設整備経費,,,0,0,,,,,,26424291,R3決算書p36
2021,2,総務費,1,総務管理費,8,交通安全対策費,交通安全施設整備経費,10,需用費,1,0,,,,,,277434,R3決算書p36
2021,2,総務費,1,総務管理費,8,交通安全対策費,交通安全施設整備経費,10,需用費,2,0,01消耗品,,,,,148060,R3決算書p36
2021,2,総務費,1,総務管理費,8,交通安全対策費,交通安全施設整備経費,10,需用費,3,1,01消耗品,01除雪用三角板代,,,,148060,R3決算書p37
2021,2,総務費,1,総務管理費,8,交通安全対策費,交通安全施設整備経費,10,需用費,2,0,11燃料費,,,,,87926,R3決算書p37
2021,2,総務費,1,総務管理費,8,交通安全対策費,交通安全施設整備経費,10,需用費,3,1,11燃料費,01公用車燃料費,,,,87926,R3決算書p37
2021,2,総務費,1,総務管理費,8,交通安全対策費,交通安全施設整備経費,10,需用費,2,0,51修繕費,,,,,41448,R3決算書p37
2021,2,総務費,1,総務管理費,8,交通安全対策費,交通安全施設整備経費,10,需用費,3,1,51修繕費,01公用車修繕費,,,,41448,R3決算書p37
2021,2,総務費,1,総務管理費,8,交通安全対策費,交通安全施設整備経費,11,役務費,1,0,,,,,,25100,R3決算書p37
2021,2,総務費,1,総務管理費,8,交通安全対策費,交通安全施設整備経費,11,役務費,2,0,21手数料,,,,,10560,R3決算書p37
2021,2,総務費,1,総務管理費,8,交通安全対策費,交通安全施設整備経費,11,役務費,3,1,21手数料,01公用車車検点検料,,,,10560,R3決算書p37
2021,2,総務費,1,総務管理費,8,交通安全対策費,交通安全施設整備経費,11,役務費,2,0,41損害保険料,,,,,14540,R3決算書p37
2021,2,総務費,1,総務管理費,8,交通安全対策費,交通安全施設整備経費,11,役務費,3,1,41損害保険料,01公用車共済保険料,,,,14540,R3決算書p37
2021,2,総務費,1,総務管理費,8,交通安全対策費,交通安全施設整備経費,12,委託料,1,0,,,,,,19696173,R3決算書p37
2021,2,総務費,1,総務管理費,8,交通安全対策費,交通安全施設整備経費,12,委託料,2,0,51業務委託料,,,,,19696173,R3決算書p37
2021,2,総務費,1,総務管理費,8,交通安全対策費,交通安全施設整備経費,12,委託料,3,1,51業務委託料,01道路凍結防止対策（支障木伐採）委託,,,,2937000,R3決算書p37
2021,2,総務費,1,総務管理費,8,交通安全対策費,交通安全施設整備経費,12,委託料,3,1,51業務委託料,02除雪委託料,,,,10424173,R3決算書p37
2021,2,総務費,1,総務管理費,8,交通安全対策費,交通安全施設整備経費,12,委託料,3,1,51業務委託料,11道路凍結防止対策（繰越明許）,,,,6335000,R3決算書p37
2021,2,総務費,1,総務管理費,8,交通安全対策費,交通安全施設整備経費,14,工事請負費,1,0,,,,,,4074400,R3決算書p37
2021,2,総務費,1,総務管理費,8,交通安全対策費,交通安全施設整備経費,14,工事請負費,2,0,31単独事業,,,,,4074400,R3決算書p37
2021,2,総務費,1,総務管理費,8,交通安全対策費,交通安全施設整備経費,14,工事請負費,3,1,31単独事業,01ガードレール・カーブミラー設置工事,,,,4074400,R3決算書p37
2021,2,総務費,1,総務管理費,8,交通安全対策費,交通安全施設整備経費,15,原材料費,1,0,,,,,,2351184,R3決算書p37
2021,2,総務費,1,総務管理費,8,交通安全対策費,交通安全施設整備経費,15,原材料費,2,0,01原材料費,,,,,2351184,R3決算書p37
2021,2,総務費,1,総務管理費,8,交通安全対策費,交通安全施設整備経費,15,原材料費,3,1,01原材料費,02融雪剤,,,,2314752,R3決算書p37
2021,2,総務費,1,総務管理費,8,交通安全対策費,交通安全施設整備経費,15,原材料費,3,1,01原材料費,03滑り止め用砂,,,,36432,R3決算書p37
2021,2,総務費,1,総務管理費,9,電子計算費,電子計算経費,,,0,0,,,,,,30313289,R3決算書p37
2021,2,総務費,1,総務管理費,9,電子計算費,電子計算経費,10,需用費,1,0,,,,,,74140,R3決算書p37
2021,2,総務費,1,総務管理費,9,電子計算費,電子計算経費,10,需用費,2,0,01消耗品,,,,,74140,R3決算書p37
2021,2,総務費,1,総務管理費,9,電子計算費,電子計算経費,10,需用費,3,1,01消耗品,01消耗品,,,,74140,R3決算書p37
2021,2,総務費,1,総務管理費,9,電子計算費,電子計算経費,11,役務費,1,0,,,,,,1428240,R3決算書p37
2021,2,総務費,1,総務管理費,9,電子計算費,電子計算経費,11,役務費,2,0,01通信運搬費,,,,,1428240,R3決算書p37
2021,2,総務費,1,総務管理費,9,電子計算費,電子計算経費,11,役務費,3,1,01通信運搬費,02情報通信接続料,,,,1428240,R3決算書p37
2021,2,総務費,1,総務管理費,9,電子計算費,電子計算経費,12,委託料,1,0,,,,,,12719800,R3決算書p37
2021,2,総務費,1,総務管理費,9,電子計算費,電子計算経費,12,委託料,2,0,11電算委託料,,,,,3363800,R3決算書p37
2021,2,総務費,1,総務管理費,9,電子計算費,電子計算経費,12,委託料,3,1,11電算委託料,03基幹系等機器保守委託料,,,,686400,R3決算書p37
2021,2,総務費,1,総務管理費,9,電子計算費,電子計算経費,12,委託料,3,1,11電算委託料,09ＬＧＷＡＮシステム運用支援委託料,,,,198000,R3決算書p37
2021,2,総務費,1,総務管理費,9,電子計算費,電子計算経費,12,委託料,3,1,11電算委託料,17情報セキュリティ強化機器保守委託料,,,,739200,R3決算書p37
2021,2,総務費,1,総務管理費,9,電子計算費,電子計算経費,12,委託料,3,1,11電算委託料,18マイナンバー管理システム保守委託料,,,,79200,R3決算書p37
2021,2,総務費,1,総務管理費,9,電子計算費,電子計算経費,12,委託料,3,1,11電算委託料,20自治体中間サーバー改修委託料,,,,1210000,R3決算書p37
2021,2,総務費,1,総務管理費,9,電子計算費,電子計算経費,12,委託料,3,1,11電算委託料,21マイナンバー管理システム機器更改委託料,,,,451000,R3決算書p38
2021,2,総務費,1,総務管理費,9,電子計算費,電子計算経費,12,委託料,2,0,51業務委託料,,,,,9356000,R3決算書p38
2021,2,総務費,1,総務管理費,9,電子計算費,電子計算経費,12,委託料,3,1,51業務委託料,01庁舎内配線業務委託料,,,,6820000,R3決算書p38
2021,2,総務費,1,総務管理費,9,電子計算費,電子計算経費,12,委託料,3,1,51業務委託料,02廃棄物処理委託料,,,,50000,R3決算書p38
2021,2,総務費,1,総務管理費,9,電子計算費,電子計算経費,12,委託料,3,1,51業務委託料,05特定個人情報取扱業務支援,,,,2486000,R3決算書p38
2021,2,総務費,1,総務管理費,9,電子計算費,電子計算経費,13,使用料及び賃借料,1,0,,,,,,10747459,R3決算書p38
2021,2,総務費,1,総務管理費,9,電子計算費,電子計算経費,13,使用料及び賃借料,2,0,01使用料・借上料,,,,,10747459,R3決算書p38
2021,2,総務費,1,総務管理費,9,電子計算費,電子計算経費,13,使用料及び賃借料,3,1,01使用料・借上料,01財務会計システム使用料,,,,3154800,R3決算書p38
2021,2,総務費,1,総務管理費,9,電子計算費,電子計算経費,13,使用料及び賃借料,3,1,01使用料・借上料,02ＬＧＷＡＮハウジング料,,,,1215720,R3決算書p38
2021,2,総務費,1,総務管理費,9,電子計算費,電子計算経費,13,使用料及び賃借料,3,1,01使用料・借上料,03ウイルス対策ソフト使用料,,,,987800,R3決算書p38
2021,2,総務費,1,総務管理費,9,電子計算費,電子計算経費,13,使用料及び賃借料,3,1,01使用料・借上料,06基幹系システム使用料,,,,2983200,R3決算書p38
2021,2,総務費,1,総務管理費,9,電子計算費,電子計算経費,13,使用料及び賃借料,3,1,01使用料・借上料,07ＬＧＷＡＮルータ使用料,,,,97680,R3決算書p38
2021,2,総務費,1,総務管理費,9,電子計算費,電子計算経費,13,使用料及び賃借料,3,1,01使用料・借上料,09サーバリース料,,,,205370,R3決算書p38
2021,2,総務費,1,総務管理費,9,電子計算費,電子計算経費,13,使用料及び賃借料,3,1,01使用料・借上料,11パソコンリース料,,,,2102889,R3決算書p38
2021,2,総務費,1,総務管理費,9,電子計算費,電子計算経費,17,備品購入費,1,0,,,,,,838200,R3決算書p38
2021,2,総務費,1,総務管理費,9,電子計算費,電子計算経費,17,備品購入費,2,0,01備品購入費,,,,,838200,R3決算書p38
2021,2,総務費,1,総務管理費,9,電子計算費,電子計算経費,17,備品購入費,3,1,01備品購入費,01パソコン等購入費,,,,838200,R3決算書p38
2021,2,総務費,1,総務管理費,9,電子計算費,電子計算経費,18,負担金補助及び交付金,1,0,,,,,,4505450,R3決算書p38
2021,2,総務費,1,総務管理費,9,電子計算費,電子計算経費,18,負担金補助及び交付金,2,0,21負担金,,,,,4505450,R3決算書p38
2021,2,総務費,1,総務管理費,9,電子計算費,電子計算経費,18,負担金補助及び交付金,3,1,21負担金,01長野県自治振興組合負担金,,,,1042457,R3決算書p38
2021,2,総務費,1,総務管理費,9,電子計算費,電子計算経費,18,負担金補助及び交付金,3,1,21負担金,02電子申請・届出サービス負担金,,,,34571,R3決算書p38
2021,2,総務費,1,総務管理費,9,電子計算費,電子計算経費,18,負担金補助及び交付金,3,1,21負担金,03中間ＳＶＰＦ負担金,,,,2815000,R3決算書p38
2021,2,総務費,1,総務管理費,9,電子計算費,電子計算経費,18,負担金補助及び交付金,3,1,21負担金,04自治体情報セキュリティクラウド負担金,,,,613422,R3決算書p38
2021,2,総務費,1,総務管理費,10,ＣＡＴＶ事業費,ＣＡＴＶ管理事業,,,0,0,,,,,,26236144,R3決算書p38
2021,2,総務費,1,総務管理費,10,ＣＡＴＶ事業費,ＣＡＴＶ管理事業,10,需用費,1,0,,,,,,22255,R3決算書p38
2021,2,総務費,1,総務管理費,10,ＣＡＴＶ事業費,ＣＡＴＶ管理事業,10,需用費,2,0,01消耗品,,,,,22255,R3決算書p38
2021,2,総務費,1,総務管理費,10,ＣＡＴＶ事業費,ＣＡＴＶ管理事業,10,需用費,3,1,01消耗品,01消耗品,,,,22255,R3決算書p38
2021,2,総務費,1,総務管理費,10,ＣＡＴＶ事業費,ＣＡＴＶ管理事業,11,役務費,1,0,,,,,,2158007,R3決算書p38
2021,2,総務費,1,総務管理費,10,ＣＡＴＶ事業費,ＣＡＴＶ管理事業,11,役務費,2,0,01通信運搬費,,,,,2031667,R3決算書p38
2021,2,総務費,1,総務管理費,10,ＣＡＴＶ事業費,ＣＡＴＶ管理事業,11,役務費,3,1,01通信運搬費,03情報通信接続料,,,,2031667,R3決算書p38
2021,2,総務費,1,総務管理費,10,ＣＡＴＶ事業費,ＣＡＴＶ管理事業,11,役務費,2,0,41損害保険料,,,,,126340,R3決算書p38
2021,2,総務費,1,総務管理費,10,ＣＡＴＶ事業費,ＣＡＴＶ管理事業,11,役務費,3,1,41損害保険料,01ＣＡＴＶ施設保険料,,,,126340,R3決算書p38
2021,2,総務費,1,総務管理費,10,ＣＡＴＶ事業費,ＣＡＴＶ管理事業,12,委託料,1,0,,,,,,8524780,R3決算書p38
2021,2,総務費,1,総務管理費,10,ＣＡＴＶ事業費,ＣＡＴＶ管理事業,12,委託料,2,0,21保守管理委託料,,,,,71280,R3決算書p38
2021,2,総務費,1,総務管理費,10,ＣＡＴＶ事業費,ＣＡＴＶ管理事業,12,委託料,3,1,21保守管理委託料,01ＣＡＴＶ保守委託料,,,,71280,R3決算書p38
2021,2,総務費,1,総務管理費,10,ＣＡＴＶ事業費,ＣＡＴＶ管理事業,12,委託料,2,0,51業務委託料,,,,,55000,R3決算書p38
2021,2,総務費,1,総務管理費,10,ＣＡＴＶ事業費,ＣＡＴＶ管理事業,12,委託料,3,1,51業務委託料,01技術支援委託料,,,,55000,R3決算書p38
2021,2,総務費,1,総務管理費,10,ＣＡＴＶ事業費,ＣＡＴＶ管理事業,12,委託料,2,0,81機器更新委託料,,,,,8398500,R3決算書p38
2021,2,総務費,1,総務管理費,10,ＣＡＴＶ事業費,ＣＡＴＶ管理事業,12,委託料,3,1,81機器更新委託料,01ＣＡＴＶ施設更新委託料,,,,8398500,R3決算書p38
2021,2,総務費,1,総務管理費,10,ＣＡＴＶ事業費,ＣＡＴＶ管理事業,13,使用料及び賃借料,1,0,,,,,,2072400,R3決算書p38
2021,2,総務費,1,総務管理費,10,ＣＡＴＶ事業費,ＣＡＴＶ管理事業,13,使用料及び賃借料,2,0,01使用料・借上料,,,,,2072400,R3決算書p38
2021,2,総務費,1,総務管理費,10,ＣＡＴＶ事業費,ＣＡＴＶ管理事業,13,使用料及び賃借料,3,1,01使用料・借上料,05クラウドサービス使用料,,,,2072400,R3決算書p38
2021,2,総務費,1,総務管理費,10,ＣＡＴＶ事業費,ＣＡＴＶ管理事業,14,工事請負費,1,0,,,,,,869360,R3決算書p39
2021,2,総務費,1,総務管理費,10,ＣＡＴＶ事業費,ＣＡＴＶ管理事業,14,工事請負費,2,0,31単独事業,,,,,869360,R3決算書p39
2021,2,総務費,1,総務管理費,10,ＣＡＴＶ事業費,ＣＡＴＶ管理事業,14,工事請負費,3,1,31単独事業,01引込み線工事,,,,57560,R3決算書p39
2021,2,総務費,1,総務管理費,10,ＣＡＴＶ事業費,ＣＡＴＶ管理事業,14,工事請負費,3,1,31単独事業,03CATV施設整備工事,,,,811800,R3決算書p39
2021,2,総務費,1,総務管理費,10,ＣＡＴＶ事業費,ＣＡＴＶ管理事業,18,負担金補助及び交付金,1,0,,,,,,12589342,R3決算書p39
2021,2,総務費,1,総務管理費,10,ＣＡＴＶ事業費,ＣＡＴＶ管理事業,18,負担金補助及び交付金,2,0,21負担金,,,,,12545342,R3決算書p39
2021,2,総務費,1,総務管理費,10,ＣＡＴＶ事業費,ＣＡＴＶ管理事業,18,負担金補助及び交付金,3,1,21負担金,03ケーブルテレビ事業負担金,,,,12545342,R3決算書p39
2021,2,総務費,1,総務管理費,10,ＣＡＴＶ事業費,ＣＡＴＶ管理事業,18,負担金補助及び交付金,2,0,51補助金,,,,,44000,R3決算書p39
2021,2,総務費,1,総務管理費,10,ＣＡＴＶ事業費,ＣＡＴＶ管理事業,18,負担金補助及び交付金,3,1,51補助金,01インターネット利用補助金,,,,44000,R3決算書p39
2021,2,総務費,2,徴税費,1,税務総務費,税務一般経費,,,0,0,,,,,,8009550,R3決算書p39
2021,2,総務費,2,徴税費,1,税務総務費,税務一般経費,8,旅費,1,0,,,,,,4000,R3決算書p39
2021,2,総務費,2,徴税費,1,税務総務費,税務一般経費,8,旅費,2,0,11職員旅費,,,,,4000,R3決算書p39
2021,2,総務費,2,徴税費,1,税務総務費,税務一般経費,8,旅費,3,1,11職員旅費,01職員旅費,,,,4000,R3決算書p39
2021,2,総務費,2,徴税費,1,税務総務費,税務一般経費,10,需用費,1,0,,,,,,55011,R3決算書p39
2021,2,総務費,2,徴税費,1,税務総務費,税務一般経費,10,需用費,2,0,01消耗品,,,,,54430,R3決算書p39
2021,2,総務費,2,徴税費,1,税務総務費,税務一般経費,10,需用費,3,1,01消耗品,01消耗品,,,,14470,R3決算書p39
2021,2,総務費,2,徴税費,1,税務総務費,税務一般経費,10,需用費,3,1,01消耗品,02図書購入費,,,,39960,R3決算書p39
2021,2,総務費,2,徴税費,1,税務総務費,税務一般経費,10,需用費,2,0,31印刷製本費,,,,,581,R3決算書p39
2021,2,総務費,2,徴税費,1,税務総務費,税務一般経費,10,需用費,3,1,31印刷製本費,01印刷製本費,,,,581,R3決算書p39
2021,2,総務費,2,徴税費,1,税務総務費,税務一般経費,11,役務費,1,0,,,,,,178281,R3決算書p39
2021,2,総務費,2,徴税費,1,税務総務費,税務一般経費,11,役務費,2,0,21手数料,,,,,172281,R3決算書p39
2021,2,総務費,2,徴税費,1,税務総務費,税務一般経費,11,役務費,3,1,21手数料,01口座振替等収納手数料,,,,172281,R3決算書p39
2021,2,総務費,2,徴税費,1,税務総務費,税務一般経費,11,役務費,2,0,31筆耕料,,,,,6000,R3決算書p39
2021,2,総務費,2,徴税費,1,税務総務費,税務一般経費,11,役務費,3,1,31筆耕料,01筆耕料,,,,6000,R3決算書p39
2021,2,総務費,2,徴税費,1,税務総務費,税務一般経費,12,委託料,1,0,,,,,,5819679,R3決算書p39
2021,2,総務費,2,徴税費,1,税務総務費,税務一般経費,12,委託料,2,0,11電算委託料,,,,,5199810,R3決算書p39
2021,2,総務費,2,徴税費,1,税務総務費,税務一般経費,12,委託料,3,1,11電算委託料,01住民税,,,,2219030,R3決算書p39
2021,2,総務費,2,徴税費,1,税務総務費,税務一般経費,12,委託料,3,1,11電算委託料,02固定資産税,,,,2494932,R3決算書p39
2021,2,総務費,2,徴税費,1,税務総務費,税務一般経費,12,委託料,3,1,11電算委託料,03軽自動車税,,,,126148,R3決算書p39
2021,2,総務費,2,徴税費,1,税務総務費,税務一般経費,12,委託料,3,1,11電算委託料,05収納・口座・会計委託料,,,,359700,R3決算書p39
2021,2,総務費,2,徴税費,1,税務総務費,税務一般経費,12,委託料,2,0,51業務委託料,,,,,619869,R3決算書p39
2021,2,総務費,2,徴税費,1,税務総務費,税務一般経費,12,委託料,3,1,51業務委託料,02固定資産土地意見書委託,,,,602725,R3決算書p39
2021,2,総務費,2,徴税費,1,税務総務費,税務一般経費,12,委託料,3,1,51業務委託料,04軽自動車税申告書取扱委託料,,,,6014,R3決算書p39
2021,2,総務費,2,徴税費,1,税務総務費,税務一般経費,12,委託料,3,1,51業務委託料,07軽自動車税環境性能割徴収取扱委託料,,,,11130,R3決算書p39
2021,2,総務費,2,徴税費,1,税務総務費,税務一般経費,13,使用料及び賃借料,1,0,,,,,,1839130,R3決算書p39
2021,2,総務費,2,徴税費,1,税務総務費,税務一般経費,13,使用料及び賃借料,2,0,01使用料・借上料,,,,,1839130,R3決算書p39
2021,2,総務費,2,徴税費,1,税務総務費,税務一般経費,13,使用料及び賃借料,3,1,01使用料・借上料,01ｅＬＴＡＸシステム使用料,,,,726000,R3決算書p39
2021,2,総務費,2,徴税費,1,税務総務費,税務一般経費,13,使用料及び賃借料,3,1,01使用料・借上料,02Ｒｅａｍｓ．ＮＥＴ申告相談システム使用料,,,,447480,R3決算書p39
2021,2,総務費,2,徴税費,1,税務総務費,税務一般経費,13,使用料及び賃借料,3,1,01使用料・借上料,03軽自動車情報システム使用料,,,,5650,R3決算書p40
2021,2,総務費,2,徴税費,1,税務総務費,税務一般経費,13,使用料及び賃借料,3,1,01使用料・借上料,04地方税共通納税システム使用料,,,,231000,R3決算書p40
2021,2,総務費,2,徴税費,1,税務総務費,税務一般経費,13,使用料及び賃借料,3,1,01使用料・借上料,05家屋評価システム使用料,,,,429000,R3決算書p40
2021,2,総務費,2,徴税費,1,税務総務費,税務一般経費,18,負担金補助及び交付金,1,0,,,,,,113449,R3決算書p40
2021,2,総務費,2,徴税費,1,税務総務費,税務一般経費,18,負担金補助及び交付金,2,0,21負担金,,,,,113449,R3決算書p40
2021,2,総務費,2,徴税費,1,税務総務費,税務一般経費,18,負担金補助及び交付金,3,1,21負担金,01飯伊地区税協負担金,,,,1800,R3決算書p40
2021,2,総務費,2,徴税費,1,税務総務費,税務一般経費,18,負担金補助及び交付金,3,1,21負担金,02長野県税制研究会負担金,,,,1500,R3決算書p40
2021,2,総務費,2,徴税費,1,税務総務費,税務一般経費,18,負担金補助及び交付金,3,1,21負担金,03資産評価システムセンター負担金,,,,30000,R3決算書p40
2021,2,総務費,2,徴税費,1,税務総務費,税務一般経費,18,負担金補助及び交付金,3,1,21負担金,06確定申告書郵送負担金,,,,126,R3決算書p40
2021,2,総務費,2,徴税費,1,税務総務費,税務一般経費,18,負担金補助及び交付金,3,1,21負担金,07年末調整関係用紙郵送負担金,,,,877,R3決算書p40
2021,2,総務費,2,徴税費,1,税務総務費,税務一般経費,18,負担金補助及び交付金,3,1,21負担金,08地方税電子化協議会負担金,,,,29146,R3決算書p40
2021,2,総務費,2,徴税費,1,税務総務費,税務一般経費,18,負担金補助及び交付金,3,1,21負担金,09長野県地方税滞納整理機構負担金,,,,50000,R3決算書p40
2021,2,総務費,2,徴税費,1,税務総務費,一般職人事管理経費（税務）,,,0,0,,,,,,9656051,R3決算書p40
2021,2,総務費,2,徴税費,1,税務総務費,一般職人事管理経費（税務）,2,給料,1,0,,,,,,5583000,R3決算書p40
2021,2,総務費,2,徴税費,1,税務総務費,一般職人事管理経費（税務）,2,給料,2,0,21職員給料,,,,,5583000,R3決算書p40
2021,2,総務費,2,徴税費,1,税務総務費,一般職人事管理経費（税務）,2,給料,3,1,21職員給料,01一般職員給料,,,,5583000,R3決算書p40
2021,2,総務費,2,徴税費,1,税務総務費,一般職人事管理経費（税務）,3,職員手当等,1,0,,,,,,2380371,R3決算書p40
2021,2,総務費,2,徴税費,1,税務総務費,一般職人事管理経費（税務）,3,職員手当等,2,1,21職員手当等,,,,,2380371,R3決算書p40
2021,2,総務費,2,徴税費,1,税務総務費,一般職人事管理経費（税務）,4,共済費,1,0,,,,,,1692680,R3決算書p40
2021,2,総務費,2,徴税費,1,税務総務費,一般職人事管理経費（税務）,4,共済費,2,0,31一般職共済費,,,,,1692680,R3決算書p40
2021,2,総務費,2,徴税費,1,税務総務費,一般職人事管理経費（税務）,4,共済費,3,1,31一般職共済費,01地方公務員共済組合等負担金,,,,1692680,R3決算書p40
2021,2,総務費,2,徴税費,2,賦課徴収費,賦課徴収事務経費,,,0,0,,,,,,1861861,R3決算書p40
2021,2,総務費,2,徴税費,2,賦課徴収費,賦課徴収事務経費,10,需用費,1,0,,,,,,1056693,R3決算書p40
2021,2,総務費,2,徴税費,2,賦課徴収費,賦課徴収事務経費,10,需用費,2,0,01消耗品,,,,,1056693,R3決算書p40
2021,2,総務費,2,徴税費,2,賦課徴収費,賦課徴収事務経費,10,需用費,3,1,01消耗品,01消耗品,,,,1056693,R3決算書p40
2021,2,総務費,2,徴税費,2,賦課徴収費,賦課徴収事務経費,22,償還金利子及び割引料,1,0,,,,,,805168,R3決算書p40
2021,2,総務費,2,徴税費,2,賦課徴収費,賦課徴収事務経費,22,償還金利子及び割引料,2,1,05償還金及び還付加算金,,,,,805168,R3決算書p40
2021,2,総務費,3,戸籍住民基本台帳費,1,戸籍住民基本台帳費,戸籍住民基本台帳経費,,,0,0,,,,,,19634996,R3決算書p40
2021,2,総務費,3,戸籍住民基本台帳費,1,戸籍住民基本台帳費,戸籍住民基本台帳経費,10,需用費,1,0,,,,,,77707,R3決算書p40
2021,2,総務費,3,戸籍住民基本台帳費,1,戸籍住民基本台帳費,戸籍住民基本台帳経費,10,需用費,2,0,01消耗品,,,,,55707,R3決算書p40
2021,2,総務費,3,戸籍住民基本台帳費,1,戸籍住民基本台帳費,戸籍住民基本台帳経費,10,需用費,3,1,01消耗品,01消耗品,,,,13660,R3決算書p40
2021,2,総務費,3,戸籍住民基本台帳費,1,戸籍住民基本台帳費,戸籍住民基本台帳経費,10,需用費,3,1,01消耗品,02図書購入費,,,,42047,R3決算書p40
2021,2,総務費,3,戸籍住民基本台帳費,1,戸籍住民基本台帳費,戸籍住民基本台帳経費,10,需用費,2,0,31印刷製本費,,,,,22000,R3決算書p40
2021,2,総務費,3,戸籍住民基本台帳費,1,戸籍住民基本台帳費,戸籍住民基本台帳経費,10,需用費,3,1,31印刷製本費,01印刷製本費,,,,22000,R3決算書p40
2021,2,総務費,3,戸籍住民基本台帳費,1,戸籍住民基本台帳費,戸籍住民基本台帳経費,11,役務費,1,0,,,,,,32199,R3決算書p40
2021,2,総務費,3,戸籍住民基本台帳費,1,戸籍住民基本台帳費,戸籍住民基本台帳経費,11,役務費,2,0,01通信運搬費,,,,,32199,R3決算書p40
2021,2,総務費,3,戸籍住民基本台帳費,1,戸籍住民基本台帳費,戸籍住民基本台帳経費,11,役務費,3,1,01通信運搬費,01住基カード関連郵送料,,,,32199,R3決算書p40
2021,2,総務費,3,戸籍住民基本台帳費,1,戸籍住民基本台帳費,戸籍住民基本台帳経費,12,委託料,1,0,,,,,,11076340,R3決算書p40
2021,2,総務費,3,戸籍住民基本台帳費,1,戸籍住民基本台帳費,戸籍住民基本台帳経費,12,委託料,2,0,11電算委託料,,,,,11076340,R3決算書p40
2021,2,総務費,3,戸籍住民基本台帳費,1,戸籍住民基本台帳費,戸籍住民基本台帳経費,12,委託料,3,1,11電算委託料,04戸籍機器・ソフト保守委託料,,,,1973400,R3決算書p40
2021,2,総務費,3,戸籍住民基本台帳費,1,戸籍住民基本台帳費,戸籍住民基本台帳経費,12,委託料,3,1,11電算委託料,05住民記録システムソフト保守料,,,,2163260,R3決算書p41
2021,2,総務費,3,戸籍住民基本台帳費,1,戸籍住民基本台帳費,戸籍住民基本台帳経費,12,委託料,3,1,11電算委託料,08住基ネット記録媒体保守委託料,,,,39600,R3決算書p41
2021,2,総務費,3,戸籍住民基本台帳費,1,戸籍住民基本台帳費,戸籍住民基本台帳経費,12,委託料,3,1,11電算委託料,09住基ネットシステム改修委託料,,,,308000,R3決算書p41
2021,2,総務費,3,戸籍住民基本台帳費,1,戸籍住民基本台帳費,戸籍住民基本台帳経費,12,委託料,3,1,11電算委託料,15戸籍副本データ管理システム保守委託料,,,,132000,R3決算書p41
2021,2,総務費,3,戸籍住民基本台帳費,1,戸籍住民基本台帳費,戸籍住民基本台帳経費,12,委託料,3,1,11電算委託料,16システム改修委託料,,,,1205600,R3決算書p41
2021,2,総務費,3,戸籍住民基本台帳費,1,戸籍住民基本台帳費,戸籍住民基本台帳経費,12,委託料,3,1,11電算委託料,19住基ネットワークハウジング委託料,,,,3065480,R3決算書p41
2021,2,総務費,3,戸籍住民基本台帳費,1,戸籍住民基本台帳費,戸籍住民基本台帳経費,12,委託料,3,1,11電算委託料,20システム改修委託料（明許繰越）,,,,2189000,R3決算書p41
2021,2,総務費,3,戸籍住民基本台帳費,1,戸籍住民基本台帳費,戸籍住民基本台帳経費,13,使用料及び賃借料,1,0,,,,,,6715500,R3決算書p41
2021,2,総務費,3,戸籍住民基本台帳費,1,戸籍住民基本台帳費,戸籍住民基本台帳経費,13,使用料及び賃借料,2,0,01使用料・借上料,,,,,6715500,R3決算書p41
2021,2,総務費,3,戸籍住民基本台帳費,1,戸籍住民基本台帳費,戸籍住民基本台帳経費,13,使用料及び賃借料,3,1,01使用料・借上料,01住民記録システムソフト使用料,,,,4290000,R3決算書p41
2021,2,総務費,3,戸籍住民基本台帳費,1,戸籍住民基本台帳費,戸籍住民基本台帳経費,13,使用料及び賃借料,3,1,01使用料・借上料,02戸籍ソフトリース料,,,,1765500,R3決算書p41
2021,2,総務費,3,戸籍住民基本台帳費,1,戸籍住民基本台帳費,戸籍住民基本台帳経費,13,使用料及び賃借料,3,1,01使用料・借上料,05戸籍総合システム使用料,,,,660000,R3決算書p41
2021,2,総務費,3,戸籍住民基本台帳費,1,戸籍住民基本台帳費,戸籍住民基本台帳経費,17,備品購入費,1,0,,,,,,59950,R3決算書p41
2021,2,総務費,3,戸籍住民基本台帳費,1,戸籍住民基本台帳費,戸籍住民基本台帳経費,17,備品購入費,2,0,01備品購入費,,,,,59950,R3決算書p41
2021,2,総務費,3,戸籍住民基本台帳費,1,戸籍住民基本台帳費,戸籍住民基本台帳経費,17,備品購入費,3,1,01備品購入費,01事務用備品,,,,59950,R3決算書p41
2021,2,総務費,3,戸籍住民基本台帳費,1,戸籍住民基本台帳費,戸籍住民基本台帳経費,18,負担金補助及び交付金,1,0,,,,,,1673300,R3決算書p41
2021,2,総務費,3,戸籍住民基本台帳費,1,戸籍住民基本台帳費,戸籍住民基本台帳経費,18,負担金補助及び交付金,2,0,21負担金,,,,,1349300,R3決算書p41
2021,2,総務費,3,戸籍住民基本台帳費,1,戸籍住民基本台帳費,戸籍住民基本台帳経費,18,負担金補助及び交付金,3,1,21負担金,01戸籍・住民協議会負担金,,,,2300,R3決算書p41
2021,2,総務費,3,戸籍住民基本台帳費,1,戸籍住民基本台帳費,戸籍住民基本台帳経費,18,負担金補助及び交付金,3,1,21負担金,03戸籍システム共同利用負担金,,,,1347000,R3決算書p41
2021,2,総務費,3,戸籍住民基本台帳費,1,戸籍住民基本台帳費,戸籍住民基本台帳経費,18,負担金補助及び交付金,2,0,71交付金,,,,,324000,R3決算書p41
2021,2,総務費,3,戸籍住民基本台帳費,1,戸籍住民基本台帳費,戸籍住民基本台帳経費,18,負担金補助及び交付金,3,1,71交付金,01個人番号カード等委任交付金,,,,324000,R3決算書p41
2021,2,総務費,4,選挙費,1,選挙管理委員会費,選挙管理委員会経費,,,0,0,,,,,,78180,R3決算書p41
2021,2,総務費,4,選挙費,1,選挙管理委員会費,選挙管理委員会経費,1,報酬,1,0,,,,,,71200,R3決算書p41
2021,2,総務費,4,選挙費,1,選挙管理委員会費,選挙管理委員会経費,1,報酬,2,0,11委員報酬,,,,,71200,R3決算書p41
2021,2,総務費,4,選挙費,1,選挙管理委員会費,選挙管理委員会経費,1,報酬,3,1,11委員報酬,01選挙管理委員報酬,,,,71200,R3決算書p41
2021,2,総務費,4,選挙費,1,選挙管理委員会費,選挙管理委員会経費,10,需用費,1,0,,,,,,1980,R3決算書p41
2021,2,総務費,4,選挙費,1,選挙管理委員会費,選挙管理委員会経費,10,需用費,2,0,01消耗品,,,,,1980,R3決算書p41
2021,2,総務費,4,選挙費,1,選挙管理委員会費,選挙管理委員会経費,10,需用費,3,1,01消耗品,01消耗品,,,,1980,R3決算書p41
2021,2,総務費,4,選挙費,1,選挙管理委員会費,選挙管理委員会経費,18,負担金補助及び交付金,1,0,,,,,,5000,R3決算書p41
2021,2,総務費,4,選挙費,1,選挙管理委員会費,選挙管理委員会経費,18,負担金補助及び交付金,2,0,21負担金,,,,,5000,R3決算書p41
2021,2,総務費,4,選挙費,1,選挙管理委員会費,選挙管理委員会経費,18,負担金補助及び交付金,3,1,21負担金,01下伊那郡選挙管理委員会連合会負担金,,,,5000,R3決算書p41
2021,2,総務費,4,選挙費,8,参議院議員補欠選挙費,参議院議員補欠選挙費,,,0,0,,,,,,4032553,R3決算書p41
2021,2,総務費,4,選挙費,8,参議院議員補欠選挙費,参議院議員補欠選挙費,1,報酬,1,0,,,,,,787562,R3決算書p41
2021,2,総務費,4,選挙費,8,参議院議員補欠選挙費,参議院議員補欠選挙費,1,報酬,2,0,11委員報酬,,,,,787562,R3決算書p41
2021,2,総務費,4,選挙費,8,参議院議員補欠選挙費,参議院議員補欠選挙費,1,報酬,3,1,11委員報酬,01選挙管理委員報酬,,,,326596,R3決算書p41
2021,2,総務費,4,選挙費,8,参議院議員補欠選挙費,参議院議員補欠選挙費,1,報酬,3,1,11委員報酬,02選挙立会人等報酬,,,,460966,R3決算書p41
2021,2,総務費,4,選挙費,8,参議院議員補欠選挙費,参議院議員補欠選挙費,3,職員手当等,1,0,,,,,,1194582,R3決算書p41
2021,2,総務費,4,選挙費,8,参議院議員補欠選挙費,参議院議員補欠選挙費,3,職員手当等,2,1,21職員手当等,,,,,1194582,R3決算書p41
2021,2,総務費,4,選挙費,8,参議院議員補欠選挙費,参議院議員補欠選挙費,10,需用費,1,0,,,,,,1885684,R3決算書p42
2021,2,総務費,4,選挙費,8,参議院議員補欠選挙費,参議院議員補欠選挙費,10,需用費,2,0,01消耗品,,,,,1885684,R3決算書p42
2021,2,総務費,4,選挙費,8,参議院議員補欠選挙費,参議院議員補欠選挙費,10,需用費,3,1,01消耗品,01選挙関係経費,,,,1885684,R3決算書p42
2021,2,総務費,4,選挙費,8,参議院議員補欠選挙費,参議院議員補欠選挙費,11,役務費,1,0,,,,,,51645,R3決算書p42
2021,2,総務費,4,選挙費,8,参議院議員補欠選挙費,参議院議員補欠選挙費,11,役務費,2,0,01通信運搬費,,,,,51645,R3決算書p42
2021,2,総務費,4,選挙費,8,参議院議員補欠選挙費,参議院議員補欠選挙費,11,役務費,3,1,01通信運搬費,01郵便料,,,,51645,R3決算書p42
2021,2,総務費,4,選挙費,8,参議院議員補欠選挙費,参議院議員補欠選挙費,12,委託料,1,0,,,,,,113080,R3決算書p42
2021,2,総務費,4,選挙費,8,参議院議員補欠選挙費,参議院議員補欠選挙費,12,委託料,2,0,11電算委託料,,,,,113080,R3決算書p42
2021,2,総務費,4,選挙費,8,参議院議員補欠選挙費,参議院議員補欠選挙費,12,委託料,3,1,11電算委託料,01選挙事務委託料,,,,113080,R3決算書p42
2021,2,総務費,4,選挙費,9,衆議院議員選挙費,衆議院議員選挙費,,,0,0,,,,,,2941908,R3決算書p42
2021,2,総務費,4,選挙費,9,衆議院議員選挙費,衆議院議員選挙費,1,報酬,1,0,,,,,,750108,R3決算書p42
2021,2,総務費,4,選挙費,9,衆議院議員選挙費,衆議院議員選挙費,1,報酬,2,0,11委員報酬,,,,,750108,R3決算書p42
2021,2,総務費,4,選挙費,9,衆議院議員選挙費,衆議院議員選挙費,1,報酬,3,1,11委員報酬,01選挙管理委員報酬,,,,262442,R3決算書p42
2021,2,総務費,4,選挙費,9,衆議院議員選挙費,衆議院議員選挙費,1,報酬,3,1,11委員報酬,02選挙立会人等報酬,,,,487666,R3決算書p42
2021,2,総務費,4,選挙費,9,衆議院議員選挙費,衆議院議員選挙費,3,職員手当等,1,0,,,,,,1099791,R3決算書p42
2021,2,総務費,4,選挙費,9,衆議院議員選挙費,衆議院議員選挙費,3,職員手当等,2,1,21職員手当等,,,,,1099791,R3決算書p42
2021,2,総務費,4,選挙費,9,衆議院議員選挙費,衆議院議員選挙費,10,需用費,1,0,,,,,,950386,R3決算書p42
2021,2,総務費,4,選挙費,9,衆議院議員選挙費,衆議院議員選挙費,10,需用費,2,0,01消耗品,,,,,950386,R3決算書p42
2021,2,総務費,4,選挙費,9,衆議院議員選挙費,衆議院議員選挙費,10,需用費,3,1,01消耗品,01選挙関係経費,,,,950386,R3決算書p42
2021,2,総務費,4,選挙費,9,衆議院議員選挙費,衆議院議員選挙費,11,役務費,1,0,,,,,,28543,R3決算書p42
2021,2,総務費,4,選挙費,9,衆議院議員選挙費,衆議院議員選挙費,11,役務費,2,0,01通信運搬費,,,,,28543,R3決算書p42
2021,2,総務費,4,選挙費,9,衆議院議員選挙費,衆議院議員選挙費,11,役務費,3,1,01通信運搬費,01郵便料,,,,28543,R3決算書p42
2021,2,総務費,4,選挙費,9,衆議院議員選挙費,衆議院議員選挙費,12,委託料,1,0,,,,,,113080,R3決算書p42
2021,2,総務費,4,選挙費,9,衆議院議員選挙費,衆議院議員選挙費,12,委託料,2,0,11電算委託料,,,,,113080,R3決算書p42
2021,2,総務費,4,選挙費,9,衆議院議員選挙費,衆議院議員選挙費,12,委託料,3,1,11電算委託料,01選挙事務委託料,,,,113080,R3決算書p42
2021,2,総務費,5,統計調査費,2,指定統計調査費,基幹統計経費,,,0,0,,,,,,189785,R3決算書p42
2021,2,総務費,5,統計調査費,2,指定統計調査費,基幹統計経費,1,報酬,1,0,,,,,,57900,R3決算書p42
2021,2,総務費,5,統計調査費,2,指定統計調査費,基幹統計経費,1,報酬,2,0,11委員報酬,,,,,57900,R3決算書p42
2021,2,総務費,5,統計調査費,2,指定統計調査費,基幹統計経費,1,報酬,3,1,11委員報酬,01統計調査員報酬,,,,57900,R3決算書p42
2021,2,総務費,5,統計調査費,2,指定統計調査費,基幹統計経費,8,旅費,1,0,,,,,,1510,R3決算書p42
2021,2,総務費,5,統計調査費,2,指定統計調査費,基幹統計経費,8,旅費,2,0,11職員旅費,,,,,1510,R3決算書p42
2021,2,総務費,5,統計調査費,2,指定統計調査費,基幹統計経費,8,旅費,3,1,11職員旅費,01職員旅費,,,,1510,R3決算書p42
2021,2,総務費,5,統計調査費,2,指定統計調査費,基幹統計経費,10,需用費,1,0,,,,,,83893,R3決算書p42
2021,2,総務費,5,統計調査費,2,指定統計調査費,基幹統計経費,10,需用費,2,0,01消耗品,,,,,83893,R3決算書p42
2021,2,総務費,5,統計調査費,2,指定統計調査費,基幹統計経費,10,需用費,3,1,01消耗品,01消耗品,,,,83893,R3決算書p42
2021,2,総務費,5,統計調査費,2,指定統計調査費,基幹統計経費,11,役務費,1,0,,,,,,6482,R3決算書p42
2021,2,総務費,5,統計調査費,2,指定統計調査費,基幹統計経費,11,役務費,2,0,01通信運搬費,,,,,6482,R3決算書p42
2021,2,総務費,5,統計調査費,2,指定統計調査費,基幹統計経費,11,役務費,3,1,01通信運搬費,01郵便料,,,,6482,R3決算書p42
2021,2,総務費,5,統計調査費,2,指定統計調査費,基幹統計経費,13,使用料及び賃借料,1,0,,,,,,40000,R3決算書p42
2021,2,総務費,5,統計調査費,2,指定統計調査費,基幹統計経費,13,使用料及び賃借料,2,0,01使用料・借上料,,,,,40000,R3決算書p42
2021,2,総務費,5,統計調査費,2,指定統計調査費,基幹統計経費,13,使用料及び賃借料,3,1,01使用料・借上料,02審査会場使用料,,,,40000,R3決算書p42
2021,2,総務費,6,監査委員費,1,監査委員費,監査委員関係経費,,,0,0,,,,,,537700,R3決算書p43
2021,2,総務費,6,監査委員費,1,監査委員費,監査委員関係経費,1,報酬,1,0,,,,,,524300,R3決算書p43
2021,2,総務費,6,監査委員費,1,監査委員費,監査委員関係経費,1,報酬,2,0,11委員報酬,,,,,524300,R3決算書p43
2021,2,総務費,6,監査委員費,1,監査委員費,監査委員関係経費,1,報酬,3,1,11委員報酬,01監査委員報酬,,,,524300,R3決算書p43
2021,2,総務費,6,監査委員費,1,監査委員費,監査委員関係経費,18,負担金補助及び交付金,1,0,,,,,,13400,R3決算書p43
2021,2,総務費,6,監査委員費,1,監査委員費,監査委員関係経費,18,負担金補助及び交付金,2,0,21負担金,,,,,13400,R3決算書p43
2021,2,総務費,6,監査委員費,1,監査委員費,監査委員関係経費,18,負担金補助及び交付金,3,1,21負担金,01下伊那郡監査委員協議会負担金,,,,5000,R3決算書p43
2021,2,総務費,6,監査委員費,1,監査委員費,監査委員関係経費,18,負担金補助及び交付金,3,1,21負担金,02北部ブロック監査委員研修会負担金,,,,8400,R3決算書p43
2021,2,総務費,7,国土調査費,1,地籍調査費,地籍調査関係経費,,,0,0,,,,,,16939941,R3決算書p43
2021,2,総務費,7,国土調査費,1,地籍調査費,地籍調査関係経費,1,報酬,1,0,,,,,,1800000,R3決算書p43
2021,2,総務費,7,国土調査費,1,地籍調査費,地籍調査関係経費,1,報酬,2,0,26会計年度任用職員報酬,,,,,1800000,R3決算書p43
2021,2,総務費,7,国土調査費,1,地籍調査費,地籍調査関係経費,1,報酬,3,1,26会計年度任用職員報酬,01測量補助報酬,,,,1800000,R3決算書p43
2021,2,総務費,7,国土調査費,1,地籍調査費,地籍調査関係経費,4,共済費,1,0,,,,,,50680,R3決算書p43
2021,2,総務費,7,国土調査費,1,地籍調査費,地籍調査関係経費,4,共済費,2,0,41臨時職員等共済費,,,,,50680,R3決算書p43
2021,2,総務費,7,国土調査費,1,地籍調査費,地籍調査関係経費,4,共済費,3,1,41臨時職員等共済費,01労働保険料,,,,50680,R3決算書p43
2021,2,総務費,7,国土調査費,1,地籍調査費,地籍調査関係経費,10,需用費,1,0,,,,,,896096,R3決算書p43
2021,2,総務費,7,国土調査費,1,地籍調査費,地籍調査関係経費,10,需用費,2,0,01消耗品,,,,,777489,R3決算書p43
2021,2,総務費,7,国土調査費,1,地籍調査費,地籍調査関係経費,10,需用費,3,1,01消耗品,01消耗品,,,,101425,R3決算書p43
2021,2,総務費,7,国土調査費,1,地籍調査費,地籍調査関係経費,10,需用費,3,1,01消耗品,03現場消耗品,,,,676064,R3決算書p43
2021,2,総務費,7,国土調査費,1,地籍調査費,地籍調査関係経費,10,需用費,2,0,11燃料費,,,,,81141,R3決算書p43
2021,2,総務費,7,国土調査費,1,地籍調査費,地籍調査関係経費,10,需用費,3,1,11燃料費,01公用車燃料費,,,,81141,R3決算書p43
2021,2,総務費,7,国土調査費,1,地籍調査費,地籍調査関係経費,10,需用費,2,0,51修繕費,,,,,37466,R3決算書p43
2021,2,総務費,7,国土調査費,1,地籍調査費,地籍調査関係経費,10,需用費,3,1,51修繕費,02公用車修繕費,,,,37466,R3決算書p43
2021,2,総務費,7,国土調査費,1,地籍調査費,地籍調査関係経費,11,役務費,1,0,,,,,,25550,R3決算書p43
2021,2,総務費,7,国土調査費,1,地籍調査費,地籍調査関係経費,11,役務費,2,0,21手数料,,,,,10560,R3決算書p43
2021,2,総務費,7,国土調査費,1,地籍調査費,地籍調査関係経費,11,役務費,3,1,21手数料,01公用車車検点検料,,,,10560,R3決算書p43
2021,2,総務費,7,国土調査費,1,地籍調査費,地籍調査関係経費,11,役務費,2,0,41損害保険料,,,,,14990,R3決算書p43
2021,2,総務費,7,国土調査費,1,地籍調査費,地籍調査関係経費,11,役務費,3,1,41損害保険料,01公用車共済保険料,,,,14990,R3決算書p43
2021,2,総務費,7,国土調査費,1,地籍調査費,地籍調査関係経費,12,委託料,1,0,,,,,,13255935,R3決算書p43
2021,2,総務費,7,国土調査費,1,地籍調査費,地籍調査関係経費,12,委託料,2,0,51業務委託料,,,,,330935,R3決算書p43
2021,2,総務費,7,国土調査費,1,地籍調査費,地籍調査関係経費,12,委託料,3,1,51業務委託料,02ＧＩＳ作成業務委託料,,,,330935,R3決算書p43
2021,2,総務費,7,国土調査費,1,地籍調査費,地籍調査関係経費,12,委託料,2,0,71調査・設計・監理委託料,,,,,12925000,R3決算書p43
2021,2,総務費,7,国土調査費,1,地籍調査費,地籍調査関係経費,12,委託料,3,1,71調査・設計・監理委託料,01地籍調査委託料,,,,12925000,R3決算書p43
2021,2,総務費,7,国土調査費,1,地籍調査費,地籍調査関係経費,13,使用料及び賃借料,1,0,,,,,,856680,R3決算書p43
2021,2,総務費,7,国土調査費,1,地籍調査費,地籍調査関係経費,13,使用料及び賃借料,2,0,01使用料・借上料,,,,,856680,R3決算書p43
2021,2,総務費,7,国土調査費,1,地籍調査費,地籍調査関係経費,13,使用料及び賃借料,3,1,01使用料・借上料,01コピーリース料,,,,580800,R3決算書p43
2021,2,総務費,7,国土調査費,1,地籍調査費,地籍調査関係経費,13,使用料及び賃借料,3,1,01使用料・借上料,04国調支援システムリース料,,,,275880,R3決算書p43
2021,2,総務費,7,国土調査費,1,地籍調査費,地籍調査関係経費,18,負担金補助及び交付金,1,0,,,,,,55000,R3決算書p43
2021,2,総務費,7,国土調査費,1,地籍調査費,地籍調査関係経費,18,負担金補助及び交付金,2,0,21負担金,,,,,55000,R3決算書p43
2021,2,総務費,7,国土調査費,1,地籍調査費,地籍調査関係経費,18,負担金補助及び交付金,3,1,21負担金,01地籍調査協会負担金,,,,55000,R3決算書p43
2021,2,総務費,7,国土調査費,1,地籍調査費,一般職人事管理経費（地籍調査）,,,0,0,,,,,,8959141,R3決算書p43
2021,2,総務費,7,国土調査費,1,地籍調査費,一般職人事管理経費（地籍調査）,2,給料,1,0,,,,,,4756259,R3決算書p44
2021,2,総務費,7,国土調査費,1,地籍調査費,一般職人事管理経費（地籍調査）,2,給料,2,0,21職員給料,,,,,4756259,R3決算書p44
2021,2,総務費,7,国土調査費,1,地籍調査費,一般職人事管理経費（地籍調査）,2,給料,3,1,21職員給料,01一般職員給料,,,,4756259,R3決算書p44
2021,2,総務費,7,国土調査費,1,地籍調査費,一般職人事管理経費（地籍調査）,3,職員手当等,1,0,,,,,,2608685,R3決算書p44
2021,2,総務費,7,国土調査費,1,地籍調査費,一般職人事管理経費（地籍調査）,3,職員手当等,2,1,21職員手当等,,,,,2608685,R3決算書p44
2021,2,総務費,7,国土調査費,1,地籍調査費,一般職人事管理経費（地籍調査）,4,共済費,1,0,,,,,,1594197,R3決算書p44
2021,2,総務費,7,国土調査費,1,地籍調査費,一般職人事管理経費（地籍調査）,4,共済費,2,0,31一般職共済費,,,,,1594197,R3決算書p44
2021,2,総務費,7,国土調査費,1,地籍調査費,一般職人事管理経費（地籍調査）,4,共済費,3,1,31一般職共済費,01地方公務員共済組合等負担金,,,,1594197,R3決算書p44
2021,6,農林水産業費,1,農業費,1,農業委員会費,農業委員会運営経費,,,0,0,,,,,,2906819,R3決算書p62
2021,6,農林水産業費,1,農業費,1,農業委員会費,農業委員会運営経費,1,報酬,1,0,,,,,,2752600,R3決算書p62
2021,6,農林水産業費,1,農業費,1,農業委員会費,農業委員会運営経費,1,報酬,2,0,11委員報酬,,,,,2752600,R3決算書p62
2021,6,農林水産業費,1,農業費,1,農業委員会費,農業委員会運営経費,1,報酬,3,1,11委員報酬,01農業委員報酬,,,,1708000,R3決算書p62
2021,6,農林水産業費,1,農業費,1,農業委員会費,農業委員会運営経費,1,報酬,3,1,11委員報酬,02農地利用最適化推進委員報酬,,,,438000,R3決算書p62
2021,6,農林水産業費,1,農業費,1,農業委員会費,農業委員会運営経費,1,報酬,3,1,11委員報酬,03農地利用状況調査員報酬,,,,240600,R3決算書p62
2021,6,農林水産業費,1,農業費,1,農業委員会費,農業委員会運営経費,1,報酬,3,1,11委員報酬,04機構集積支援事業報酬,,,,366000,R3決算書p62
2021,6,農林水産業費,1,農業費,1,農業委員会費,農業委員会運営経費,8,旅費,1,0,,,,,,49440,R3決算書p62
2021,6,農林水産業費,1,農業費,1,農業委員会費,農業委員会運営経費,8,旅費,2,0,21委員旅費,,,,,49440,R3決算書p62
2021,6,農林水産業費,1,農業費,1,農業委員会費,農業委員会運営経費,8,旅費,3,1,21委員旅費,01委員旅費,,,,49440,R3決算書p62
2021,6,農林水産業費,1,農業費,1,農業委員会費,農業委員会運営経費,10,需用費,1,0,,,,,,35210,R3決算書p62
2021,6,農林水産業費,1,農業費,1,農業委員会費,農業委員会運営経費,10,需用費,2,0,01消耗品,,,,,35210,R3決算書p62
2021,6,農林水産業費,1,農業費,1,農業委員会費,農業委員会運営経費,10,需用費,3,1,01消耗品,01消耗品,,,,1700,R3決算書p62
2021,6,農林水産業費,1,農業費,1,農業委員会費,農業委員会運営経費,10,需用費,3,1,01消耗品,02図書購入費,,,,33510,R3決算書p62
2021,6,農林水産業費,1,農業費,1,農業委員会費,農業委員会運営経費,11,役務費,1,0,,,,,,12069,R3決算書p62
2021,6,農林水産業費,1,農業費,1,農業委員会費,農業委員会運営経費,11,役務費,2,0,01通信運搬費,,,,,3069,R3決算書p62
2021,6,農林水産業費,1,農業費,1,農業委員会費,農業委員会運営経費,11,役務費,3,1,01通信運搬費,01郵便料,,,,3069,R3決算書p62
2021,6,農林水産業費,1,農業費,1,農業委員会費,農業委員会運営経費,11,役務費,2,0,41損害保険料,,,,,9000,R3決算書p62
2021,6,農林水産業費,1,農業費,1,農業委員会費,農業委員会運営経費,11,役務費,3,1,41損害保険料,01農業委員会公務災害保険料,,,,9000,R3決算書p62
2021,6,農林水産業費,1,農業費,1,農業委員会費,農業委員会運営経費,18,負担金補助及び交付金,1,0,,,,,,57500,R3決算書p62
2021,6,農林水産業費,1,農業費,1,農業委員会費,農業委員会運営経費,18,負担金補助及び交付金,2,0,21負担金,,,,,57500,R3決算書p62
2021,6,農林水産業費,1,農業費,1,農業委員会費,農業委員会運営経費,18,負担金補助及び交付金,3,1,21負担金,01飯伊農業委員会協議会負担金,,,,14000,R3決算書p62
2021,6,農林水産業費,1,農業費,1,農業委員会費,農業委員会運営経費,18,負担金補助及び交付金,3,1,21負担金,02長野県農業会議負担金,,,,42000,R3決算書p62
2021,6,農林水産業費,1,農業費,1,農業委員会費,農業委員会運営経費,18,負担金補助及び交付金,3,1,21負担金,05研修会負担金,,,,1500,R3決算書p62
2021,6,農林水産業費,1,農業費,2,農業総務費,農業総務一般経費,,,0,0,,,,,,1797300,R3決算書p62
2021,6,農林水産業費,1,農業費,2,農業総務費,農業総務一般経費,8,旅費,1,0,,,,,,18000,R3決算書p62
2021,6,農林水産業費,1,農業費,2,農業総務費,農業総務一般経費,8,旅費,2,0,11職員旅費,,,,,18000,R3決算書p62
2021,6,農林水産業費,1,農業費,2,農業総務費,農業総務一般経費,8,旅費,3,1,11職員旅費,01職員旅費,,,,18000,R3決算書p62
2021,6,農林水産業費,1,農業費,2,農業総務費,農業総務一般経費,10,需用費,1,0,,,,,,116058,R3決算書p62
2021,6,農林水産業費,1,農業費,2,農業総務費,農業総務一般経費,10,需用費,2,0,01消耗品,,,,,13828,R3決算書p62
2021,6,農林水産業費,1,農業費,2,農業総務費,農業総務一般経費,10,需用費,3,1,01消耗品,02図書購入費,,,,13828,R3決算書p62
2021,6,農林水産業費,1,農業費,2,農業総務費,農業総務一般経費,10,需用費,2,0,11燃料費,,,,,87116,R3決算書p62
2021,6,農林水産業費,1,農業費,2,農業総務費,農業総務一般経費,10,需用費,3,1,11燃料費,01公用車燃料費,,,,87116,R3決算書p63
2021,6,農林水産業費,1,農業費,2,農業総務費,農業総務一般経費,10,需用費,2,0,51修繕費,,,,,15114,R3決算書p63
2021,6,農林水産業費,1,農業費,2,農業総務費,農業総務一般経費,10,需用費,3,1,51修繕費,01公用車修繕費,,,,15114,R3決算書p63
2021,6,農林水産業費,1,農業費,2,農業総務費,農業総務一般経費,11,役務費,1,0,,,,,,29580,R3決算書p63
2021,6,農林水産業費,1,農業費,2,農業総務費,農業総務一般経費,11,役務費,2,0,41損害保険料,,,,,29580,R3決算書p63
2021,6,農林水産業費,1,農業費,2,農業総務費,農業総務一般経費,11,役務費,3,1,41損害保険料,01公用車共済保険料,,,,29580,R3決算書p63
2021,6,農林水産業費,1,農業費,2,農業総務費,農業総務一般経費,13,使用料及び賃借料,1,0,,,,,,1900,R3決算書p63
2021,6,農林水産業費,1,農業費,2,農業総務費,農業総務一般経費,13,使用料及び賃借料,2,0,01使用料・借上料,,,,,1900,R3決算書p63
2021,6,農林水産業費,1,農業費,2,農業総務費,農業総務一般経費,13,使用料及び賃借料,3,1,01使用料・借上料,01駐車場使用料,,,,1900,R3決算書p63
2021,6,農林水産業費,1,農業費,2,農業総務費,農業総務一般経費,17,備品購入費,1,0,,,,,,1590000,R3決算書p63
2021,6,農林水産業費,1,農業費,2,農業総務費,農業総務一般経費,17,備品購入費,2,0,01備品購入費,,,,,1590000,R3決算書p63
2021,6,農林水産業費,1,農業費,2,農業総務費,農業総務一般経費,17,備品購入費,3,1,01備品購入費,01公用車購入費,,,,1590000,R3決算書p63
2021,6,農林水産業費,1,農業費,2,農業総務費,農業総務一般経費,18,負担金補助及び交付金,1,0,,,,,,41762,R3決算書p63
2021,6,農林水産業費,1,農業費,2,農業総務費,農業総務一般経費,18,負担金補助及び交付金,2,0,21負担金,,,,,41762,R3決算書p63
2021,6,農林水産業費,1,農業費,2,農業総務費,農業総務一般経費,18,負担金補助及び交付金,3,1,21負担金,01飯伊農業振興協議会負担金,,,,3500,R3決算書p63
2021,6,農林水産業費,1,農業費,2,農業総務費,農業総務一般経費,18,負担金補助及び交付金,3,1,21負担金,04伊那谷アグリイノベーション推進機構負担金,,,,20000,R3決算書p63
2021,6,農林水産業費,1,農業費,2,農業総務費,農業総務一般経費,18,負担金補助及び交付金,3,1,21負担金,05南信州・担い手就農プロデュース負担金,,,,18262,R3決算書p63
2021,6,農林水産業費,1,農業費,2,農業総務費,一般職人事管理経費（農務）,,,0,0,,,,,,16839451,R3決算書p63
2021,6,農林水産業費,1,農業費,2,農業総務費,一般職人事管理経費（農務）,2,給料,1,0,,,,,,9609900,R3決算書p63
2021,6,農林水産業費,1,農業費,2,農業総務費,一般職人事管理経費（農務）,2,給料,2,0,21職員給料,,,,,9609900,R3決算書p63
2021,6,農林水産業費,1,農業費,2,農業総務費,一般職人事管理経費（農務）,2,給料,3,1,21職員給料,01一般職員給料,,,,9609900,R3決算書p63
2021,6,農林水産業費,1,農業費,2,農業総務費,一般職人事管理経費（農務）,3,職員手当等,1,0,,,,,,4273446,R3決算書p63
2021,6,農林水産業費,1,農業費,2,農業総務費,一般職人事管理経費（農務）,3,職員手当等,2,1,21職員手当等,,,,,4273446,R3決算書p63
2021,6,農林水産業費,1,農業費,2,農業総務費,一般職人事管理経費（農務）,4,共済費,1,0,,,,,,2956105,R3決算書p63
2021,6,農林水産業費,1,農業費,2,農業総務費,一般職人事管理経費（農務）,4,共済費,2,0,31一般職共済費,,,,,2956105,R3決算書p63
2021,6,農林水産業費,1,農業費,2,農業総務費,一般職人事管理経費（農務）,4,共済費,3,1,31一般職共済費,01地方公務員共済組合等負担金,,,,2956105,R3決算書p63
2021,6,農林水産業費,1,農業費,3,農業振興費,農業振興一般経費,,,0,0,,,,,,49870774,R3決算書p63
2021,6,農林水産業費,1,農業費,3,農業振興費,農業振興一般経費,10,需用費,1,0,,,,,,2322659,R3決算書p63
2021,6,農林水産業費,1,農業費,3,農業振興費,農業振興一般経費,10,需用費,2,0,01消耗品,,,,,314994,R3決算書p63
2021,6,農林水産業費,1,農業費,3,農業振興費,農業振興一般経費,10,需用費,3,1,01消耗品,01消耗品,,,,314994,R3決算書p63
2021,6,農林水産業費,1,農業費,3,農業振興費,農業振興一般経費,10,需用費,2,0,41光熱水費,,,,,1745165,R3決算書p63
2021,6,農林水産業費,1,農業費,3,農業振興費,農業振興一般経費,10,需用費,3,1,41光熱水費,01水道料,,,,81303,R3決算書p63
2021,6,農林水産業費,1,農業費,3,農業振興費,農業振興一般経費,10,需用費,3,1,41光熱水費,02電気料（農業施設）,,,,1645917,R3決算書p63
2021,6,農林水産業費,1,農業費,3,農業振興費,農業振興一般経費,10,需用費,3,1,41光熱水費,03ガス代,,,,17945,R3決算書p63
2021,6,農林水産業費,1,農業費,3,農業振興費,農業振興一般経費,10,需用費,2,0,51修繕費,,,,,262500,R3決算書p63
2021,6,農林水産業費,1,農業費,3,農業振興費,農業振興一般経費,10,需用費,3,1,51修繕費,01塩の里施設修繕費,,,,262500,R3決算書p63
2021,6,農林水産業費,1,農業費,3,農業振興費,農業振興一般経費,11,役務費,1,0,,,,,,817600,R3決算書p63
2021,6,農林水産業費,1,農業費,3,農業振興費,農業振興一般経費,11,役務費,2,0,01通信運搬費,,,,,32109,R3決算書p63
2021,6,農林水産業費,1,農業費,3,農業振興費,農業振興一般経費,11,役務費,3,1,01通信運搬費,03情報通信接続料,,,,32109,R3決算書p63
2021,6,農林水産業費,1,農業費,3,農業振興費,農業振興一般経費,11,役務費,2,0,21手数料,,,,,501100,R3決算書p63
2021,6,農林水産業費,1,農業費,3,農業振興費,農業振興一般経費,11,役務費,3,1,21手数料,01消防施設点検料,,,,34100,R3決算書p64
2021,6,農林水産業費,1,農業費,3,農業振興費,農業振興一般経費,11,役務費,3,1,21手数料,02くみ取り料,,,,330000,R3決算書p64
2021,6,農林水産業費,1,農業費,3,農業振興費,農業振興一般経費,11,役務費,3,1,21手数料,04合併処理浄化槽検査手数料,,,,18000,R3決算書p64
2021,6,農林水産業費,1,農業費,3,農業振興費,農業振興一般経費,11,役務費,3,1,21手数料,06許可申請手数料,,,,119000,R3決算書p64
2021,6,農林水産業費,1,農業費,3,農業振興費,農業振興一般経費,11,役務費,2,0,41損害保険料,,,,,284391,R3決算書p64
2021,6,農林水産業費,1,農業費,3,農業振興費,農業振興一般経費,11,役務費,3,1,41損害保険料,01村有建物災害共済保険料,,,,284391,R3決算書p64
2021,6,農林水産業費,1,農業費,3,農業振興費,農業振興一般経費,12,委託料,1,0,,,,,,1931072,R3決算書p64
2021,6,農林水産業費,1,農業費,3,農業振興費,農業振興一般経費,12,委託料,2,0,21保守管理委託料,,,,,1711072,R3決算書p64
2021,6,農林水産業費,1,農業費,3,農業振興費,農業振興一般経費,12,委託料,3,1,21保守管理委託料,01農産物加工直売施設機器保守管理委託料,,,,490300,R3決算書p64
2021,6,農林水産業費,1,農業費,3,農業振興費,農業振興一般経費,12,委託料,3,1,21保守管理委託料,02合併浄化槽保守管理委託料,,,,204600,R3決算書p64
2021,6,農林水産業費,1,農業費,3,農業振興費,農業振興一般経費,12,委託料,3,1,21保守管理委託料,04塩の里施設管理（村委託分）委託料,,,,1016172,R3決算書p64
2021,6,農林水産業費,1,農業費,3,農業振興費,農業振興一般経費,12,委託料,2,0,71調査・設計・監理委託料,,,,,220000,R3決算書p64
2021,6,農林水産業費,1,農業費,3,農業振興費,農業振興一般経費,12,委託料,3,1,71調査・設計・監理委託料,03塩の里周辺整備設計・監理委託料,,,,220000,R3決算書p64
2021,6,農林水産業費,1,農業費,3,農業振興費,農業振興一般経費,13,使用料及び賃借料,1,0,,,,,,263905,R3決算書p64
2021,6,農林水産業費,1,農業費,3,農業振興費,農業振興一般経費,13,使用料及び賃借料,2,0,12敷地料,,,,,263905,R3決算書p64
2021,6,農林水産業費,1,農業費,3,農業振興費,農業振興一般経費,13,使用料及び賃借料,3,1,12敷地料,01授産所鹿塩分場敷地料,,,,263905,R3決算書p64
2021,6,農林水産業費,1,農業費,3,農業振興費,農業振興一般経費,14,工事請負費,1,0,,,,,,36614190,R3決算書p64
2021,6,農林水産業費,1,農業費,3,農業振興費,農業振興一般経費,14,工事請負費,2,0,31単独事業,,,,,36614190,R3決算書p64
2021,6,農林水産業費,1,農業費,3,農業振興費,農業振興一般経費,14,工事請負費,3,1,31単独事業,06農業施設整備工事,,,,36614190,R3決算書p64
2021,6,農林水産業費,1,農業費,3,農業振興費,農業振興一般経費,17,備品購入費,1,0,,,,,,1188739,R3決算書p64
2021,6,農林水産業費,1,農業費,3,農業振興費,農業振興一般経費,17,備品購入費,2,0,01備品購入費,,,,,1188739,R3決算書p64
2021,6,農林水産業費,1,農業費,3,農業振興費,農業振興一般経費,17,備品購入費,3,1,01備品購入費,04農産物加工直売施設備品購入費,,,,1188739,R3決算書p64
2021,6,農林水産業費,1,農業費,3,農業振興費,農業振興一般経費,18,負担金補助及び交付金,1,0,,,,,,6518439,R3決算書p64
2021,6,農林水産業費,1,農業費,3,農業振興費,農業振興一般経費,18,負担金補助及び交付金,2,0,51補助金,,,,,6518439,R3決算書p64
2021,6,農林水産業費,1,農業費,3,農業振興費,農業振興一般経費,18,負担金補助及び交付金,3,1,51補助金,01獣害防止施設設置補助金,,,,3303000,R3決算書p64
2021,6,農林水産業費,1,農業費,3,農業振興費,農業振興一般経費,18,負担金補助及び交付金,3,1,51補助金,04ふるさと保全活動補助金,,,,48782,R3決算書p64
2021,6,農林水産業費,1,農業費,3,農業振興費,農業振興一般経費,18,負担金補助及び交付金,3,1,51補助金,10地産地消支援事業補助金,,,,21960,R3決算書p64
2021,6,農林水産業費,1,農業費,3,農業振興費,農業振興一般経費,18,負担金補助及び交付金,3,1,51補助金,11大豆価格安定事業補助金,,,,76700,R3決算書p64
2021,6,農林水産業費,1,農業費,3,農業振興費,農業振興一般経費,18,負担金補助及び交付金,3,1,51補助金,19遊休農地対策事業補助金,,,,347977,R3決算書p64
2021,6,農林水産業費,1,農業費,3,農業振興費,農業振興一般経費,18,負担金補助及び交付金,3,1,51補助金,20特産農産物生産振興補助金,,,,312520,R3決算書p64
2021,6,農林水産業費,1,農業費,3,農業振興費,農業振興一般経費,18,負担金補助及び交付金,3,1,51補助金,21水田農業支援補助金,,,,2407500,R3決算書p64
2021,6,農林水産業費,1,農業費,3,農業振興費,農業振興一般経費,21,補償補填及び賠償金,1,0,,,,,,214170,R3決算書p64
2021,6,農林水産業費,1,農業費,3,農業振興費,農業振興一般経費,21,補償補填及び賠償金,2,0,01補償料,,,,,214170,R3決算書p64
2021,6,農林水産業費,1,農業費,3,農業振興費,農業振興一般経費,21,補償補填及び賠償金,3,1,01補償料,01工事立木補償料,,,,214170,R3決算書p64
2021,6,農林水産業費,1,農業費,3,農業振興費,経営所得安定対策事業,,,0,0,,,,,,22967,R3決算書p64
2021,6,農林水産業費,1,農業費,3,農業振興費,経営所得安定対策事業,10,需用費,1,0,,,,,,7576,R3決算書p64
2021,6,農林水産業費,1,農業費,3,農業振興費,経営所得安定対策事業,10,需用費,2,0,01消耗品,,,,,7576,R3決算書p64
2021,6,農林水産業費,1,農業費,3,農業振興費,経営所得安定対策事業,10,需用費,3,1,01消耗品,01消耗品,,,,7576,R3決算書p64
2021,6,農林水産業費,1,農業費,3,農業振興費,経営所得安定対策事業,11,役務費,1,0,,,,,,15391,R3決算書p64
2021,6,農林水産業費,1,農業費,3,農業振興費,経営所得安定対策事業,11,役務費,2,0,01通信運搬費,,,,,15391,R3決算書p64
2021,6,農林水産業費,1,農業費,3,農業振興費,経営所得安定対策事業,11,役務費,3,1,01通信運搬費,01郵便料,,,,15391,R3決算書p64
2021,6,農林水産業費,1,農業費,3,農業振興費,有害鳥獣駆除関係経費,,,0,0,,,,,,1575000,R3決算書p65
2021,6,農林水産業費,1,農業費,3,農業振興費,有害鳥獣駆除関係経費,7,報償費,1,0,,,,,,1495000,R3決算書p65
2021,6,農林水産業費,1,農業費,3,農業振興費,有害鳥獣駆除関係経費,7,報償費,2,0,21買上金,,,,,1495000,R3決算書p65
2021,6,農林水産業費,1,農業費,3,農業振興費,有害鳥獣駆除関係経費,7,報償費,3,1,21買上金,01有害鳥獣駆除報償,,,,1495000,R3決算書p65
2021,6,農林水産業費,1,農業費,3,農業振興費,有害鳥獣駆除関係経費,12,委託料,1,0,,,,,,80000,R3決算書p65
2021,6,農林水産業費,1,農業費,3,農業振興費,有害鳥獣駆除関係経費,12,委託料,2,0,21保守管理委託料,,,,,80000,R3決算書p65
2021,6,農林水産業費,1,農業費,3,農業振興費,有害鳥獣駆除関係経費,12,委託料,3,1,21保守管理委託料,01有害鳥獣捕獲檻管理委託料,,,,80000,R3決算書p65
2021,6,農林水産業費,1,農業費,3,農業振興費,地域ブランド推進事業,,,0,0,,,,,,793119,R3決算書p65
2021,6,農林水産業費,1,農業費,3,農業振興費,地域ブランド推進事業,1,報酬,1,0,,,,,,12900,R3決算書p65
2021,6,農林水産業費,1,農業費,3,農業振興費,地域ブランド推進事業,1,報酬,2,0,11委員報酬,,,,,12900,R3決算書p65
2021,6,農林水産業費,1,農業費,3,農業振興費,地域ブランド推進事業,1,報酬,3,1,11委員報酬,01地域ブランド協議会報酬,,,,12900,R3決算書p65
2021,6,農林水産業費,1,農業費,3,農業振興費,地域ブランド推進事業,10,需用費,1,0,,,,,,652219,R3決算書p65
2021,6,農林水産業費,1,農業費,3,農業振興費,地域ブランド推進事業,10,需用費,2,0,01消耗品,,,,,302419,R3決算書p65
2021,6,農林水産業費,1,農業費,3,農業振興費,地域ブランド推進事業,10,需用費,3,1,01消耗品,01消耗品,,,,302419,R3決算書p65
2021,6,農林水産業費,1,農業費,3,農業振興費,地域ブランド推進事業,10,需用費,2,0,31印刷製本費,,,,,349800,R3決算書p65
2021,6,農林水産業費,1,農業費,3,農業振興費,地域ブランド推進事業,10,需用費,3,1,31印刷製本費,01ロゴマーク印刷費,,,,349800,R3決算書p65
2021,6,農林水産業費,1,農業費,3,農業振興費,地域ブランド推進事業,18,負担金補助及び交付金,1,0,,,,,,128000,R3決算書p65
2021,6,農林水産業費,1,農業費,3,農業振興費,地域ブランド推進事業,18,負担金補助及び交付金,2,0,51補助金,,,,,128000,R3決算書p65
2021,6,農林水産業費,1,農業費,3,農業振興費,地域ブランド推進事業,18,負担金補助及び交付金,3,1,51補助金,01六次産業化等支援補助金,,,,88000,R3決算書p65
2021,6,農林水産業費,1,農業費,3,農業振興費,地域ブランド推進事業,18,負担金補助及び交付金,3,1,51補助金,02お墨付き商品支援補助金,,,,40000,R3決算書p65
2021,6,農林水産業費,1,農業費,3,農業振興費,営農支援センター運営費,,,0,0,,,,,,736800,R3決算書p65
2021,6,農林水産業費,1,農業費,3,農業振興費,営農支援センター運営費,1,報酬,1,0,,,,,,736800,R3決算書p65
2021,6,農林水産業費,1,農業費,3,農業振興費,営農支援センター運営費,1,報酬,2,0,26会計年度任用職員報酬,,,,,736800,R3決算書p65
2021,6,農林水産業費,1,農業費,3,農業振興費,営農支援センター運営費,1,報酬,3,1,26会計年度任用職員報酬,01地域連携推進員報酬,,,,736800,R3決算書p65
2021,6,農林水産業費,1,農業費,4,畜産業費,家畜診療施設運営経費,,,0,0,,,,,,1239594,R3決算書p65
2021,6,農林水産業費,1,農業費,4,畜産業費,家畜診療施設運営経費,10,需用費,1,0,,,,,,199594,R3決算書p65
2021,6,農林水産業費,1,農業費,4,畜産業費,家畜診療施設運営経費,10,需用費,2,0,11燃料費,,,,,199594,R3決算書p65
2021,6,農林水産業費,1,農業費,4,畜産業費,家畜診療施設運営経費,10,需用費,3,1,11燃料費,01家畜診療燃料費,,,,199594,R3決算書p65
2021,6,農林水産業費,1,農業費,4,畜産業費,家畜診療施設運営経費,12,委託料,1,0,,,,,,1040000,R3決算書p65
2021,6,農林水産業費,1,農業費,4,畜産業費,家畜診療施設運営経費,12,委託料,2,0,51業務委託料,,,,,1040000,R3決算書p65
2021,6,農林水産業費,1,農業費,4,畜産業費,家畜診療施設運営経費,12,委託料,3,1,51業務委託料,01家畜診療委託料,,,,1040000,R3決算書p65
2021,6,農林水産業費,1,農業費,5,畜産振興費,畜産振興経費,,,0,0,,,,,,18400,R3決算書p65
2021,6,農林水産業費,1,農業費,5,畜産振興費,畜産振興経費,10,需用費,1,0,,,,,,18400,R3決算書p65
2021,6,農林水産業費,1,農業費,5,畜産振興費,畜産振興経費,10,需用費,2,0,01消耗品,,,,,18400,R3決算書p65
2021,6,農林水産業費,1,農業費,5,畜産振興費,畜産振興経費,10,需用費,3,1,01消耗品,01消耗品,,,,18400,R3決算書p65
2021,6,農林水産業費,1,農業費,6,農地費,農地費一般経費,,,0,0,,,,,,4343414,R3決算書p65
2021,6,農林水産業費,1,農業費,6,農地費,農地費一般経費,1,報酬,1,0,,,,,,746000,R3決算書p65
2021,6,農林水産業費,1,農業費,6,農地費,農地費一般経費,1,報酬,2,0,11委員報酬,,,,,746000,R3決算書p65
2021,6,農林水産業費,1,農業費,6,農地費,農地費一般経費,1,報酬,3,1,11委員報酬,01地すべり防止区域管理報酬,,,,746000,R3決算書p65
2021,6,農林水産業費,1,農業費,6,農地費,農地費一般経費,12,委託料,1,0,,,,,,1254000,R3決算書p66
2021,6,農林水産業費,1,農業費,6,農地費,農地費一般経費,12,委託料,2,0,51業務委託料,,,,,1254000,R3決算書p66
2021,6,農林水産業費,1,農業費,6,農地費,農地費一般経費,12,委託料,3,1,51業務委託料,03農業用水利施設長寿命化計画策定業務委託料（繰越明許）,,,,1254000,R3決算書p66
2021,6,農林水産業費,1,農業費,6,農地費,農地費一般経費,14,工事請負費,1,0,,,,,,723250,R3決算書p66
2021,6,農林水産業費,1,農業費,6,農地費,農地費一般経費,14,工事請負費,2,0,32維持・修繕工事,,,,,723250,R3決算書p66
2021,6,農林水産業費,1,農業費,6,農地費,農地費一般経費,14,工事請負費,3,1,32維持・修繕工事,01農地維持工事,,,,723250,R3決算書p66
2021,6,農林水産業費,1,農業費,6,農地費,農地費一般経費,15,原材料費,1,0,,,,,,634964,R3決算書p66
2021,6,農林水産業費,1,農業費,6,農地費,農地費一般経費,15,原材料費,2,0,01原材料費,,,,,634964,R3決算書p66
2021,6,農林水産業費,1,農業費,6,農地費,農地費一般経費,15,原材料費,3,1,01原材料費,02土地改良用資材代,,,,634964,R3決算書p66
2021,6,農林水産業費,1,農業費,6,農地費,農地費一般経費,18,負担金補助及び交付金,1,0,,,,,,985200,R3決算書p66
2021,6,農林水産業費,1,農業費,6,農地費,農地費一般経費,18,負担金補助及び交付金,2,0,21負担金,,,,,92200,R3決算書p66
2021,6,農林水産業費,1,農業費,6,農地費,農地費一般経費,18,負担金補助及び交付金,3,1,21負担金,01長土連市町村割賦課金,,,,92200,R3決算書p66
2021,6,農林水産業費,1,農業費,6,農地費,農地費一般経費,18,負担金補助及び交付金,2,0,51補助金,,,,,893000,R3決算書p66
2021,6,農林水産業費,1,農業費,6,農地費,農地費一般経費,18,負担金補助及び交付金,3,1,51補助金,01農業用井水維持修繕補助金,,,,893000,R3決算書p66
2021,6,農林水産業費,1,農業費,7,農業振興地域整備促進事業費,農業振興地域整備促進事業,,,0,0,,,,,,34400,R3決算書p66
2021,6,農林水産業費,1,農業費,7,農業振興地域整備促進事業費,農業振興地域整備促進事業,1,報酬,1,0,,,,,,34400,R3決算書p66
2021,6,農林水産業費,1,農業費,7,農業振興地域整備促進事業費,農業振興地域整備促進事業,1,報酬,2,0,11委員報酬,,,,,34400,R3決算書p66
2021,6,農林水産業費,1,農業費,7,農業振興地域整備促進事業費,農業振興地域整備促進事業,1,報酬,3,1,11委員報酬,01農振整備促進協議会報酬,,,,34400,R3決算書p66
2021,6,農林水産業費,1,農業費,20,地域おこし協力隊事業,地域おこし協力隊事業,,,0,0,,,,,,3985032,R3決算書p66
2021,6,農林水産業費,1,農業費,20,地域おこし協力隊事業,地域おこし協力隊事業,1,報酬,1,0,,,,,,2700000,R3決算書p66
2021,6,農林水産業費,1,農業費,20,地域おこし協力隊事業,地域おこし協力隊事業,1,報酬,2,0,26会計年度任用職員報酬,,,,,2700000,R3決算書p66
2021,6,農林水産業費,1,農業費,20,地域おこし協力隊事業,地域おこし協力隊事業,1,報酬,3,1,26会計年度任用職員報酬,01地域おこし協力隊報酬,,,,2700000,R3決算書p66
2021,6,農林水産業費,1,農業費,20,地域おこし協力隊事業,地域おこし協力隊事業,10,需用費,1,0,,,,,,304970,R3決算書p66
2021,6,農林水産業費,1,農業費,20,地域おこし協力隊事業,地域おこし協力隊事業,10,需用費,2,0,01消耗品,,,,,198165,R3決算書p66
2021,6,農林水産業費,1,農業費,20,地域おこし協力隊事業,地域おこし協力隊事業,10,需用費,3,1,01消耗品,01消耗品,,,,198165,R3決算書p66
2021,6,農林水産業費,1,農業費,20,地域おこし協力隊事業,地域おこし協力隊事業,10,需用費,2,0,11燃料費,,,,,23330,R3決算書p66
2021,6,農林水産業費,1,農業費,20,地域おこし協力隊事業,地域おこし協力隊事業,10,需用費,3,1,11燃料費,01公用車燃料代,,,,23330,R3決算書p66
2021,6,農林水産業費,1,農業費,20,地域おこし協力隊事業,地域おこし協力隊事業,10,需用費,2,0,51修繕費,,,,,83475,R3決算書p66
2021,6,農林水産業費,1,農業費,20,地域おこし協力隊事業,地域おこし協力隊事業,10,需用費,3,1,51修繕費,02公用車修繕費,,,,83475,R3決算書p66
2021,6,農林水産業費,1,農業費,20,地域おこし協力隊事業,地域おこし協力隊事業,11,役務費,1,0,,,,,,14990,R3決算書p66
2021,6,農林水産業費,1,農業費,20,地域おこし協力隊事業,地域おこし協力隊事業,11,役務費,2,0,41損害保険料,,,,,14990,R3決算書p66
2021,6,農林水産業費,1,農業費,20,地域おこし協力隊事業,地域おこし協力隊事業,11,役務費,3,1,41損害保険料,01公用車共済保険料,,,,14990,R3決算書p66
2021,6,農林水産業費,1,農業費,20,地域おこし協力隊事業,地域おこし協力隊事業,13,使用料及び賃借料,1,0,,,,,,827472,R3決算書p66
2021,6,農林水産業費,1,農業費,20,地域おこし協力隊事業,地域おこし協力隊事業,13,使用料及び賃借料,2,0,01使用料・借上料,,,,,827472,R3決算書p66
2021,6,農林水産業費,1,農業費,20,地域おこし協力隊事業,地域おこし協力隊事業,13,使用料及び賃借料,3,1,01使用料・借上料,02住居借上料,,,,408000,R3決算書p66
2021,6,農林水産業費,1,農業費,20,地域おこし協力隊事業,地域おこし協力隊事業,13,使用料及び賃借料,3,1,01使用料・借上料,04事務用機器リース料,,,,173952,R3決算書p66
2021,6,農林水産業費,1,農業費,20,地域おこし協力隊事業,地域おこし協力隊事業,13,使用料及び賃借料,3,1,01使用料・借上料,05自動車リース料,,,,245520,R3決算書p66
2021,6,農林水産業費,1,農業費,20,地域おこし協力隊事業,地域おこし協力隊事業,17,備品購入費,1,0,,,,,,127600,R3決算書p66
2021,6,農林水産業費,1,農業費,20,地域おこし協力隊事業,地域おこし協力隊事業,17,備品購入費,2,0,01備品購入費,,,,,127600,R3決算書p66
2021,6,農林水産業費,1,農業費,20,地域おこし協力隊事業,地域おこし協力隊事業,17,備品購入費,3,1,01備品購入費,02事業用備品購入費,,,,127600,R3決算書p66
2021,6,農林水産業費,1,農業費,20,地域おこし協力隊事業,地域おこし協力隊事業,18,負担金補助及び交付金,1,0,,,,,,10000,R3決算書p66
2021,6,農林水産業費,1,農業費,20,地域おこし協力隊事業,地域おこし協力隊事業,18,負担金補助及び交付金,2,0,21負担金,,,,,10000,R3決算書p67
2021,6,農林水産業費,1,農業費,20,地域おこし協力隊事業,地域おこし協力隊事業,18,負担金補助及び交付金,3,1,21負担金,01会議負担金,,,,10000,R3決算書p67
2021,6,農林水産業費,1,農業費,21,日本型直接支払事業,日本型直接支払制度,,,0,0,,,,,,4310293,R3決算書p67
2021,6,農林水産業費,1,農業費,21,日本型直接支払事業,日本型直接支払制度,1,報酬,1,0,,,,,,177000,R3決算書p67
2021,6,農林水産業費,1,農業費,21,日本型直接支払事業,日本型直接支払制度,1,報酬,2,0,26会計年度任用職員報酬,,,,,177000,R3決算書p67
2021,6,農林水産業費,1,農業費,21,日本型直接支払事業,日本型直接支払制度,1,報酬,3,1,26会計年度任用職員報酬,01中山間地域直接支払報酬,,,,106000,R3決算書p67
2021,6,農林水産業費,1,農業費,21,日本型直接支払事業,日本型直接支払制度,1,報酬,3,1,26会計年度任用職員報酬,02多面的機能支払報酬,,,,71000,R3決算書p67
2021,6,農林水産業費,1,農業費,21,日本型直接支払事業,日本型直接支払制度,18,負担金補助及び交付金,1,0,,,,,,4133293,R3決算書p67
2021,6,農林水産業費,1,農業費,21,日本型直接支払事業,日本型直接支払制度,18,負担金補助及び交付金,2,0,71交付金,,,,,4133293,R3決算書p67
2021,6,農林水産業費,1,農業費,21,日本型直接支払事業,日本型直接支払制度,18,負担金補助及び交付金,3,1,71交付金,01中山間地域等直接支払交付金,,,,3195625,R3決算書p67
2021,6,農林水産業費,1,農業費,21,日本型直接支払事業,日本型直接支払制度,18,負担金補助及び交付金,3,1,71交付金,02多面的機能支払交付金,,,,937668,R3決算書p67
2021,6,農林水産業費,2,林業費,1,林業総務費,林業総務一般経費,,,0,0,,,,,,1530935,R3決算書p67
2021,6,農林水産業費,2,林業費,1,林業総務費,林業総務一般経費,1,報酬,1,0,,,,,,9400,R3決算書p67
2021,6,農林水産業費,2,林業費,1,林業総務費,林業総務一般経費,1,報酬,2,0,11委員報酬,,,,,9400,R3決算書p67
2021,6,農林水産業費,2,林業費,1,林業総務費,林業総務一般経費,1,報酬,3,1,11委員報酬,01林務委員報酬,,,,9400,R3決算書p67
2021,6,農林水産業費,2,林業費,1,林業総務費,林業総務一般経費,12,委託料,1,0,,,,,,99000,R3決算書p67
2021,6,農林水産業費,2,林業費,1,林業総務費,林業総務一般経費,12,委託料,2,0,71調査・設計・監理委託料,,,,,99000,R3決算書p67
2021,6,農林水産業費,2,林業費,1,林業総務費,林業総務一般経費,12,委託料,3,1,71調査・設計・監理委託料,01村有林測量委託料,,,,99000,R3決算書p67
2021,6,農林水産業費,2,林業費,1,林業総務費,林業総務一般経費,18,負担金補助及び交付金,1,0,,,,,,1422535,R3決算書p67
2021,6,農林水産業費,2,林業費,1,林業総務費,林業総務一般経費,18,負担金補助及び交付金,2,0,21負担金,,,,,1022535,R3決算書p67
2021,6,農林水産業費,2,林業費,1,林業総務費,林業総務一般経費,18,負担金補助及び交付金,3,1,21負担金,01下伊那地区分収造林協議会負担金,,,,60235,R3決算書p67
2021,6,農林水産業費,2,林業費,1,林業総務費,林業総務一般経費,18,負担金補助及び交付金,3,1,21負担金,03南信州特用林産振興会負担金,,,,10000,R3決算書p67
2021,6,農林水産業費,2,林業費,1,林業総務費,林業総務一般経費,18,負担金補助及び交付金,3,1,21負担金,05下伊那山林協会負担金,,,,914300,R3決算書p67
2021,6,農林水産業費,2,林業費,1,林業総務費,林業総務一般経費,18,負担金補助及び交付金,3,1,21負担金,06飯伊林業活性化協議会負担金,,,,28000,R3決算書p67
2021,6,農林水産業費,2,林業費,1,林業総務費,林業総務一般経費,18,負担金補助及び交付金,3,1,21負担金,08長野県森林保全協議会負担金,,,,10000,R3決算書p67
2021,6,農林水産業費,2,林業費,1,林業総務費,林業総務一般経費,18,負担金補助及び交付金,2,0,51補助金,,,,,400000,R3決算書p67
2021,6,農林水産業費,2,林業費,1,林業総務費,林業総務一般経費,18,負担金補助及び交付金,3,1,51補助金,02木質バイオマス普及促進補助金,,,,400000,R3決算書p67
2021,6,農林水産業費,2,林業費,1,林業総務費,一般職人事管理経費（林務）,,,0,0,,,,,,8194070,R3決算書p67
2021,6,農林水産業費,2,林業費,1,林業総務費,一般職人事管理経費（林務）,2,給料,1,0,,,,,,4434600,R3決算書p67
2021,6,農林水産業費,2,林業費,1,林業総務費,一般職人事管理経費（林務）,2,給料,2,0,21職員給料,,,,,4434600,R3決算書p67
2021,6,農林水産業費,2,林業費,1,林業総務費,一般職人事管理経費（林務）,2,給料,3,1,21職員給料,01一般職員給料,,,,4434600,R3決算書p67
2021,6,農林水産業費,2,林業費,1,林業総務費,一般職人事管理経費（林務）,3,職員手当等,1,0,,,,,,2328498,R3決算書p67
2021,6,農林水産業費,2,林業費,1,林業総務費,一般職人事管理経費（林務）,3,職員手当等,2,1,21職員手当等,,,,,2328498,R3決算書p67
2021,6,農林水産業費,2,林業費,1,林業総務費,一般職人事管理経費（林務）,4,共済費,1,0,,,,,,1430972,R3決算書p67
2021,6,農林水産業費,2,林業費,1,林業総務費,一般職人事管理経費（林務）,4,共済費,2,0,31一般職共済費,,,,,1430972,R3決算書p67
2021,6,農林水産業費,2,林業費,1,林業総務費,一般職人事管理経費（林務）,4,共済費,3,1,31一般職共済費,01地方公務員共済組合等負担金,,,,1430972,R3決算書p67
2021,6,農林水産業費,2,林業費,2,林業振興費,林業振興一般経費,,,0,0,,,,,,5900128,R3決算書p67
2021,6,農林水産業費,2,林業費,2,林業振興費,林業振興一般経費,1,報酬,1,0,,,,,,108200,R3決算書p67
2021,6,農林水産業費,2,林業費,2,林業振興費,林業振興一般経費,1,報酬,2,0,11委員報酬,,,,,108200,R3決算書p67
2021,6,農林水産業費,2,林業費,2,林業振興費,林業振興一般経費,1,報酬,3,1,11委員報酬,02森林資源活用協議会委員報酬,,,,9200,R3決算書p67
2021,6,農林水産業費,2,林業費,2,林業振興費,林業振興一般経費,1,報酬,3,1,11委員報酬,03林野地すべり防止区域管理報酬,,,,99000,R3決算書p68
2021,6,農林水産業費,2,林業費,2,林業振興費,林業振興一般経費,10,需用費,1,0,,,,,,573552,R3決算書p68
2021,6,農林水産業費,2,林業費,2,林業振興費,林業振興一般経費,10,需用費,2,0,01消耗品,,,,,179240,R3決算書p68
2021,6,農林水産業費,2,林業費,2,林業振興費,林業振興一般経費,10,需用費,3,1,01消耗品,01消耗品,,,,137240,R3決算書p68
2021,6,農林水産業費,2,林業費,2,林業振興費,林業振興一般経費,10,需用費,3,1,01消耗品,07育林祭記念品,,,,42000,R3決算書p68
2021,6,農林水産業費,2,林業費,2,林業振興費,林業振興一般経費,10,需用費,2,0,41光熱水費,,,,,362313,R3決算書p68
2021,6,農林水産業費,2,林業費,2,林業振興費,林業振興一般経費,10,需用費,3,1,41光熱水費,01電気料,,,,335639,R3決算書p68
2021,6,農林水産業費,2,林業費,2,林業振興費,林業振興一般経費,10,需用費,3,1,41光熱水費,02ガス代,,,,26674,R3決算書p68
2021,6,農林水産業費,2,林業費,2,林業振興費,林業振興一般経費,10,需用費,2,0,51修繕費,,,,,31999,R3決算書p68
2021,6,農林水産業費,2,林業費,2,林業振興費,林業振興一般経費,10,需用費,3,1,51修繕費,01機械修繕費,,,,31999,R3決算書p68
2021,6,農林水産業費,2,林業費,2,林業振興費,林業振興一般経費,11,役務費,1,0,,,,,,160294,R3決算書p68
2021,6,農林水産業費,2,林業費,2,林業振興費,林業振興一般経費,11,役務費,2,0,01通信運搬費,,,,,80179,R3決算書p68
2021,6,農林水産業費,2,林業費,2,林業振興費,林業振興一般経費,11,役務費,3,1,01通信運搬費,02情報通信接続料,,,,80179,R3決算書p68
2021,6,農林水産業費,2,林業費,2,林業振興費,林業振興一般経費,11,役務費,2,0,21手数料,,,,,48065,R3決算書p68
2021,6,農林水産業費,2,林業費,2,林業振興費,林業振興一般経費,11,役務費,3,1,21手数料,01合併浄化槽検査手数料,,,,5000,R3決算書p68
2021,6,農林水産業費,2,林業費,2,林業振興費,林業振興一般経費,11,役務費,3,1,21手数料,02目立料,,,,43065,R3決算書p68
2021,6,農林水産業費,2,林業費,2,林業振興費,林業振興一般経費,11,役務費,2,0,41損害保険料,,,,,32050,R3決算書p68
2021,6,農林水産業費,2,林業費,2,林業振興費,林業振興一般経費,11,役務費,3,1,41損害保険料,02施設利用者傷害保険料,,,,32050,R3決算書p68
2021,6,農林水産業費,2,林業費,2,林業振興費,林業振興一般経費,12,委託料,1,0,,,,,,1845800,R3決算書p68
2021,6,農林水産業費,2,林業費,2,林業振興費,林業振興一般経費,12,委託料,2,0,21保守管理委託料,,,,,50600,R3決算書p68
2021,6,農林水産業費,2,林業費,2,林業振興費,林業振興一般経費,12,委託料,3,1,21保守管理委託料,01合併浄化槽保守管理委託料,,,,50600,R3決算書p68
2021,6,農林水産業費,2,林業費,2,林業振興費,林業振興一般経費,12,委託料,2,0,51業務委託料,,,,,1795200,R3決算書p68
2021,6,農林水産業費,2,林業費,2,林業振興費,林業振興一般経費,12,委託料,3,1,51業務委託料,04木工館管理運営委託料,,,,1795200,R3決算書p68
2021,6,農林水産業費,2,林業費,2,林業振興費,林業振興一般経費,14,工事請負費,1,0,,,,,,2831400,R3決算書p68
2021,6,農林水産業費,2,林業費,2,林業振興費,林業振興一般経費,14,工事請負費,2,0,01補助事業,,,,,1057100,R3決算書p68
2021,6,農林水産業費,2,林業費,2,林業振興費,林業振興一般経費,14,工事請負費,3,1,01補助事業,02松くい虫対策事業,,,,749100,R3決算書p68
2021,6,農林水産業費,2,林業費,2,林業振興費,林業振興一般経費,14,工事請負費,3,1,01補助事業,03病害虫等防除事業,,,,308000,R3決算書p68
2021,6,農林水産業費,2,林業費,2,林業振興費,林業振興一般経費,14,工事請負費,2,0,31単独事業,,,,,1774300,R3決算書p68
2021,6,農林水産業費,2,林業費,2,林業振興費,林業振興一般経費,14,工事請負費,3,1,31単独事業,01松くい虫対策事業,,,,47300,R3決算書p68
2021,6,農林水産業費,2,林業費,2,林業振興費,林業振興一般経費,14,工事請負費,3,1,31単独事業,05森林税活用事業,,,,1727000,R3決算書p68
2021,6,農林水産業費,2,林業費,2,林業振興費,林業振興一般経費,16,公有財産購入費,1,0,,,,,,58005,R3決算書p68
2021,6,農林水産業費,2,林業費,2,林業振興費,林業振興一般経費,16,公有財産購入費,2,0,04私有林購入費,,,,,58005,R3決算書p68
2021,6,農林水産業費,2,林業費,2,林業振興費,林業振興一般経費,16,公有財産購入費,3,1,04私有林購入費,01私有林購入費,,,,58005,R3決算書p68
2021,6,農林水産業費,2,林業費,2,林業振興費,林業振興一般経費,18,負担金補助及び交付金,1,0,,,,,,300100,R3決算書p68
2021,6,農林水産業費,2,林業費,2,林業振興費,林業振興一般経費,18,負担金補助及び交付金,2,0,21負担金,,,,,300100,R3決算書p68
2021,6,農林水産業費,2,林業費,2,林業振興費,林業振興一般経費,18,負担金補助及び交付金,3,1,21負担金,01飯伊森林組合賦課金,,,,300100,R3決算書p68
2021,6,農林水産業費,2,林業費,2,林業振興費,林業振興一般経費,21,補償補填及び賠償金,1,0,,,,,,22777,R3決算書p68
2021,6,農林水産業費,2,林業費,2,林業振興費,林業振興一般経費,21,補償補填及び賠償金,2,0,01補償料,,,,,22777,R3決算書p68
2021,6,農林水産業費,2,林業費,2,林業振興費,林業振興一般経費,21,補償補填及び賠償金,3,1,01補償料,01工事立木補償料,,,,22777,R3決算書p68
2021,6,農林水産業費,2,林業費,2,林業振興費,有害鳥獣駆除関係経費,,,0,0,,,,,,10038500,R3決算書p68
2021,6,農林水産業費,2,林業費,2,林業振興費,有害鳥獣駆除関係経費,1,報酬,1,0,,,,,,25800,R3決算書p68
2021,6,農林水産業費,2,林業費,2,林業振興費,有害鳥獣駆除関係経費,1,報酬,2,0,11委員報酬,,,,,25800,R3決算書p68
2021,6,農林水産業費,2,林業費,2,林業振興費,有害鳥獣駆除関係経費,1,報酬,3,1,11委員報酬,01有害鳥獣駆除協議会報酬,,,,25800,R3決算書p68
2021,6,農林水産業費,2,林業費,2,林業振興費,有害鳥獣駆除関係経費,7,報償費,1,0,,,,,,9717950,R3決算書p69
2021,6,農林水産業費,2,林業費,2,林業振興費,有害鳥獣駆除関係経費,7,報償費,2,0,01謝金,,,,,717950,R3決算書p69
2021,6,農林水産業費,2,林業費,2,林業振興費,有害鳥獣駆除関係経費,7,報償費,3,1,01謝金,01有害鳥獣駆除謝金,,,,717950,R3決算書p69
2021,6,農林水産業費,2,林業費,2,林業振興費,有害鳥獣駆除関係経費,7,報償費,2,0,21買上金,,,,,9000000,R3決算書p69
2021,6,農林水産業費,2,林業費,2,林業振興費,有害鳥獣駆除関係経費,7,報償費,3,1,21買上金,01有害鳥獣駆除報償,,,,9000000,R3決算書p69
2021,6,農林水産業費,2,林業費,2,林業振興費,有害鳥獣駆除関係経費,11,役務費,1,0,,,,,,47250,R3決算書p69
2021,6,農林水産業費,2,林業費,2,林業振興費,有害鳥獣駆除関係経費,11,役務費,2,0,41損害保険料,,,,,47250,R3決算書p69
2021,6,農林水産業費,2,林業費,2,林業振興費,有害鳥獣駆除関係経費,11,役務費,3,1,41損害保険料,01有害鳥獣駆除傷害保険料,,,,47250,R3決算書p69
2021,6,農林水産業費,2,林業費,2,林業振興費,有害鳥獣駆除関係経費,17,備品購入費,1,0,,,,,,247500,R3決算書p69
2021,6,農林水産業費,2,林業費,2,林業振興費,有害鳥獣駆除関係経費,17,備品購入費,2,0,01備品購入費,,,,,247500,R3決算書p69
2021,6,農林水産業費,2,林業費,2,林業振興費,有害鳥獣駆除関係経費,17,備品購入費,3,1,01備品購入費,02捕獲用器具購入,,,,247500,R3決算書p69
2021,6,農林水産業費,2,林業費,3,林道費,林道事業経費,,,0,0,,,,,,65519515,R3決算書p69
2021,6,農林水産業費,2,林業費,3,林道費,林道事業経費,10,需用費,1,0,,,,,,213663,R3決算書p69
2021,6,農林水産業費,2,林業費,3,林道費,林道事業経費,10,需用費,2,0,01消耗品,,,,,41470,R3決算書p69
2021,6,農林水産業費,2,林業費,3,林道費,林道事業経費,10,需用費,3,1,01消耗品,01消耗品,,,,41470,R3決算書p69
2021,6,農林水産業費,2,林業費,3,林道費,林道事業経費,10,需用費,2,0,11燃料費,,,,,99742,R3決算書p69
2021,6,農林水産業費,2,林業費,3,林道費,林道事業経費,10,需用費,3,1,11燃料費,01公用車燃料費,,,,99742,R3決算書p69
2021,6,農林水産業費,2,林業費,3,林道費,林道事業経費,10,需用費,2,0,51修繕費,,,,,72451,R3決算書p69
2021,6,農林水産業費,2,林業費,3,林道費,林道事業経費,10,需用費,3,1,51修繕費,01公用車修繕費,,,,72451,R3決算書p69
2021,6,農林水産業費,2,林業費,3,林道費,林道事業経費,11,役務費,1,0,,,,,,25550,R3決算書p69
2021,6,農林水産業費,2,林業費,3,林道費,林道事業経費,11,役務費,2,0,21手数料,,,,,10560,R3決算書p69
2021,6,農林水産業費,2,林業費,3,林道費,林道事業経費,11,役務費,3,1,21手数料,01公用車車検点検料,,,,10560,R3決算書p69
2021,6,農林水産業費,2,林業費,3,林道費,林道事業経費,11,役務費,2,0,41損害保険料,,,,,14990,R3決算書p69
2021,6,農林水産業費,2,林業費,3,林道費,林道事業経費,11,役務費,3,1,41損害保険料,01公用車共済保険料,,,,14990,R3決算書p69
2021,6,農林水産業費,2,林業費,3,林道費,林道事業経費,12,委託料,1,0,,,,,,6852200,R3決算書p69
2021,6,農林水産業費,2,林業費,3,林道費,林道事業経費,12,委託料,2,0,51業務委託料,,,,,340000,R3決算書p69
2021,6,農林水産業費,2,林業費,3,林道費,林道事業経費,12,委託料,3,1,51業務委託料,01伐開委託料,,,,340000,R3決算書p69
2021,6,農林水産業費,2,林業費,3,林道費,林道事業経費,12,委託料,2,0,71調査、設計、監理委託料,,,,,6512200,R3決算書p69
2021,6,農林水産業費,2,林業費,3,林道費,林道事業経費,12,委託料,3,1,71調査、設計、監理委託料,01補助事業設計、監理委託料,,,,5176800,R3決算書p69
2021,6,農林水産業費,2,林業費,3,林道費,林道事業経費,12,委託料,3,1,71調査、設計、監理委託料,02単独事業設計、監理委託料,,,,1335400,R3決算書p69
2021,6,農林水産業費,2,林業費,3,林道費,林道事業経費,14,工事請負費,1,0,,,,,,58428102,R3決算書p69
2021,6,農林水産業費,2,林業費,3,林道費,林道事業経費,14,工事請負費,2,0,01補助事業,,,,,24420000,R3決算書p69
2021,6,農林水産業費,2,林業費,3,林道費,林道事業経費,14,工事請負費,3,1,01補助事業,01林道開設・改良・舗装工事,,,,24420000,R3決算書p69
2021,6,農林水産業費,2,林業費,3,林道費,林道事業経費,14,工事請負費,2,0,31単独事業,,,,,9988000,R3決算書p69
2021,6,農林水産業費,2,林業費,3,林道費,林道事業経費,14,工事請負費,3,1,31単独事業,01林道開設・改良・舗装工事,,,,4037000,R3決算書p69
2021,6,農林水産業費,2,林業費,3,林道費,林道事業経費,14,工事請負費,3,1,31単独事業,04林道開設・改良・舗装工事（繰越明許）,,,,5951000,R3決算書p69
2021,6,農林水産業費,2,林業費,3,林道費,林道事業経費,14,工事請負費,2,0,32維持・修繕工事,,,,,24020102,R3決算書p69
2021,6,農林水産業費,2,林業費,3,林道費,林道事業経費,14,工事請負費,3,1,32維持・修繕工事,01林道維持工事,,,,20247102,R3決算書p69
2021,6,農林水産業費,2,林業費,3,林道費,林道事業経費,14,工事請負費,3,1,32維持・修繕工事,02林道維持工事（明許繰越）,,,,3773000,R3決算書p69
2021,6,農林水産業費,2,林業費,4,造林費,造林事業,,,0,0,,,,,,7755432,R3決算書p69
2021,6,農林水産業費,2,林業費,4,造林費,造林事業,14,工事請負費,1,0,,,,,,2090000,R3決算書p69
2021,6,農林水産業費,2,林業費,4,造林費,造林事業,14,工事請負費,2,0,32維持・修繕工事,,,,,2090000,R3決算書p69
2021,6,農林水産業費,2,林業費,4,造林費,造林事業,14,工事請負費,3,1,32維持・修繕工事,01維持修繕工事,,,,2090000,R3決算書p69
2021,6,農林水産業費,2,林業費,4,造林費,造林事業,18,負担金補助及び交付金,1,0,,,,,,5665432,R3決算書p70
2021,6,農林水産業費,2,林業費,4,造林費,造林事業,18,負担金補助及び交付金,2,0,21負担金,,,,,5665432,R3決算書p70
2021,6,農林水産業費,2,林業費,4,造林費,造林事業,18,負担金補助及び交付金,3,1,21負担金,01森林組合事業負担金,,,,5665432,R3決算書p70
2021,6,農林水産業費,2,林業費,6,森林整備センター受託事業費,森林整備センター受託事業費,,,0,0,,,,,,476300,R3決算書p70
2021,6,農林水産業費,2,林業費,6,森林整備センター受託事業費,森林整備センター受託事業費,12,委託料,1,0,,,,,,476300,R3決算書p70
2021,6,農林水産業費,2,林業費,6,森林整備センター受託事業費,森林整備センター受託事業費,12,委託料,2,0,51業務委託料,,,,,476300,R3決算書p70
2021,6,農林水産業費,2,林業費,6,森林整備センター受託事業費,森林整備センター受託事業費,12,委託料,3,1,51業務委託料,01水源林造成受託事業委託料,,,,476300,R3決算書p70
2021,6,農林水産業費,2,林業費,10,森林環境譲与税活用費,森林環境譲与税活用事業,,,0,0,,,,,,4329538,R3決算書p70
2021,6,農林水産業費,2,林業費,10,森林環境譲与税活用費,森林環境譲与税活用事業,11,役務費,1,0,,,,,,6538,R3決算書p70
2021,6,農林水産業費,2,林業費,10,森林環境譲与税活用費,森林環境譲与税活用事業,11,役務費,2,0,01通信運搬費,,,,,6538,R3決算書p70
2021,6,農林水産業費,2,林業費,10,森林環境譲与税活用費,森林環境譲与税活用事業,11,役務費,3,1,01通信運搬費,01森林管理郵便料,,,,6538,R3決算書p70
2021,6,農林水産業費,2,林業費,10,森林環境譲与税活用費,森林環境譲与税活用事業,12,委託料,1,0,,,,,,594000,R3決算書p70
2021,6,農林水産業費,2,林業費,10,森林環境譲与税活用費,森林環境譲与税活用事業,12,委託料,2,0,51業務委託料,,,,,594000,R3決算書p70
2021,6,農林水産業費,2,林業費,10,森林環境譲与税活用費,森林環境譲与税活用事業,12,委託料,3,1,51業務委託料,01伐採委託料,,,,594000,R3決算書p70
2021,6,農林水産業費,2,林業費,10,森林環境譲与税活用費,森林環境譲与税活用事業,14,工事請負費,1,0,,,,,,3729000,R3決算書p70
2021,6,農林水産業費,2,林業費,10,森林環境譲与税活用費,森林環境譲与税活用事業,14,工事請負費,2,0,31単独事業,,,,,3729000,R3決算書p70
2021,6,農林水産業費,2,林業費,10,森林環境譲与税活用費,森林環境譲与税活用事業,14,工事請負費,3,1,31単独事業,01小規模治山工事,,,,539000,R3決算書p70
2021,6,農林水産業費,2,林業費,10,森林環境譲与税活用費,森林環境譲与税活用事業,14,工事請負費,3,1,31単独事業,11小規模治山工事（繰越明許）,,,,3190000,R3決算書p70
2021,7,商工費,1,商工費,1,商工総務費,商工総務一般経費,,,0,0,,,,,,462700,R3決算書p70
2021,7,商工費,1,商工費,1,商工総務費,商工総務一般経費,18,負担金補助及び交付金,1,0,,,,,,462700,R3決算書p70
2021,7,商工費,1,商工費,1,商工総務費,商工総務一般経費,18,負担金補助及び交付金,2,0,21負担金,,,,,462700,R3決算書p70
2021,7,商工費,1,商工費,1,商工総務費,商工総務一般経費,18,負担金補助及び交付金,3,1,21負担金,07飯田職業安定協会負担金,,,,1000,R3決算書p70
2021,7,商工費,1,商工費,1,商工総務費,商工総務一般経費,18,負担金補助及び交付金,3,1,21負担金,08飯田勤労者共済会負担金,,,,38700,R3決算書p70
2021,7,商工費,1,商工費,1,商工総務費,商工総務一般経費,18,負担金補助及び交付金,3,1,21負担金,13産業振興の拠点関係負担金,,,,423000,R3決算書p70
2021,7,商工費,1,商工費,1,商工総務費,一般職人事管理経費（商工）,,,0,0,,,,,,6696149,R3決算書p70
2021,7,商工費,1,商工費,1,商工総務費,一般職人事管理経費（商工）,2,給料,1,0,,,,,,3403200,R3決算書p70
2021,7,商工費,1,商工費,1,商工総務費,一般職人事管理経費（商工）,2,給料,2,0,21職員給料,,,,,3403200,R3決算書p70
2021,7,商工費,1,商工費,1,商工総務費,一般職人事管理経費（商工）,2,給料,3,1,21職員給料,01一般職員給料,,,,3403200,R3決算書p70
2021,7,商工費,1,商工費,1,商工総務費,一般職人事管理経費（商工）,3,職員手当等,1,0,,,,,,2204150,R3決算書p70
2021,7,商工費,1,商工費,1,商工総務費,一般職人事管理経費（商工）,3,職員手当等,2,1,21職員手当等,,,,,2204150,R3決算書p70
2021,7,商工費,1,商工費,1,商工総務費,一般職人事管理経費（商工）,4,共済費,1,0,,,,,,1088799,R3決算書p70
2021,7,商工費,1,商工費,1,商工総務費,一般職人事管理経費（商工）,4,共済費,2,0,31一般職共済費,,,,,1088799,R3決算書p70
2021,7,商工費,1,商工費,1,商工総務費,一般職人事管理経費（商工）,4,共済費,3,1,31一般職共済費,01地方公務員共済組合等負担金,,,,1088799,R3決算書p70
2021,7,商工費,1,商工費,2,商工振興費,商工振興一般経費,,,0,0,,,,,,39619873,R3決算書p70
2021,7,商工費,1,商工費,2,商工振興費,商工振興一般経費,10,需用費,1,0,,,,,,105735,R3決算書p70
2021,7,商工費,1,商工費,2,商工振興費,商工振興一般経費,10,需用費,2,0,41光熱水費,,,,,105735,R3決算書p70
2021,7,商工費,1,商工費,2,商工振興費,商工振興一般経費,10,需用費,3,1,41光熱水費,01電気料（街路灯）,,,,105735,R3決算書p70
2021,7,商工費,1,商工費,2,商工振興費,商工振興一般経費,13,使用料及び賃借料,1,0,,,,,,211824,R3決算書p71
2021,7,商工費,1,商工費,2,商工振興費,商工振興一般経費,13,使用料及び賃借料,2,0,12敷地料,,,,,211824,R3決算書p71
2021,7,商工費,1,商工費,2,商工振興費,商工振興一般経費,13,使用料及び賃借料,3,1,12敷地料,01過疎対策工場敷地料,,,,211824,R3決算書p71
2021,7,商工費,1,商工費,2,商工振興費,商工振興一般経費,18,負担金補助及び交付金,1,0,,,,,,38388467,R3決算書p71
2021,7,商工費,1,商工費,2,商工振興費,商工振興一般経費,18,負担金補助及び交付金,2,0,51補助金,,,,,38388467,R3決算書p71
2021,7,商工費,1,商工費,2,商工振興費,商工振興一般経費,18,負担金補助及び交付金,3,1,51補助金,01商工振興事業補助金,,,,13798320,R3決算書p71
2021,7,商工費,1,商工費,2,商工振興費,商工振興一般経費,18,負担金補助及び交付金,3,1,51補助金,04商工関係資金利子補給金（不況対策）,,,,295007,R3決算書p71
2021,7,商工費,1,商工費,2,商工振興費,商工振興一般経費,18,負担金補助及び交付金,3,1,51補助金,10新型コロナウイルス感染症対策商工振興補助金,,,,24295140,R3決算書p71
2021,7,商工費,1,商工費,2,商工振興費,商工振興一般経費,21,補償補填及び賠償金,1,0,,,,,,913847,R3決算書p71
2021,7,商工費,1,商工費,2,商工振興費,商工振興一般経費,21,補償補填及び賠償金,2,0,11保証料,,,,,913847,R3決算書p71
2021,7,商工費,1,商工費,2,商工振興費,商工振興一般経費,21,補償補填及び賠償金,3,1,11保証料,01信用保証協会保証料,,,,913847,R3決算書p71
2021,7,商工費,1,商工費,3,観光費,観光一般経費,,,0,0,,,,,,29614359,R3決算書p71
2021,7,商工費,1,商工費,3,観光費,観光一般経費,1,報酬,1,0,,,,,,881500,R3決算書p71
2021,7,商工費,1,商工費,3,観光費,観光一般経費,1,報酬,2,0,11委員報酬,,,,,21500,R3決算書p71
2021,7,商工費,1,商工費,3,観光費,観光一般経費,1,報酬,3,1,11委員報酬,02文化交流推進委員報酬,,,,21500,R3決算書p71
2021,7,商工費,1,商工費,3,観光費,観光一般経費,1,報酬,2,0,26会計年度任用職員報酬,,,,,860000,R3決算書p71
2021,7,商工費,1,商工費,3,観光費,観光一般経費,1,報酬,3,1,26会計年度任用職員報酬,01会計年度任用職員1号報酬,,,,600000,R3決算書p71
2021,7,商工費,1,商工費,3,観光費,観光一般経費,1,報酬,3,1,26会計年度任用職員報酬,03観光施設管理報酬,,,,260000,R3決算書p71
2021,7,商工費,1,商工費,3,観光費,観光一般経費,4,共済費,1,0,,,,,,36170,R3決算書p71
2021,7,商工費,1,商工費,3,観光費,観光一般経費,4,共済費,2,0,41臨時職員等共済費,,,,,36170,R3決算書p71
2021,7,商工費,1,商工費,3,観光費,観光一般経費,4,共済費,3,1,41臨時職員等共済費,01労働保険料,,,,36170,R3決算書p71
2021,7,商工費,1,商工費,3,観光費,観光一般経費,7,報償費,1,0,,,,,,513400,R3決算書p71
2021,7,商工費,1,商工費,3,観光費,観光一般経費,7,報償費,2,0,01謝金,,,,,500000,R3決算書p71
2021,7,商工費,1,商工費,3,観光費,観光一般経費,7,報償費,3,1,01謝金,02さくらの女王選考賞金,,,,500000,R3決算書p71
2021,7,商工費,1,商工費,3,観光費,観光一般経費,7,報償費,2,0,31報償金,,,,,13400,R3決算書p71
2021,7,商工費,1,商工費,3,観光費,観光一般経費,7,報償費,3,1,31報償金,01さくらの女王出席報償,,,,13400,R3決算書p71
2021,7,商工費,1,商工費,3,観光費,観光一般経費,8,旅費,1,0,,,,,,14680,R3決算書p71
2021,7,商工費,1,商工費,3,観光費,観光一般経費,8,旅費,2,0,51費用弁償,,,,,14680,R3決算書p71
2021,7,商工費,1,商工費,3,観光費,観光一般経費,8,旅費,3,1,51費用弁償,01さくらの女王旅費,,,,14680,R3決算書p71
2021,7,商工費,1,商工費,3,観光費,観光一般経費,10,需用費,1,0,,,,,,9761870,R3決算書p71
2021,7,商工費,1,商工費,3,観光費,観光一般経費,10,需用費,2,0,01消耗品,,,,,1573716,R3決算書p71
2021,7,商工費,1,商工費,3,観光費,観光一般経費,10,需用費,3,1,01消耗品,01消耗品,,,,1517926,R3決算書p71
2021,7,商工費,1,商工費,3,観光費,観光一般経費,10,需用費,3,1,01消耗品,03さくらの女王選考経費,,,,55790,R3決算書p71
2021,7,商工費,1,商工費,3,観光費,観光一般経費,10,需用費,2,0,31印刷製本費,,,,,752400,R3決算書p71
2021,7,商工費,1,商工費,3,観光費,観光一般経費,10,需用費,3,1,31印刷製本費,01印刷製本費,,,,752400,R3決算書p71
2021,7,商工費,1,商工費,3,観光費,観光一般経費,10,需用費,2,0,41光熱水費,,,,,6486894,R3決算書p71
2021,7,商工費,1,商工費,3,観光費,観光一般経費,10,需用費,3,1,41光熱水費,01電気料（観光施設）,,,,6159715,R3決算書p71
2021,7,商工費,1,商工費,3,観光費,観光一般経費,10,需用費,3,1,41光熱水費,02水道料,,,,327179,R3決算書p71
2021,7,商工費,1,商工費,3,観光費,観光一般経費,10,需用費,2,0,51修繕費,,,,,948860,R3決算書p71
2021,7,商工費,1,商工費,3,観光費,観光一般経費,10,需用費,3,1,51修繕費,01観光施設修繕費,,,,948860,R3決算書p71
2021,7,商工費,1,商工費,3,観光費,観光一般経費,11,役務費,1,0,,,,,,806184,R3決算書p71
2021,7,商工費,1,商工費,3,観光費,観光一般経費,11,役務費,2,0,01通信運搬費,,,,,50065,R3決算書p71
2021,7,商工費,1,商工費,3,観光費,観光一般経費,11,役務費,3,1,01通信運搬費,01電話料,,,,585,R3決算書p72
2021,7,商工費,1,商工費,3,観光費,観光一般経費,11,役務費,3,1,01通信運搬費,03テレビ受信料,,,,49480,R3決算書p72
2021,7,商工費,1,商工費,3,観光費,観光一般経費,11,役務費,2,0,21手数料,,,,,431960,R3決算書p72
2021,7,商工費,1,商工費,3,観光費,観光一般経費,11,役務費,3,1,21手数料,01消防施設点検料,,,,60500,R3決算書p72
2021,7,商工費,1,商工費,3,観光費,観光一般経費,11,役務費,3,1,21手数料,02くみ取り料,,,,159460,R3決算書p72
2021,7,商工費,1,商工費,3,観光費,観光一般経費,11,役務費,3,1,21手数料,03遊具検査手数料,,,,176000,R3決算書p72
2021,7,商工費,1,商工費,3,観光費,観光一般経費,11,役務費,3,1,21手数料,04合併浄化槽検査手数料,,,,36000,R3決算書p72
2021,7,商工費,1,商工費,3,観光費,観光一般経費,11,役務費,2,0,41損害保険料,,,,,324159,R3決算書p72
2021,7,商工費,1,商工費,3,観光費,観光一般経費,11,役務費,3,1,41損害保険料,01村有建物災害共済保険料,,,,324159,R3決算書p72
2021,7,商工費,1,商工費,3,観光費,観光一般経費,12,委託料,1,0,,,,,,3200540,R3決算書p72
2021,7,商工費,1,商工費,3,観光費,観光一般経費,12,委託料,2,0,21保守管理委託料,,,,,2903100,R3決算書p72
2021,7,商工費,1,商工費,3,観光費,観光一般経費,12,委託料,3,1,21保守管理委託料,01合併浄化槽保守管理委託料,,,,430540,R3決算書p72
2021,7,商工費,1,商工費,3,観光費,観光一般経費,12,委託料,3,1,21保守管理委託料,03観光施設管理（村委託分）委託料,,,,2150260,R3決算書p72
2021,7,商工費,1,商工費,3,観光費,観光一般経費,12,委託料,3,1,21保守管理委託料,05電気施設保守委託料,,,,322300,R3決算書p72
2021,7,商工費,1,商工費,3,観光費,観光一般経費,12,委託料,2,0,31検査委託料,,,,,22440,R3決算書p72
2021,7,商工費,1,商工費,3,観光費,観光一般経費,12,委託料,3,1,31検査委託料,01観光施設水質検査委託料,,,,22440,R3決算書p72
2021,7,商工費,1,商工費,3,観光費,観光一般経費,12,委託料,2,0,51業務委託料,,,,,275000,R3決算書p72
2021,7,商工費,1,商工費,3,観光費,観光一般経費,12,委託料,3,1,51業務委託料,11観光施設ラッピング委託料（繰越明許）,,,,275000,R3決算書p72
2021,7,商工費,1,商工費,3,観光費,観光一般経費,13,使用料及び賃借料,1,0,,,,,,1114475,R3決算書p72
2021,7,商工費,1,商工費,3,観光費,観光一般経費,13,使用料及び賃借料,2,0,01使用料・借上料,,,,,419276,R3決算書p72
2021,7,商工費,1,商工費,3,観光費,観光一般経費,13,使用料及び賃借料,3,1,01使用料・借上料,01仮設トイレ借上料,,,,237776,R3決算書p72
2021,7,商工費,1,商工費,3,観光費,観光一般経費,13,使用料及び賃借料,3,1,01使用料・借上料,08事務室使用料,,,,181500,R3決算書p72
2021,7,商工費,1,商工費,3,観光費,観光一般経費,13,使用料及び賃借料,2,0,12敷地料,,,,,695199,R3決算書p72
2021,7,商工費,1,商工費,3,観光費,観光一般経費,13,使用料及び賃借料,3,1,12敷地料,01道の駅敷地料,,,,610016,R3決算書p72
2021,7,商工費,1,商工費,3,観光費,観光一般経費,13,使用料及び賃借料,3,1,12敷地料,02広河原小屋敷地料,,,,3000,R3決算書p72
2021,7,商工費,1,商工費,3,観光費,観光一般経費,13,使用料及び賃借料,3,1,12敷地料,05するぎ農園村敷地料,,,,82183,R3決算書p72
2021,7,商工費,1,商工費,3,観光費,観光一般経費,14,工事請負費,1,0,,,,,,7968400,R3決算書p72
2021,7,商工費,1,商工費,3,観光費,観光一般経費,14,工事請負費,2,0,01補助事業,,,,,1375000,R3決算書p72
2021,7,商工費,1,商工費,3,観光費,観光一般経費,14,工事請負費,3,1,01補助事業,04観光施設整備事業,,,,1375000,R3決算書p72
2021,7,商工費,1,商工費,3,観光費,観光一般経費,14,工事請負費,2,0,31単独事業,,,,,6593400,R3決算書p72
2021,7,商工費,1,商工費,3,観光費,観光一般経費,14,工事請負費,3,1,31単独事業,04観光施設改修工事,,,,6593400,R3決算書p72
2021,7,商工費,1,商工費,3,観光費,観光一般経費,17,備品購入費,1,0,,,,,,255200,R3決算書p72
2021,7,商工費,1,商工費,3,観光費,観光一般経費,17,備品購入費,2,0,01備品購入費,,,,,255200,R3決算書p72
2021,7,商工費,1,商工費,3,観光費,観光一般経費,17,備品購入費,3,1,01備品購入費,01事業用備品購入費,,,,255200,R3決算書p72
2021,7,商工費,1,商工費,3,観光費,観光一般経費,18,負担金補助及び交付金,1,0,,,,,,5061940,R3決算書p72
2021,7,商工費,1,商工費,3,観光費,観光一般経費,18,負担金補助及び交付金,2,0,21負担金,,,,,613100,R3決算書p72
2021,7,商工費,1,商工費,3,観光費,観光一般経費,18,負担金補助及び交付金,3,1,21負担金,03日本さくらの会負担金,,,,5000,R3決算書p72
2021,7,商工費,1,商工費,3,観光費,観光一般経費,18,負担金補助及び交付金,3,1,21負担金,05温泉協会協議会負担金,,,,9000,R3決算書p72
2021,7,商工費,1,商工費,3,観光費,観光一般経費,18,負担金補助及び交付金,3,1,21負担金,06国有林観光施設協議会負担金,,,,2100,R3決算書p72
2021,7,商工費,1,商工費,3,観光費,観光一般経費,18,負担金補助及び交付金,3,1,21負担金,07高山植物等保護対策協議会負担金,,,,6000,R3決算書p72
2021,7,商工費,1,商工費,3,観光費,観光一般経費,18,負担金補助及び交付金,3,1,21負担金,13長野県観光情報提供システム負担金,,,,10000,R3決算書p72
2021,7,商工費,1,商工費,3,観光費,観光一般経費,18,負担金補助及び交付金,3,1,21負担金,15信州・長野県観光協会負担金,,,,44000,R3決算書p73
2021,7,商工費,1,商工費,3,観光費,観光一般経費,18,負担金補助及び交付金,3,1,21負担金,17南アルプス自然環境保全活用連携協議会負担金,,,,467000,R3決算書p73
2021,7,商工費,1,商工費,3,観光費,観光一般経費,18,負担金補助及び交付金,3,1,21負担金,24中部ブロック道の駅連絡会負担金,,,,70000,R3決算書p73
2021,7,商工費,1,商工費,3,観光費,観光一般経費,18,負担金補助及び交付金,2,0,51補助金,,,,,4448840,R3決算書p73
2021,7,商工費,1,商工費,3,観光費,観光一般経費,18,負担金補助及び交付金,3,1,51補助金,01大鹿村観光協会補助金,,,,4448840,R3決算書p73
2021,7,商工費,1,商工費,4,地域おこし協力隊事業,地域おこし協力隊事業,,,0,0,,,,,,7538924,R3決算書p73
2021,7,商工費,1,商工費,4,地域おこし協力隊事業,地域おこし協力隊事業,1,報酬,1,0,,,,,,4950000,R3決算書p73
2021,7,商工費,1,商工費,4,地域おこし協力隊事業,地域おこし協力隊事業,1,報酬,2,0,26会計年度任用職員報酬,,,,,4950000,R3決算書p73
2021,7,商工費,1,商工費,4,地域おこし協力隊事業,地域おこし協力隊事業,1,報酬,3,1,26会計年度任用職員報酬,01地域おこし協力隊報酬,,,,4950000,R3決算書p73
2021,7,商工費,1,商工費,4,地域おこし協力隊事業,地域おこし協力隊事業,3,職員手当等,1,0,,,,,,24000,R3決算書p73
2021,7,商工費,1,商工費,4,地域おこし協力隊事業,地域おこし協力隊事業,3,職員手当等,2,1,22会計年度任用職員手当,,,,,24000,R3決算書p73
2021,7,商工費,1,商工費,4,地域おこし協力隊事業,地域おこし協力隊事業,8,旅費,1,0,,,,,,2000,R3決算書p73
2021,7,商工費,1,商工費,4,地域おこし協力隊事業,地域おこし協力隊事業,8,旅費,2,0,51費用弁償,,,,,2000,R3決算書p73
2021,7,商工費,1,商工費,4,地域おこし協力隊事業,地域おこし協力隊事業,8,旅費,3,1,51費用弁償,01地域おこし協力隊旅費,,,,2000,R3決算書p73
2021,7,商工費,1,商工費,4,地域おこし協力隊事業,地域おこし協力隊事業,10,需用費,1,0,,,,,,677511,R3決算書p73
2021,7,商工費,1,商工費,4,地域おこし協力隊事業,地域おこし協力隊事業,10,需用費,2,0,01消耗品,,,,,99407,R3決算書p73
2021,7,商工費,1,商工費,4,地域おこし協力隊事業,地域おこし協力隊事業,10,需用費,3,1,01消耗品,01消耗品,,,,99407,R3決算書p73
2021,7,商工費,1,商工費,4,地域おこし協力隊事業,地域おこし協力隊事業,10,需用費,2,0,11燃料費,,,,,179904,R3決算書p73
2021,7,商工費,1,商工費,4,地域おこし協力隊事業,地域おこし協力隊事業,10,需用費,3,1,11燃料費,01公用車燃料費,,,,179904,R3決算書p73
2021,7,商工費,1,商工費,4,地域おこし協力隊事業,地域おこし協力隊事業,10,需用費,2,0,31印刷製本費,,,,,396000,R3決算書p73
2021,7,商工費,1,商工費,4,地域おこし協力隊事業,地域おこし協力隊事業,10,需用費,3,1,31印刷製本費,01協力隊新聞印刷費,,,,396000,R3決算書p73
2021,7,商工費,1,商工費,4,地域おこし協力隊事業,地域おこし協力隊事業,10,需用費,2,0,51修繕費,,,,,2200,R3決算書p73
2021,7,商工費,1,商工費,4,地域おこし協力隊事業,地域おこし協力隊事業,10,需用費,3,1,51修繕費,01公用車修繕費,,,,2200,R3決算書p73
2021,7,商工費,1,商工費,4,地域おこし協力隊事業,地域おこし協力隊事業,11,役務費,1,0,,,,,,47471,R3決算書p73
2021,7,商工費,1,商工費,4,地域おこし協力隊事業,地域おこし協力隊事業,11,役務費,2,0,21手数料,,,,,26631,R3決算書p73
2021,7,商工費,1,商工費,4,地域おこし協力隊事業,地域おこし協力隊事業,11,役務費,3,1,21手数料,01公用車車検点検料,,,,26631,R3決算書p73
2021,7,商工費,1,商工費,4,地域おこし協力隊事業,地域おこし協力隊事業,11,役務費,2,0,41損害保険料,,,,,20840,R3決算書p73
2021,7,商工費,1,商工費,4,地域おこし協力隊事業,地域おこし協力隊事業,11,役務費,3,1,41損害保険料,01公用車共済保険料,,,,20840,R3決算書p73
2021,7,商工費,1,商工費,4,地域おこし協力隊事業,地域おこし協力隊事業,13,使用料及び賃借料,1,0,,,,,,1834942,R3決算書p73
2021,7,商工費,1,商工費,4,地域おこし協力隊事業,地域おこし協力隊事業,13,使用料及び賃借料,2,0,01使用料・借上料,,,,,1834942,R3決算書p73
2021,7,商工費,1,商工費,4,地域おこし協力隊事業,地域おこし協力隊事業,13,使用料及び賃借料,3,1,01使用料・借上料,01駐車場使用料,,,,800,R3決算書p73
2021,7,商工費,1,商工費,4,地域おこし協力隊事業,地域おこし協力隊事業,13,使用料及び賃借料,3,1,01使用料・借上料,02住居借上料,,,,696000,R3決算書p73
2021,7,商工費,1,商工費,4,地域おこし協力隊事業,地域おこし協力隊事業,13,使用料及び賃借料,3,1,01使用料・借上料,03事務用機器リース料,,,,7150,R3決算書p73
2021,7,商工費,1,商工費,4,地域おこし協力隊事業,地域おこし協力隊事業,13,使用料及び賃借料,3,1,01使用料・借上料,04自動車リース料,,,,1130992,R3決算書p73
2021,7,商工費,1,商工費,4,地域おこし協力隊事業,地域おこし協力隊事業,18,負担金補助及び交付金,1,0,,,,,,3000,R3決算書p73
2021,7,商工費,1,商工費,4,地域おこし協力隊事業,地域おこし協力隊事業,18,負担金補助及び交付金,2,0,21負担金,,,,,3000,R3決算書p73
2021,7,商工費,1,商工費,4,地域おこし協力隊事業,地域おこし協力隊事業,18,負担金補助及び交付金,3,1,21負担金,01地域おこし協力隊研修等負担金,,,,3000,R3決算書p73
2021,13,諸支出金,1,基金費,1,財政調整基金費,財政調整基金積立金,,,0,0,,,,,,20306805,R3決算書p97
2021,13,諸支出金,1,基金費,1,財政調整基金費,財政調整基金積立金,24,積立金,1,0,,,,,,20306805,R3決算書p97
2021,13,諸支出金,1,基金費,1,財政調整基金費,財政調整基金積立金,24,積立金,2,1,01積立金,,,,,20000000,R3決算書p97
2021,13,諸支出金,1,基金費,1,財政調整基金費,財政調整基金積立金,24,積立金,2,1,11利子積立金,,,,,306805,R3決算書p97
2021,13,諸支出金,1,基金費,2,減債基金費,減債基金積立金,,,0,0,,,,,,1197728,R3決算書p97
2021,13,諸支出金,1,基金費,2,減債基金費,減債基金積立金,24,積立金,1,0,,,,,,1197728,R3決算書p97
2021,13,諸支出金,1,基金費,2,減債基金費,減債基金積立金,24,積立金,2,1,11利子積立金,,,,,1197728,R3決算書p97
2021,13,諸支出金,1,基金費,3,公共施設等整備基金費,公共施設等整備基金積立金,,,0,0,,,,,,87832708,R3決算書p97
2021,13,諸支出金,1,基金費,3,公共施設等整備基金費,公共施設等整備基金積立金,24,積立金,1,0,,,,,,87832708,R3決算書p97
2021,13,諸支出金,1,基金費,3,公共施設等整備基金費,公共施設等整備基金積立金,24,積立金,2,1,01積立金,,,,,86400000,R3決算書p97
2021,13,諸支出金,1,基金費,3,公共施設等整備基金費,公共施設等整備基金積立金,24,積立金,2,1,11利子積立金,,,,,1432708,R3決算書p97
2021,13,諸支出金,1,基金費,4,文教施設整備基金費,文教施設整備基金積立金,,,0,0,,,,,,39167,R3決算書p97
2021,13,諸支出金,1,基金費,4,文教施設整備基金費,文教施設整備基金積立金,24,積立金,1,0,,,,,,39167,R3決算書p97
2021,13,諸支出金,1,基金費,4,文教施設整備基金費,文教施設整備基金積立金,24,積立金,2,1,11利子積立金,,,,,39167,R3決算書p97
2021,13,諸支出金,1,基金費,5,ふるさとづくり基金費,ふるさとづくり基金積立金,,,0,0,,,,,,83769402,R3決算書p97
2021,13,諸支出金,1,基金費,5,ふるさとづくり基金費,ふるさとづくり基金積立金,24,積立金,1,0,,,,,,83769402,R3決算書p97
2021,13,諸支出金,1,基金費,5,ふるさとづくり基金費,ふるさとづくり基金積立金,24,積立金,2,1,01積立金,,,,,83270000,R3決算書p97
2021,13,諸支出金,1,基金費,5,ふるさとづくり基金費,ふるさとづくり基金積立金,24,積立金,2,1,11利子積立金,,,,,499402,R3決算書p97
2021,13,諸支出金,1,基金費,6,高齢者福祉基金費,高齢者福祉基金積立金,,,0,0,,,,,,50884,R3決算書p97
2021,13,諸支出金,1,基金費,6,高齢者福祉基金費,高齢者福祉基金積立金,24,積立金,1,0,,,,,,50884,R3決算書p97
2021,13,諸支出金,1,基金費,6,高齢者福祉基金費,高齢者福祉基金積立金,24,積立金,2,1,11利子積立金,,,,,50884,R3決算書p97
2021,13,諸支出金,1,基金費,14,森林環境譲与税基金,森林環境譲与税基金,,,0,0,,,,,,11608000,R3決算書p97
2021,13,諸支出金,1,基金費,14,森林環境譲与税基金,森林環境譲与税基金,24,積立金,1,0,,,,,,11608000,R3決算書p97
2021,13,諸支出金,1,基金費,14,森林環境譲与税基金,森林環境譲与税基金,24,積立金,2,1,01積立金,,,,,11608000,R3決算書p97
2022,2,総務費,1,総務管理費,1,一般管理費,総務事務経費,,,0,0,,,,,,13848673,R4決算書p29
2022,2,総務費,1,総務管理費,1,一般管理費,総務事務経費,1,報酬,1,0,,,,,,551900,R4決算書p29
2022,2,総務費,1,総務管理費,1,一般管理費,総務事務経費,1,報酬,2,0,11委員報酬,,,,,551900,R4決算書p29
2022,2,総務費,1,総務管理費,1,一般管理費,総務事務経費,1,報酬,3,1,11委員報酬,01自治会長年報酬,,,,319700,R4決算書p29
2022,2,総務費,1,総務管理費,1,一般管理費,総務事務経費,1,報酬,3,1,11委員報酬,02自治会長会議報酬,,,,215000,R4決算書p29
2022,2,総務費,1,総務管理費,1,一般管理費,総務事務経費,1,報酬,3,1,11委員報酬,03報酬審議会委員報酬,,,,17200,R4決算書p29
2022,2,総務費,1,総務管理費,1,一般管理費,総務事務経費,7,報償費,1,0,,,,,,71300,R4決算書p29
2022,2,総務費,1,総務管理費,1,一般管理費,総務事務経費,7,報償費,2,0,01謝金,,,,,35000,R4決算書p29
2022,2,総務費,1,総務管理費,1,一般管理費,総務事務経費,7,報償費,3,1,01謝金,03車両整備管理者謝金,,,,20000,R4決算書p29
2022,2,総務費,1,総務管理費,1,一般管理費,総務事務経費,7,報償費,3,1,01謝金,04保護司謝礼,,,,15000,R4決算書p29
2022,2,総務費,1,総務管理費,1,一般管理費,総務事務経費,7,報償費,2,0,11記念品等,,,,,36300,R4決算書p29
2022,2,総務費,1,総務管理費,1,一般管理費,総務事務経費,7,報償費,3,1,11記念品等,01村表彰記念品代,,,,36300,R4決算書p29
2022,2,総務費,1,総務管理費,1,一般管理費,総務事務経費,8,旅費,1,0,,,,,,193720,R4決算書p29
2022,2,総務費,1,総務管理費,1,一般管理費,総務事務経費,8,旅費,2,0,11職員旅費,,,,,193720,R4決算書p29
2022,2,総務費,1,総務管理費,1,一般管理費,総務事務経費,8,旅費,3,1,11職員旅費,01職員旅費,,,,193720,R4決算書p29
2022,2,総務費,1,総務管理費,1,一般管理費,総務事務経費,9,交際費,1,0,,,,,,217540,R4決算書p29
2022,2,総務費,1,総務管理費,1,一般管理費,総務事務経費,9,交際費,2,0,01交際費,,,,,217540,R4決算書p29
2022,2,総務費,1,総務管理費,1,一般管理費,総務事務経費,9,交際費,3,1,01交際費,01交際費,,,,217540,R4決算書p29
2022,2,総務費,1,総務管理費,1,一般管理費,総務事務経費,10,需用費,1,0,,,,,,5928729,R4決算書p29
2022,2,総務費,1,総務管理費,1,一般管理費,総務事務経費,10,需用費,2,0,01消耗品,,,,,3096709,R4決算書p29
2022,2,総務費,1,総務管理費,1,一般管理費,総務事務経費,10,需用費,3,1,01消耗品,01消耗品,,,,2685420,R4決算書p29
2022,2,総務費,1,総務管理費,1,一般管理費,総務事務経費,10,需用費,3,1,01消耗品,02図書購入費,,,,246344,R4決算書p29
2022,2,総務費,1,総務管理費,1,一般管理費,総務事務経費,10,需用費,3,1,01消耗品,03職員被服費,,,,164945,R4決算書p29
2022,2,総務費,1,総務管理費,1,一般管理費,総務事務経費,10,需用費,2,0,11燃料費,,,,,356510,R4決算書p29
2022,2,総務費,1,総務管理費,1,一般管理費,総務事務経費,10,需用費,3,1,11燃料費,01公用車燃料費,,,,356510,R4決算書p29
2022,2,総務費,1,総務管理費,1,一般管理費,総務事務経費,10,需用費,2,0,31印刷製本費,,,,,2266304,R4決算書p29
2022,2,総務費,1,総務管理費,1,一般管理費,総務事務経費,10,需用費,3,1,31印刷製本費,02法規追録代,,,,2266304,R4決算書p29
2022,2,総務費,1,総務管理費,1,一般管理費,総務事務経費,10,需用費,2,0,51修繕費,,,,,209206,R4決算書p29
2022,2,総務費,1,総務管理費,1,一般管理費,総務事務経費,10,需用費,3,1,51修繕費,02公用車修繕費,,,,209206,R4決算書p29
2022,2,総務費,1,総務管理費,1,一般管理費,総務事務経費,11,役務費,1,0,,,,,,705187,R4決算書p29
2022,2,総務費,1,総務管理費,1,一般管理費,総務事務経費,11,役務費,2,0,01通信運搬費,,,,,14553,R4決算書p29
2022,2,総務費,1,総務管理費,1,一般管理費,総務事務経費,11,役務費,3,1,01通信運搬費,04年賀はがき代,,,,14553,R4決算書p29
2022,2,総務費,1,総務管理費,1,一般管理費,総務事務経費,11,役務費,2,0,11広告料,,,,,44000,R4決算書p29
2022,2,総務費,1,総務管理費,1,一般管理費,総務事務経費,11,役務費,3,1,11広告料,01新聞広告掲載料,,,,44000,R4決算書p29
2022,2,総務費,1,総務管理費,1,一般管理費,総務事務経費,11,役務費,2,0,21手数料,,,,,163999,R4決算書p29
2022,2,総務費,1,総務管理費,1,一般管理費,総務事務経費,11,役務費,3,1,21手数料,01公用車車検点検料,,,,124300,R4決算書p29
2022,2,総務費,1,総務管理費,1,一般管理費,総務事務経費,11,役務費,3,1,21手数料,04金融機関取扱手数料,,,,39699,R4決算書p29
2022,2,総務費,1,総務管理費,1,一般管理費,総務事務経費,11,役務費,2,0,31筆耕料,,,,,18000,R4決算書p29
2022,2,総務費,1,総務管理費,1,一般管理費,総務事務経費,11,役務費,3,1,31筆耕料,01筆耕料,,,,18000,R4決算書p29
2022,2,総務費,1,総務管理費,1,一般管理費,総務事務経費,11,役務費,2,0,41損害保険料,,,,,464635,R4決算書p29
2022,2,総務費,1,総務管理費,1,一般管理費,総務事務経費,11,役務費,3,1,41損害保険料,01全国町村会団体生命保険料,,,,147000,R4決算書p29
2022,2,総務費,1,総務管理費,1,一般管理費,総務事務経費,11,役務費,3,1,41損害保険料,02全国総合賠償保険料,,,,98385,R4決算書p29
2022,2,総務費,1,総務管理費,1,一般管理費,総務事務経費,11,役務費,3,1,41損害保険料,03自賠責保険料,,,,12630,R4決算書p29
2022,2,総務費,1,総務管理費,1,一般管理費,総務事務経費,11,役務費,3,1,41損害保険料,04公用車共済保険料,,,,196850,R4決算書p29
2022,2,総務費,1,総務管理費,1,一般管理費,総務事務経費,11,役務費,3,1,41損害保険料,06災害補償保険料,,,,9770,R4決算書p30
2022,2,総務費,1,総務管理費,1,一般管理費,総務事務経費,12,委託料,1,0,,,,,,1595312,R4決算書p30
2022,2,総務費,1,総務管理費,1,一般管理費,総務事務経費,12,委託料,2,0,11電算委託料,,,,,935308,R4決算書p30
2022,2,総務費,1,総務管理費,1,一般管理費,総務事務経費,12,委託料,3,1,11電算委託料,01給与計算委託料,,,,935308,R4決算書p30
2022,2,総務費,1,総務管理費,1,一般管理費,総務事務経費,12,委託料,2,0,61検診等委託料,,,,,660004,R4決算書p30
2022,2,総務費,1,総務管理費,1,一般管理費,総務事務経費,12,委託料,3,1,61検診等委託料,01職員健康診断委託料,,,,660004,R4決算書p30
2022,2,総務費,1,総務管理費,1,一般管理費,総務事務経費,13,使用料及び賃借料,1,0,,,,,,3421533,R4決算書p30
2022,2,総務費,1,総務管理費,1,一般管理費,総務事務経費,13,使用料及び賃借料,2,0,01使用料・借上料,,,,,3102833,R4決算書p30
2022,2,総務費,1,総務管理費,1,一般管理費,総務事務経費,13,使用料及び賃借料,3,1,01使用料・借上料,01コピーリース料,,,,2793985,R4決算書p30
2022,2,総務費,1,総務管理費,1,一般管理費,総務事務経費,13,使用料及び賃借料,3,1,01使用料・借上料,03印刷機リース料,,,,167961,R4決算書p30
2022,2,総務費,1,総務管理費,1,一般管理費,総務事務経費,13,使用料及び賃借料,3,1,01使用料・借上料,04自動車借上料,,,,94790,R4決算書p30
2022,2,総務費,1,総務管理費,1,一般管理費,総務事務経費,13,使用料及び賃借料,3,1,01使用料・借上料,06ネットＥＢ使用料,,,,42097,R4決算書p30
2022,2,総務費,1,総務管理費,1,一般管理費,総務事務経費,13,使用料及び賃借料,3,1,01使用料・借上料,07駐車場使用料,,,,4000,R4決算書p30
2022,2,総務費,1,総務管理費,1,一般管理費,総務事務経費,13,使用料及び賃借料,2,0,21有料道路通行料,,,,,318700,R4決算書p30
2022,2,総務費,1,総務管理費,1,一般管理費,総務事務経費,13,使用料及び賃借料,3,1,21有料道路通行料,01有料道路通行料,,,,318700,R4決算書p30
2022,2,総務費,1,総務管理費,1,一般管理費,総務事務経費,18,負担金補助及び交付金,1,0,,,,,,1113552,R4決算書p30
2022,2,総務費,1,総務管理費,1,一般管理費,総務事務経費,18,負担金補助及び交付金,2,0,11負担金（一部事務組合）,,,,,903992,R4決算書p30
2022,2,総務費,1,総務管理費,1,一般管理費,総務事務経費,18,負担金補助及び交付金,3,1,11負担金（一部事務組合）,01下伊那郡町村会負担金,,,,856100,R4決算書p30
2022,2,総務費,1,総務管理費,1,一般管理費,総務事務経費,18,負担金補助及び交付金,3,1,11負担金（一部事務組合）,03非常勤公務災害補償負担金,,,,19892,R4決算書p30
2022,2,総務費,1,総務管理費,1,一般管理費,総務事務経費,18,負担金補助及び交付金,3,1,11負担金（一部事務組合）,04下伊那郡町村総合事務組合負担金,,,,28000,R4決算書p30
2022,2,総務費,1,総務管理費,1,一般管理費,総務事務経費,18,負担金補助及び交付金,2,0,21負担金,,,,,209560,R4決算書p30
2022,2,総務費,1,総務管理費,1,一般管理費,総務事務経費,18,負担金補助及び交付金,3,1,21負担金,01安全運転管理講習会負担金,,,,9000,R4決算書p30
2022,2,総務費,1,総務管理費,1,一般管理費,総務事務経費,18,負担金補助及び交付金,3,1,21負担金,02自家用車組合負担金,,,,14300,R4決算書p30
2022,2,総務費,1,総務管理費,1,一般管理費,総務事務経費,18,負担金補助及び交付金,3,1,21負担金,03行政相談協議会負担金,,,,20000,R4決算書p30
2022,2,総務費,1,総務管理費,1,一般管理費,総務事務経費,18,負担金補助及び交付金,3,1,21負担金,04防火管理者協議会負担金,,,,6500,R4決算書p30
2022,2,総務費,1,総務管理費,1,一般管理費,総務事務経費,18,負担金補助及び交付金,3,1,21負担金,05国際連合協議会負担金,,,,2000,R4決算書p30
2022,2,総務費,1,総務管理費,1,一般管理費,総務事務経費,18,負担金補助及び交付金,3,1,21負担金,06飯田コンピュータ協会協賛金,,,,3000,R4決算書p30
2022,2,総務費,1,総務管理費,1,一般管理費,総務事務経費,18,負担金補助及び交付金,3,1,21負担金,07危険物安全協会負担金,,,,5900,R4決算書p30
2022,2,総務費,1,総務管理費,1,一般管理費,総務事務経費,18,負担金補助及び交付金,3,1,21負担金,09指定金融機関負担金,,,,10000,R4決算書p30
2022,2,総務費,1,総務管理費,1,一般管理費,総務事務経費,18,負担金補助及び交付金,3,1,21負担金,10職員研修負担金,,,,27500,R4決算書p30
2022,2,総務費,1,総務管理費,1,一般管理費,総務事務経費,18,負担金補助及び交付金,3,1,21負担金,11町村球技大会負担金,,,,11760,R4決算書p30
2022,2,総務費,1,総務管理費,1,一般管理費,総務事務経費,18,負担金補助及び交付金,3,1,21負担金,12副村長会負担金,,,,3000,R4決算書p30
2022,2,総務費,1,総務管理費,1,一般管理費,総務事務経費,18,負担金補助及び交付金,3,1,21負担金,15伊那大島駅駐輪場負担金,,,,35600,R4決算書p30
2022,2,総務費,1,総務管理費,1,一般管理費,総務事務経費,18,負担金補助及び交付金,3,1,21負担金,16保護司会賛助金,,,,21000,R4決算書p30
2022,2,総務費,1,総務管理費,1,一般管理費,総務事務経費,18,負担金補助及び交付金,3,1,21負担金,18飯伊広域行政会議負担金,,,,6000,R4決算書p30
2022,2,総務費,1,総務管理費,1,一般管理費,総務事務経費,18,負担金補助及び交付金,3,1,21負担金,21平和首長会議メンバーシップ負担金,,,,2000,R4決算書p30
2022,2,総務費,1,総務管理費,1,一般管理費,総務事務経費,18,負担金補助及び交付金,3,1,21負担金,22長野県暴力追放センター負担金,,,,10000,R4決算書p30
2022,2,総務費,1,総務管理費,1,一般管理費,総務事務経費,18,負担金補助及び交付金,3,1,21負担金,23飯田高等職業訓練校負担金,,,,22000,R4決算書p30
2022,2,総務費,1,総務管理費,1,一般管理費,総務事務経費,26,公課費,1,0,,,,,,49900,R4決算書p30
2022,2,総務費,1,総務管理費,1,一般管理費,総務事務経費,26,公課費,2,0,01重量税,,,,,39900,R4決算書p30
2022,2,総務費,1,総務管理費,1,一般管理費,総務事務経費,26,公課費,3,1,01重量税,01公用車重量税,,,,39900,R4決算書p30
2022,2,総務費,1,総務管理費,1,一般管理費,総務事務経費,26,公課費,2,0,11印紙税,,,,,10000,R4決算書p30
2022,2,総務費,1,総務管理費,1,一般管理費,総務事務経費,26,公課費,3,1,11印紙税,01印紙代,,,,10000,R4決算書p30
2022,2,総務費,1,総務管理費,1,一般管理費,一般職人事管理経費（総務費）,,,0,0,,,,,,103670267,R4決算書p31
2022,2,総務費,1,総務管理費,1,一般管理費,一般職人事管理経費（総務費）,2,給料,1,0,,,,,,41029000,R4決算書p31
2022,2,総務費,1,総務管理費,1,一般管理費,一般職人事管理経費（総務費）,2,給料,2,0,21職員給料,,,,,41029000,R4決算書p31
2022,2,総務費,1,総務管理費,1,一般管理費,一般職人事管理経費（総務費）,2,給料,3,1,21職員給料,01特別職・一般職給料,,,,41029000,R4決算書p31
2022,2,総務費,1,総務管理費,1,一般管理費,一般職人事管理経費（総務費）,3,職員手当等,1,0,,,,,,49543850,R4決算書p31
2022,2,総務費,1,総務管理費,1,一般管理費,一般職人事管理経費（総務費）,3,職員手当等,2,1,21職員手当等,,,,,49543850,R4決算書p31
2022,2,総務費,1,総務管理費,1,一般管理費,一般職人事管理経費（総務費）,4,共済費,1,0,,,,,,13097417,R4決算書p31
2022,2,総務費,1,総務管理費,1,一般管理費,一般職人事管理経費（総務費）,4,共済費,2,0,31一般職共済費,,,,,13097417,R4決算書p31
2022,2,総務費,1,総務管理費,1,一般管理費,一般職人事管理経費（総務費）,4,共済費,3,1,31一般職共済費,01地方公務員共済組合等負担金,,,,13097417,R4決算書p31
2022,2,総務費,1,総務管理費,1,一般管理費,互助会・災害補償基金経費,,,0,0,,,,,,641764,R4決算書p31
2022,2,総務費,1,総務管理費,1,一般管理費,互助会・災害補償基金経費,18,負担金補助及び交付金,1,0,,,,,,641764,R4決算書p31
2022,2,総務費,1,総務管理費,1,一般管理費,互助会・災害補償基金経費,18,負担金補助及び交付金,2,0,01負担金（人件費）,,,,,641764,R4決算書p31
2022,2,総務費,1,総務管理費,1,一般管理費,互助会・災害補償基金経費,18,負担金補助及び交付金,3,1,01負担金（人件費）,01町村職員互助会負担金,,,,397320,R4決算書p31
2022,2,総務費,1,総務管理費,1,一般管理費,互助会・災害補償基金経費,18,負担金補助及び交付金,3,1,01負担金（人件費）,02地方公務員災害補償基金負担金,,,,244444,R4決算書p31
2022,2,総務費,1,総務管理費,1,一般管理費,臨時職員管理経費（社会保険等）,,,0,0,,,,,,8059040,R4決算書p31
2022,2,総務費,1,総務管理費,1,一般管理費,臨時職員管理経費（社会保険等）,4,共済費,1,0,,,,,,8059040,R4決算書p31
2022,2,総務費,1,総務管理費,1,一般管理費,臨時職員管理経費（社会保険等）,4,共済費,2,0,41臨時職員等共済費,,,,,8059040,R4決算書p31
2022,2,総務費,1,総務管理費,1,一般管理費,臨時職員管理経費（社会保険等）,4,共済費,3,1,41臨時職員等共済費,01社会保険料,,,,8059040,R4決算書p31
2022,2,総務費,1,総務管理費,1,一般管理費,臨時職員管理経費（総務課）,,,0,0,,,,,,5023032,R4決算書p31
2022,2,総務費,1,総務管理費,1,一般管理費,臨時職員管理経費（総務課）,2,給料,1,0,,,,,,4164000,R4決算書p31
2022,2,総務費,1,総務管理費,1,一般管理費,臨時職員管理経費（総務課）,2,給料,2,0,22会計年度任用職員給料,,,,,4164000,R4決算書p31
2022,2,総務費,1,総務管理費,1,一般管理費,臨時職員管理経費（総務課）,2,給料,3,1,22会計年度任用職員給料,01会計年度任用職員２号給料,,,,4164000,R4決算書p31
2022,2,総務費,1,総務管理費,1,一般管理費,臨時職員管理経費（総務課）,3,職員手当等,1,0,,,,,,859032,R4決算書p31
2022,2,総務費,1,総務管理費,1,一般管理費,臨時職員管理経費（総務課）,3,職員手当等,2,1,22会計年度任用職員手当,,,,,859032,R4決算書p31
2022,2,総務費,1,総務管理費,1,一般管理費,臨時特別給付金事業,,,0,0,,,,,,4041633,R4決算書p31
2022,2,総務費,1,総務管理費,1,一般管理費,臨時特別給付金事業,10,需用費,1,0,,,,,,27401,R4決算書p31
2022,2,総務費,1,総務管理費,1,一般管理費,臨時特別給付金事業,10,需用費,2,0,01消耗品,,,,,27401,R4決算書p31
2022,2,総務費,1,総務管理費,1,一般管理費,臨時特別給付金事業,10,需用費,3,1,01消耗品,02消耗品（繰越分）,,,,27401,R4決算書p31
2022,2,総務費,1,総務管理費,1,一般管理費,臨時特別給付金事業,11,役務費,1,0,,,,,,53602,R4決算書p31
2022,2,総務費,1,総務管理費,1,一般管理費,臨時特別給付金事業,11,役務費,2,0,01通信運搬費,,,,,53602,R4決算書p31
2022,2,総務費,1,総務管理費,1,一般管理費,臨時特別給付金事業,11,役務費,3,1,01通信運搬費,01郵便料,,,,3995,R4決算書p31
2022,2,総務費,1,総務管理費,1,一般管理費,臨時特別給付金事業,11,役務費,3,1,01通信運搬費,02郵便料（繰越分）,,,,49607,R4決算書p31
2022,2,総務費,1,総務管理費,1,一般管理費,臨時特別給付金事業,12,委託料,1,0,,,,,,360630,R4決算書p31
2022,2,総務費,1,総務管理費,1,一般管理費,臨時特別給付金事業,12,委託料,2,0,11電算委託料,,,,,360630,R4決算書p31
2022,2,総務費,1,総務管理費,1,一般管理費,臨時特別給付金事業,12,委託料,3,1,11電算委託料,01システム改修委託料,,,,360630,R4決算書p31
2022,2,総務費,1,総務管理費,1,一般管理費,臨時特別給付金事業,18,負担金補助及び交付金,1,0,,,,,,3600000,R4決算書p31
2022,2,総務費,1,総務管理費,1,一般管理費,臨時特別給付金事業,18,負担金補助及び交付金,2,0,71交付金,,,,,3600000,R4決算書p31
2022,2,総務費,1,総務管理費,1,一般管理費,臨時特別給付金事業,18,負担金補助及び交付金,3,1,71交付金,01臨時特別給付金,,,,1700000,R4決算書p31
2022,2,総務費,1,総務管理費,1,一般管理費,臨時特別給付金事業,18,負担金補助及び交付金,3,1,71交付金,02臨時特別給付金（繰越分）,,,,1900000,R4決算書p31
2022,2,総務費,1,総務管理費,1,一般管理費,価格高騰緊急支援給付金事業,,,0,0,,,,,,10127126,R4決算書p32
2022,2,総務費,1,総務管理費,1,一般管理費,価格高騰緊急支援給付金事業,10,需用費,1,0,,,,,,16390,R4決算書p32
2022,2,総務費,1,総務管理費,1,一般管理費,価格高騰緊急支援給付金事業,10,需用費,2,0,01消耗品,,,,,16390,R4決算書p32
2022,2,総務費,1,総務管理費,1,一般管理費,価格高騰緊急支援給付金事業,10,需用費,3,1,01消耗品,01消耗品,,,,16390,R4決算書p32
2022,2,総務費,1,総務管理費,1,一般管理費,価格高騰緊急支援給付金事業,11,役務費,1,0,,,,,,15736,R4決算書p32
2022,2,総務費,1,総務管理費,1,一般管理費,価格高騰緊急支援給付金事業,11,役務費,2,0,01通信運搬費,,,,,15736,R4決算書p32
2022,2,総務費,1,総務管理費,1,一般管理費,価格高騰緊急支援給付金事業,11,役務費,3,1,01通信運搬費,01郵便料,,,,15736,R4決算書p32
2022,2,総務費,1,総務管理費,1,一般管理費,価格高騰緊急支援給付金事業,12,委託料,1,0,,,,,,495000,R4決算書p32
2022,2,総務費,1,総務管理費,1,一般管理費,価格高騰緊急支援給付金事業,12,委託料,2,0,11電算委託料,,,,,495000,R4決算書p32
2022,2,総務費,1,総務管理費,1,一般管理費,価格高騰緊急支援給付金事業,12,委託料,3,1,11電算委託料,01システム改修委託料,,,,495000,R4決算書p32
2022,2,総務費,1,総務管理費,1,一般管理費,価格高騰緊急支援給付金事業,18,負担金補助及び交付金,1,0,,,,,,9600000,R4決算書p32
2022,2,総務費,1,総務管理費,1,一般管理費,価格高騰緊急支援給付金事業,18,負担金補助及び交付金,2,0,71交付金,,,,,9600000,R4決算書p32
2022,2,総務費,1,総務管理費,1,一般管理費,価格高騰緊急支援給付金事業,18,負担金補助及び交付金,3,1,71交付金,01価格高騰緊急支援給付金,,,,9600000,R4決算書p32
2022,2,総務費,1,総務管理費,1,一般管理費,生活困窮世帯緊急支援金事業,,,0,0,,,,,,1329910,R4決算書p32
2022,2,総務費,1,総務管理費,1,一般管理費,生活困窮世帯緊急支援金事業,10,需用費,1,0,,,,,,6200,R4決算書p32
2022,2,総務費,1,総務管理費,1,一般管理費,生活困窮世帯緊急支援金事業,10,需用費,2,0,01消耗品,,,,,6200,R4決算書p32
2022,2,総務費,1,総務管理費,1,一般管理費,生活困窮世帯緊急支援金事業,10,需用費,3,1,01消耗品,01消耗品,,,,6200,R4決算書p32
2022,2,総務費,1,総務管理費,1,一般管理費,生活困窮世帯緊急支援金事業,11,役務費,1,0,,,,,,8610,R4決算書p32
2022,2,総務費,1,総務管理費,1,一般管理費,生活困窮世帯緊急支援金事業,11,役務費,2,0,01通信運搬費,,,,,8610,R4決算書p32
2022,2,総務費,1,総務管理費,1,一般管理費,生活困窮世帯緊急支援金事業,11,役務費,3,1,01通信運搬費,01郵便料,,,,8610,R4決算書p32
2022,2,総務費,1,総務管理費,1,一般管理費,生活困窮世帯緊急支援金事業,12,委託料,1,0,,,,,,265100,R4決算書p32
2022,2,総務費,1,総務管理費,1,一般管理費,生活困窮世帯緊急支援金事業,12,委託料,2,0,11電算委託料,,,,,265100,R4決算書p32
2022,2,総務費,1,総務管理費,1,一般管理費,生活困窮世帯緊急支援金事業,12,委託料,3,1,11電算委託料,01システム改修委託料,,,,265100,R4決算書p32
2022,2,総務費,1,総務管理費,1,一般管理費,生活困窮世帯緊急支援金事業,18,負担金補助及び交付金,1,0,,,,,,1050000,R4決算書p32
2022,2,総務費,1,総務管理費,1,一般管理費,生活困窮世帯緊急支援金事業,18,負担金補助及び交付金,2,0,71交付金,,,,,1050000,R4決算書p32
2022,2,総務費,1,総務管理費,1,一般管理費,生活困窮世帯緊急支援金事業,18,負担金補助及び交付金,3,1,71交付金,01生活困窮世帯緊急支援金事業,,,,1050000,R4決算書p32
2022,2,総務費,1,総務管理費,2,文書広報費,文書広報一般経費,,,0,0,,,,,,18853666,R4決算書p32
2022,2,総務費,1,総務管理費,2,文書広報費,文書広報一般経費,1,報酬,1,0,,,,,,226500,R4決算書p32
2022,2,総務費,1,総務管理費,2,文書広報費,文書広報一般経費,1,報酬,2,0,11委員報酬,,,,,226500,R4決算書p32
2022,2,総務費,1,総務管理費,2,文書広報費,文書広報一般経費,1,報酬,3,1,11委員報酬,01自治会広報係報酬,,,,226500,R4決算書p32
2022,2,総務費,1,総務管理費,2,文書広報費,文書広報一般経費,10,需用費,1,0,,,,,,2687131,R4決算書p32
2022,2,総務費,1,総務管理費,2,文書広報費,文書広報一般経費,10,需用費,2,0,01消耗品,,,,,139892,R4決算書p32
2022,2,総務費,1,総務管理費,2,文書広報費,文書広報一般経費,10,需用費,3,1,01消耗品,01消耗品,,,,18392,R4決算書p32
2022,2,総務費,1,総務管理費,2,文書広報費,文書広報一般経費,10,需用費,3,1,01消耗品,02情報無線電池代,,,,121500,R4決算書p32
2022,2,総務費,1,総務管理費,2,文書広報費,文書広報一般経費,10,需用費,2,0,31印刷製本費,,,,,2258200,R4決算書p32
2022,2,総務費,1,総務管理費,2,文書広報費,文書広報一般経費,10,需用費,3,1,31印刷製本費,01広報おおしか印刷代,,,,2258200,R4決算書p32
2022,2,総務費,1,総務管理費,2,文書広報費,文書広報一般経費,10,需用費,2,0,41光熱水費,,,,,119639,R4決算書p32
2022,2,総務費,1,総務管理費,2,文書広報費,文書広報一般経費,10,需用費,3,1,41光熱水費,01電気料（情報無線）,,,,119639,R4決算書p32
2022,2,総務費,1,総務管理費,2,文書広報費,文書広報一般経費,10,需用費,2,0,51修繕費,,,,,169400,R4決算書p32
2022,2,総務費,1,総務管理費,2,文書広報費,文書広報一般経費,10,需用費,3,1,51修繕費,01修繕費（情報無線）,,,,169400,R4決算書p32
2022,2,総務費,1,総務管理費,2,文書広報費,文書広報一般経費,11,役務費,1,0,,,,,,1599007,R4決算書p32
2022,2,総務費,1,総務管理費,2,文書広報費,文書広報一般経費,11,役務費,2,0,01通信運搬費,,,,,1593277,R4決算書p32
2022,2,総務費,1,総務管理費,2,文書広報費,文書広報一般経費,11,役務費,3,1,01通信運搬費,01郵便料,,,,1374275,R4決算書p32
2022,2,総務費,1,総務管理費,2,文書広報費,文書広報一般経費,11,役務費,3,1,01通信運搬費,02運搬費（宅急便）,,,,185702,R4決算書p33
2022,2,総務費,1,総務管理費,2,文書広報費,文書広報一般経費,11,役務費,3,1,01通信運搬費,03電波利用料（情報無線）,,,,33300,R4決算書p33
2022,2,総務費,1,総務管理費,2,文書広報費,文書広報一般経費,11,役務費,2,0,41損害保険料,,,,,5730,R4決算書p33
2022,2,総務費,1,総務管理費,2,文書広報費,文書広報一般経費,11,役務費,3,1,41損害保険料,01電池作業員損害保険料,,,,5730,R4決算書p33
2022,2,総務費,1,総務管理費,2,文書広報費,文書広報一般経費,12,委託料,1,0,,,,,,1702028,R4決算書p33
2022,2,総務費,1,総務管理費,2,文書広報費,文書広報一般経費,12,委託料,2,0,21保守管理委託料,,,,,1298000,R4決算書p33
2022,2,総務費,1,総務管理費,2,文書広報費,文書広報一般経費,12,委託料,3,1,21保守管理委託料,01情報無線保守委託料,,,,1298000,R4決算書p33
2022,2,総務費,1,総務管理費,2,文書広報費,文書広報一般経費,12,委託料,2,0,51業務委託料,,,,,404028,R4決算書p33
2022,2,総務費,1,総務管理費,2,文書広報費,文書広報一般経費,12,委託料,3,1,51業務委託料,01情報無線再免許申請委託料,,,,208800,R4決算書p33
2022,2,総務費,1,総務管理費,2,文書広報費,文書広報一般経費,12,委託料,3,1,51業務委託料,03情報無線電池交換委託料,,,,195228,R4決算書p33
2022,2,総務費,1,総務管理費,2,文書広報費,文書広報一般経費,14,工事請負費,1,0,,,,,,12639000,R4決算書p33
2022,2,総務費,1,総務管理費,2,文書広報費,文書広報一般経費,14,工事請負費,2,0,31単独事業,,,,,12639000,R4決算書p33
2022,2,総務費,1,総務管理費,2,文書広報費,文書広報一般経費,14,工事請負費,3,1,31単独事業,02同報無線改修工事,,,,3839000,R4決算書p33
2022,2,総務費,1,総務管理費,2,文書広報費,文書広報一般経費,14,工事請負費,3,1,31単独事業,03同報無線改修工事（繰越明許分）,,,,8800000,R4決算書p33
2022,2,総務費,1,総務管理費,3,財政管理費,財政一般経費,,,0,0,,,,,,8228000,R4決算書p33
2022,2,総務費,1,総務管理費,3,財政管理費,財政一般経費,12,委託料,1,0,,,,,,8228000,R4決算書p33
2022,2,総務費,1,総務管理費,3,財政管理費,財政一般経費,12,委託料,2,0,11電算委託料,,,,,550000,R4決算書p33
2022,2,総務費,1,総務管理費,3,財政管理費,財政一般経費,12,委託料,3,1,11電算委託料,01公会計制度システム保守委託料,,,,550000,R4決算書p33
2022,2,総務費,1,総務管理費,3,財政管理費,財政一般経費,12,委託料,2,0,21保守管理委託料,,,,,957000,R4決算書p33
2022,2,総務費,1,総務管理費,3,財政管理費,財政一般経費,12,委託料,3,1,21保守管理委託料,01公有財産管理システム保守料,,,,957000,R4決算書p33
2022,2,総務費,1,総務管理費,3,財政管理費,財政一般経費,12,委託料,2,0,51業務委託料,,,,,6721000,R4決算書p33
2022,2,総務費,1,総務管理費,3,財政管理費,財政一般経費,12,委託料,3,1,51業務委託料,03財務書類作成業務委託料,,,,2585000,R4決算書p33
2022,2,総務費,1,総務管理費,3,財政管理費,財政一般経費,12,委託料,3,1,51業務委託料,04資産台帳更新委託料,,,,4136000,R4決算書p33
2022,2,総務費,1,総務管理費,5,財産管理費,財産管理経費,,,0,0,,,,,,45169974,R4決算書p33
2022,2,総務費,1,総務管理費,5,財産管理費,財産管理経費,10,需用費,1,0,,,,,,10553100,R4決算書p33
2022,2,総務費,1,総務管理費,5,財産管理費,財産管理経費,10,需用費,2,0,01消耗品,,,,,494711,R4決算書p33
2022,2,総務費,1,総務管理費,5,財産管理費,財産管理経費,10,需用費,3,1,01消耗品,01庁舎消耗品,,,,494711,R4決算書p33
2022,2,総務費,1,総務管理費,5,財産管理費,財産管理経費,10,需用費,2,0,41光熱水費,,,,,5898189,R4決算書p33
2022,2,総務費,1,総務管理費,5,財産管理費,財産管理経費,10,需用費,3,1,41光熱水費,01電気料,,,,3503728,R4決算書p33
2022,2,総務費,1,総務管理費,5,財産管理費,財産管理経費,10,需用費,3,1,41光熱水費,02水道料,,,,259743,R4決算書p33
2022,2,総務費,1,総務管理費,5,財産管理費,財産管理経費,10,需用費,3,1,41光熱水費,03灯油代,,,,2075518,R4決算書p33
2022,2,総務費,1,総務管理費,5,財産管理費,財産管理経費,10,需用費,3,1,41光熱水費,04ガス代,,,,59200,R4決算書p33
2022,2,総務費,1,総務管理費,5,財産管理費,財産管理経費,10,需用費,2,0,51修繕費,,,,,4160200,R4決算書p33
2022,2,総務費,1,総務管理費,5,財産管理費,財産管理経費,10,需用費,3,1,51修繕費,01建物修繕費,,,,456500,R4決算書p33
2022,2,総務費,1,総務管理費,5,財産管理費,財産管理経費,10,需用費,3,1,51修繕費,02その他修繕費,,,,95700,R4決算書p33
2022,2,総務費,1,総務管理費,5,財産管理費,財産管理経費,10,需用費,3,1,51修繕費,04建物修繕費（繰越明許分）,,,,3608000,R4決算書p33
2022,2,総務費,1,総務管理費,5,財産管理費,財産管理経費,11,役務費,1,0,,,,,,1188444,R4決算書p33
2022,2,総務費,1,総務管理費,5,財産管理費,財産管理経費,11,役務費,2,0,01通信運搬費,,,,,1039383,R4決算書p33
2022,2,総務費,1,総務管理費,5,財産管理費,財産管理経費,11,役務費,3,1,01通信運搬費,01電話料,,,,977533,R4決算書p33
2022,2,総務費,1,総務管理費,5,財産管理費,財産管理経費,11,役務費,3,1,01通信運搬費,02テレビ受信料,,,,61850,R4決算書p33
2022,2,総務費,1,総務管理費,5,財産管理費,財産管理経費,11,役務費,2,0,21手数料,,,,,38500,R4決算書p33
2022,2,総務費,1,総務管理費,5,財産管理費,財産管理経費,11,役務費,3,1,21手数料,01消防施設点検料,,,,38500,R4決算書p33
2022,2,総務費,1,総務管理費,5,財産管理費,財産管理経費,11,役務費,2,0,41損害保険料,,,,,110561,R4決算書p33
2022,2,総務費,1,総務管理費,5,財産管理費,財産管理経費,11,役務費,3,1,41損害保険料,01村有建物災害共済保険料,,,,110561,R4決算書p34
2022,2,総務費,1,総務管理費,5,財産管理費,財産管理経費,12,委託料,1,0,,,,,,830470,R4決算書p34
2022,2,総務費,1,総務管理費,5,財産管理費,財産管理経費,12,委託料,2,0,21保守管理委託料,,,,,830470,R4決算書p34
2022,2,総務費,1,総務管理費,5,財産管理費,財産管理経費,12,委託料,3,1,21保守管理委託料,01電話保守委託料,,,,172000,R4決算書p34
2022,2,総務費,1,総務管理費,5,財産管理費,財産管理経費,12,委託料,3,1,21保守管理委託料,03電気施設保守委託料,,,,189400,R4決算書p34
2022,2,総務費,1,総務管理費,5,財産管理費,財産管理経費,12,委託料,3,1,21保守管理委託料,04合併浄化槽保守管理委託料,,,,252470,R4決算書p34
2022,2,総務費,1,総務管理費,5,財産管理費,財産管理経費,12,委託料,3,1,21保守管理委託料,05自動ドア管理委託料,,,,128600,R4決算書p34
2022,2,総務費,1,総務管理費,5,財産管理費,財産管理経費,12,委託料,3,1,21保守管理委託料,06非常用発電設備点検委託料,,,,88000,R4決算書p34
2022,2,総務費,1,総務管理費,5,財産管理費,財産管理経費,13,使用料及び賃借料,1,0,,,,,,2998720,R4決算書p34
2022,2,総務費,1,総務管理費,5,財産管理費,財産管理経費,13,使用料及び賃借料,2,0,01使用料・借上料,,,,,2534510,R4決算書p34
2022,2,総務費,1,総務管理費,5,財産管理費,財産管理経費,13,使用料及び賃借料,3,1,01使用料・借上料,01LEDリース料,,,,2191200,R4決算書p34
2022,2,総務費,1,総務管理費,5,財産管理費,財産管理経費,13,使用料及び賃借料,3,1,01使用料・借上料,02モップ・マットリース料,,,,343310,R4決算書p34
2022,2,総務費,1,総務管理費,5,財産管理費,財産管理経費,13,使用料及び賃借料,2,0,12敷地料,,,,,464210,R4決算書p34
2022,2,総務費,1,総務管理費,5,財産管理費,財産管理経費,13,使用料及び賃借料,3,1,12敷地料,01庁舎敷地料,,,,375330,R4決算書p34
2022,2,総務費,1,総務管理費,5,財産管理費,財産管理経費,13,使用料及び賃借料,3,1,12敷地料,02駐在所敷地料,,,,88880,R4決算書p34
2022,2,総務費,1,総務管理費,5,財産管理費,財産管理経費,14,工事請負費,1,0,,,,,,19404000,R4決算書p34
2022,2,総務費,1,総務管理費,5,財産管理費,財産管理経費,14,工事請負費,2,0,32維持・修繕工事,,,,,19404000,R4決算書p34
2022,2,総務費,1,総務管理費,5,財産管理費,財産管理経費,14,工事請負費,3,1,32維持・修繕工事,01庁舎施設修繕工事,,,,19404000,R4決算書p34
2022,2,総務費,1,総務管理費,5,財産管理費,財産管理経費,17,備品購入費,1,0,,,,,,10195240,R4決算書p34
2022,2,総務費,1,総務管理費,5,財産管理費,財産管理経費,17,備品購入費,2,0,01備品購入費,,,,,10195240,R4決算書p34
2022,2,総務費,1,総務管理費,5,財産管理費,財産管理経費,17,備品購入費,3,1,01備品購入費,07庁舎備品購入費,,,,9460000,R4決算書p34
2022,2,総務費,1,総務管理費,5,財産管理費,財産管理経費,17,備品購入費,3,1,01備品購入費,08庁舎備品購入費（繰越明許分）,,,,735240,R4決算書p34
2022,2,総務費,1,総務管理費,6,企画費,企画事務経費,,,0,0,,,,,,44962738,R4決算書p34
2022,2,総務費,1,総務管理費,6,企画費,企画事務経費,1,報酬,1,0,,,,,,116200,R4決算書p34
2022,2,総務費,1,総務管理費,6,企画費,企画事務経費,1,報酬,2,0,11委員報酬,,,,,116200,R4決算書p34
2022,2,総務費,1,総務管理費,6,企画費,企画事務経費,1,報酬,3,1,11委員報酬,02景観審議会委員報酬,,,,26400,R4決算書p34
2022,2,総務費,1,総務管理費,6,企画費,企画事務経費,1,報酬,3,1,11委員報酬,04交通システム策定委員会報酬,,,,21500,R4決算書p34
2022,2,総務費,1,総務管理費,6,企画費,企画事務経費,1,報酬,3,1,11委員報酬,05行政評価委員会報酬,,,,22100,R4決算書p34
2022,2,総務費,1,総務管理費,6,企画費,企画事務経費,1,報酬,3,1,11委員報酬,08村づくり検討委員会報酬,,,,46200,R4決算書p34
2022,2,総務費,1,総務管理費,6,企画費,企画事務経費,7,報償費,1,0,,,,,,172000,R4決算書p34
2022,2,総務費,1,総務管理費,6,企画費,企画事務経費,7,報償費,2,0,01謝金,,,,,172000,R4決算書p34
2022,2,総務費,1,総務管理費,6,企画費,企画事務経費,7,報償費,3,1,01謝金,03協力者謝礼,,,,172000,R4決算書p34
2022,2,総務費,1,総務管理費,6,企画費,企画事務経費,8,旅費,1,0,,,,,,435960,R4決算書p34
2022,2,総務費,1,総務管理費,6,企画費,企画事務経費,8,旅費,2,0,11職員旅費,,,,,235660,R4決算書p34
2022,2,総務費,1,総務管理費,6,企画費,企画事務経費,8,旅費,3,1,11職員旅費,01職員旅費,,,,235660,R4決算書p34
2022,2,総務費,1,総務管理費,6,企画費,企画事務経費,8,旅費,2,0,51費用弁償,,,,,200300,R4決算書p34
2022,2,総務費,1,総務管理費,6,企画費,企画事務経費,8,旅費,3,1,51費用弁償,01講師旅費,,,,200300,R4決算書p34
2022,2,総務費,1,総務管理費,6,企画費,企画事務経費,10,需用費,1,0,,,,,,2511433,R4決算書p34
2022,2,総務費,1,総務管理費,6,企画費,企画事務経費,10,需用費,2,0,01消耗品,,,,,1133133,R4決算書p34
2022,2,総務費,1,総務管理費,6,企画費,企画事務経費,10,需用費,3,1,01消耗品,01消耗品,,,,1118733,R4決算書p34
2022,2,総務費,1,総務管理費,6,企画費,企画事務経費,10,需用費,3,1,01消耗品,04美しい村新聞購入費,,,,14400,R4決算書p34
2022,2,総務費,1,総務管理費,6,企画費,企画事務経費,10,需用費,2,0,31印刷製本費,,,,,1378300,R4決算書p34
2022,2,総務費,1,総務管理費,6,企画費,企画事務経費,10,需用費,3,1,31印刷製本費,01村勢要覧印刷費,,,,122100,R4決算書p34
2022,2,総務費,1,総務管理費,6,企画費,企画事務経費,10,需用費,3,1,31印刷製本費,05美しい村ＰＲ資料印刷費,,,,236500,R4決算書p34
2022,2,総務費,1,総務管理費,6,企画費,企画事務経費,10,需用費,3,1,31印刷製本費,06名刺用台紙印刷代,,,,61600,R4決算書p35
2022,2,総務費,1,総務管理費,6,企画費,企画事務経費,10,需用費,3,1,31印刷製本費,07くらしの手引き印刷代,,,,770000,R4決算書p35
2022,2,総務費,1,総務管理費,6,企画費,企画事務経費,10,需用費,3,1,31印刷製本費,10商品券印刷代,,,,188100,R4決算書p35
2022,2,総務費,1,総務管理費,6,企画費,企画事務経費,11,役務費,1,0,,,,,,172598,R4決算書p35
2022,2,総務費,1,総務管理費,6,企画費,企画事務経費,11,役務費,2,0,01通信運搬費,,,,,172598,R4決算書p35
2022,2,総務費,1,総務管理費,6,企画費,企画事務経費,11,役務費,3,1,01通信運搬費,01郵便料,,,,172598,R4決算書p35
2022,2,総務費,1,総務管理費,6,企画費,企画事務経費,12,委託料,1,0,,,,,,5921282,R4決算書p35
2022,2,総務費,1,総務管理費,6,企画費,企画事務経費,12,委託料,2,0,21保守管理委託料,,,,,213400,R4決算書p35
2022,2,総務費,1,総務管理費,6,企画費,企画事務経費,12,委託料,3,1,21保守管理委託料,01ホームページ保守委託料,,,,213400,R4決算書p35
2022,2,総務費,1,総務管理費,6,企画費,企画事務経費,12,委託料,2,0,51業務委託料,,,,,5707882,R4決算書p35
2022,2,総務費,1,総務管理費,6,企画費,企画事務経費,12,委託料,3,1,51業務委託料,03ホームページ更新委託料,,,,38500,R4決算書p35
2022,2,総務費,1,総務管理費,6,企画費,企画事務経費,12,委託料,3,1,51業務委託料,21文化交流事業委託料,,,,900000,R4決算書p35
2022,2,総務費,1,総務管理費,6,企画費,企画事務経費,12,委託料,3,1,51業務委託料,22商品券発行事業委託料,,,,4466090,R4決算書p35
2022,2,総務費,1,総務管理費,6,企画費,企画事務経費,12,委託料,3,1,51業務委託料,23応援団システム改修委託料,,,,303292,R4決算書p35
2022,2,総務費,1,総務管理費,6,企画費,企画事務経費,13,使用料及び賃借料,1,0,,,,,,455886,R4決算書p35
2022,2,総務費,1,総務管理費,6,企画費,企画事務経費,13,使用料及び賃借料,2,0,01使用料・借上料,,,,,453966,R4決算書p35
2022,2,総務費,1,総務管理費,6,企画費,企画事務経費,13,使用料及び賃借料,3,1,01使用料・借上料,03駐車場使用料,,,,6200,R4決算書p35
2022,2,総務費,1,総務管理費,6,企画費,企画事務経費,13,使用料及び賃借料,3,1,01使用料・借上料,05行政ＨＰ用サーバ使用料,,,,256608,R4決算書p35
2022,2,総務費,1,総務管理費,6,企画費,企画事務経費,13,使用料及び賃借料,3,1,01使用料・借上料,06ふるさと納税システム利用料,,,,191158,R4決算書p35
2022,2,総務費,1,総務管理費,6,企画費,企画事務経費,13,使用料及び賃借料,2,0,12敷地料,,,,,1920,R4決算書p35
2022,2,総務費,1,総務管理費,6,企画費,企画事務経費,13,使用料及び賃借料,3,1,12敷地料,01バス停敷地料,,,,1920,R4決算書p35
2022,2,総務費,1,総務管理費,6,企画費,企画事務経費,14,工事請負費,1,0,,,,,,1320000,R4決算書p35
2022,2,総務費,1,総務管理費,6,企画費,企画事務経費,14,工事請負費,2,0,31単独事業,,,,,1320000,R4決算書p35
2022,2,総務費,1,総務管理費,6,企画費,企画事務経費,14,工事請負費,3,1,31単独事業,03バス停整備事業,,,,1320000,R4決算書p35
2022,2,総務費,1,総務管理費,6,企画費,企画事務経費,15,原材料費,1,0,,,,,,98800,R4決算書p35
2022,2,総務費,1,総務管理費,6,企画費,企画事務経費,15,原材料費,2,0,01原材料費,,,,,98800,R4決算書p35
2022,2,総務費,1,総務管理費,6,企画費,企画事務経費,15,原材料費,3,1,01原材料費,02美しい村づくり活動材料代,,,,98800,R4決算書p35
2022,2,総務費,1,総務管理費,6,企画費,企画事務経費,17,備品購入費,1,0,,,,,,2002000,R4決算書p35
2022,2,総務費,1,総務管理費,6,企画費,企画事務経費,17,備品購入費,2,0,01備品購入費,,,,,2002000,R4決算書p35
2022,2,総務費,1,総務管理費,6,企画費,企画事務経費,17,備品購入費,3,1,01備品購入費,03コミュニティ事業備品購入費,,,,2002000,R4決算書p35
2022,2,総務費,1,総務管理費,6,企画費,企画事務経費,18,負担金補助及び交付金,1,0,,,,,,31756579,R4決算書p35
2022,2,総務費,1,総務管理費,6,企画費,企画事務経費,18,負担金補助及び交付金,2,0,11負担金（一部事務組合）,,,,,4480000,R4決算書p35
2022,2,総務費,1,総務管理費,6,企画費,企画事務経費,18,負担金補助及び交付金,3,1,11負担金（一部事務組合）,01南信州広域連合負担金,,,,2125000,R4決算書p35
2022,2,総務費,1,総務管理費,6,企画費,企画事務経費,18,負担金補助及び交付金,3,1,11負担金（一部事務組合）,02北部総合事務組合負担金,,,,2355000,R4決算書p35
2022,2,総務費,1,総務管理費,6,企画費,企画事務経費,18,負担金補助及び交付金,2,0,21負担金,,,,,671085,R4決算書p35
2022,2,総務費,1,総務管理費,6,企画費,企画事務経費,18,負担金補助及び交付金,3,1,21負担金,02全国山振連盟負担金,,,,40000,R4決算書p35
2022,2,総務費,1,総務管理費,6,企画費,企画事務経費,18,負担金補助及び交付金,3,1,21負担金,03全国過疎地域自立促進連盟負担金,,,,65700,R4決算書p35
2022,2,総務費,1,総務管理費,6,企画費,企画事務経費,18,負担金補助及び交付金,3,1,21負担金,07三遠南信サミット負担金,,,,8000,R4決算書p35
2022,2,総務費,1,総務管理費,6,企画費,企画事務経費,18,負担金補助及び交付金,3,1,21負担金,09美しい村連合負担金,,,,224925,R4決算書p35
2022,2,総務費,1,総務管理費,6,企画費,企画事務経費,18,負担金補助及び交付金,3,1,21負担金,12美しい村連合総会負担金,,,,164460,R4決算書p35
2022,2,総務費,1,総務管理費,6,企画費,企画事務経費,18,負担金補助及び交付金,3,1,21負担金,13ダム・発電関係市町村全国協議会負担金,,,,8000,R4決算書p35
2022,2,総務費,1,総務管理費,6,企画費,企画事務経費,18,負担金補助及び交付金,3,1,21負担金,20伊那大島駅負担金,,,,150000,R4決算書p35
2022,2,総務費,1,総務管理費,6,企画費,企画事務経費,18,負担金補助及び交付金,3,1,21負担金,22楽園信州推進協議会負担金,,,,10000,R4決算書p35
2022,2,総務費,1,総務管理費,6,企画費,企画事務経費,18,負担金補助及び交付金,2,0,51補助金,,,,,23453000,R4決算書p36
2022,2,総務費,1,総務管理費,6,企画費,企画事務経費,18,負担金補助及び交付金,3,1,51補助金,03コミュニティ活動補助金,,,,393000,R4決算書p36
2022,2,総務費,1,総務管理費,6,企画費,企画事務経費,18,負担金補助及び交付金,3,1,51補助金,06廃止代替バス運行補助金,,,,21611000,R4決算書p36
2022,2,総務費,1,総務管理費,6,企画費,企画事務経費,18,負担金補助及び交付金,3,1,51補助金,07美しい村づくり事業補助金,,,,1449000,R4決算書p36
2022,2,総務費,1,総務管理費,6,企画費,企画事務経費,18,負担金補助及び交付金,2,0,71交付金,,,,,3152494,R4決算書p36
2022,2,総務費,1,総務管理費,6,企画費,企画事務経費,18,負担金補助及び交付金,3,1,71交付金,01美しい村づくり交付金,,,,3152494,R4決算書p36
2022,2,総務費,1,総務管理費,6,企画費,地域おこし協力隊・集落支援員事業,,,0,0,,,,,,8822327,R4決算書p36
2022,2,総務費,1,総務管理費,6,企画費,地域おこし協力隊・集落支援員事業,1,報酬,1,0,,,,,,4846548,R4決算書p36
2022,2,総務費,1,総務管理費,6,企画費,地域おこし協力隊・集落支援員事業,1,報酬,2,0,26会計年度任用職員報酬,,,,,4846548,R4決算書p36
2022,2,総務費,1,総務管理費,6,企画費,地域おこし協力隊・集落支援員事業,1,報酬,3,1,26会計年度任用職員報酬,01会計年度任用職員1号報酬,,,,4846548,R4決算書p36
2022,2,総務費,1,総務管理費,6,企画費,地域おこし協力隊・集落支援員事業,3,職員手当等,1,0,,,,,,55579,R4決算書p36
2022,2,総務費,1,総務管理費,6,企画費,地域おこし協力隊・集落支援員事業,3,職員手当等,2,1,22会計年度任用職員手当,,,,,55579,R4決算書p36
2022,2,総務費,1,総務管理費,6,企画費,地域おこし協力隊・集落支援員事業,4,共済費,1,0,,,,,,2873833,R4決算書p36
2022,2,総務費,1,総務管理費,6,企画費,地域おこし協力隊・集落支援員事業,4,共済費,2,0,41臨時職員等共済費,,,,,2873833,R4決算書p36
2022,2,総務費,1,総務管理費,6,企画費,地域おこし協力隊・集落支援員事業,4,共済費,3,1,41臨時職員等共済費,01社会保険料,,,,2873833,R4決算書p36
2022,2,総務費,1,総務管理費,6,企画費,地域おこし協力隊・集落支援員事業,10,需用費,1,0,,,,,,85705,R4決算書p36
2022,2,総務費,1,総務管理費,6,企画費,地域おこし協力隊・集落支援員事業,10,需用費,2,0,01消耗品,,,,,25831,R4決算書p36
2022,2,総務費,1,総務管理費,6,企画費,地域おこし協力隊・集落支援員事業,10,需用費,3,1,01消耗品,01消耗品,,,,15656,R4決算書p36
2022,2,総務費,1,総務管理費,6,企画費,地域おこし協力隊・集落支援員事業,10,需用費,3,1,01消耗品,02図書購入費,,,,10175,R4決算書p36
2022,2,総務費,1,総務管理費,6,企画費,地域おこし協力隊・集落支援員事業,10,需用費,2,0,11燃料費,,,,,52295,R4決算書p36
2022,2,総務費,1,総務管理費,6,企画費,地域おこし協力隊・集落支援員事業,10,需用費,3,1,11燃料費,01公用車燃料代,,,,52295,R4決算書p36
2022,2,総務費,1,総務管理費,6,企画費,地域おこし協力隊・集落支援員事業,10,需用費,2,0,51修繕費,,,,,7579,R4決算書p36
2022,2,総務費,1,総務管理費,6,企画費,地域おこし協力隊・集落支援員事業,10,需用費,3,1,51修繕費,01公用車修繕費,,,,7579,R4決算書p36
2022,2,総務費,1,総務管理費,6,企画費,地域おこし協力隊・集落支援員事業,11,役務費,1,0,,,,,,14990,R4決算書p36
2022,2,総務費,1,総務管理費,6,企画費,地域おこし協力隊・集落支援員事業,11,役務費,2,0,41損害保険料,,,,,14990,R4決算書p36
2022,2,総務費,1,総務管理費,6,企画費,地域おこし協力隊・集落支援員事業,11,役務費,3,1,41損害保険料,02公用車共済保険料,,,,14990,R4決算書p36
2022,2,総務費,1,総務管理費,6,企画費,地域おこし協力隊・集落支援員事業,13,使用料及び賃借料,1,0,,,,,,413672,R4決算書p36
2022,2,総務費,1,総務管理費,6,企画費,地域おこし協力隊・集落支援員事業,13,使用料及び賃借料,2,0,01使用料・借上料,,,,,413672,R4決算書p36
2022,2,総務費,1,総務管理費,6,企画費,地域おこし協力隊・集落支援員事業,13,使用料及び賃借料,3,1,01使用料・借上料,02住宅借上料,,,,320000,R4決算書p36
2022,2,総務費,1,総務管理費,6,企画費,地域おこし協力隊・集落支援員事業,13,使用料及び賃借料,3,1,01使用料・借上料,03事務用機器リース料,,,,93672,R4決算書p36
2022,2,総務費,1,総務管理費,6,企画費,地域おこし協力隊・集落支援員事業,17,備品購入費,1,0,,,,,,500000,R4決算書p36
2022,2,総務費,1,総務管理費,6,企画費,地域おこし協力隊・集落支援員事業,17,備品購入費,2,0,01備品購入費,,,,,500000,R4決算書p36
2022,2,総務費,1,総務管理費,6,企画費,地域おこし協力隊・集落支援員事業,17,備品購入費,3,1,01備品購入費,03公用車購入費,,,,500000,R4決算書p36
2022,2,総務費,1,総務管理費,6,企画費,地域おこし協力隊・集落支援員事業,18,負担金補助及び交付金,1,0,,,,,,32000,R4決算書p36
2022,2,総務費,1,総務管理費,6,企画費,地域おこし協力隊・集落支援員事業,18,負担金補助及び交付金,2,0,21負担金,,,,,32000,R4決算書p36
2022,2,総務費,1,総務管理費,6,企画費,地域おこし協力隊・集落支援員事業,18,負担金補助及び交付金,3,1,21負担金,01地域おこし協力隊研修会負担金,,,,32000,R4決算書p36
2022,2,総務費,1,総務管理費,6,企画費,リニア対策経費,,,0,0,,,,,,609266,R4決算書p36
2022,2,総務費,1,総務管理費,6,企画費,リニア対策経費,1,報酬,1,0,,,,,,473000,R4決算書p36
2022,2,総務費,1,総務管理費,6,企画費,リニア対策経費,1,報酬,2,0,11委員報酬,,,,,473000,R4決算書p36
2022,2,総務費,1,総務管理費,6,企画費,リニア対策経費,1,報酬,3,1,11委員報酬,01リニア連絡協議会委員報酬,,,,473000,R4決算書p36
2022,2,総務費,1,総務管理費,6,企画費,リニア対策経費,8,旅費,1,0,,,,,,52750,R4決算書p36
2022,2,総務費,1,総務管理費,6,企画費,リニア対策経費,8,旅費,2,0,11職員旅費,,,,,52750,R4決算書p36
2022,2,総務費,1,総務管理費,6,企画費,リニア対策経費,8,旅費,3,1,11職員旅費,01職員旅費,,,,52750,R4決算書p37
2022,2,総務費,1,総務管理費,6,企画費,リニア対策経費,12,委託料,1,0,,,,,,79516,R4決算書p37
2022,2,総務費,1,総務管理費,6,企画費,リニア対策経費,12,委託料,2,0,51業務委託料,,,,,79516,R4決算書p37
2022,2,総務費,1,総務管理費,6,企画費,リニア対策経費,12,委託料,3,1,51業務委託料,03登記事務委託料,,,,79516,R4決算書p37
2022,2,総務費,1,総務管理費,6,企画費,リニア対策経費,18,負担金補助及び交付金,1,0,,,,,,4000,R4決算書p37
2022,2,総務費,1,総務管理費,6,企画費,リニア対策経費,18,負担金補助及び交付金,2,0,21負担金,,,,,4000,R4決算書p37
2022,2,総務費,1,総務管理費,6,企画費,リニア対策経費,18,負担金補助及び交付金,3,1,21負担金,01リニアエクスプレス同盟会負担金,,,,4000,R4決算書p37
2022,2,総務費,1,総務管理費,8,交通安全対策費,交通安全一般経費,,,0,0,,,,,,246734,R4決算書p37
2022,2,総務費,1,総務管理費,8,交通安全対策費,交通安全一般経費,10,需用費,1,0,,,,,,23734,R4決算書p37
2022,2,総務費,1,総務管理費,8,交通安全対策費,交通安全一般経費,10,需用費,2,0,41光熱水費,,,,,15834,R4決算書p37
2022,2,総務費,1,総務管理費,8,交通安全対策費,交通安全一般経費,10,需用費,3,1,41光熱水費,01電気料（回転灯）,,,,15834,R4決算書p37
2022,2,総務費,1,総務管理費,8,交通安全対策費,交通安全一般経費,10,需用費,2,0,51修繕費,,,,,7900,R4決算書p37
2022,2,総務費,1,総務管理費,8,交通安全対策費,交通安全一般経費,10,需用費,3,1,51修繕費,01交通安全機器修繕料,,,,7900,R4決算書p37
2022,2,総務費,1,総務管理費,8,交通安全対策費,交通安全一般経費,18,負担金補助及び交付金,1,0,,,,,,223000,R4決算書p37
2022,2,総務費,1,総務管理費,8,交通安全対策費,交通安全一般経費,18,負担金補助及び交付金,2,0,21負担金,,,,,223000,R4決算書p37
2022,2,総務費,1,総務管理費,8,交通安全対策費,交通安全一般経費,18,負担金補助及び交付金,3,1,21負担金,03大鹿村交通安全協会事業費負担金,,,,223000,R4決算書p37
2022,2,総務費,1,総務管理費,8,交通安全対策費,南信交通災害共済経費,,,0,0,,,,,,187800,R4決算書p37
2022,2,総務費,1,総務管理費,8,交通安全対策費,南信交通災害共済経費,18,負担金補助及び交付金,1,0,,,,,,187800,R4決算書p37
2022,2,総務費,1,総務管理費,8,交通安全対策費,南信交通災害共済経費,18,負担金補助及び交付金,2,0,51補助金,,,,,187800,R4決算書p37
2022,2,総務費,1,総務管理費,8,交通安全対策費,南信交通災害共済経費,18,負担金補助及び交付金,3,1,51補助金,01南信交通災害共済掛金補助,,,,187800,R4決算書p37
2022,2,総務費,1,総務管理費,8,交通安全対策費,交通安全施設整備経費,,,0,0,,,,,,20297794,R4決算書p37
2022,2,総務費,1,総務管理費,8,交通安全対策費,交通安全施設整備経費,10,需用費,1,0,,,,,,396484,R4決算書p37
2022,2,総務費,1,総務管理費,8,交通安全対策費,交通安全施設整備経費,10,需用費,2,0,01消耗品,,,,,259050,R4決算書p37
2022,2,総務費,1,総務管理費,8,交通安全対策費,交通安全施設整備経費,10,需用費,3,1,01消耗品,01除雪用三角板代,,,,259050,R4決算書p37
2022,2,総務費,1,総務管理費,8,交通安全対策費,交通安全施設整備経費,10,需用費,2,0,11燃料費,,,,,73238,R4決算書p37
2022,2,総務費,1,総務管理費,8,交通安全対策費,交通安全施設整備経費,10,需用費,3,1,11燃料費,01公用車燃料費,,,,73238,R4決算書p37
2022,2,総務費,1,総務管理費,8,交通安全対策費,交通安全施設整備経費,10,需用費,2,0,51修繕費,,,,,64196,R4決算書p37
2022,2,総務費,1,総務管理費,8,交通安全対策費,交通安全施設整備経費,10,需用費,3,1,51修繕費,01公用車修繕費,,,,64196,R4決算書p37
2022,2,総務費,1,総務管理費,8,交通安全対策費,交通安全施設整備経費,11,役務費,1,0,,,,,,67390,R4決算書p37
2022,2,総務費,1,総務管理費,8,交通安全対策費,交通安全施設整備経費,11,役務費,2,0,21手数料,,,,,32010,R4決算書p37
2022,2,総務費,1,総務管理費,8,交通安全対策費,交通安全施設整備経費,11,役務費,3,1,21手数料,01公用車車検点検料,,,,32010,R4決算書p37
2022,2,総務費,1,総務管理費,8,交通安全対策費,交通安全施設整備経費,11,役務費,2,0,41損害保険料,,,,,35380,R4決算書p37
2022,2,総務費,1,総務管理費,8,交通安全対策費,交通安全施設整備経費,11,役務費,3,1,41損害保険料,01公用車共済保険料,,,,35380,R4決算書p37
2022,2,総務費,1,総務管理費,8,交通安全対策費,交通安全施設整備経費,12,委託料,1,0,,,,,,16376921,R4決算書p37
2022,2,総務費,1,総務管理費,8,交通安全対策費,交通安全施設整備経費,12,委託料,2,0,51業務委託料,,,,,16376921,R4決算書p37
2022,2,総務費,1,総務管理費,8,交通安全対策費,交通安全施設整備経費,12,委託料,3,1,51業務委託料,01道路凍結防止対策（支障木伐採）委託,,,,9737200,R4決算書p37
2022,2,総務費,1,総務管理費,8,交通安全対策費,交通安全施設整備経費,12,委託料,3,1,51業務委託料,02除雪委託料,,,,6639721,R4決算書p37
2022,2,総務費,1,総務管理費,8,交通安全対策費,交通安全施設整備経費,15,原材料費,1,0,,,,,,1948799,R4決算書p37
2022,2,総務費,1,総務管理費,8,交通安全対策費,交通安全施設整備経費,15,原材料費,2,0,01原材料費,,,,,1948799,R4決算書p37
2022,2,総務費,1,総務管理費,8,交通安全対策費,交通安全施設整備経費,15,原材料費,3,1,01原材料費,02融雪剤,,,,1908500,R4決算書p37
2022,2,総務費,1,総務管理費,8,交通安全対策費,交通安全施設整備経費,15,原材料費,3,1,01原材料費,03滑り止め用砂,,,,40299,R4決算書p37
2022,2,総務費,1,総務管理費,8,交通安全対策費,交通安全施設整備経費,17,備品購入費,1,0,,,,,,1500000,R4決算書p38
2022,2,総務費,1,総務管理費,8,交通安全対策費,交通安全施設整備経費,17,備品購入費,2,0,01備品購入費,,,,,1500000,R4決算書p38
2022,2,総務費,1,総務管理費,8,交通安全対策費,交通安全施設整備経費,17,備品購入費,3,1,01備品購入費,01公用車購入費,,,,1500000,R4決算書p38
2022,2,総務費,1,総務管理費,8,交通安全対策費,交通安全施設整備経費,26,公課費,1,0,,,,,,8200,R4決算書p38
2022,2,総務費,1,総務管理費,8,交通安全対策費,交通安全施設整備経費,26,公課費,2,0,01重量税,,,,,8200,R4決算書p38
2022,2,総務費,1,総務管理費,8,交通安全対策費,交通安全施設整備経費,26,公課費,3,1,01重量税,01公用車重量税,,,,8200,R4決算書p38
2022,2,総務費,1,総務管理費,9,電子計算費,電子計算経費,,,0,0,,,,,,32563263,R4決算書p38
2022,2,総務費,1,総務管理費,9,電子計算費,電子計算経費,10,需用費,1,0,,,,,,30782,R4決算書p38
2022,2,総務費,1,総務管理費,9,電子計算費,電子計算経費,10,需用費,2,0,01消耗品,,,,,30782,R4決算書p38
2022,2,総務費,1,総務管理費,9,電子計算費,電子計算経費,10,需用費,3,1,01消耗品,01消耗品,,,,30782,R4決算書p38
2022,2,総務費,1,総務管理費,9,電子計算費,電子計算経費,11,役務費,1,0,,,,,,1425171,R4決算書p38
2022,2,総務費,1,総務管理費,9,電子計算費,電子計算経費,11,役務費,2,0,01通信運搬費,,,,,1425171,R4決算書p38
2022,2,総務費,1,総務管理費,9,電子計算費,電子計算経費,11,役務費,3,1,01通信運搬費,02情報通信接続料,,,,1425171,R4決算書p38
2022,2,総務費,1,総務管理費,9,電子計算費,電子計算経費,12,委託料,1,0,,,,,,11464200,R4決算書p38
2022,2,総務費,1,総務管理費,9,電子計算費,電子計算経費,12,委託料,2,0,11電算委託料,,,,,11464200,R4決算書p38
2022,2,総務費,1,総務管理費,9,電子計算費,電子計算経費,12,委託料,3,1,11電算委託料,03基幹系等機器保守委託料,,,,686400,R4決算書p38
2022,2,総務費,1,総務管理費,9,電子計算費,電子計算経費,12,委託料,3,1,11電算委託料,05電子機器整備,,,,746900,R4決算書p38
2022,2,総務費,1,総務管理費,9,電子計算費,電子計算経費,12,委託料,3,1,11電算委託料,09ＬＧＷＡＮシステム運用支援委託料,,,,198000,R4決算書p38
2022,2,総務費,1,総務管理費,9,電子計算費,電子計算経費,12,委託料,3,1,11電算委託料,10ＬＧＷＡＮ機器更新委託料,,,,1347500,R4決算書p38
2022,2,総務費,1,総務管理費,9,電子計算費,電子計算経費,12,委託料,3,1,11電算委託料,17情報セキュリティ強化機器保守委託料,,,,224400,R4決算書p38
2022,2,総務費,1,総務管理費,9,電子計算費,電子計算経費,12,委託料,3,1,11電算委託料,18マイナンバー管理システム保守委託料,,,,79200,R4決算書p38
2022,2,総務費,1,総務管理費,9,電子計算費,電子計算経費,12,委託料,3,1,11電算委託料,20自治体中間サーバー改修委託料,,,,39600,R4決算書p38
2022,2,総務費,1,総務管理費,9,電子計算費,電子計算経費,12,委託料,3,1,11電算委託料,24行政手続きオンライン化委託料,,,,8142200,R4決算書p38
2022,2,総務費,1,総務管理費,9,電子計算費,電子計算経費,13,使用料及び賃借料,1,0,,,,,,14785208,R4決算書p38
2022,2,総務費,1,総務管理費,9,電子計算費,電子計算経費,13,使用料及び賃借料,2,0,01使用料・借上料,,,,,14785208,R4決算書p38
2022,2,総務費,1,総務管理費,9,電子計算費,電子計算経費,13,使用料及び賃借料,3,1,01使用料・借上料,01財務会計システム使用料,,,,3154800,R4決算書p38
2022,2,総務費,1,総務管理費,9,電子計算費,電子計算経費,13,使用料及び賃借料,3,1,01使用料・借上料,02ＬＧＷＡＮハウジング料,,,,1215720,R4決算書p38
2022,2,総務費,1,総務管理費,9,電子計算費,電子計算経費,13,使用料及び賃借料,3,1,01使用料・借上料,03ウイルス対策ソフト使用料,,,,987800,R4決算書p38
2022,2,総務費,1,総務管理費,9,電子計算費,電子計算経費,13,使用料及び賃借料,3,1,01使用料・借上料,06基幹系システム使用料,,,,2983200,R4決算書p38
2022,2,総務費,1,総務管理費,9,電子計算費,電子計算経費,13,使用料及び賃借料,3,1,01使用料・借上料,07ＬＧＷＡＮルータ使用料,,,,97680,R4決算書p38
2022,2,総務費,1,総務管理費,9,電子計算費,電子計算経費,13,使用料及び賃借料,3,1,01使用料・借上料,11パソコンリース料,,,,1752408,R4決算書p38
2022,2,総務費,1,総務管理費,9,電子計算費,電子計算経費,13,使用料及び賃借料,3,1,01使用料・借上料,13セキュリティー強靭化システムリース料,,,,4593600,R4決算書p38
2022,2,総務費,1,総務管理費,9,電子計算費,電子計算経費,14,工事請負費,1,0,,,,,,99000,R4決算書p38
2022,2,総務費,1,総務管理費,9,電子計算費,電子計算経費,14,工事請負費,2,0,31単独事業,,,,,99000,R4決算書p38
2022,2,総務費,1,総務管理費,9,電子計算費,電子計算経費,14,工事請負費,3,1,31単独事業,01庁内・外配線工事,,,,99000,R4決算書p38
2022,2,総務費,1,総務管理費,9,電子計算費,電子計算経費,17,備品購入費,1,0,,,,,,177540,R4決算書p38
2022,2,総務費,1,総務管理費,9,電子計算費,電子計算経費,17,備品購入費,2,0,01備品購入費,,,,,177540,R4決算書p39
2022,2,総務費,1,総務管理費,9,電子計算費,電子計算経費,17,備品購入費,3,1,01備品購入費,02事務用備品購入,,,,177540,R4決算書p39
2022,2,総務費,1,総務管理費,9,電子計算費,電子計算経費,18,負担金補助及び交付金,1,0,,,,,,4581362,R4決算書p39
2022,2,総務費,1,総務管理費,9,電子計算費,電子計算経費,18,負担金補助及び交付金,2,0,21負担金,,,,,4581362,R4決算書p39
2022,2,総務費,1,総務管理費,9,電子計算費,電子計算経費,18,負担金補助及び交付金,3,1,21負担金,01長野県自治振興組合負担金,,,,1168723,R4決算書p39
2022,2,総務費,1,総務管理費,9,電子計算費,電子計算経費,18,負担金補助及び交付金,3,1,21負担金,02電子申請・届出サービス負担金,,,,34571,R4決算書p39
2022,2,総務費,1,総務管理費,9,電子計算費,電子計算経費,18,負担金補助及び交付金,3,1,21負担金,03中間ＳＶＰＦ負担金,,,,2096000,R4決算書p39
2022,2,総務費,1,総務管理費,9,電子計算費,電子計算経費,18,負担金補助及び交付金,3,1,21負担金,04自治体情報セキュリティクラウド負担金,,,,1282068,R4決算書p39
2022,2,総務費,1,総務管理費,10,ＣＡＴＶ事業費,ＣＡＴＶ管理事業,,,0,0,,,,,,21850168,R4決算書p39
2022,2,総務費,1,総務管理費,10,ＣＡＴＶ事業費,ＣＡＴＶ管理事業,10,需用費,1,0,,,,,,2200,R4決算書p39
2022,2,総務費,1,総務管理費,10,ＣＡＴＶ事業費,ＣＡＴＶ管理事業,10,需用費,2,0,01消耗品,,,,,2200,R4決算書p39
2022,2,総務費,1,総務管理費,10,ＣＡＴＶ事業費,ＣＡＴＶ管理事業,10,需用費,3,1,01消耗品,01消耗品,,,,2200,R4決算書p39
2022,2,総務費,1,総務管理費,10,ＣＡＴＶ事業費,ＣＡＴＶ管理事業,11,役務費,1,0,,,,,,2600439,R4決算書p39
2022,2,総務費,1,総務管理費,10,ＣＡＴＶ事業費,ＣＡＴＶ管理事業,11,役務費,2,0,01通信運搬費,,,,,2474099,R4決算書p39
2022,2,総務費,1,総務管理費,10,ＣＡＴＶ事業費,ＣＡＴＶ管理事業,11,役務費,3,1,01通信運搬費,03情報通信接続料,,,,2474099,R4決算書p39
2022,2,総務費,1,総務管理費,10,ＣＡＴＶ事業費,ＣＡＴＶ管理事業,11,役務費,2,0,41損害保険料,,,,,126340,R4決算書p39
2022,2,総務費,1,総務管理費,10,ＣＡＴＶ事業費,ＣＡＴＶ管理事業,11,役務費,3,1,41損害保険料,01ＣＡＴＶ施設保険料,,,,126340,R4決算書p39
2022,2,総務費,1,総務管理費,10,ＣＡＴＶ事業費,ＣＡＴＶ管理事業,12,委託料,1,0,,,,,,5296500,R4決算書p39
2022,2,総務費,1,総務管理費,10,ＣＡＴＶ事業費,ＣＡＴＶ管理事業,12,委託料,2,0,51業務委託料,,,,,137500,R4決算書p39
2022,2,総務費,1,総務管理費,10,ＣＡＴＶ事業費,ＣＡＴＶ管理事業,12,委託料,3,1,51業務委託料,01技術支援委託料,,,,137500,R4決算書p39
2022,2,総務費,1,総務管理費,10,ＣＡＴＶ事業費,ＣＡＴＶ管理事業,12,委託料,2,0,81機器更新委託料,,,,,5159000,R4決算書p39
2022,2,総務費,1,総務管理費,10,ＣＡＴＶ事業費,ＣＡＴＶ管理事業,12,委託料,3,1,81機器更新委託料,01ＣＡＴＶ施設更新委託料,,,,5159000,R4決算書p39
2022,2,総務費,1,総務管理費,10,ＣＡＴＶ事業費,ＣＡＴＶ管理事業,13,使用料及び賃借料,1,0,,,,,,2072400,R4決算書p39
2022,2,総務費,1,総務管理費,10,ＣＡＴＶ事業費,ＣＡＴＶ管理事業,13,使用料及び賃借料,2,0,01使用料・借上料,,,,,2072400,R4決算書p39
2022,2,総務費,1,総務管理費,10,ＣＡＴＶ事業費,ＣＡＴＶ管理事業,13,使用料及び賃借料,3,1,01使用料・借上料,05クラウドサービス使用料,,,,2072400,R4決算書p39
2022,2,総務費,1,総務管理費,10,ＣＡＴＶ事業費,ＣＡＴＶ管理事業,14,工事請負費,1,0,,,,,,58783,R4決算書p39
2022,2,総務費,1,総務管理費,10,ＣＡＴＶ事業費,ＣＡＴＶ管理事業,14,工事請負費,2,0,31単独事業,,,,,58783,R4決算書p39
2022,2,総務費,1,総務管理費,10,ＣＡＴＶ事業費,ＣＡＴＶ管理事業,14,工事請負費,3,1,31単独事業,01引込み線工事,,,,58783,R4決算書p39
2022,2,総務費,1,総務管理費,10,ＣＡＴＶ事業費,ＣＡＴＶ管理事業,18,負担金補助及び交付金,1,0,,,,,,11819846,R4決算書p39
2022,2,総務費,1,総務管理費,10,ＣＡＴＶ事業費,ＣＡＴＶ管理事業,18,負担金補助及び交付金,2,0,21負担金,,,,,11771846,R4決算書p39
2022,2,総務費,1,総務管理費,10,ＣＡＴＶ事業費,ＣＡＴＶ管理事業,18,負担金補助及び交付金,3,1,21負担金,03ケーブルテレビ事業負担金,,,,11771846,R4決算書p39
2022,2,総務費,1,総務管理費,10,ＣＡＴＶ事業費,ＣＡＴＶ管理事業,18,負担金補助及び交付金,2,0,51補助金,,,,,48000,R4決算書p39
2022,2,総務費,1,総務管理費,10,ＣＡＴＶ事業費,ＣＡＴＶ管理事業,18,負担金補助及び交付金,3,1,51補助金,01インターネット利用補助金,,,,48000,R4決算書p39
2022,2,総務費,2,徴税費,1,税務総務費,税務一般経費,,,0,0,,,,,,14242662,R4決算書p39
2022,2,総務費,2,徴税費,1,税務総務費,税務一般経費,8,旅費,1,0,,,,,,4000,R4決算書p39
2022,2,総務費,2,徴税費,1,税務総務費,税務一般経費,8,旅費,2,0,11職員旅費,,,,,4000,R4決算書p39
2022,2,総務費,2,徴税費,1,税務総務費,税務一般経費,8,旅費,3,1,11職員旅費,01職員旅費,,,,4000,R4決算書p39
2022,2,総務費,2,徴税費,1,税務総務費,税務一般経費,10,需用費,1,0,,,,,,42646,R4決算書p39
2022,2,総務費,2,徴税費,1,税務総務費,税務一般経費,10,需用費,2,0,01消耗品,,,,,42399,R4決算書p39
2022,2,総務費,2,徴税費,1,税務総務費,税務一般経費,10,需用費,3,1,01消耗品,01消耗品,,,,8269,R4決算書p39
2022,2,総務費,2,徴税費,1,税務総務費,税務一般経費,10,需用費,3,1,01消耗品,02図書購入費,,,,34130,R4決算書p39
2022,2,総務費,2,徴税費,1,税務総務費,税務一般経費,10,需用費,2,0,31印刷製本費,,,,,247,R4決算書p40
2022,2,総務費,2,徴税費,1,税務総務費,税務一般経費,10,需用費,3,1,31印刷製本費,01印刷製本費,,,,247,R4決算書p40
2022,2,総務費,2,徴税費,1,税務総務費,税務一般経費,11,役務費,1,0,,,,,,170346,R4決算書p40
2022,2,総務費,2,徴税費,1,税務総務費,税務一般経費,11,役務費,2,0,21手数料,,,,,164346,R4決算書p40
2022,2,総務費,2,徴税費,1,税務総務費,税務一般経費,11,役務費,3,1,21手数料,01口座振替等収納手数料,,,,164346,R4決算書p40
2022,2,総務費,2,徴税費,1,税務総務費,税務一般経費,11,役務費,2,0,31筆耕料,,,,,6000,R4決算書p40
2022,2,総務費,2,徴税費,1,税務総務費,税務一般経費,11,役務費,3,1,31筆耕料,01筆耕料,,,,6000,R4決算書p40
2022,2,総務費,2,徴税費,1,税務総務費,税務一般経費,12,委託料,1,0,,,,,,12061369,R4決算書p40
2022,2,総務費,2,徴税費,1,税務総務費,税務一般経費,12,委託料,2,0,11電算委託料,,,,,5212504,R4決算書p40
2022,2,総務費,2,徴税費,1,税務総務費,税務一般経費,12,委託料,3,1,11電算委託料,01住民税,,,,2220768,R4決算書p40
2022,2,総務費,2,徴税費,1,税務総務費,税務一般経費,12,委託料,3,1,11電算委託料,02固定資産税,,,,2495988,R4決算書p40
2022,2,総務費,2,徴税費,1,税務総務費,税務一般経費,12,委託料,3,1,11電算委託料,03軽自動車税,,,,136048,R4決算書p40
2022,2,総務費,2,徴税費,1,税務総務費,税務一般経費,12,委託料,3,1,11電算委託料,05収納・口座・会計委託料,,,,359700,R4決算書p40
2022,2,総務費,2,徴税費,1,税務総務費,税務一般経費,12,委託料,2,0,51業務委託料,,,,,6848865,R4決算書p40
2022,2,総務費,2,徴税費,1,税務総務費,税務一般経費,12,委託料,3,1,51業務委託料,02固定資産土地意見書委託,,,,1612987,R4決算書p40
2022,2,総務費,2,徴税費,1,税務総務費,税務一般経費,12,委託料,3,1,51業務委託料,04軽自動車税申告書取扱委託料,,,,5983,R4決算書p40
2022,2,総務費,2,徴税費,1,税務総務費,税務一般経費,12,委託料,3,1,51業務委託料,07軽自動車税環境性能割徴収取扱委託料,,,,15950,R4決算書p40
2022,2,総務費,2,徴税費,1,税務総務費,税務一般経費,12,委託料,3,1,51業務委託料,08地方税共通納税システム業務委託料,,,,5213945,R4決算書p40
2022,2,総務費,2,徴税費,1,税務総務費,税務一般経費,13,使用料及び賃借料,1,0,,,,,,1839254,R4決算書p40
2022,2,総務費,2,徴税費,1,税務総務費,税務一般経費,13,使用料及び賃借料,2,0,01使用料・借上料,,,,,1839254,R4決算書p40
2022,2,総務費,2,徴税費,1,税務総務費,税務一般経費,13,使用料及び賃借料,3,1,01使用料・借上料,01ｅＬＴＡＸシステム使用料,,,,726000,R4決算書p40
2022,2,総務費,2,徴税費,1,税務総務費,税務一般経費,13,使用料及び賃借料,3,1,01使用料・借上料,02Ｒｅａｍｓ．ＮＥＴ申告相談システム使用料,,,,447480,R4決算書p40
2022,2,総務費,2,徴税費,1,税務総務費,税務一般経費,13,使用料及び賃借料,3,1,01使用料・借上料,03軽自動車情報システム使用料,,,,5774,R4決算書p40
2022,2,総務費,2,徴税費,1,税務総務費,税務一般経費,13,使用料及び賃借料,3,1,01使用料・借上料,04地方税共通納税システム使用料,,,,231000,R4決算書p40
2022,2,総務費,2,徴税費,1,税務総務費,税務一般経費,13,使用料及び賃借料,3,1,01使用料・借上料,05家屋評価システム使用料,,,,429000,R4決算書p40
2022,2,総務費,2,徴税費,1,税務総務費,税務一般経費,18,負担金補助及び交付金,1,0,,,,,,125047,R4決算書p40
2022,2,総務費,2,徴税費,1,税務総務費,税務一般経費,18,負担金補助及び交付金,2,0,21負担金,,,,,125047,R4決算書p40
2022,2,総務費,2,徴税費,1,税務総務費,税務一般経費,18,負担金補助及び交付金,3,1,21負担金,01飯伊地区税協負担金,,,,2200,R4決算書p40
2022,2,総務費,2,徴税費,1,税務総務費,税務一般経費,18,負担金補助及び交付金,3,1,21負担金,02長野県税制研究会負担金,,,,1500,R4決算書p40
2022,2,総務費,2,徴税費,1,税務総務費,税務一般経費,18,負担金補助及び交付金,3,1,21負担金,03資産評価システムセンター負担金,,,,30000,R4決算書p40
2022,2,総務費,2,徴税費,1,税務総務費,税務一般経費,18,負担金補助及び交付金,3,1,21負担金,06確定申告書郵送負担金,,,,62,R4決算書p40
2022,2,総務費,2,徴税費,1,税務総務費,税務一般経費,18,負担金補助及び交付金,3,1,21負担金,07年末調整関係用紙郵送負担金,,,,891,R4決算書p40
2022,2,総務費,2,徴税費,1,税務総務費,税務一般経費,18,負担金補助及び交付金,3,1,21負担金,08地方税電子化協議会負担金,,,,40394,R4決算書p40
2022,2,総務費,2,徴税費,1,税務総務費,税務一般経費,18,負担金補助及び交付金,3,1,21負担金,09長野県地方税滞納整理機構負担金,,,,50000,R4決算書p40
2022,2,総務費,2,徴税費,1,税務総務費,一般職人事管理経費（税務）,,,0,0,,,,,,10243287,R4決算書p40
2022,2,総務費,2,徴税費,1,税務総務費,一般職人事管理経費（税務）,2,給料,1,0,,,,,,5846100,R4決算書p40
2022,2,総務費,2,徴税費,1,税務総務費,一般職人事管理経費（税務）,2,給料,2,0,21職員給料,,,,,5846100,R4決算書p40
2022,2,総務費,2,徴税費,1,税務総務費,一般職人事管理経費（税務）,2,給料,3,1,21職員給料,01一般職員給料,,,,5846100,R4決算書p40
2022,2,総務費,2,徴税費,1,税務総務費,一般職人事管理経費（税務）,3,職員手当等,1,0,,,,,,2638012,R4決算書p40
2022,2,総務費,2,徴税費,1,税務総務費,一般職人事管理経費（税務）,3,職員手当等,2,1,21職員手当等,,,,,2638012,R4決算書p40
2022,2,総務費,2,徴税費,1,税務総務費,一般職人事管理経費（税務）,4,共済費,1,0,,,,,,1759175,R4決算書p41
2022,2,総務費,2,徴税費,1,税務総務費,一般職人事管理経費（税務）,4,共済費,2,0,31一般職共済費,,,,,1759175,R4決算書p41
2022,2,総務費,2,徴税費,1,税務総務費,一般職人事管理経費（税務）,4,共済費,3,1,31一般職共済費,01地方公務員共済組合等負担金,,,,1759175,R4決算書p41
2022,2,総務費,2,徴税費,2,賦課徴収費,賦課徴収事務経費,,,0,0,,,,,,1585949,R4決算書p41
2022,2,総務費,2,徴税費,2,賦課徴収費,賦課徴収事務経費,10,需用費,1,0,,,,,,1232143,R4決算書p41
2022,2,総務費,2,徴税費,2,賦課徴収費,賦課徴収事務経費,10,需用費,2,0,01消耗品,,,,,1232143,R4決算書p41
2022,2,総務費,2,徴税費,2,賦課徴収費,賦課徴収事務経費,10,需用費,3,1,01消耗品,01消耗品,,,,1232143,R4決算書p41
2022,2,総務費,2,徴税費,2,賦課徴収費,賦課徴収事務経費,22,償還金利子及び割引料,1,0,,,,,,353806,R4決算書p41
2022,2,総務費,2,徴税費,2,賦課徴収費,賦課徴収事務経費,22,償還金利子及び割引料,2,1,05償還金及び還付加算金,,,,,353806,R4決算書p41
2022,2,総務費,3,戸籍住民基本台帳費,1,戸籍住民基本台帳費,戸籍住民基本台帳経費,,,0,0,,,,,,24281292,R4決算書p41
2022,2,総務費,3,戸籍住民基本台帳費,1,戸籍住民基本台帳費,戸籍住民基本台帳経費,10,需用費,1,0,,,,,,1285287,R4決算書p41
2022,2,総務費,3,戸籍住民基本台帳費,1,戸籍住民基本台帳費,戸籍住民基本台帳経費,10,需用費,2,0,01消耗品,,,,,1285287,R4決算書p41
2022,2,総務費,3,戸籍住民基本台帳費,1,戸籍住民基本台帳費,戸籍住民基本台帳経費,10,需用費,3,1,01消耗品,01消耗品,,,,1250434,R4決算書p41
2022,2,総務費,3,戸籍住民基本台帳費,1,戸籍住民基本台帳費,戸籍住民基本台帳経費,10,需用費,3,1,01消耗品,02図書購入費,,,,34853,R4決算書p41
2022,2,総務費,3,戸籍住民基本台帳費,1,戸籍住民基本台帳費,戸籍住民基本台帳経費,11,役務費,1,0,,,,,,138451,R4決算書p41
2022,2,総務費,3,戸籍住民基本台帳費,1,戸籍住民基本台帳費,戸籍住民基本台帳経費,11,役務費,2,0,01通信運搬費,,,,,138451,R4決算書p41
2022,2,総務費,3,戸籍住民基本台帳費,1,戸籍住民基本台帳費,戸籍住民基本台帳経費,11,役務費,3,1,01通信運搬費,01住基カード関連郵送料,,,,138451,R4決算書p41
2022,2,総務費,3,戸籍住民基本台帳費,1,戸籍住民基本台帳費,戸籍住民基本台帳経費,12,委託料,1,0,,,,,,14779050,R4決算書p41
2022,2,総務費,3,戸籍住民基本台帳費,1,戸籍住民基本台帳費,戸籍住民基本台帳経費,12,委託料,2,0,11電算委託料,,,,,14779050,R4決算書p41
2022,2,総務費,3,戸籍住民基本台帳費,1,戸籍住民基本台帳費,戸籍住民基本台帳経費,12,委託料,3,1,11電算委託料,04戸籍機器・ソフト保守委託料,,,,2039400,R4決算書p41
2022,2,総務費,3,戸籍住民基本台帳費,1,戸籍住民基本台帳費,戸籍住民基本台帳経費,12,委託料,3,1,11電算委託料,05住民記録システムソフト保守料,,,,2185260,R4決算書p41
2022,2,総務費,3,戸籍住民基本台帳費,1,戸籍住民基本台帳費,戸籍住民基本台帳経費,12,委託料,3,1,11電算委託料,08住基ネット記録媒体保守委託料,,,,276100,R4決算書p41
2022,2,総務費,3,戸籍住民基本台帳費,1,戸籍住民基本台帳費,戸籍住民基本台帳経費,12,委託料,3,1,11電算委託料,09住基ネットシステム改修委託料,,,,373450,R4決算書p41
2022,2,総務費,3,戸籍住民基本台帳費,1,戸籍住民基本台帳費,戸籍住民基本台帳経費,12,委託料,3,1,11電算委託料,15戸籍副本データ管理システム保守委託料,,,,132000,R4決算書p41
2022,2,総務費,3,戸籍住民基本台帳費,1,戸籍住民基本台帳費,戸籍住民基本台帳経費,12,委託料,3,1,11電算委託料,16システム改修委託料,,,,5024360,R4決算書p41
2022,2,総務費,3,戸籍住民基本台帳費,1,戸籍住民基本台帳費,戸籍住民基本台帳経費,12,委託料,3,1,11電算委託料,19住基ネットワークハウジング委託料,,,,3065480,R4決算書p41
2022,2,総務費,3,戸籍住民基本台帳費,1,戸籍住民基本台帳費,戸籍住民基本台帳経費,12,委託料,3,1,11電算委託料,20システム改修委託料（明許繰越）,,,,1683000,R4決算書p41
2022,2,総務費,3,戸籍住民基本台帳費,1,戸籍住民基本台帳費,戸籍住民基本台帳経費,13,使用料及び賃借料,1,0,,,,,,6729204,R4決算書p41
2022,2,総務費,3,戸籍住民基本台帳費,1,戸籍住民基本台帳費,戸籍住民基本台帳経費,13,使用料及び賃借料,2,0,01使用料・借上料,,,,,6729204,R4決算書p41
2022,2,総務費,3,戸籍住民基本台帳費,1,戸籍住民基本台帳費,戸籍住民基本台帳経費,13,使用料及び賃借料,3,1,01使用料・借上料,01住民記録システムソフト使用料,,,,4290000,R4決算書p41
2022,2,総務費,3,戸籍住民基本台帳費,1,戸籍住民基本台帳費,戸籍住民基本台帳経費,13,使用料及び賃借料,3,1,01使用料・借上料,02戸籍ソフトリース料,,,,1765500,R4決算書p41
2022,2,総務費,3,戸籍住民基本台帳費,1,戸籍住民基本台帳費,戸籍住民基本台帳経費,13,使用料及び賃借料,3,1,01使用料・借上料,05戸籍総合システム使用料,,,,660000,R4決算書p41
2022,2,総務費,3,戸籍住民基本台帳費,1,戸籍住民基本台帳費,戸籍住民基本台帳経費,13,使用料及び賃借料,3,1,01使用料・借上料,07機材借上料,,,,13704,R4決算書p41
2022,2,総務費,3,戸籍住民基本台帳費,1,戸籍住民基本台帳費,戸籍住民基本台帳経費,18,負担金補助及び交付金,1,0,,,,,,1349300,R4決算書p41
2022,2,総務費,3,戸籍住民基本台帳費,1,戸籍住民基本台帳費,戸籍住民基本台帳経費,18,負担金補助及び交付金,2,0,21負担金,,,,,1349300,R4決算書p41
2022,2,総務費,3,戸籍住民基本台帳費,1,戸籍住民基本台帳費,戸籍住民基本台帳経費,18,負担金補助及び交付金,3,1,21負担金,01戸籍・住民協議会負担金,,,,2300,R4決算書p41
2022,2,総務費,3,戸籍住民基本台帳費,1,戸籍住民基本台帳費,戸籍住民基本台帳経費,18,負担金補助及び交付金,3,1,21負担金,03戸籍システム共同利用負担金,,,,1347000,R4決算書p41
2022,2,総務費,4,選挙費,1,選挙管理委員会費,選挙管理委員会経費,,,0,0,,,,,,45360,R4決算書p42
2022,2,総務費,4,選挙費,1,選挙管理委員会費,選挙管理委員会経費,1,報酬,1,0,,,,,,40500,R4決算書p42
2022,2,総務費,4,選挙費,1,選挙管理委員会費,選挙管理委員会経費,1,報酬,2,0,11委員報酬,,,,,40500,R4決算書p42
2022,2,総務費,4,選挙費,1,選挙管理委員会費,選挙管理委員会経費,1,報酬,3,1,11委員報酬,01選挙管理委員報酬,,,,40500,R4決算書p42
2022,2,総務費,4,選挙費,1,選挙管理委員会費,選挙管理委員会経費,8,旅費,1,0,,,,,,1860,R4決算書p42
2022,2,総務費,4,選挙費,1,選挙管理委員会費,選挙管理委員会経費,8,旅費,2,0,21委員旅費,,,,,1860,R4決算書p42
2022,2,総務費,4,選挙費,1,選挙管理委員会費,選挙管理委員会経費,8,旅費,3,1,21委員旅費,01委員旅費,,,,1860,R4決算書p42
2022,2,総務費,4,選挙費,1,選挙管理委員会費,選挙管理委員会経費,18,負担金補助及び交付金,1,0,,,,,,3000,R4決算書p42
2022,2,総務費,4,選挙費,1,選挙管理委員会費,選挙管理委員会経費,18,負担金補助及び交付金,2,0,21負担金,,,,,3000,R4決算書p42
2022,2,総務費,4,選挙費,1,選挙管理委員会費,選挙管理委員会経費,18,負担金補助及び交付金,3,1,21負担金,01下伊那郡選挙管理委員会連合会負担金,,,,3000,R4決算書p42
2022,2,総務費,4,選挙費,3,参議院議員選挙費,参議院議員選挙経費,,,0,0,,,,,,4037277,R4決算書p42
2022,2,総務費,4,選挙費,3,参議院議員選挙費,参議院議員選挙経費,1,報酬,1,0,,,,,,840118,R4決算書p42
2022,2,総務費,4,選挙費,3,参議院議員選挙費,参議院議員選挙経費,1,報酬,2,0,11委員報酬,,,,,840118,R4決算書p42
2022,2,総務費,4,選挙費,3,参議院議員選挙費,参議院議員選挙経費,1,報酬,3,1,11委員報酬,01選挙管理委員報酬,,,,343552,R4決算書p42
2022,2,総務費,4,選挙費,3,参議院議員選挙費,参議院議員選挙経費,1,報酬,3,1,11委員報酬,02選挙立会人等報酬,,,,496566,R4決算書p42
2022,2,総務費,4,選挙費,3,参議院議員選挙費,参議院議員選挙経費,3,職員手当等,1,0,,,,,,1219896,R4決算書p42
2022,2,総務費,4,選挙費,3,参議院議員選挙費,参議院議員選挙経費,3,職員手当等,2,1,21職員手当等,,,,,1219896,R4決算書p42
2022,2,総務費,4,選挙費,3,参議院議員選挙費,参議院議員選挙経費,10,需用費,1,0,,,,,,1814268,R4決算書p42
2022,2,総務費,4,選挙費,3,参議院議員選挙費,参議院議員選挙経費,10,需用費,2,0,01消耗品,,,,,1814268,R4決算書p42
2022,2,総務費,4,選挙費,3,参議院議員選挙費,参議院議員選挙経費,10,需用費,3,1,01消耗品,01選挙関係経費,,,,1814268,R4決算書p42
2022,2,総務費,4,選挙費,3,参議院議員選挙費,参議院議員選挙経費,11,役務費,1,0,,,,,,49915,R4決算書p42
2022,2,総務費,4,選挙費,3,参議院議員選挙費,参議院議員選挙経費,11,役務費,2,0,01通信運搬費,,,,,49915,R4決算書p42
2022,2,総務費,4,選挙費,3,参議院議員選挙費,参議院議員選挙経費,11,役務費,3,1,01通信運搬費,01郵便料,,,,49915,R4決算書p42
2022,2,総務費,4,選挙費,3,参議院議員選挙費,参議院議員選挙経費,12,委託料,1,0,,,,,,113080,R4決算書p42
2022,2,総務費,4,選挙費,3,参議院議員選挙費,参議院議員選挙経費,12,委託料,2,0,11電算委託料,,,,,113080,R4決算書p42
2022,2,総務費,4,選挙費,3,参議院議員選挙費,参議院議員選挙経費,12,委託料,3,1,11電算委託料,01選挙事務委託料,,,,113080,R4決算書p42
2022,2,総務費,4,選挙費,6,長野県議会議員選挙費,長野県議会議員選挙費,,,0,0,,,,,,1415078,R4決算書p42
2022,2,総務費,4,選挙費,6,長野県議会議員選挙費,長野県議会議員選挙費,1,報酬,1,0,,,,,,35600,R4決算書p42
2022,2,総務費,4,選挙費,6,長野県議会議員選挙費,長野県議会議員選挙費,1,報酬,2,0,11委員報酬,,,,,35600,R4決算書p42
2022,2,総務費,4,選挙費,6,長野県議会議員選挙費,長野県議会議員選挙費,1,報酬,3,1,11委員報酬,01選挙管理委員報酬,,,,35600,R4決算書p42
2022,2,総務費,4,選挙費,6,長野県議会議員選挙費,長野県議会議員選挙費,3,職員手当等,1,0,,,,,,9672,R4決算書p42
2022,2,総務費,4,選挙費,6,長野県議会議員選挙費,長野県議会議員選挙費,3,職員手当等,2,1,21職員手当等,,,,,9672,R4決算書p42
2022,2,総務費,4,選挙費,6,長野県議会議員選挙費,長野県議会議員選挙費,10,需用費,1,0,,,,,,1232072,R4決算書p42
2022,2,総務費,4,選挙費,6,長野県議会議員選挙費,長野県議会議員選挙費,10,需用費,2,0,01消耗品,,,,,1232072,R4決算書p42
2022,2,総務費,4,選挙費,6,長野県議会議員選挙費,長野県議会議員選挙費,10,需用費,3,1,01消耗品,01選挙関係経費,,,,1232072,R4決算書p42
2022,2,総務費,4,選挙費,6,長野県議会議員選挙費,長野県議会議員選挙費,11,役務費,1,0,,,,,,24654,R4決算書p42
2022,2,総務費,4,選挙費,6,長野県議会議員選挙費,長野県議会議員選挙費,11,役務費,2,0,01通信運搬費,,,,,24654,R4決算書p42
2022,2,総務費,4,選挙費,6,長野県議会議員選挙費,長野県議会議員選挙費,11,役務費,3,1,01通信運搬費,01郵便料,,,,24654,R4決算書p42
2022,2,総務費,4,選挙費,6,長野県議会議員選挙費,長野県議会議員選挙費,12,委託料,1,0,,,,,,113080,R4決算書p42
2022,2,総務費,4,選挙費,6,長野県議会議員選挙費,長野県議会議員選挙費,12,委託料,2,0,11電算委託料,,,,,113080,R4決算書p42
2022,2,総務費,4,選挙費,6,長野県議会議員選挙費,長野県議会議員選挙費,12,委託料,3,1,11電算委託料,01選挙事務委託料,,,,113080,R4決算書p42
2022,2,総務費,4,選挙費,10,長野県知事選挙費,長野県知事選挙費,,,0,0,,,,,,3755729,R4決算書p42
2022,2,総務費,4,選挙費,10,長野県知事選挙費,長野県知事選挙費,1,報酬,1,0,,,,,,792462,R4決算書p42
2022,2,総務費,4,選挙費,10,長野県知事選挙費,長野県知事選挙費,1,報酬,2,0,11委員報酬,,,,,792462,R4決算書p43
2022,2,総務費,4,選挙費,10,長野県知事選挙費,長野県知事選挙費,1,報酬,3,1,11委員報酬,01選挙管理委員報酬,,,,331496,R4決算書p43
2022,2,総務費,4,選挙費,10,長野県知事選挙費,長野県知事選挙費,1,報酬,3,1,11委員報酬,02選挙立会人等報酬,,,,460966,R4決算書p43
2022,2,総務費,4,選挙費,10,長野県知事選挙費,長野県知事選挙費,3,職員手当等,1,0,,,,,,1119442,R4決算書p43
2022,2,総務費,4,選挙費,10,長野県知事選挙費,長野県知事選挙費,3,職員手当等,2,1,21職員手当等,,,,,1119442,R4決算書p43
2022,2,総務費,4,選挙費,10,長野県知事選挙費,長野県知事選挙費,10,需用費,1,0,,,,,,1686088,R4決算書p43
2022,2,総務費,4,選挙費,10,長野県知事選挙費,長野県知事選挙費,10,需用費,2,0,01消耗品,,,,,1686088,R4決算書p43
2022,2,総務費,4,選挙費,10,長野県知事選挙費,長野県知事選挙費,10,需用費,3,1,01消耗品,01選挙関係経費,,,,1686088,R4決算書p43
2022,2,総務費,4,選挙費,10,長野県知事選挙費,長野県知事選挙費,11,役務費,1,0,,,,,,44657,R4決算書p43
2022,2,総務費,4,選挙費,10,長野県知事選挙費,長野県知事選挙費,11,役務費,2,0,01通信運搬費,,,,,44657,R4決算書p43
2022,2,総務費,4,選挙費,10,長野県知事選挙費,長野県知事選挙費,11,役務費,3,1,01通信運搬費,01郵便料,,,,44657,R4決算書p43
2022,2,総務費,4,選挙費,10,長野県知事選挙費,長野県知事選挙費,12,委託料,1,0,,,,,,113080,R4決算書p43
2022,2,総務費,4,選挙費,10,長野県知事選挙費,長野県知事選挙費,12,委託料,2,0,11電算委託料,,,,,113080,R4決算書p43
2022,2,総務費,4,選挙費,10,長野県知事選挙費,長野県知事選挙費,12,委託料,3,1,11電算委託料,01選挙事務委託料,,,,113080,R4決算書p43
2022,2,総務費,5,統計調査費,2,指定統計調査費,基幹統計経費,,,0,0,,,,,,19206,R4決算書p43
2022,2,総務費,5,統計調査費,2,指定統計調査費,基幹統計経費,1,報酬,1,0,,,,,,11170,R4決算書p43
2022,2,総務費,5,統計調査費,2,指定統計調査費,基幹統計経費,1,報酬,2,0,11委員報酬,,,,,11170,R4決算書p43
2022,2,総務費,5,統計調査費,2,指定統計調査費,基幹統計経費,1,報酬,3,1,11委員報酬,01統計調査員報酬,,,,11170,R4決算書p43
2022,2,総務費,5,統計調査費,2,指定統計調査費,基幹統計経費,8,旅費,1,0,,,,,,960,R4決算書p43
2022,2,総務費,5,統計調査費,2,指定統計調査費,基幹統計経費,8,旅費,2,0,11職員旅費,,,,,960,R4決算書p43
2022,2,総務費,5,統計調査費,2,指定統計調査費,基幹統計経費,8,旅費,3,1,11職員旅費,01職員旅費,,,,960,R4決算書p43
2022,2,総務費,5,統計調査費,2,指定統計調査費,基幹統計経費,10,需用費,1,0,,,,,,6274,R4決算書p43
2022,2,総務費,5,統計調査費,2,指定統計調査費,基幹統計経費,10,需用費,2,0,01消耗品,,,,,6274,R4決算書p43
2022,2,総務費,5,統計調査費,2,指定統計調査費,基幹統計経費,10,需用費,3,1,01消耗品,01消耗品,,,,6274,R4決算書p43
2022,2,総務費,5,統計調査費,2,指定統計調査費,基幹統計経費,11,役務費,1,0,,,,,,802,R4決算書p43
2022,2,総務費,5,統計調査費,2,指定統計調査費,基幹統計経費,11,役務費,2,0,01通信運搬費,,,,,802,R4決算書p43
2022,2,総務費,5,統計調査費,2,指定統計調査費,基幹統計経費,11,役務費,3,1,01通信運搬費,01郵便料,,,,802,R4決算書p43
2022,2,総務費,6,監査委員費,1,監査委員費,監査委員関係経費,,,0,0,,,,,,632900,R4決算書p43
2022,2,総務費,6,監査委員費,1,監査委員費,監査委員関係経費,1,報酬,1,0,,,,,,537900,R4決算書p43
2022,2,総務費,6,監査委員費,1,監査委員費,監査委員関係経費,1,報酬,2,0,11委員報酬,,,,,537900,R4決算書p43
2022,2,総務費,6,監査委員費,1,監査委員費,監査委員関係経費,1,報酬,3,1,11委員報酬,01監査委員報酬,,,,537900,R4決算書p43
2022,2,総務費,6,監査委員費,1,監査委員費,監査委員関係経費,8,旅費,1,0,,,,,,72000,R4決算書p43
2022,2,総務費,6,監査委員費,1,監査委員費,監査委員関係経費,8,旅費,2,0,21委員旅費,,,,,72000,R4決算書p43
2022,2,総務費,6,監査委員費,1,監査委員費,監査委員関係経費,8,旅費,3,1,21委員旅費,01委員旅費,,,,72000,R4決算書p43
2022,2,総務費,6,監査委員費,1,監査委員費,監査委員関係経費,18,負担金補助及び交付金,1,0,,,,,,23000,R4決算書p43
2022,2,総務費,6,監査委員費,1,監査委員費,監査委員関係経費,18,負担金補助及び交付金,2,0,21負担金,,,,,23000,R4決算書p43
2022,2,総務費,6,監査委員費,1,監査委員費,監査委員関係経費,18,負担金補助及び交付金,3,1,21負担金,01下伊那郡監査委員協議会負担金,,,,23000,R4決算書p43
2022,2,総務費,7,国土調査費,1,地籍調査費,地籍調査関係経費,,,0,0,,,,,,10021977,R4決算書p44
2022,2,総務費,7,国土調査費,1,地籍調査費,地籍調査関係経費,1,報酬,1,0,,,,,,1820000,R4決算書p44
2022,2,総務費,7,国土調査費,1,地籍調査費,地籍調査関係経費,1,報酬,2,0,26会計年度任用職員報酬,,,,,1820000,R4決算書p44
2022,2,総務費,7,国土調査費,1,地籍調査費,地籍調査関係経費,1,報酬,3,1,26会計年度任用職員報酬,01測量補助報酬,,,,1820000,R4決算書p44
2022,2,総務費,7,国土調査費,1,地籍調査費,地籍調査関係経費,10,需用費,1,0,,,,,,769747,R4決算書p44
2022,2,総務費,7,国土調査費,1,地籍調査費,地籍調査関係経費,10,需用費,2,0,01消耗品,,,,,628101,R4決算書p44
2022,2,総務費,7,国土調査費,1,地籍調査費,地籍調査関係経費,10,需用費,3,1,01消耗品,01消耗品,,,,232569,R4決算書p44
2022,2,総務費,7,国土調査費,1,地籍調査費,地籍調査関係経費,10,需用費,3,1,01消耗品,03現場消耗品,,,,395532,R4決算書p44
2022,2,総務費,7,国土調査費,1,地籍調査費,地籍調査関係経費,10,需用費,2,0,11燃料費,,,,,93697,R4決算書p44
2022,2,総務費,7,国土調査費,1,地籍調査費,地籍調査関係経費,10,需用費,3,1,11燃料費,01公用車燃料費,,,,93697,R4決算書p44
2022,2,総務費,7,国土調査費,1,地籍調査費,地籍調査関係経費,10,需用費,2,0,51修繕費,,,,,47949,R4決算書p44
2022,2,総務費,7,国土調査費,1,地籍調査費,地籍調査関係経費,10,需用費,3,1,51修繕費,02公用車修繕費,,,,47949,R4決算書p44
2022,2,総務費,7,国土調査費,1,地籍調査費,地籍調査関係経費,11,役務費,1,0,,,,,,47000,R4決算書p44
2022,2,総務費,7,国土調査費,1,地籍調査費,地籍調査関係経費,11,役務費,2,0,21手数料,,,,,32010,R4決算書p44
2022,2,総務費,7,国土調査費,1,地籍調査費,地籍調査関係経費,11,役務費,3,1,21手数料,01公用車車検点検料,,,,32010,R4決算書p44
2022,2,総務費,7,国土調査費,1,地籍調査費,地籍調査関係経費,11,役務費,2,0,41損害保険料,,,,,14990,R4決算書p44
2022,2,総務費,7,国土調査費,1,地籍調査費,地籍調査関係経費,11,役務費,3,1,41損害保険料,01公用車共済保険料,,,,14990,R4決算書p44
2022,2,総務費,7,国土調査費,1,地籍調査費,地籍調査関係経費,12,委託料,1,0,,,,,,6482135,R4決算書p44
2022,2,総務費,7,国土調査費,1,地籍調査費,地籍調査関係経費,12,委託料,2,0,51業務委託料,,,,,1048135,R4決算書p44
2022,2,総務費,7,国土調査費,1,地籍調査費,地籍調査関係経費,12,委託料,3,1,51業務委託料,01伐開委託料,,,,52800,R4決算書p44
2022,2,総務費,7,国土調査費,1,地籍調査費,地籍調査関係経費,12,委託料,3,1,51業務委託料,02ＧＩＳ作成業務委託料,,,,995335,R4決算書p44
2022,2,総務費,7,国土調査費,1,地籍調査費,地籍調査関係経費,12,委託料,2,0,71調査・設計・整理委託料,,,,,5434000,R4決算書p44
2022,2,総務費,7,国土調査費,1,地籍調査費,地籍調査関係経費,12,委託料,3,1,71調査・設計・整理委託料,01地籍調査委託料,,,,5434000,R4決算書p44
2022,2,総務費,7,国土調査費,1,地籍調査費,地籍調査関係経費,13,使用料及び賃借料,1,0,,,,,,856680,R4決算書p44
2022,2,総務費,7,国土調査費,1,地籍調査費,地籍調査関係経費,13,使用料及び賃借料,2,0,01使用料・借上料,,,,,856680,R4決算書p44
2022,2,総務費,7,国土調査費,1,地籍調査費,地籍調査関係経費,13,使用料及び賃借料,3,1,01使用料・借上料,01コピーリース料,,,,580800,R4決算書p44
2022,2,総務費,7,国土調査費,1,地籍調査費,地籍調査関係経費,13,使用料及び賃借料,3,1,01使用料・借上料,04国調支援システムリース料,,,,275880,R4決算書p44
2022,2,総務費,7,国土調査費,1,地籍調査費,地籍調査関係経費,18,負担金補助及び交付金,1,0,,,,,,38000,R4決算書p44
2022,2,総務費,7,国土調査費,1,地籍調査費,地籍調査関係経費,18,負担金補助及び交付金,2,0,21負担金,,,,,38000,R4決算書p44
2022,2,総務費,7,国土調査費,1,地籍調査費,地籍調査関係経費,18,負担金補助及び交付金,3,1,21負担金,01地籍調査協会負担金,,,,38000,R4決算書p44
2022,2,総務費,7,国土調査費,1,地籍調査費,地籍調査関係経費,21,補償補填及び賠償金,1,0,,,,,,1815,R4決算書p44
2022,2,総務費,7,国土調査費,1,地籍調査費,地籍調査関係経費,21,補償補填及び賠償金,2,0,01補償料,,,,,1815,R4決算書p44
2022,2,総務費,7,国土調査費,1,地籍調査費,地籍調査関係経費,21,補償補填及び賠償金,3,1,01補償料,01伐開補償料,,,,1815,R4決算書p44
2022,2,総務費,7,国土調査費,1,地籍調査費,地籍調査関係経費,26,公課費,1,0,,,,,,6600,R4決算書p44
2022,2,総務費,7,国土調査費,1,地籍調査費,地籍調査関係経費,26,公課費,2,0,01重量税,,,,,6600,R4決算書p44
2022,2,総務費,7,国土調査費,1,地籍調査費,地籍調査関係経費,26,公課費,3,1,01重量税,01公用車重量税,,,,6600,R4決算書p44
2022,2,総務費,7,国土調査費,1,地籍調査費,一般職員人事管理経費（地籍調査）,,,0,0,,,,,,10920693,R4決算書p44
2022,2,総務費,7,国土調査費,1,地籍調査費,一般職員人事管理経費（地籍調査）,2,給料,1,0,,,,,,6273000,R4決算書p44
2022,2,総務費,7,国土調査費,1,地籍調査費,一般職員人事管理経費（地籍調査）,2,給料,2,0,21職員給料,,,,,6273000,R4決算書p44
2022,2,総務費,7,国土調査費,1,地籍調査費,一般職員人事管理経費（地籍調査）,2,給料,3,1,21職員給料,01一般職員給料,,,,6273000,R4決算書p44
2022,2,総務費,7,国土調査費,1,地籍調査費,一般職員人事管理経費（地籍調査）,3,職員手当等,1,0,,,,,,2733858,R4決算書p44
2022,2,総務費,7,国土調査費,1,地籍調査費,一般職員人事管理経費（地籍調査）,3,職員手当等,2,1,21職員手当等,,,,,2733858,R4決算書p44
2022,2,総務費,7,国土調査費,1,地籍調査費,一般職員人事管理経費（地籍調査）,4,共済費,1,0,,,,,,1913835,R4決算書p44
2022,2,総務費,7,国土調査費,1,地籍調査費,一般職員人事管理経費（地籍調査）,4,共済費,2,0,31一般職共済費,,,,,1913835,R4決算書p45
2022,2,総務費,7,国土調査費,1,地籍調査費,一般職員人事管理経費（地籍調査）,4,共済費,3,1,31一般職共済費,01地方公務員共済組合等負担金,,,,1913835,R4決算書p45
2022,6,農林水産業費,1,農業費,1,農業委員会費,農業委員会運営経費,,,0,0,,,,,,2982484,R4決算書p62
2022,6,農林水産業費,1,農業費,1,農業委員会費,農業委員会運営経費,1,報酬,1,0,,,,,,2791750,R4決算書p62
2022,6,農林水産業費,1,農業費,1,農業委員会費,農業委員会運営経費,1,報酬,2,0,11委員報酬,,,,,2791750,R4決算書p62
2022,6,農林水産業費,1,農業費,1,農業委員会費,農業委員会運営経費,1,報酬,3,1,11委員報酬,01農業委員報酬,,,,1664150,R4決算書p62
2022,6,農林水産業費,1,農業費,1,農業委員会費,農業委員会運営経費,1,報酬,3,1,11委員報酬,02農地利用最適化推進委員報酬,,,,438000,R4決算書p62
2022,6,農林水産業費,1,農業費,1,農業委員会費,農業委員会運営経費,1,報酬,3,1,11委員報酬,03農地利用状況調査員報酬,,,,302600,R4決算書p62
2022,6,農林水産業費,1,農業費,1,農業委員会費,農業委員会運営経費,1,報酬,3,1,11委員報酬,04機構集積支援事業報酬,,,,378400,R4決算書p62
2022,6,農林水産業費,1,農業費,1,農業委員会費,農業委員会運営経費,1,報酬,3,1,11委員報酬,05農業委員候補者評価委員会報酬,,,,8600,R4決算書p62
2022,6,農林水産業費,1,農業費,1,農業委員会費,農業委員会運営経費,8,旅費,1,0,,,,,,6000,R4決算書p62
2022,6,農林水産業費,1,農業費,1,農業委員会費,農業委員会運営経費,8,旅費,2,0,11職員旅費,,,,,2000,R4決算書p62
2022,6,農林水産業費,1,農業費,1,農業委員会費,農業委員会運営経費,8,旅費,3,1,11職員旅費,01職員旅費,,,,2000,R4決算書p62
2022,6,農林水産業費,1,農業費,1,農業委員会費,農業委員会運営経費,8,旅費,2,0,21委員旅費,,,,,4000,R4決算書p62
2022,6,農林水産業費,1,農業費,1,農業委員会費,農業委員会運営経費,8,旅費,3,1,21委員旅費,01委員旅費,,,,4000,R4決算書p62
2022,6,農林水産業費,1,農業費,1,農業委員会費,農業委員会運営経費,10,需用費,1,0,,,,,,103816,R4決算書p62
2022,6,農林水産業費,1,農業費,1,農業委員会費,農業委員会運営経費,10,需用費,2,0,01消耗品,,,,,103816,R4決算書p62
2022,6,農林水産業費,1,農業費,1,農業委員会費,農業委員会運営経費,10,需用費,3,1,01消耗品,01消耗品,,,,62796,R4決算書p62
2022,6,農林水産業費,1,農業費,1,農業委員会費,農業委員会運営経費,10,需用費,3,1,01消耗品,02図書購入費,,,,41020,R4決算書p62
2022,6,農林水産業費,1,農業費,1,農業委員会費,農業委員会運営経費,11,役務費,1,0,,,,,,30418,R4決算書p62
2022,6,農林水産業費,1,農業費,1,農業委員会費,農業委員会運営経費,11,役務費,2,0,01通信運搬費,,,,,21418,R4決算書p63
2022,6,農林水産業費,1,農業費,1,農業委員会費,農業委員会運営経費,11,役務費,3,1,01通信運搬費,01郵便料,,,,21418,R4決算書p63
2022,6,農林水産業費,1,農業費,1,農業委員会費,農業委員会運営経費,11,役務費,2,0,41損害保険料,,,,,9000,R4決算書p63
2022,6,農林水産業費,1,農業費,1,農業委員会費,農業委員会運営経費,11,役務費,3,1,41損害保険料,01農業委員会公務災害保険料,,,,9000,R4決算書p63
2022,6,農林水産業費,1,農業費,1,農業委員会費,農業委員会運営経費,18,負担金補助及び交付金,1,0,,,,,,50500,R4決算書p63
2022,6,農林水産業費,1,農業費,1,農業委員会費,農業委員会運営経費,18,負担金補助及び交付金,2,0,21負担金,,,,,50500,R4決算書p63
2022,6,農林水産業費,1,農業費,1,農業委員会費,農業委員会運営経費,18,負担金補助及び交付金,3,1,21負担金,01飯伊農業委員会協議会負担金,,,,13000,R4決算書p63
2022,6,農林水産業費,1,農業費,1,農業委員会費,農業委員会運営経費,18,負担金補助及び交付金,3,1,21負担金,02長野県農業会議負担金,,,,36000,R4決算書p63
2022,6,農林水産業費,1,農業費,1,農業委員会費,農業委員会運営経費,18,負担金補助及び交付金,3,1,21負担金,05研修会負担金,,,,1500,R4決算書p63
2022,6,農林水産業費,1,農業費,2,農業総務費,農業総務一般経費,,,0,0,,,,,,188163,R4決算書p63
2022,6,農林水産業費,1,農業費,2,農業総務費,農業総務一般経費,8,旅費,1,0,,,,,,3000,R4決算書p63
2022,6,農林水産業費,1,農業費,2,農業総務費,農業総務一般経費,8,旅費,2,0,11職員旅費,,,,,3000,R4決算書p63
2022,6,農林水産業費,1,農業費,2,農業総務費,農業総務一般経費,8,旅費,3,1,11職員旅費,01職員旅費,,,,3000,R4決算書p63
2022,6,農林水産業費,1,農業費,2,農業総務費,農業総務一般経費,10,需用費,1,0,,,,,,127140,R4決算書p63
2022,6,農林水産業費,1,農業費,2,農業総務費,農業総務一般経費,10,需用費,2,0,01消耗品,,,,,13828,R4決算書p63
2022,6,農林水産業費,1,農業費,2,農業総務費,農業総務一般経費,10,需用費,3,1,01消耗品,02図書購入費,,,,13828,R4決算書p63
2022,6,農林水産業費,1,農業費,2,農業総務費,農業総務一般経費,10,需用費,2,0,11燃料費,,,,,86791,R4決算書p63
2022,6,農林水産業費,1,農業費,2,農業総務費,農業総務一般経費,10,需用費,3,1,11燃料費,01公用車燃料費,,,,86791,R4決算書p63
2022,6,農林水産業費,1,農業費,2,農業総務費,農業総務一般経費,10,需用費,2,0,51修繕費,,,,,26521,R4決算書p63
2022,6,農林水産業費,1,農業費,2,農業総務費,農業総務一般経費,10,需用費,3,1,51修繕費,01公用車修繕費,,,,26521,R4決算書p63
2022,6,農林水産業費,1,農業費,2,農業総務費,農業総務一般経費,11,役務費,1,0,,,,,,20480,R4決算書p63
2022,6,農林水産業費,1,農業費,2,農業総務費,農業総務一般経費,11,役務費,2,0,41損害保険料,,,,,20480,R4決算書p63
2022,6,農林水産業費,1,農業費,2,農業総務費,農業総務一般経費,11,役務費,3,1,41損害保険料,01公用車共済保険料,,,,20480,R4決算書p63
2022,6,農林水産業費,1,農業費,2,農業総務費,農業総務一般経費,18,負担金補助及び交付金,1,0,,,,,,37543,R4決算書p63
2022,6,農林水産業費,1,農業費,2,農業総務費,農業総務一般経費,18,負担金補助及び交付金,2,0,21負担金,,,,,37543,R4決算書p63
2022,6,農林水産業費,1,農業費,2,農業総務費,農業総務一般経費,18,負担金補助及び交付金,3,1,21負担金,04伊那谷アグリイノベーション推進機構負担金,,,,20000,R4決算書p63
2022,6,農林水産業費,1,農業費,2,農業総務費,農業総務一般経費,18,負担金補助及び交付金,3,1,21負担金,05南信州・担い手就農プロデュース負担金,,,,17543,R4決算書p63
2022,6,農林水産業費,1,農業費,2,農業総務費,一般職人事管理経費（農務）,,,0,0,,,,,,18833775,R4決算書p63
2022,6,農林水産業費,1,農業費,2,農業総務費,一般職人事管理経費（農務）,2,給料,1,0,,,,,,9828200,R4決算書p63
2022,6,農林水産業費,1,農業費,2,農業総務費,一般職人事管理経費（農務）,2,給料,2,0,21職員給料,,,,,9828200,R4決算書p63
2022,6,農林水産業費,1,農業費,2,農業総務費,一般職人事管理経費（農務）,2,給料,3,1,21職員給料,01一般職員給料,,,,9828200,R4決算書p63
2022,6,農林水産業費,1,農業費,2,農業総務費,一般職人事管理経費（農務）,3,職員手当等,1,0,,,,,,5753575,R4決算書p63
2022,6,農林水産業費,1,農業費,2,農業総務費,一般職人事管理経費（農務）,3,職員手当等,2,1,21職員手当等,,,,,5753575,R4決算書p63
2022,6,農林水産業費,1,農業費,2,農業総務費,一般職人事管理経費（農務）,4,共済費,1,0,,,,,,3252000,R4決算書p63
2022,6,農林水産業費,1,農業費,2,農業総務費,一般職人事管理経費（農務）,4,共済費,2,0,31一般職共済費,,,,,3252000,R4決算書p63
2022,6,農林水産業費,1,農業費,2,農業総務費,一般職人事管理経費（農務）,4,共済費,3,1,31一般職共済費,01地方公務員共済組合等負担金,,,,3252000,R4決算書p63
2022,6,農林水産業費,1,農業費,3,農業振興費,農業振興一般経費,,,0,0,,,,,,33075564,R4決算書p63
2022,6,農林水産業費,1,農業費,3,農業振興費,農業振興一般経費,1,報酬,1,0,,,,,,43000,R4決算書p63
2022,6,農林水産業費,1,農業費,3,農業振興費,農業振興一般経費,1,報酬,2,0,11委員報酬,,,,,43000,R4決算書p63
2022,6,農林水産業費,1,農業費,3,農業振興費,農業振興一般経費,1,報酬,3,1,11委員報酬,02人・農地プラン策定委員報酬,,,,34400,R4決算書p63
2022,6,農林水産業費,1,農業費,3,農業振興費,農業振興一般経費,1,報酬,3,1,11委員報酬,03認定農業者審査会報酬,,,,8600,R4決算書p64
2022,6,農林水産業費,1,農業費,3,農業振興費,農業振興一般経費,10,需用費,1,0,,,,,,3622765,R4決算書p64
2022,6,農林水産業費,1,農業費,3,農業振興費,農業振興一般経費,10,需用費,2,0,01消耗品,,,,,382966,R4決算書p64
2022,6,農林水産業費,1,農業費,3,農業振興費,農業振興一般経費,10,需用費,3,1,01消耗品,01消耗品,,,,382966,R4決算書p64
2022,6,農林水産業費,1,農業費,3,農業振興費,農業振興一般経費,10,需用費,2,0,41光熱水費,,,,,2704049,R4決算書p64
2022,6,農林水産業費,1,農業費,3,農業振興費,農業振興一般経費,10,需用費,3,1,41光熱水費,01水道料,,,,176889,R4決算書p64
2022,6,農林水産業費,1,農業費,3,農業振興費,農業振興一般経費,10,需用費,3,1,41光熱水費,02電気料（農業施設）,,,,2403260,R4決算書p64
2022,6,農林水産業費,1,農業費,3,農業振興費,農業振興一般経費,10,需用費,3,1,41光熱水費,03ガス代,,,,123900,R4決算書p64
2022,6,農林水産業費,1,農業費,3,農業振興費,農業振興一般経費,10,需用費,2,0,51修繕費,,,,,535750,R4決算書p64
2022,6,農林水産業費,1,農業費,3,農業振興費,農業振興一般経費,10,需用費,3,1,51修繕費,01塩の里施設修繕費,,,,279300,R4決算書p64
2022,6,農林水産業費,1,農業費,3,農業振興費,農業振興一般経費,10,需用費,3,1,51修繕費,02農業用機器修繕費,,,,256450,R4決算書p64
2022,6,農林水産業費,1,農業費,3,農業振興費,農業振興一般経費,11,役務費,1,0,,,,,,434831,R4決算書p64
2022,6,農林水産業費,1,農業費,3,農業振興費,農業振興一般経費,11,役務費,2,0,01通信運搬費,,,,,103340,R4決算書p64
2022,6,農林水産業費,1,農業費,3,農業振興費,農業振興一般経費,11,役務費,3,1,01通信運搬費,03情報通信接続料,,,,103340,R4決算書p64
2022,6,農林水産業費,1,農業費,3,農業振興費,農業振興一般経費,11,役務費,2,0,21手数料,,,,,47100,R4決算書p64
2022,6,農林水産業費,1,農業費,3,農業振興費,農業振興一般経費,11,役務費,3,1,21手数料,01消防施設点検料,,,,34100,R4決算書p64
2022,6,農林水産業費,1,農業費,3,農業振興費,農業振興一般経費,11,役務費,3,1,21手数料,04合併処理浄化槽検査手数料,,,,13000,R4決算書p64
2022,6,農林水産業費,1,農業費,3,農業振興費,農業振興一般経費,11,役務費,2,0,41損害保険料,,,,,284391,R4決算書p64
2022,6,農林水産業費,1,農業費,3,農業振興費,農業振興一般経費,11,役務費,3,1,41損害保険料,01村有建物災害共済保険料,,,,284391,R4決算書p64
2022,6,農林水産業費,1,農業費,3,農業振興費,農業振興一般経費,12,委託料,1,0,,,,,,3290510,R4決算書p64
2022,6,農林水産業費,1,農業費,3,農業振興費,農業振興一般経費,12,委託料,2,0,21保守管理委託料,,,,,3290510,R4決算書p64
2022,6,農林水産業費,1,農業費,3,農業振興費,農業振興一般経費,12,委託料,3,1,21保守管理委託料,01農産物加工直売施設機器保守管理委託料,,,,366000,R4決算書p64
2022,6,農林水産業費,1,農業費,3,農業振興費,農業振興一般経費,12,委託料,3,1,21保守管理委託料,02合併浄化槽保守管理委託料,,,,209600,R4決算書p64
2022,6,農林水産業費,1,農業費,3,農業振興費,農業振興一般経費,12,委託料,3,1,21保守管理委託料,04塩の里施設管理（村委託分）委託料,,,,2714910,R4決算書p64
2022,6,農林水産業費,1,農業費,3,農業振興費,農業振興一般経費,13,使用料及び賃借料,1,0,,,,,,358945,R4決算書p64
2022,6,農林水産業費,1,農業費,3,農業振興費,農業振興一般経費,13,使用料及び賃借料,2,0,01使用料・借上料,,,,,95040,R4決算書p64
2022,6,農林水産業費,1,農業費,3,農業振興費,農業振興一般経費,13,使用料及び賃借料,3,1,01使用料・借上料,01事務用機器リース料,,,,95040,R4決算書p64
2022,6,農林水産業費,1,農業費,3,農業振興費,農業振興一般経費,13,使用料及び賃借料,2,0,12敷地料,,,,,263905,R4決算書p64
2022,6,農林水産業費,1,農業費,3,農業振興費,農業振興一般経費,13,使用料及び賃借料,3,1,12敷地料,01農の拠点（仮）敷地料,,,,263905,R4決算書p64
2022,6,農林水産業費,1,農業費,3,農業振興費,農業振興一般経費,14,工事請負費,1,0,,,,,,6578550,R4決算書p64
2022,6,農林水産業費,1,農業費,3,農業振興費,農業振興一般経費,14,工事請負費,2,0,31単独事業,,,,,6578550,R4決算書p64
2022,6,農林水産業費,1,農業費,3,農業振興費,農業振興一般経費,14,工事請負費,3,1,31単独事業,04農産物加工直売施設改修工事,,,,2178000,R4決算書p64
2022,6,農林水産業費,1,農業費,3,農業振興費,農業振興一般経費,14,工事請負費,3,1,31単独事業,06農業施設整備工事,,,,3498550,R4決算書p64
2022,6,農林水産業費,1,農業費,3,農業振興費,農業振興一般経費,14,工事請負費,3,1,31単独事業,07農業施設整備工事（繰越明許分）,,,,902000,R4決算書p64
2022,6,農林水産業費,1,農業費,3,農業振興費,農業振興一般経費,17,備品購入費,1,0,,,,,,3765372,R4決算書p64
2022,6,農林水産業費,1,農業費,3,農業振興費,農業振興一般経費,17,備品購入費,2,0,01備品購入費,,,,,3765372,R4決算書p64
2022,6,農林水産業費,1,農業費,3,農業振興費,農業振興一般経費,17,備品購入費,3,1,01備品購入費,01大豆用収穫機械購入費,,,,730600,R4決算書p64
2022,6,農林水産業費,1,農業費,3,農業振興費,農業振興一般経費,17,備品購入費,3,1,01備品購入費,03そば用収穫機械購入費,,,,2274100,R4決算書p64
2022,6,農林水産業費,1,農業費,3,農業振興費,農業振興一般経費,17,備品購入費,3,1,01備品購入費,04農産物加工直売施設備品購入費,,,,760672,R4決算書p64
2022,6,農林水産業費,1,農業費,3,農業振興費,農業振興一般経費,18,負担金補助及び交付金,1,0,,,,,,14981591,R4決算書p64
2022,6,農林水産業費,1,農業費,3,農業振興費,農業振興一般経費,18,負担金補助及び交付金,2,0,51補助金,,,,,14981591,R4決算書p64
2022,6,農林水産業費,1,農業費,3,農業振興費,農業振興一般経費,18,負担金補助及び交付金,3,1,51補助金,01獣害防止施設設置補助金,,,,10122000,R4決算書p64
2022,6,農林水産業費,1,農業費,3,農業振興費,農業振興一般経費,18,負担金補助及び交付金,3,1,51補助金,04ふるさと保全活動補助金,,,,40749,R4決算書p65
2022,6,農林水産業費,1,農業費,3,農業振興費,農業振興一般経費,18,負担金補助及び交付金,3,1,51補助金,05産業文化祭補助金,,,,200000,R4決算書p65
2022,6,農林水産業費,1,農業費,3,農業振興費,農業振興一般経費,18,負担金補助及び交付金,3,1,51補助金,10地産地消支援事業補助金,,,,22680,R4決算書p65
2022,6,農林水産業費,1,農業費,3,農業振興費,農業振興一般経費,18,負担金補助及び交付金,3,1,51補助金,11大豆価格安定事業補助金,,,,87280,R4決算書p65
2022,6,農林水産業費,1,農業費,3,農業振興費,農業振興一般経費,18,負担金補助及び交付金,3,1,51補助金,15燃料価格高騰緊急支援事業補助金,,,,1323000,R4決算書p65
2022,6,農林水産業費,1,農業費,3,農業振興費,農業振興一般経費,18,負担金補助及び交付金,3,1,51補助金,19遊休農地対策事業補助金,,,,940132,R4決算書p65
2022,6,農林水産業費,1,農業費,3,農業振興費,農業振興一般経費,18,負担金補助及び交付金,3,1,51補助金,20特産農産物生産振興補助金,,,,367000,R4決算書p65
2022,6,農林水産業費,1,農業費,3,農業振興費,農業振興一般経費,18,負担金補助及び交付金,3,1,51補助金,21水田農業支援補助金,,,,1878750,R4決算書p65
2022,6,農林水産業費,1,農業費,3,農業振興費,経営所得安定対策事業,,,0,0,,,,,,23564,R4決算書p65
2022,6,農林水産業費,1,農業費,3,農業振興費,経営所得安定対策事業,10,需用費,1,0,,,,,,7664,R4決算書p65
2022,6,農林水産業費,1,農業費,3,農業振興費,経営所得安定対策事業,10,需用費,2,0,01消耗品,,,,,7664,R4決算書p65
2022,6,農林水産業費,1,農業費,3,農業振興費,経営所得安定対策事業,10,需用費,3,1,01消耗品,01消耗品,,,,7664,R4決算書p65
2022,6,農林水産業費,1,農業費,3,農業振興費,経営所得安定対策事業,11,役務費,1,0,,,,,,15900,R4決算書p65
2022,6,農林水産業費,1,農業費,3,農業振興費,経営所得安定対策事業,11,役務費,2,0,01通信運搬費,,,,,15900,R4決算書p65
2022,6,農林水産業費,1,農業費,3,農業振興費,経営所得安定対策事業,11,役務費,3,1,01通信運搬費,01郵便料,,,,15900,R4決算書p65
2022,6,農林水産業費,1,農業費,3,農業振興費,有害鳥獣駆除関係経費,,,0,0,,,,,,912000,R4決算書p65
2022,6,農林水産業費,1,農業費,3,農業振興費,有害鳥獣駆除関係経費,7,報償費,1,0,,,,,,832000,R4決算書p65
2022,6,農林水産業費,1,農業費,3,農業振興費,有害鳥獣駆除関係経費,7,報償費,2,0,21買上金,,,,,832000,R4決算書p65
2022,6,農林水産業費,1,農業費,3,農業振興費,有害鳥獣駆除関係経費,7,報償費,3,1,21買上金,01有害鳥獣駆除報償,,,,832000,R4決算書p65
2022,6,農林水産業費,1,農業費,3,農業振興費,有害鳥獣駆除関係経費,12,委託料,1,0,,,,,,80000,R4決算書p65
2022,6,農林水産業費,1,農業費,3,農業振興費,有害鳥獣駆除関係経費,12,委託料,2,0,21保守管理委託料,,,,,80000,R4決算書p65
2022,6,農林水産業費,1,農業費,3,農業振興費,有害鳥獣駆除関係経費,12,委託料,3,1,21保守管理委託料,01有害鳥獣捕獲檻管理委託料,,,,80000,R4決算書p65
2022,6,農林水産業費,1,農業費,3,農業振興費,地域ブランド推進事業,,,0,0,,,,,,1143339,R4決算書p65
2022,6,農林水産業費,1,農業費,3,農業振興費,地域ブランド推進事業,1,報酬,1,0,,,,,,12900,R4決算書p65
2022,6,農林水産業費,1,農業費,3,農業振興費,地域ブランド推進事業,1,報酬,2,0,11委員報酬,,,,,12900,R4決算書p65
2022,6,農林水産業費,1,農業費,3,農業振興費,地域ブランド推進事業,1,報酬,3,1,11委員報酬,01地域ブランド協議会報酬,,,,12900,R4決算書p65
2022,6,農林水産業費,1,農業費,3,農業振興費,地域ブランド推進事業,10,需用費,1,0,,,,,,971439,R4決算書p65
2022,6,農林水産業費,1,農業費,3,農業振興費,地域ブランド推進事業,10,需用費,2,0,01消耗品,,,,,288339,R4決算書p65
2022,6,農林水産業費,1,農業費,3,農業振興費,地域ブランド推進事業,10,需用費,3,1,01消耗品,01消耗品,,,,288339,R4決算書p65
2022,6,農林水産業費,1,農業費,3,農業振興費,地域ブランド推進事業,10,需用費,2,0,31印刷製本費,,,,,683100,R4決算書p65
2022,6,農林水産業費,1,農業費,3,農業振興費,地域ブランド推進事業,10,需用費,3,1,31印刷製本費,01ロゴマーク印刷費,,,,683100,R4決算書p65
2022,6,農林水産業費,1,農業費,3,農業振興費,地域ブランド推進事業,18,負担金補助及び交付金,1,0,,,,,,159000,R4決算書p65
2022,6,農林水産業費,1,農業費,3,農業振興費,地域ブランド推進事業,18,負担金補助及び交付金,2,0,51補助金,,,,,159000,R4決算書p65
2022,6,農林水産業費,1,農業費,3,農業振興費,地域ブランド推進事業,18,負担金補助及び交付金,3,1,51補助金,01六次産業化等支援補助金,,,,159000,R4決算書p65
2022,6,農林水産業費,1,農業費,3,農業振興費,営農支援センター運営費,,,0,0,,,,,,860900,R4決算書p65
2022,6,農林水産業費,1,農業費,3,農業振興費,営農支援センター運営費,1,報酬,1,0,,,,,,860900,R4決算書p65
2022,6,農林水産業費,1,農業費,3,農業振興費,営農支援センター運営費,1,報酬,2,0,26会計年度任用職員報酬,,,,,860900,R4決算書p65
2022,6,農林水産業費,1,農業費,3,農業振興費,営農支援センター運営費,1,報酬,3,1,26会計年度任用職員報酬,01地域連携推進員報酬,,,,860900,R4決算書p65
2022,6,農林水産業費,1,農業費,4,畜産業費,家畜診療施設運営経費,,,0,0,,,,,,1219296,R4決算書p66
2022,6,農林水産業費,1,農業費,4,畜産業費,家畜診療施設運営経費,10,需用費,1,0,,,,,,179296,R4決算書p66
2022,6,農林水産業費,1,農業費,4,畜産業費,家畜診療施設運営経費,10,需用費,2,0,11燃料費,,,,,179296,R4決算書p66
2022,6,農林水産業費,1,農業費,4,畜産業費,家畜診療施設運営経費,10,需用費,3,1,11燃料費,01家畜診療燃料費,,,,179296,R4決算書p66
2022,6,農林水産業費,1,農業費,4,畜産業費,家畜診療施設運営経費,12,委託料,1,0,,,,,,1040000,R4決算書p66
2022,6,農林水産業費,1,農業費,4,畜産業費,家畜診療施設運営経費,12,委託料,2,0,51業務委託料,,,,,1040000,R4決算書p66
2022,6,農林水産業費,1,農業費,4,畜産業費,家畜診療施設運営経費,12,委託料,3,1,51業務委託料,01家畜診療委託料,,,,1040000,R4決算書p66
2022,6,農林水産業費,1,農業費,5,畜産振興費,畜産振興経費,,,0,0,,,,,,3285590,R4決算書p66
2022,6,農林水産業費,1,農業費,5,畜産振興費,畜産振興経費,14,工事請負費,1,0,,,,,,3285590,R4決算書p66
2022,6,農林水産業費,1,農業費,5,畜産振興費,畜産振興経費,14,工事請負費,2,0,31単独事業,,,,,3285590,R4決算書p66
2022,6,農林水産業費,1,農業費,5,畜産振興費,畜産振興経費,14,工事請負費,3,1,31単独事業,01防護柵設置工事,,,,29590,R4決算書p66
2022,6,農林水産業費,1,農業費,5,畜産振興費,畜産振興経費,14,工事請負費,3,1,31単独事業,02牧場施設整備工事,,,,286000,R4決算書p66
2022,6,農林水産業費,1,農業費,5,畜産振興費,畜産振興経費,14,工事請負費,3,1,31単独事業,03牧場施設整備工事（繰越明許分）,,,,2970000,R4決算書p66
2022,6,農林水産業費,1,農業費,6,農地費,農地費一般経費,,,0,0,,,,,,2664856,R4決算書p66
2022,6,農林水産業費,1,農業費,6,農地費,農地費一般経費,1,報酬,1,0,,,,,,747000,R4決算書p66
2022,6,農林水産業費,1,農業費,6,農地費,農地費一般経費,1,報酬,2,0,11委員報酬,,,,,747000,R4決算書p66
2022,6,農林水産業費,1,農業費,6,農地費,農地費一般経費,1,報酬,3,1,11委員報酬,01地すべり防止区域管理報酬,,,,747000,R4決算書p66
2022,6,農林水産業費,1,農業費,6,農地費,農地費一般経費,14,工事請負費,1,0,,,,,,594000,R4決算書p66
2022,6,農林水産業費,1,農業費,6,農地費,農地費一般経費,14,工事請負費,2,0,32維持・修繕工事,,,,,594000,R4決算書p66
2022,6,農林水産業費,1,農業費,6,農地費,農地費一般経費,14,工事請負費,3,1,32維持・修繕工事,01農地維持工事,,,,594000,R4決算書p66
2022,6,農林水産業費,1,農業費,6,農地費,農地費一般経費,15,原材料費,1,0,,,,,,920656,R4決算書p66
2022,6,農林水産業費,1,農業費,6,農地費,農地費一般経費,15,原材料費,2,0,01原材料費,,,,,920656,R4決算書p66
2022,6,農林水産業費,1,農業費,6,農地費,農地費一般経費,15,原材料費,3,1,01原材料費,02土地改良用資材代,,,,920656,R4決算書p66
2022,6,農林水産業費,1,農業費,6,農地費,農地費一般経費,18,負担金補助及び交付金,1,0,,,,,,403200,R4決算書p66
2022,6,農林水産業費,1,農業費,6,農地費,農地費一般経費,18,負担金補助及び交付金,2,0,21負担金,,,,,4200,R4決算書p66
2022,6,農林水産業費,1,農業費,6,農地費,農地費一般経費,18,負担金補助及び交付金,3,1,21負担金,01長土連市町村割賦課金,,,,4200,R4決算書p66
2022,6,農林水産業費,1,農業費,6,農地費,農地費一般経費,18,負担金補助及び交付金,2,0,51補助金,,,,,399000,R4決算書p66
2022,6,農林水産業費,1,農業費,6,農地費,農地費一般経費,18,負担金補助及び交付金,3,1,51補助金,01農業用井水維持修繕補助金,,,,399000,R4決算書p66
2022,6,農林水産業費,1,農業費,20,地域おこし協力隊事業,地域おこし協力隊事業,,,0,0,,,,,,1699713,R4決算書p66
2022,6,農林水産業費,1,農業費,20,地域おこし協力隊事業,地域おこし協力隊事業,1,報酬,1,0,,,,,,1165000,R4決算書p66
2022,6,農林水産業費,1,農業費,20,地域おこし協力隊事業,地域おこし協力隊事業,1,報酬,2,0,26会計年度任用職員報酬,,,,,1165000,R4決算書p66
2022,6,農林水産業費,1,農業費,20,地域おこし協力隊事業,地域おこし協力隊事業,1,報酬,3,1,26会計年度任用職員報酬,01地域おこし協力隊報酬,,,,1165000,R4決算書p66
2022,6,農林水産業費,1,農業費,20,地域おこし協力隊事業,地域おこし協力隊事業,10,需用費,1,0,,,,,,92543,R4決算書p66
2022,6,農林水産業費,1,農業費,20,地域おこし協力隊事業,地域おこし協力隊事業,10,需用費,2,0,01消耗品,,,,,79904,R4決算書p66
2022,6,農林水産業費,1,農業費,20,地域おこし協力隊事業,地域おこし協力隊事業,10,需用費,3,1,01消耗品,01消耗品,,,,79904,R4決算書p66
2022,6,農林水産業費,1,農業費,20,地域おこし協力隊事業,地域おこし協力隊事業,10,需用費,2,0,51修繕費,,,,,12639,R4決算書p66
2022,6,農林水産業費,1,農業費,20,地域おこし協力隊事業,地域おこし協力隊事業,10,需用費,3,1,51修繕費,02公用車修繕費,,,,12639,R4決算書p66
2022,6,農林水産業費,1,農業費,20,地域おこし協力隊事業,地域おこし協力隊事業,11,役務費,1,0,,,,,,23490,R4決算書p66
2022,6,農林水産業費,1,農業費,20,地域おこし協力隊事業,地域おこし協力隊事業,11,役務費,2,0,41損害保険料,,,,,23490,R4決算書p66
2022,6,農林水産業費,1,農業費,20,地域おこし協力隊事業,地域おこし協力隊事業,11,役務費,3,1,41損害保険料,01公用車共済保険料,,,,14990,R4決算書p66
2022,6,農林水産業費,1,農業費,20,地域おこし協力隊事業,地域おこし協力隊事業,11,役務費,3,1,41損害保険料,03食品営業賠償共済保険料,,,,8500,R4決算書p66
2022,6,農林水産業費,1,農業費,20,地域おこし協力隊事業,地域おこし協力隊事業,13,使用料及び賃借料,1,0,,,,,,405380,R4決算書p67
2022,6,農林水産業費,1,農業費,20,地域おこし協力隊事業,地域おこし協力隊事業,13,使用料及び賃借料,2,0,01使用料・借上料,,,,,405380,R4決算書p67
2022,6,農林水産業費,1,農業費,20,地域おこし協力隊事業,地域おこし協力隊事業,13,使用料及び賃借料,3,1,01使用料・借上料,02住居借上料,,,,165000,R4決算書p67
2022,6,農林水産業費,1,農業費,20,地域おこし協力隊事業,地域おこし協力隊事業,13,使用料及び賃借料,3,1,01使用料・借上料,04事務用機器リース料,,,,115380,R4決算書p67
2022,6,農林水産業費,1,農業費,20,地域おこし協力隊事業,地域おこし協力隊事業,13,使用料及び賃借料,3,1,01使用料・借上料,06施設使用料,,,,125000,R4決算書p67
2022,6,農林水産業費,1,農業費,20,地域おこし協力隊事業,地域おこし協力隊事業,18,負担金補助及び交付金,1,0,,,,,,13300,R4決算書p67
2022,6,農林水産業費,1,農業費,20,地域おこし協力隊事業,地域おこし協力隊事業,18,負担金補助及び交付金,2,0,21負担金,,,,,13300,R4決算書p67
2022,6,農林水産業費,1,農業費,20,地域おこし協力隊事業,地域おこし協力隊事業,18,負担金補助及び交付金,3,1,21負担金,01会議負担金,,,,800,R4決算書p67
2022,6,農林水産業費,1,農業費,20,地域おこし協力隊事業,地域おこし協力隊事業,18,負担金補助及び交付金,3,1,21負担金,02食品衛生協会負担金,,,,12500,R4決算書p67
2022,6,農林水産業費,1,農業費,21,日本型直接支払事業,日本型直接支払制度,,,0,0,,,,,,4605853,R4決算書p67
2022,6,農林水産業費,1,農業費,21,日本型直接支払事業,日本型直接支払制度,1,報酬,1,0,,,,,,207900,R4決算書p67
2022,6,農林水産業費,1,農業費,21,日本型直接支払事業,日本型直接支払制度,1,報酬,2,0,26会計年度任用職員報酬,,,,,207900,R4決算書p67
2022,6,農林水産業費,1,農業費,21,日本型直接支払事業,日本型直接支払制度,1,報酬,3,1,26会計年度任用職員報酬,01中山間地域直接支払報酬,,,,136900,R4決算書p67
2022,6,農林水産業費,1,農業費,21,日本型直接支払事業,日本型直接支払制度,1,報酬,3,1,26会計年度任用職員報酬,02多面的機能支払報酬,,,,71000,R4決算書p67
2022,6,農林水産業費,1,農業費,21,日本型直接支払事業,日本型直接支払制度,18,負担金補助及び交付金,1,0,,,,,,4397953,R4決算書p67
2022,6,農林水産業費,1,農業費,21,日本型直接支払事業,日本型直接支払制度,18,負担金補助及び交付金,2,0,71交付金,,,,,4397953,R4決算書p67
2022,6,農林水産業費,1,農業費,21,日本型直接支払事業,日本型直接支払制度,18,負担金補助及び交付金,3,1,71交付金,01中山間地域等直接支払交付金,,,,3195625,R4決算書p67
2022,6,農林水産業費,1,農業費,21,日本型直接支払事業,日本型直接支払制度,18,負担金補助及び交付金,3,1,71交付金,02多面的機能支払交付金,,,,1202328,R4決算書p67
2022,6,農林水産業費,2,林業費,1,林業総務費,林業総務一般経費,,,0,0,,,,,,4561152,R4決算書p67
2022,6,農林水産業費,2,林業費,1,林業総務費,林業総務一般経費,1,報酬,1,0,,,,,,11700,R4決算書p67
2022,6,農林水産業費,2,林業費,1,林業総務費,林業総務一般経費,1,報酬,2,0,11委員報酬,,,,,11700,R4決算書p67
2022,6,農林水産業費,2,林業費,1,林業総務費,林業総務一般経費,1,報酬,3,1,11委員報酬,01林務委員報酬,,,,11700,R4決算書p67
2022,6,農林水産業費,2,林業費,1,林業総務費,林業総務一般経費,12,委託料,1,0,,,,,,1210000,R4決算書p67
2022,6,農林水産業費,2,林業費,1,林業総務費,林業総務一般経費,12,委託料,2,0,71調査・設計・監理委託料,,,,,1210000,R4決算書p67
2022,6,農林水産業費,2,林業費,1,林業総務費,林業総務一般経費,12,委託料,3,1,71調査・設計・監理委託料,11村有林測量委託料（繰越明許分）,,,,1210000,R4決算書p67
2022,6,農林水産業費,2,林業費,1,林業総務費,林業総務一般経費,18,負担金補助及び交付金,1,0,,,,,,3339452,R4決算書p67
2022,6,農林水産業費,2,林業費,1,林業総務費,林業総務一般経費,18,負担金補助及び交付金,2,0,21負担金,,,,,2059452,R4決算書p67
2022,6,農林水産業費,2,林業費,1,林業総務費,林業総務一般経費,18,負担金補助及び交付金,3,1,21負担金,01下伊那地区分収造林協議会負担金,,,,60352,R4決算書p67
2022,6,農林水産業費,2,林業費,1,林業総務費,林業総務一般経費,18,負担金補助及び交付金,3,1,21負担金,05下伊那山林協会負担金,,,,1962100,R4決算書p67
2022,6,農林水産業費,2,林業費,1,林業総務費,林業総務一般経費,18,負担金補助及び交付金,3,1,21負担金,06飯伊林業活性化協議会負担金,,,,27000,R4決算書p67
2022,6,農林水産業費,2,林業費,1,林業総務費,林業総務一般経費,18,負担金補助及び交付金,3,1,21負担金,08長野県森林保全協議会負担金,,,,10000,R4決算書p67
2022,6,農林水産業費,2,林業費,1,林業総務費,林業総務一般経費,18,負担金補助及び交付金,2,0,51補助金,,,,,1280000,R4決算書p67
2022,6,農林水産業費,2,林業費,1,林業総務費,林業総務一般経費,18,負担金補助及び交付金,3,1,51補助金,01林業技術者育成補助金,,,,880000,R4決算書p67
2022,6,農林水産業費,2,林業費,1,林業総務費,林業総務一般経費,18,負担金補助及び交付金,3,1,51補助金,02木質バイオマス普及促進補助金,,,,400000,R4決算書p67
2022,6,農林水産業費,2,林業費,1,林業総務費,一般職人事管理経費（林務）,,,0,0,,,,,,8409259,R4決算書p67
2022,6,農林水産業費,2,林業費,1,林業総務費,一般職人事管理経費（林務）,2,給料,1,0,,,,,,4457100,R4決算書p67
2022,6,農林水産業費,2,林業費,1,林業総務費,一般職人事管理経費（林務）,2,給料,2,0,21職員給料,,,,,4457100,R4決算書p67
2022,6,農林水産業費,2,林業費,1,林業総務費,一般職人事管理経費（林務）,2,給料,3,1,21職員給料,01一般職員給料,,,,4457100,R4決算書p67
2022,6,農林水産業費,2,林業費,1,林業総務費,一般職人事管理経費（林務）,3,職員手当等,1,0,,,,,,2529159,R4決算書p67
2022,6,農林水産業費,2,林業費,1,林業総務費,一般職人事管理経費（林務）,3,職員手当等,2,1,21職員手当等,,,,,2529159,R4決算書p67
2022,6,農林水産業費,2,林業費,1,林業総務費,一般職人事管理経費（林務）,4,共済費,1,0,,,,,,1423000,R4決算書p68
2022,6,農林水産業費,2,林業費,1,林業総務費,一般職人事管理経費（林務）,4,共済費,2,0,31一般職共済費,,,,,1423000,R4決算書p68
2022,6,農林水産業費,2,林業費,1,林業総務費,一般職人事管理経費（林務）,4,共済費,3,1,31一般職共済費,01地方公務員共済組合等負担金,,,,1423000,R4決算書p68
2022,6,農林水産業費,2,林業費,2,林業振興費,林業振興一般経費,,,0,0,,,,,,8729070,R4決算書p68
2022,6,農林水産業費,2,林業費,2,林業振興費,林業振興一般経費,1,報酬,1,0,,,,,,105900,R4決算書p68
2022,6,農林水産業費,2,林業費,2,林業振興費,林業振興一般経費,1,報酬,2,0,11委員報酬,,,,,105900,R4決算書p68
2022,6,農林水産業費,2,林業費,2,林業振興費,林業振興一般経費,1,報酬,3,1,11委員報酬,02森林資源活用協議会委員報酬,,,,6900,R4決算書p68
2022,6,農林水産業費,2,林業費,2,林業振興費,林業振興一般経費,1,報酬,3,1,11委員報酬,03林野地すべり防止区域管理報酬,,,,99000,R4決算書p68
2022,6,農林水産業費,2,林業費,2,林業振興費,林業振興一般経費,10,需用費,1,0,,,,,,519627,R4決算書p68
2022,6,農林水産業費,2,林業費,2,林業振興費,林業振興一般経費,10,需用費,2,0,01消耗品,,,,,98850,R4決算書p68
2022,6,農林水産業費,2,林業費,2,林業振興費,林業振興一般経費,10,需用費,3,1,01消耗品,01消耗品,,,,56850,R4決算書p68
2022,6,農林水産業費,2,林業費,2,林業振興費,林業振興一般経費,10,需用費,3,1,01消耗品,07育林祭記念品,,,,42000,R4決算書p68
2022,6,農林水産業費,2,林業費,2,林業振興費,林業振興一般経費,10,需用費,2,0,41光熱水費,,,,,396522,R4決算書p68
2022,6,農林水産業費,2,林業費,2,林業振興費,林業振興一般経費,10,需用費,3,1,41光熱水費,01電気料,,,,370404,R4決算書p68
2022,6,農林水産業費,2,林業費,2,林業振興費,林業振興一般経費,10,需用費,3,1,41光熱水費,02ガス代,,,,26118,R4決算書p68
2022,6,農林水産業費,2,林業費,2,林業振興費,林業振興一般経費,10,需用費,2,0,51修繕費,,,,,24255,R4決算書p68
2022,6,農林水産業費,2,林業費,2,林業振興費,林業振興一般経費,10,需用費,3,1,51修繕費,01機械修繕費,,,,24255,R4決算書p68
2022,6,農林水産業費,2,林業費,2,林業振興費,林業振興一般経費,11,役務費,1,0,,,,,,166709,R4決算書p68
2022,6,農林水産業費,2,林業費,2,林業振興費,林業振興一般経費,11,役務費,2,0,01通信運搬費,,,,,69038,R4決算書p68
2022,6,農林水産業費,2,林業費,2,林業振興費,林業振興一般経費,11,役務費,3,1,01通信運搬費,02情報通信接続料,,,,69038,R4決算書p68
2022,6,農林水産業費,2,林業費,2,林業振興費,林業振興一般経費,11,役務費,2,0,21手数料,,,,,65621,R4決算書p68
2022,6,農林水産業費,2,林業費,2,林業振興費,林業振興一般経費,11,役務費,3,1,21手数料,01合併浄化槽検査手数料,,,,5000,R4決算書p68
2022,6,農林水産業費,2,林業費,2,林業振興費,林業振興一般経費,11,役務費,3,1,21手数料,02目立料,,,,60621,R4決算書p68
2022,6,農林水産業費,2,林業費,2,林業振興費,林業振興一般経費,11,役務費,2,0,41損害保険料,,,,,32050,R4決算書p68
2022,6,農林水産業費,2,林業費,2,林業振興費,林業振興一般経費,11,役務費,3,1,41損害保険料,02施設利用者傷害保険料,,,,32050,R4決算書p68
2022,6,農林水産業費,2,林業費,2,林業振興費,林業振興一般経費,12,委託料,1,0,,,,,,4261840,R4決算書p68
2022,6,農林水産業費,2,林業費,2,林業振興費,林業振興一般経費,12,委託料,2,0,21保守管理委託料,,,,,50600,R4決算書p68
2022,6,農林水産業費,2,林業費,2,林業振興費,林業振興一般経費,12,委託料,3,1,21保守管理委託料,01合併浄化槽保守管理委託料,,,,50600,R4決算書p68
2022,6,農林水産業費,2,林業費,2,林業振興費,林業振興一般経費,12,委託料,2,0,51業務委託料,,,,,4211240,R4決算書p68
2022,6,農林水産業費,2,林業費,2,林業振興費,林業振興一般経費,12,委託料,3,1,51業務委託料,01製材委託料,,,,2321000,R4決算書p68
2022,6,農林水産業費,2,林業費,2,林業振興費,林業振興一般経費,12,委託料,3,1,51業務委託料,04木工館管理運営委託料,,,,1890240,R4決算書p68
2022,6,農林水産業費,2,林業費,2,林業振興費,林業振興一般経費,14,工事請負費,1,0,,,,,,3329150,R4決算書p68
2022,6,農林水産業費,2,林業費,2,林業振興費,林業振興一般経費,14,工事請負費,2,0,01補助事業,,,,,761200,R4決算書p68
2022,6,農林水産業費,2,林業費,2,林業振興費,林業振興一般経費,14,工事請負費,3,1,01補助事業,02松くい虫対策事業,,,,640200,R4決算書p68
2022,6,農林水産業費,2,林業費,2,林業振興費,林業振興一般経費,14,工事請負費,3,1,01補助事業,03病害虫等防除事業,,,,121000,R4決算書p68
2022,6,農林水産業費,2,林業費,2,林業振興費,林業振興一般経費,14,工事請負費,2,0,31単独事業,,,,,2567950,R4決算書p68
2022,6,農林水産業費,2,林業費,2,林業振興費,林業振興一般経費,14,工事請負費,3,1,31単独事業,04林業施設工事,,,,752950,R4決算書p68
2022,6,農林水産業費,2,林業費,2,林業振興費,林業振興一般経費,14,工事請負費,3,1,31単独事業,05森林税活用事業,,,,1815000,R4決算書p68
2022,6,農林水産業費,2,林業費,2,林業振興費,林業振興一般経費,16,公有財産購入費,1,0,,,,,,238016,R4決算書p68
2022,6,農林水産業費,2,林業費,2,林業振興費,林業振興一般経費,16,公有財産購入費,2,0,04私有林購入費,,,,,238016,R4決算書p68
2022,6,農林水産業費,2,林業費,2,林業振興費,林業振興一般経費,16,公有財産購入費,3,1,04私有林購入費,01私有林購入費,,,,238016,R4決算書p68
2022,6,農林水産業費,2,林業費,2,林業振興費,林業振興一般経費,18,負担金補助及び交付金,1,0,,,,,,40100,R4決算書p68
2022,6,農林水産業費,2,林業費,2,林業振興費,林業振興一般経費,18,負担金補助及び交付金,2,0,21負担金,,,,,40100,R4決算書p68
2022,6,農林水産業費,2,林業費,2,林業振興費,林業振興一般経費,18,負担金補助及び交付金,3,1,21負担金,01飯伊森林組合賦課金,,,,40100,R4決算書p69
2022,6,農林水産業費,2,林業費,2,林業振興費,林業振興一般経費,21,補償補填及び賠償金,1,0,,,,,,67728,R4決算書p69
2022,6,農林水産業費,2,林業費,2,林業振興費,林業振興一般経費,21,補償補填及び賠償金,2,0,01補償料,,,,,67728,R4決算書p69
2022,6,農林水産業費,2,林業費,2,林業振興費,林業振興一般経費,21,補償補填及び賠償金,3,1,01補償料,01工事立木補償料,,,,67728,R4決算書p69
2022,6,農林水産業費,2,林業費,2,林業振興費,有害鳥獣駆除関係経費,,,0,0,,,,,,6814100,R4決算書p69
2022,6,農林水産業費,2,林業費,2,林業振興費,有害鳥獣駆除関係経費,1,報酬,1,0,,,,,,30100,R4決算書p69
2022,6,農林水産業費,2,林業費,2,林業振興費,有害鳥獣駆除関係経費,1,報酬,2,0,11委員報酬,,,,,30100,R4決算書p69
2022,6,農林水産業費,2,林業費,2,林業振興費,有害鳥獣駆除関係経費,1,報酬,3,1,11委員報酬,01有害鳥獣駆除協議会報酬,,,,30100,R4決算書p69
2022,6,農林水産業費,2,林業費,2,林業振興費,有害鳥獣駆除関係経費,7,報償費,1,0,,,,,,6394550,R4決算書p69
2022,6,農林水産業費,2,林業費,2,林業振興費,有害鳥獣駆除関係経費,7,報償費,2,0,01謝金,,,,,614550,R4決算書p69
2022,6,農林水産業費,2,林業費,2,林業振興費,有害鳥獣駆除関係経費,7,報償費,3,1,01謝金,01有害鳥獣駆除謝金,,,,614550,R4決算書p69
2022,6,農林水産業費,2,林業費,2,林業振興費,有害鳥獣駆除関係経費,7,報償費,2,0,21買上金,,,,,5780000,R4決算書p69
2022,6,農林水産業費,2,林業費,2,林業振興費,有害鳥獣駆除関係経費,7,報償費,3,1,21買上金,01有害鳥獣駆除報償,,,,5780000,R4決算書p69
2022,6,農林水産業費,2,林業費,2,林業振興費,有害鳥獣駆除関係経費,11,役務費,1,0,,,,,,41850,R4決算書p69
2022,6,農林水産業費,2,林業費,2,林業振興費,有害鳥獣駆除関係経費,11,役務費,2,0,41損害保険料,,,,,41850,R4決算書p69
2022,6,農林水産業費,2,林業費,2,林業振興費,有害鳥獣駆除関係経費,11,役務費,3,1,41損害保険料,01有害鳥獣駆除傷害保険料,,,,41850,R4決算書p69
2022,6,農林水産業費,2,林業費,2,林業振興費,有害鳥獣駆除関係経費,14,工事請負費,1,0,,,,,,347600,R4決算書p69
2022,6,農林水産業費,2,林業費,2,林業振興費,有害鳥獣駆除関係経費,14,工事請負費,2,0,31単独事業,,,,,347600,R4決算書p69
2022,6,農林水産業費,2,林業費,2,林業振興費,有害鳥獣駆除関係経費,14,工事請負費,3,1,31単独事業,03残渣処理場設置工事,,,,347600,R4決算書p69
2022,6,農林水産業費,2,林業費,3,林道費,林道事業経費,,,0,0,,,,,,94203140,R4決算書p69
2022,6,農林水産業費,2,林業費,3,林道費,林道事業経費,10,需用費,1,0,,,,,,205900,R4決算書p69
2022,6,農林水産業費,2,林業費,3,林道費,林道事業経費,10,需用費,2,0,01消耗品,,,,,48235,R4決算書p69
2022,6,農林水産業費,2,林業費,3,林道費,林道事業経費,10,需用費,3,1,01消耗品,01消耗品,,,,48235,R4決算書p69
2022,6,農林水産業費,2,林業費,3,林道費,林道事業経費,10,需用費,2,0,11燃料費,,,,,95295,R4決算書p69
2022,6,農林水産業費,2,林業費,3,林道費,林道事業経費,10,需用費,3,1,11燃料費,01公用車燃料費,,,,95295,R4決算書p69
2022,6,農林水産業費,2,林業費,3,林道費,林道事業経費,10,需用費,2,0,51修繕費,,,,,62370,R4決算書p69
2022,6,農林水産業費,2,林業費,3,林道費,林道事業経費,10,需用費,3,1,51修繕費,01公用車修繕費,,,,62370,R4決算書p69
2022,6,農林水産業費,2,林業費,3,林道費,林道事業経費,11,役務費,1,0,,,,,,47000,R4決算書p69
2022,6,農林水産業費,2,林業費,3,林道費,林道事業経費,11,役務費,2,0,21手数料,,,,,32010,R4決算書p69
2022,6,農林水産業費,2,林業費,3,林道費,林道事業経費,11,役務費,3,1,21手数料,01公用車車検点検料,,,,32010,R4決算書p69
2022,6,農林水産業費,2,林業費,3,林道費,林道事業経費,11,役務費,2,0,41損害保険料,,,,,14990,R4決算書p69
2022,6,農林水産業費,2,林業費,3,林道費,林道事業経費,11,役務費,3,1,41損害保険料,01公用車共済保険料,,,,14990,R4決算書p69
2022,6,農林水産業費,2,林業費,3,林道費,林道事業経費,12,委託料,1,0,,,,,,6380000,R4決算書p69
2022,6,農林水産業費,2,林業費,3,林道費,林道事業経費,12,委託料,2,0,51業務委託料,,,,,385000,R4決算書p69
2022,6,農林水産業費,2,林業費,3,林道費,林道事業経費,12,委託料,3,1,51業務委託料,01伐開委託料,,,,385000,R4決算書p69
2022,6,農林水産業費,2,林業費,3,林道費,林道事業経費,12,委託料,2,0,71調査・設計・監理委託料,,,,,5995000,R4決算書p69
2022,6,農林水産業費,2,林業費,3,林道費,林道事業経費,12,委託料,3,1,71調査・設計・監理委託料,01補助事業設計・監理委託料,,,,5467000,R4決算書p69
2022,6,農林水産業費,2,林業費,3,林道費,林道事業経費,12,委託料,3,1,71調査・設計・監理委託料,03補助事業設計・監理委託料（繰越分）,,,,528000,R4決算書p69
2022,6,農林水産業費,2,林業費,3,林道費,林道事業経費,14,工事請負費,1,0,,,,,,87559585,R4決算書p69
2022,6,農林水産業費,2,林業費,3,林道費,林道事業経費,14,工事請負費,2,0,01補助事業,,,,,63910000,R4決算書p69
2022,6,農林水産業費,2,林業費,3,林道費,林道事業経費,14,工事請負費,3,1,01補助事業,01林道開設・改良・舗装工事,,,,50820000,R4決算書p69
2022,6,農林水産業費,2,林業費,3,林道費,林道事業経費,14,工事請負費,3,1,01補助事業,02林道開設改良舗装工事（繰越分）,,,,13090000,R4決算書p70
2022,6,農林水産業費,2,林業費,3,林道費,林道事業経費,14,工事請負費,2,0,31単独事業,,,,,8302800,R4決算書p70
2022,6,農林水産業費,2,林業費,3,林道費,林道事業経費,14,工事請負費,3,1,31単独事業,01林道開設・改良・舗装工事,,,,5654000,R4決算書p70
2022,6,農林水産業費,2,林業費,3,林道費,林道事業経費,14,工事請負費,3,1,31単独事業,02林道交通安全施設工事,,,,2648800,R4決算書p70
2022,6,農林水産業費,2,林業費,3,林道費,林道事業経費,14,工事請負費,2,0,32維持・修繕工事,,,,,15346785,R4決算書p70
2022,6,農林水産業費,2,林業費,3,林道費,林道事業経費,14,工事請負費,3,1,32維持・修繕工事,01林道維持工事,,,,12057785,R4決算書p70
2022,6,農林水産業費,2,林業費,3,林道費,林道事業経費,14,工事請負費,3,1,32維持・修繕工事,02林道維持工事（明許繰越）,,,,3289000,R4決算書p70
2022,6,農林水産業費,2,林業費,3,林道費,林道事業経費,21,補償補填及び賠償金,1,0,,,,,,4055,R4決算書p70
2022,6,農林水産業費,2,林業費,3,林道費,林道事業経費,21,補償補填及び賠償金,2,0,01補償料,,,,,4055,R4決算書p70
2022,6,農林水産業費,2,林業費,3,林道費,林道事業経費,21,補償補填及び賠償金,3,1,01補償料,01工事立木補償料,,,,4055,R4決算書p70
2022,6,農林水産業費,2,林業費,3,林道費,林道事業経費,26,公課費,1,0,,,,,,6600,R4決算書p70
2022,6,農林水産業費,2,林業費,3,林道費,林道事業経費,26,公課費,2,0,01重量税,,,,,6600,R4決算書p70
2022,6,農林水産業費,2,林業費,3,林道費,林道事業経費,26,公課費,3,1,01重量税,01公用車重量税,,,,6600,R4決算書p70
2022,6,農林水産業費,2,林業費,4,造林費,造林事業,,,0,0,,,,,,9571405,R4決算書p70
2022,6,農林水産業費,2,林業費,4,造林費,造林事業,14,工事請負費,1,0,,,,,,6710000,R4決算書p70
2022,6,農林水産業費,2,林業費,4,造林費,造林事業,14,工事請負費,2,0,32維持・修繕工事,,,,,6710000,R4決算書p70
2022,6,農林水産業費,2,林業費,4,造林費,造林事業,14,工事請負費,3,1,32維持・修繕工事,01維持修繕工事,,,,6710000,R4決算書p70
2022,6,農林水産業費,2,林業費,4,造林費,造林事業,18,負担金補助及び交付金,1,0,,,,,,2861405,R4決算書p70
2022,6,農林水産業費,2,林業費,4,造林費,造林事業,18,負担金補助及び交付金,2,0,21負担金,,,,,2732376,R4決算書p70
2022,6,農林水産業費,2,林業費,4,造林費,造林事業,18,負担金補助及び交付金,3,1,21負担金,01森林組合事業負担金,,,,2732376,R4決算書p70
2022,6,農林水産業費,2,林業費,4,造林費,造林事業,18,負担金補助及び交付金,2,0,51補助金,,,,,129029,R4決算書p70
2022,6,農林水産業費,2,林業費,4,造林費,造林事業,18,負担金補助及び交付金,3,1,51補助金,01私有林　造林事業補助金,,,,129029,R4決算書p70
2022,6,農林水産業費,2,林業費,10,森林環境譲与税活用費,森林環境譲与税活用事業,,,0,0,,,,,,4461840,R4決算書p70
2022,6,農林水産業費,2,林業費,10,森林環境譲与税活用費,森林環境譲与税活用事業,11,役務費,1,0,,,,,,240,R4決算書p70
2022,6,農林水産業費,2,林業費,10,森林環境譲与税活用費,森林環境譲与税活用事業,11,役務費,2,0,01通信運搬費,,,,,240,R4決算書p70
2022,6,農林水産業費,2,林業費,10,森林環境譲与税活用費,森林環境譲与税活用事業,11,役務費,3,1,01通信運搬費,01森林管理郵便料,,,,240,R4決算書p70
2022,6,農林水産業費,2,林業費,10,森林環境譲与税活用費,森林環境譲与税活用事業,12,委託料,1,0,,,,,,4180000,R4決算書p70
2022,6,農林水産業費,2,林業費,10,森林環境譲与税活用費,森林環境譲与税活用事業,12,委託料,2,0,51業務委託料,,,,,4180000,R4決算書p70
2022,6,農林水産業費,2,林業費,10,森林環境譲与税活用費,森林環境譲与税活用事業,12,委託料,3,1,51業務委託料,03森林境界図作成委託料（繰越明許分）,,,,3410000,R4決算書p70
2022,6,農林水産業費,2,林業費,10,森林環境譲与税活用費,森林環境譲与税活用事業,12,委託料,3,1,51業務委託料,04森林境界情報システム作成委託料,,,,770000,R4決算書p70
2022,6,農林水産業費,2,林業費,10,森林環境譲与税活用費,森林環境譲与税活用事業,17,備品購入費,1,0,,,,,,281600,R4決算書p70
2022,6,農林水産業費,2,林業費,10,森林環境譲与税活用費,森林環境譲与税活用事業,17,備品購入費,2,0,01備品購入費,,,,,281600,R4決算書p70
2022,6,農林水産業費,2,林業費,10,森林環境譲与税活用費,森林環境譲与税活用事業,17,備品購入費,3,1,01備品購入費,01備品購入費,,,,281600,R4決算書p70
2022,7,商工費,1,商工費,1,商工総務費,商工総務一般経費,,,0,0,,,,,,929600,R4決算書p70
2022,7,商工費,1,商工費,1,商工総務費,商工総務一般経費,18,負担金補助及び交付金,1,0,,,,,,929600,R4決算書p70
2022,7,商工費,1,商工費,1,商工総務費,商工総務一般経費,18,負担金補助及び交付金,2,0,21負担金,,,,,429600,R4決算書p70
2022,7,商工費,1,商工費,1,商工総務費,商工総務一般経費,18,負担金補助及び交付金,3,1,21負担金,07飯田職業安定協会負担金,,,,1000,R4決算書p70
2022,7,商工費,1,商工費,1,商工総務費,商工総務一般経費,18,負担金補助及び交付金,3,1,21負担金,08飯田勤労者共済会負担金,,,,39600,R4決算書p71
2022,7,商工費,1,商工費,1,商工総務費,商工総務一般経費,18,負担金補助及び交付金,3,1,21負担金,13産業振興の拠点関係負担金,,,,389000,R4決算書p71
2022,7,商工費,1,商工費,1,商工総務費,商工総務一般経費,18,負担金補助及び交付金,2,0,51補助金,,,,,500000,R4決算書p71
2022,7,商工費,1,商工費,1,商工総務費,商工総務一般経費,18,負担金補助及び交付金,3,1,51補助金,03信州大学航空機システム共同研究講座コンソーシアム補助金,,,,500000,R4決算書p71
2022,7,商工費,1,商工費,1,商工総務費,一般職人事管理経費（商工）,,,0,0,,,,,,7673576,R4決算書p71
2022,7,商工費,1,商工費,1,商工総務費,一般職人事管理経費（商工）,2,給料,1,0,,,,,,4381665,R4決算書p71
2022,7,商工費,1,商工費,1,商工総務費,一般職人事管理経費（商工）,2,給料,2,0,21職員給料,,,,,4381665,R4決算書p71
2022,7,商工費,1,商工費,1,商工総務費,一般職人事管理経費（商工）,2,給料,3,1,21職員給料,01一般職員給料,,,,4381665,R4決算書p71
2022,7,商工費,1,商工費,1,商工総務費,一般職人事管理経費（商工）,3,職員手当等,1,0,,,,,,1593750,R4決算書p71
2022,7,商工費,1,商工費,1,商工総務費,一般職人事管理経費（商工）,3,職員手当等,2,1,21職員手当等,,,,,1593750,R4決算書p71
2022,7,商工費,1,商工費,1,商工総務費,一般職人事管理経費（商工）,4,共済費,1,0,,,,,,1698161,R4決算書p71
2022,7,商工費,1,商工費,1,商工総務費,一般職人事管理経費（商工）,4,共済費,2,0,31一般職共済費,,,,,1698161,R4決算書p71
2022,7,商工費,1,商工費,1,商工総務費,一般職人事管理経費（商工）,4,共済費,3,1,31一般職共済費,01地方公務員共済組合等負担金,,,,1698161,R4決算書p71
2022,7,商工費,1,商工費,2,商工振興費,商工振興一般経費,,,0,0,,,,,,31012807,R4決算書p71
2022,7,商工費,1,商工費,2,商工振興費,商工振興一般経費,10,需用費,1,0,,,,,,159634,R4決算書p71
2022,7,商工費,1,商工費,2,商工振興費,商工振興一般経費,10,需用費,2,0,41光熱水費,,,,,159634,R4決算書p71
2022,7,商工費,1,商工費,2,商工振興費,商工振興一般経費,10,需用費,3,1,41光熱水費,01電気料（街路灯）,,,,159634,R4決算書p71
2022,7,商工費,1,商工費,2,商工振興費,商工振興一般経費,11,役務費,1,0,,,,,,18802,R4決算書p71
2022,7,商工費,1,商工費,2,商工振興費,商工振興一般経費,11,役務費,2,0,41損害保険料,,,,,18802,R4決算書p71
2022,7,商工費,1,商工費,2,商工振興費,商工振興一般経費,11,役務費,3,1,41損害保険料,01村有建物災害共済保険料,,,,18802,R4決算書p71
2022,7,商工費,1,商工費,2,商工振興費,商工振興一般経費,13,使用料及び賃借料,1,0,,,,,,211824,R4決算書p71
2022,7,商工費,1,商工費,2,商工振興費,商工振興一般経費,13,使用料及び賃借料,2,0,12敷地料,,,,,211824,R4決算書p71
2022,7,商工費,1,商工費,2,商工振興費,商工振興一般経費,13,使用料及び賃借料,3,1,12敷地料,01過疎対策工場敷地料,,,,211824,R4決算書p71
2022,7,商工費,1,商工費,2,商工振興費,商工振興一般経費,18,負担金補助及び交付金,1,0,,,,,,30245956,R4決算書p71
2022,7,商工費,1,商工費,2,商工振興費,商工振興一般経費,18,負担金補助及び交付金,2,0,51補助金,,,,,30245956,R4決算書p71
2022,7,商工費,1,商工費,2,商工振興費,商工振興一般経費,18,負担金補助及び交付金,3,1,51補助金,01商工振興事業補助金,,,,18705149,R4決算書p71
2022,7,商工費,1,商工費,2,商工振興費,商工振興一般経費,18,負担金補助及び交付金,3,1,51補助金,04商工関係資金利子補給金（不況対策）,,,,354224,R4決算書p71
2022,7,商工費,1,商工費,2,商工振興費,商工振興一般経費,18,負担金補助及び交付金,3,1,51補助金,10新型コロナウイルス感染症対策商工振興補助金,,,,220333,R4決算書p71
2022,7,商工費,1,商工費,2,商工振興費,商工振興一般経費,18,負担金補助及び交付金,3,1,51補助金,12物価高騰対策支援金事業補助金,,,,10966250,R4決算書p71
2022,7,商工費,1,商工費,2,商工振興費,商工振興一般経費,21,補償補填及び賠償金,1,0,,,,,,376591,R4決算書p71
2022,7,商工費,1,商工費,2,商工振興費,商工振興一般経費,21,補償補填及び賠償金,2,0,11保証料,,,,,376591,R4決算書p71
2022,7,商工費,1,商工費,2,商工振興費,商工振興一般経費,21,補償補填及び賠償金,3,1,11保証料,01信用保証協会保証料,,,,376591,R4決算書p71
2022,7,商工費,1,商工費,3,観光費,観光一般経費,,,0,0,,,,,,71886575,R4決算書p71
2022,7,商工費,1,商工費,3,観光費,観光一般経費,1,報酬,1,0,,,,,,1063096,R4決算書p71
2022,7,商工費,1,商工費,3,観光費,観光一般経費,1,報酬,2,0,26会計年度任用職員報酬,,,,,1063096,R4決算書p71
2022,7,商工費,1,商工費,3,観光費,観光一般経費,1,報酬,3,1,26会計年度任用職員報酬,01会計年度任用職員1号報酬,,,,993096,R4決算書p71
2022,7,商工費,1,商工費,3,観光費,観光一般経費,1,報酬,3,1,26会計年度任用職員報酬,03観光施設管理報酬,,,,70000,R4決算書p72
2022,7,商工費,1,商工費,3,観光費,観光一般経費,4,共済費,1,0,,,,,,110480,R4決算書p72
2022,7,商工費,1,商工費,3,観光費,観光一般経費,4,共済費,2,0,41臨時職員等共済費,,,,,110480,R4決算書p72
2022,7,商工費,1,商工費,3,観光費,観光一般経費,4,共済費,3,1,41臨時職員等共済費,01労働保険料,,,,110480,R4決算書p72
2022,7,商工費,1,商工費,3,観光費,観光一般経費,7,報償費,1,0,,,,,,73700,R4決算書p72
2022,7,商工費,1,商工費,3,観光費,観光一般経費,7,報償費,2,0,31報償金,,,,,73700,R4決算書p72
2022,7,商工費,1,商工費,3,観光費,観光一般経費,7,報償費,3,1,31報償金,01さくらの女王出席報償,,,,73700,R4決算書p72
2022,7,商工費,1,商工費,3,観光費,観光一般経費,8,旅費,1,0,,,,,,49506,R4決算書p72
2022,7,商工費,1,商工費,3,観光費,観光一般経費,8,旅費,2,0,11職員旅費,,,,,10000,R4決算書p72
2022,7,商工費,1,商工費,3,観光費,観光一般経費,8,旅費,3,1,11職員旅費,01職員旅費,,,,10000,R4決算書p72
2022,7,商工費,1,商工費,3,観光費,観光一般経費,8,旅費,2,0,51費用弁償,,,,,39506,R4決算書p72
2022,7,商工費,1,商工費,3,観光費,観光一般経費,8,旅費,3,1,51費用弁償,01さくらの女王旅費,,,,39506,R4決算書p72
2022,7,商工費,1,商工費,3,観光費,観光一般経費,10,需用費,1,0,,,,,,12772311,R4決算書p72
2022,7,商工費,1,商工費,3,観光費,観光一般経費,10,需用費,2,0,01消耗品,,,,,1216446,R4決算書p72
2022,7,商工費,1,商工費,3,観光費,観光一般経費,10,需用費,3,1,01消耗品,01消耗品,,,,1216446,R4決算書p72
2022,7,商工費,1,商工費,3,観光費,観光一般経費,10,需用費,2,0,11燃料費,,,,,7531,R4決算書p72
2022,7,商工費,1,商工費,3,観光費,観光一般経費,10,需用費,3,1,11燃料費,01公用車燃料費,,,,7531,R4決算書p72
2022,7,商工費,1,商工費,3,観光費,観光一般経費,10,需用費,2,0,31印刷製本費,,,,,903650,R4決算書p72
2022,7,商工費,1,商工費,3,観光費,観光一般経費,10,需用費,3,1,31印刷製本費,01印刷製本費,,,,903650,R4決算書p72
2022,7,商工費,1,商工費,3,観光費,観光一般経費,10,需用費,2,0,41光熱水費,,,,,8793463,R4決算書p72
2022,7,商工費,1,商工費,3,観光費,観光一般経費,10,需用費,3,1,41光熱水費,01電気料（観光施設）,,,,8460256,R4決算書p72
2022,7,商工費,1,商工費,3,観光費,観光一般経費,10,需用費,3,1,41光熱水費,02水道料,,,,333207,R4決算書p72
2022,7,商工費,1,商工費,3,観光費,観光一般経費,10,需用費,2,0,51修繕費,,,,,1851221,R4決算書p72
2022,7,商工費,1,商工費,3,観光費,観光一般経費,10,需用費,3,1,51修繕費,01観光施設修繕費,,,,1807606,R4決算書p72
2022,7,商工費,1,商工費,3,観光費,観光一般経費,10,需用費,3,1,51修繕費,02機械修繕費,,,,43615,R4決算書p72
2022,7,商工費,1,商工費,3,観光費,観光一般経費,11,役務費,1,0,,,,,,2239517,R4決算書p72
2022,7,商工費,1,商工費,3,観光費,観光一般経費,11,役務費,2,0,01通信運搬費,,,,,449480,R4決算書p72
2022,7,商工費,1,商工費,3,観光費,観光一般経費,11,役務費,3,1,01通信運搬費,02運搬費,,,,400000,R4決算書p72
2022,7,商工費,1,商工費,3,観光費,観光一般経費,11,役務費,3,1,01通信運搬費,03テレビ受信料,,,,49480,R4決算書p72
2022,7,商工費,1,商工費,3,観光費,観光一般経費,11,役務費,2,0,21手数料,,,,,1484680,R4決算書p72
2022,7,商工費,1,商工費,3,観光費,観光一般経費,11,役務費,3,1,21手数料,01消防施設点検料,,,,60500,R4決算書p72
2022,7,商工費,1,商工費,3,観光費,観光一般経費,11,役務費,3,1,21手数料,02くみ取り料,,,,270080,R4決算書p72
2022,7,商工費,1,商工費,3,観光費,観光一般経費,11,役務費,3,1,21手数料,03遊具検査手数料,,,,176000,R4決算書p72
2022,7,商工費,1,商工費,3,観光費,観光一般経費,11,役務費,3,1,21手数料,04合併浄化槽検査手数料,,,,36000,R4決算書p72
2022,7,商工費,1,商工費,3,観光費,観光一般経費,11,役務費,3,1,21手数料,07廃棄物処理手数料,,,,892100,R4決算書p72
2022,7,商工費,1,商工費,3,観光費,観光一般経費,11,役務費,3,1,21手数料,09着付け等手数料,,,,50000,R4決算書p72
2022,7,商工費,1,商工費,3,観光費,観光一般経費,11,役務費,2,0,41損害保険料,,,,,305357,R4決算書p72
2022,7,商工費,1,商工費,3,観光費,観光一般経費,11,役務費,3,1,41損害保険料,01村有建物災害共済保険料,,,,305357,R4決算書p72
2022,7,商工費,1,商工費,3,観光費,観光一般経費,12,委託料,1,0,,,,,,3805470,R4決算書p72
2022,7,商工費,1,商工費,3,観光費,観光一般経費,12,委託料,2,0,21保守管理委託料,,,,,2177990,R4決算書p72
2022,7,商工費,1,商工費,3,観光費,観光一般経費,12,委託料,3,1,21保守管理委託料,01合併浄化槽保守管理委託料,,,,430540,R4決算書p72
2022,7,商工費,1,商工費,3,観光費,観光一般経費,12,委託料,3,1,21保守管理委託料,02自動ドア管理委託料,,,,514800,R4決算書p72
2022,7,商工費,1,商工費,3,観光費,観光一般経費,12,委託料,3,1,21保守管理委託料,03観光施設管理（村委託分）委託料,,,,910350,R4決算書p72
2022,7,商工費,1,商工費,3,観光費,観光一般経費,12,委託料,3,1,21保守管理委託料,05電気施設保守委託料,,,,245520,R4決算書p72
2022,7,商工費,1,商工費,3,観光費,観光一般経費,12,委託料,3,1,21保守管理委託料,06受水槽保守管理委託料,,,,76780,R4決算書p73
2022,7,商工費,1,商工費,3,観光費,観光一般経費,12,委託料,2,0,31検査委託料,,,,,7480,R4決算書p73
2022,7,商工費,1,商工費,3,観光費,観光一般経費,12,委託料,3,1,31検査委託料,01観光施設水質検査委託料,,,,7480,R4決算書p73
2022,7,商工費,1,商工費,3,観光費,観光一般経費,12,委託料,2,0,51業務委託料,,,,,135000,R4決算書p73
2022,7,商工費,1,商工費,3,観光費,観光一般経費,12,委託料,3,1,51業務委託料,12登山道確認委託料,,,,135000,R4決算書p73
2022,7,商工費,1,商工費,3,観光費,観光一般経費,12,委託料,2,0,71調査・設計・監理委託料,,,,,1485000,R4決算書p73
2022,7,商工費,1,商工費,3,観光費,観光一般経費,12,委託料,3,1,71調査・設計・監理委託料,06観光施設設計・監理委託料（繰越分）,,,,1485000,R4決算書p73
2022,7,商工費,1,商工費,3,観光費,観光一般経費,13,使用料及び賃借料,1,0,,,,,,1325433,R4決算書p73
2022,7,商工費,1,商工費,3,観光費,観光一般経費,13,使用料及び賃借料,2,0,01使用料・借上料,,,,,626604,R4決算書p73
2022,7,商工費,1,商工費,3,観光費,観光一般経費,13,使用料及び賃借料,3,1,01使用料・借上料,01仮設トイレ借上料,,,,239184,R4決算書p73
2022,7,商工費,1,商工費,3,観光費,観光一般経費,13,使用料及び賃借料,3,1,01使用料・借上料,08事務室使用料,,,,214500,R4決算書p73
2022,7,商工費,1,商工費,3,観光費,観光一般経費,13,使用料及び賃借料,3,1,01使用料・借上料,09自動車リース料,,,,172920,R4決算書p73
2022,7,商工費,1,商工費,3,観光費,観光一般経費,13,使用料及び賃借料,2,0,12敷地料,,,,,698829,R4決算書p73
2022,7,商工費,1,商工費,3,観光費,観光一般経費,13,使用料及び賃借料,3,1,12敷地料,01道の駅敷地料,,,,610016,R4決算書p73
2022,7,商工費,1,商工費,3,観光費,観光一般経費,13,使用料及び賃借料,3,1,12敷地料,02広河原小屋敷地料,,,,3000,R4決算書p73
2022,7,商工費,1,商工費,3,観光費,観光一般経費,13,使用料及び賃借料,3,1,12敷地料,05するぎ農園村敷地料,,,,85813,R4決算書p73
2022,7,商工費,1,商工費,3,観光費,観光一般経費,14,工事請負費,1,0,,,,,,42819700,R4決算書p73
2022,7,商工費,1,商工費,3,観光費,観光一般経費,14,工事請負費,2,0,31単独事業,,,,,42819700,R4決算書p73
2022,7,商工費,1,商工費,3,観光費,観光一般経費,14,工事請負費,3,1,31単独事業,01観光施設整備工事,,,,4836700,R4決算書p73
2022,7,商工費,1,商工費,3,観光費,観光一般経費,14,工事請負費,3,1,31単独事業,04観光施設改修工事,,,,37983000,R4決算書p73
2022,7,商工費,1,商工費,3,観光費,観光一般経費,17,備品購入費,1,0,,,,,,2009980,R4決算書p73
2022,7,商工費,1,商工費,3,観光費,観光一般経費,17,備品購入費,2,0,01備品購入費,,,,,2009980,R4決算書p73
2022,7,商工費,1,商工費,3,観光費,観光一般経費,17,備品購入費,3,1,01備品購入費,01事業用備品購入費,,,,1901740,R4決算書p73
2022,7,商工費,1,商工費,3,観光費,観光一般経費,17,備品購入費,3,1,01備品購入費,04事業用備品購入費（明許繰越）,,,,108240,R4決算書p73
2022,7,商工費,1,商工費,3,観光費,観光一般経費,18,負担金補助及び交付金,1,0,,,,,,5617382,R4決算書p73
2022,7,商工費,1,商工費,3,観光費,観光一般経費,18,負担金補助及び交付金,2,0,21負担金,,,,,290100,R4決算書p73
2022,7,商工費,1,商工費,3,観光費,観光一般経費,18,負担金補助及び交付金,3,1,21負担金,03日本さくらの会負担金,,,,5000,R4決算書p73
2022,7,商工費,1,商工費,3,観光費,観光一般経費,18,負担金補助及び交付金,3,1,21負担金,05温泉協会協議会負担金,,,,9000,R4決算書p73
2022,7,商工費,1,商工費,3,観光費,観光一般経費,18,負担金補助及び交付金,3,1,21負担金,06国有林観光施設協議会負担金,,,,2100,R4決算書p73
2022,7,商工費,1,商工費,3,観光費,観光一般経費,18,負担金補助及び交付金,3,1,21負担金,07高山植物等保護対策協議会負担金,,,,6000,R4決算書p73
2022,7,商工費,1,商工費,3,観光費,観光一般経費,18,負担金補助及び交付金,3,1,21負担金,13長野県観光情報提供システム負担金,,,,10000,R4決算書p73
2022,7,商工費,1,商工費,3,観光費,観光一般経費,18,負担金補助及び交付金,3,1,21負担金,15信州・長野県観光協会負担金,,,,44000,R4決算書p73
2022,7,商工費,1,商工費,3,観光費,観光一般経費,18,負担金補助及び交付金,3,1,21負担金,17南アルプス自然環境保全活用連携協議会負担金,,,,100000,R4決算書p73
2022,7,商工費,1,商工費,3,観光費,観光一般経費,18,負担金補助及び交付金,3,1,21負担金,24中部ブロック道の駅連絡会負担金,,,,70000,R4決算書p73
2022,7,商工費,1,商工費,3,観光費,観光一般経費,18,負担金補助及び交付金,3,1,21負担金,25道の駅EV運用負担金,,,,44000,R4決算書p73
2022,7,商工費,1,商工費,3,観光費,観光一般経費,18,負担金補助及び交付金,2,0,51補助金,,,,,5327282,R4決算書p73
2022,7,商工費,1,商工費,3,観光費,観光一般経費,18,負担金補助及び交付金,3,1,51補助金,01大鹿村観光協会補助金,,,,5077282,R4決算書p73
2022,7,商工費,1,商工費,3,観光費,観光一般経費,18,負担金補助及び交付金,3,1,51補助金,02地域活性化事業補助金,,,,250000,R4決算書p73
2022,7,商工費,1,商工費,4,地域おこし協力隊事業,地域おこし協力隊事業,,,0,0,,,,,,4394164,R4決算書p74
2022,7,商工費,1,商工費,4,地域おこし協力隊事業,地域おこし協力隊事業,1,報酬,1,0,,,,,,2796000,R4決算書p74
2022,7,商工費,1,商工費,4,地域おこし協力隊事業,地域おこし協力隊事業,1,報酬,2,0,26会計年度任用職員報酬,,,,,2796000,R4決算書p74
2022,7,商工費,1,商工費,4,地域おこし協力隊事業,地域おこし協力隊事業,1,報酬,3,1,26会計年度任用職員報酬,01地域おこし協力隊報酬,,,,2796000,R4決算書p74
2022,7,商工費,1,商工費,4,地域おこし協力隊事業,地域おこし協力隊事業,3,職員手当等,1,0,,,,,,24000,R4決算書p74
2022,7,商工費,1,商工費,4,地域おこし協力隊事業,地域おこし協力隊事業,3,職員手当等,2,1,22会計年度任用職員手当,,,,,24000,R4決算書p74
2022,7,商工費,1,商工費,4,地域おこし協力隊事業,地域おこし協力隊事業,10,需用費,1,0,,,,,,534084,R4決算書p74
2022,7,商工費,1,商工費,4,地域おこし協力隊事業,地域おこし協力隊事業,10,需用費,2,0,01消耗品,,,,,48103,R4決算書p74
2022,7,商工費,1,商工費,4,地域おこし協力隊事業,地域おこし協力隊事業,10,需用費,3,1,01消耗品,01消耗品,,,,48103,R4決算書p74
2022,7,商工費,1,商工費,4,地域おこし協力隊事業,地域おこし協力隊事業,10,需用費,2,0,11燃料費,,,,,43005,R4決算書p74
2022,7,商工費,1,商工費,4,地域おこし協力隊事業,地域おこし協力隊事業,10,需用費,3,1,11燃料費,01公用車燃料費,,,,43005,R4決算書p74
2022,7,商工費,1,商工費,4,地域おこし協力隊事業,地域おこし協力隊事業,10,需用費,2,0,31印刷製本費,,,,,396000,R4決算書p74
2022,7,商工費,1,商工費,4,地域おこし協力隊事業,地域おこし協力隊事業,10,需用費,3,1,31印刷製本費,01協力隊新聞印刷費,,,,396000,R4決算書p74
2022,7,商工費,1,商工費,4,地域おこし協力隊事業,地域おこし協力隊事業,10,需用費,2,0,51修繕費,,,,,46976,R4決算書p74
2022,7,商工費,1,商工費,4,地域おこし協力隊事業,地域おこし協力隊事業,10,需用費,3,1,51修繕費,01公用車修繕費,,,,46976,R4決算書p74
2022,7,商工費,1,商工費,4,地域おこし協力隊事業,地域おこし協力隊事業,11,役務費,1,0,,,,,,51950,R4決算書p74
2022,7,商工費,1,商工費,4,地域おこし協力隊事業,地域おこし協力隊事業,11,役務費,2,0,21手数料,,,,,32010,R4決算書p74
2022,7,商工費,1,商工費,4,地域おこし協力隊事業,地域おこし協力隊事業,11,役務費,3,1,21手数料,01公用車車検点検料,,,,32010,R4決算書p74
2022,7,商工費,1,商工費,4,地域おこし協力隊事業,地域おこし協力隊事業,11,役務費,2,0,41損害保険料,,,,,19940,R4決算書p74
2022,7,商工費,1,商工費,4,地域おこし協力隊事業,地域おこし協力隊事業,11,役務費,3,1,41損害保険料,01公用車共済保険料,,,,19940,R4決算書p74
2022,7,商工費,1,商工費,4,地域おこし協力隊事業,地域おこし協力隊事業,13,使用料及び賃借料,1,0,,,,,,988130,R4決算書p74
2022,7,商工費,1,商工費,4,地域おこし協力隊事業,地域おこし協力隊事業,13,使用料及び賃借料,2,0,01使用料・借上料,,,,,988130,R4決算書p74
2022,7,商工費,1,商工費,4,地域おこし協力隊事業,地域おこし協力隊事業,13,使用料及び賃借料,3,1,01使用料・借上料,02住居借上料,,,,396000,R4決算書p74
2022,7,商工費,1,商工費,4,地域おこし協力隊事業,地域おこし協力隊事業,13,使用料及び賃借料,3,1,01使用料・借上料,04自動車リース料,,,,592130,R4決算書p74
2022,7,商工費,1,商工費,5,集落支援事業,集落支援事業,,,0,0,,,,,,918588,R4決算書p74
2022,7,商工費,1,商工費,5,集落支援事業,集落支援事業,1,報酬,1,0,,,,,,408290,R4決算書p74
2022,7,商工費,1,商工費,5,集落支援事業,集落支援事業,1,報酬,2,0,26会計年度任用職員報酬,,,,,408290,R4決算書p74
2022,7,商工費,1,商工費,5,集落支援事業,集落支援事業,1,報酬,3,1,26会計年度任用職員報酬,01会計年度任用職員1号報酬,,,,400850,R4決算書p74
2022,7,商工費,1,商工費,5,集落支援事業,集落支援事業,1,報酬,3,1,26会計年度任用職員報酬,02代替職員報酬,,,,7440,R4決算書p74
2022,7,商工費,1,商工費,5,集落支援事業,集落支援事業,3,職員手当等,1,0,,,,,,130903,R4決算書p74
2022,7,商工費,1,商工費,5,集落支援事業,集落支援事業,3,職員手当等,2,1,22会計年度任用職員手当,,,,,130903,R4決算書p74
2022,7,商工費,1,商工費,5,集落支援事業,集落支援事業,10,需用費,1,0,,,,,,55415,R4決算書p74
2022,7,商工費,1,商工費,5,集落支援事業,集落支援事業,10,需用費,2,0,01消耗品,,,,,36853,R4決算書p74
2022,7,商工費,1,商工費,5,集落支援事業,集落支援事業,10,需用費,3,1,01消耗品,01消耗品,,,,36853,R4決算書p74
2022,7,商工費,1,商工費,5,集落支援事業,集落支援事業,10,需用費,2,0,11燃料費,,,,,18562,R4決算書p74
2022,7,商工費,1,商工費,5,集落支援事業,集落支援事業,10,需用費,3,1,11燃料費,01公用車燃料代,,,,18562,R4決算書p74
2022,7,商工費,1,商工費,5,集落支援事業,集落支援事業,13,使用料及び賃借料,1,0,,,,,,323980,R4決算書p74
2022,7,商工費,1,商工費,5,集落支援事業,集落支援事業,13,使用料及び賃借料,2,0,01使用料・借上料,,,,,323980,R4決算書p74
2022,7,商工費,1,商工費,5,集落支援事業,集落支援事業,13,使用料及び賃借料,3,1,01使用料・借上料,01事務用機器リース料,,,,23980,R4決算書p74
2022,7,商工費,1,商工費,5,集落支援事業,集落支援事業,13,使用料及び賃借料,3,1,01使用料・借上料,02施設使用料,,,,300000,R4決算書p74
2022,13,諸支出金,1,基金費,1,財政調整基金費,財政調整基金積立金,,,0,0,,,,,,342499,R4決算書p98
2022,13,諸支出金,1,基金費,1,財政調整基金費,財政調整基金積立金,24,積立金,1,0,,,,,,342499,R4決算書p98
2022,13,諸支出金,1,基金費,1,財政調整基金費,財政調整基金積立金,24,積立金,2,1,11利子積立金,,,,,342499,R4決算書p98
2022,13,諸支出金,1,基金費,2,減債基金費,減債基金積立金,,,0,0,,,,,,455634,R4決算書p98
2022,13,諸支出金,1,基金費,2,減債基金費,減債基金積立金,24,積立金,1,0,,,,,,455634,R4決算書p98
2022,13,諸支出金,1,基金費,2,減債基金費,減債基金積立金,24,積立金,2,1,11利子積立金,,,,,455634,R4決算書p98
2022,13,諸支出金,1,基金費,3,公共施設等整備基金費,公共施設等整備基金積立金,,,0,0,,,,,,60531148,R4決算書p98
2022,13,諸支出金,1,基金費,3,公共施設等整備基金費,公共施設等整備基金積立金,24,積立金,1,0,,,,,,60531148,R4決算書p98
2022,13,諸支出金,1,基金費,3,公共施設等整備基金費,公共施設等整備基金積立金,24,積立金,2,1,11利子積立金,,,,,60531148,R4決算書p98
2022,13,諸支出金,1,基金費,4,文教施設整備基金費,文教施設整備基金積立金,,,0,0,,,,,,25019797,R4決算書p98
2022,13,諸支出金,1,基金費,4,文教施設整備基金費,文教施設整備基金積立金,24,積立金,1,0,,,,,,25019797,R4決算書p98
2022,13,諸支出金,1,基金費,4,文教施設整備基金費,文教施設整備基金積立金,24,積立金,2,1,01積立金,,,,,25000000,R4決算書p98
2022,13,諸支出金,1,基金費,4,文教施設整備基金費,文教施設整備基金積立金,24,積立金,2,1,11利子積立金,,,,,19797,R4決算書p98
2022,13,諸支出金,1,基金費,5,ふるさとづくり基金費,ふるさとづくり基金積立金,,,0,0,,,,,,101828396,R4決算書p98
2022,13,諸支出金,1,基金費,5,ふるさとづくり基金費,ふるさとづくり基金積立金,24,積立金,1,0,,,,,,101828396,R4決算書p98
2022,13,諸支出金,1,基金費,5,ふるさとづくり基金費,ふるさとづくり基金積立金,24,積立金,2,1,01積立金,,,,,101570000,R4決算書p98
2022,13,諸支出金,1,基金費,5,ふるさとづくり基金費,ふるさとづくり基金積立金,24,積立金,2,1,11利子積立金,,,,,258396,R4決算書p98
2022,13,諸支出金,1,基金費,6,高齢者福祉基金費,高齢者福祉基金積立金,,,0,0,,,,,,16002,R4決算書p98
2022,13,諸支出金,1,基金費,6,高齢者福祉基金費,高齢者福祉基金積立金,24,積立金,1,0,,,,,,16002,R4決算書p98
2022,13,諸支出金,1,基金費,6,高齢者福祉基金費,高齢者福祉基金積立金,24,積立金,2,1,11利子積立金,,,,,16002,R4決算書p98
2022,13,諸支出金,1,基金費,14,森林環境譲与税基金,森林環境譲与税基金,,,0,0,,,,,,4881946,R4決算書p98
2022,13,諸支出金,1,基金費,14,森林環境譲与税基金,森林環境譲与税基金,24,積立金,1,0,,,,,,4881946,R4決算書p98
2022,13,諸支出金,1,基金費,14,森林環境譲与税基金,森林環境譲与税基金,24,積立金,2,1,01積立金,,,,,4881000,R4決算書p98
2022,13,諸支出金,1,基金費,14,森林環境譲与税基金,森林環境譲与税基金,24,積立金,2,1,11利子積立金,,,,,946,R4決算書p98
2023,2,総務費,1,総務管理費,1,一般管理費,総務事務経費,,,0,0,,,,,,13993758,R5決算書p18
2023,2,総務費,1,総務管理費,1,一般管理費,総務事務経費,,,21,0,,,総務事務経費,,,13993758,R5決算書p18
2023,2,総務費,1,総務管理費,1,一般管理費,総務事務経費,,,22,0,,,総務事務経費,委員報酬,,533400,R5決算書p18
2023,2,総務費,1,総務管理費,1,一般管理費,総務事務経費,,,23,1,,,総務事務経費,委員報酬,自治会長年報酬,318400,R5決算書p18
2023,2,総務費,1,総務管理費,1,一般管理費,総務事務経費,,,23,1,,,総務事務経費,委員報酬,自治会長会議報酬,215000,R5決算書p18
2023,2,総務費,1,総務管理費,1,一般管理費,総務事務経費,,,22,0,,,総務事務経費,謝金,,35000,R5決算書p18
2023,2,総務費,1,総務管理費,1,一般管理費,総務事務経費,,,23,1,,,総務事務経費,謝金,車両整備管理者謝金,20000,R5決算書p18
2023,2,総務費,1,総務管理費,1,一般管理費,総務事務経費,,,23,1,,,総務事務経費,謝金,保護司謝礼,15000,R5決算書p18
2023,2,総務費,1,総務管理費,1,一般管理費,総務事務経費,,,22,0,,,総務事務経費,記念品等,,42240,R5決算書p18
2023,2,総務費,1,総務管理費,1,一般管理費,総務事務経費,,,23,1,,,総務事務経費,記念品等,村表彰記念品代,42240,R5決算書p18
2023,2,総務費,1,総務管理費,1,一般管理費,総務事務経費,,,22,0,,,総務事務経費,職員旅費,,519650,R5決算書p18
2023,2,総務費,1,総務管理費,1,一般管理費,総務事務経費,,,23,1,,,総務事務経費,職員旅費,職員旅費,519650,R5決算書p18
2023,2,総務費,1,総務管理費,1,一般管理費,総務事務経費,,,22,0,,,総務事務経費,交際費,,114000,R5決算書p18
2023,2,総務費,1,総務管理費,1,一般管理費,総務事務経費,,,23,1,,,総務事務経費,交際費,交際費,114000,R5決算書p18
2023,2,総務費,1,総務管理費,1,一般管理費,総務事務経費,,,22,0,,,総務事務経費,消耗品,,2281401,R5決算書p18
2023,2,総務費,1,総務管理費,1,一般管理費,総務事務経費,,,23,1,,,総務事務経費,消耗品,消耗品,1640850,R5決算書p18
2023,2,総務費,1,総務管理費,1,一般管理費,総務事務経費,,,23,1,,,総務事務経費,消耗品,図書購入費,184194,R5決算書p18
2023,2,総務費,1,総務管理費,1,一般管理費,総務事務経費,,,23,1,,,総務事務経費,消耗品,職員被服費,456357,R5決算書p19
2023,2,総務費,1,総務管理費,1,一般管理費,総務事務経費,,,22,0,,,総務事務経費,燃料費,,488675,R5決算書p19
2023,2,総務費,1,総務管理費,1,一般管理費,総務事務経費,,,23,1,,,総務事務経費,燃料費,公用車燃料費,488675,R5決算書p19
2023,2,総務費,1,総務管理費,1,一般管理費,総務事務経費,,,22,0,,,総務事務経費,印刷製本費,,2301562,R5決算書p19
2023,2,総務費,1,総務管理費,1,一般管理費,総務事務経費,,,23,1,,,総務事務経費,印刷製本費,法規追録代,2301562,R5決算書p19
2023,2,総務費,1,総務管理費,1,一般管理費,総務事務経費,,,22,0,,,総務事務経費,修繕費,,416693,R5決算書p19
2023,2,総務費,1,総務管理費,1,一般管理費,総務事務経費,,,23,1,,,総務事務経費,修繕費,公用車修繕費,416693,R5決算書p19
2023,2,総務費,1,総務管理費,1,一般管理費,総務事務経費,,,22,0,,,総務事務経費,通信運搬費,,15120,R5決算書p19
2023,2,総務費,1,総務管理費,1,一般管理費,総務事務経費,,,23,1,,,総務事務経費,通信運搬費,年賀はがき代,15120,R5決算書p19
2023,2,総務費,1,総務管理費,1,一般管理費,総務事務経費,,,22,0,,,総務事務経費,広告料,,44000,R5決算書p19
2023,2,総務費,1,総務管理費,1,一般管理費,総務事務経費,,,23,1,,,総務事務経費,広告料,新聞広告掲載料,44000,R5決算書p19
2023,2,総務費,1,総務管理費,1,一般管理費,総務事務経費,,,22,0,,,総務事務経費,手数料,,169688,R5決算書p19
2023,2,総務費,1,総務管理費,1,一般管理費,総務事務経費,,,23,1,,,総務事務経費,手数料,公用車車検点検料,125248,R5決算書p19
2023,2,総務費,1,総務管理費,1,一般管理費,総務事務経費,,,23,1,,,総務事務経費,手数料,金融機関取扱手数料,44440,R5決算書p19
2023,2,総務費,1,総務管理費,1,一般管理費,総務事務経費,,,22,0,,,総務事務経費,筆耕料,,22000,R5決算書p19
2023,2,総務費,1,総務管理費,1,一般管理費,総務事務経費,,,23,1,,,総務事務経費,筆耕料,筆耕料,22000,R5決算書p19
2023,2,総務費,1,総務管理費,1,一般管理費,総務事務経費,,,22,0,,,総務事務経費,損害保険料,,415135,R5決算書p19
2023,2,総務費,1,総務管理費,1,一般管理費,総務事務経費,,,23,1,,,総務事務経費,損害保険料,全国町村会団体生命保険料,156000,R5決算書p19
2023,2,総務費,1,総務管理費,1,一般管理費,総務事務経費,,,23,1,,,総務事務経費,損害保険料,全国総合賠償保険料,95235,R5決算書p19
2023,2,総務費,1,総務管理費,1,一般管理費,総務事務経費,,,23,1,,,総務事務経費,損害保険料,自賠責保険料,11530,R5決算書p19
2023,2,総務費,1,総務管理費,1,一般管理費,総務事務経費,,,23,1,,,総務事務経費,損害保険料,公用車共済保険料,142600,R5決算書p19
2023,2,総務費,1,総務管理費,1,一般管理費,総務事務経費,,,23,1,,,総務事務経費,損害保険料,災害補償保険料,9770,R5決算書p19
2023,2,総務費,1,総務管理費,1,一般管理費,総務事務経費,,,22,0,,,総務事務経費,電算委託料,,734446,R5決算書p19
2023,2,総務費,1,総務管理費,1,一般管理費,総務事務経費,,,23,1,,,総務事務経費,電算委託料,給与計算委託料,734446,R5決算書p19
2023,2,総務費,1,総務管理費,1,一般管理費,総務事務経費,,,22,0,,,総務事務経費,業務委託料,,282370,R5決算書p19
2023,2,総務費,1,総務管理費,1,一般管理費,総務事務経費,,,23,1,,,総務事務経費,業務委託料,ストレスチェック委託料,47520,R5決算書p19
2023,2,総務費,1,総務管理費,1,一般管理費,総務事務経費,,,23,1,,,総務事務経費,業務委託料,勤怠管理委託料,14850,R5決算書p19
2023,2,総務費,1,総務管理費,1,一般管理費,総務事務経費,,,23,1,,,総務事務経費,業務委託料,職員研修委託料,220000,R5決算書p19
2023,2,総務費,1,総務管理費,1,一般管理費,総務事務経費,,,22,0,,,総務事務経費,検診等委託料,,637928,R5決算書p19
2023,2,総務費,1,総務管理費,1,一般管理費,総務事務経費,,,23,1,,,総務事務経費,検診等委託料,職員健康診断委託料,637928,R5決算書p19
2023,2,総務費,1,総務管理費,1,一般管理費,総務事務経費,,,22,0,,,総務事務経費,使用料・借上料,,2918228,R5決算書p19
2023,2,総務費,1,総務管理費,1,一般管理費,総務事務経費,,,23,1,,,総務事務経費,使用料・借上料,コピーリース料,2078004,R5決算書p19
2023,2,総務費,1,総務管理費,1,一般管理費,総務事務経費,,,23,1,,,総務事務経費,使用料・借上料,印刷機リース料,664941,R5決算書p19
2023,2,総務費,1,総務管理費,1,一般管理費,総務事務経費,,,23,1,,,総務事務経費,使用料・借上料,自動車借上料,123340,R5決算書p19
2023,2,総務費,1,総務管理費,1,一般管理費,総務事務経費,,,23,1,,,総務事務経費,使用料・借上料,ネットＥＢ使用料,44143,R5決算書p19
2023,2,総務費,1,総務管理費,1,一般管理費,総務事務経費,,,23,1,,,総務事務経費,使用料・借上料,駐車場使用料,7800,R5決算書p19
2023,2,総務費,1,総務管理費,1,一般管理費,総務事務経費,,,22,0,,,総務事務経費,有料道路通行料,,556010,R5決算書p19
2023,2,総務費,1,総務管理費,1,一般管理費,総務事務経費,,,23,1,,,総務事務経費,有料道路通行料,有料道路通行料,556010,R5決算書p19
2023,2,総務費,1,総務管理費,1,一般管理費,総務事務経費,,,22,0,,,総務事務経費,負担金（一部事務組合）,,871772,R5決算書p19
2023,2,総務費,1,総務管理費,1,一般管理費,総務事務経費,,,23,1,,,総務事務経費,負担金（一部事務組合）,下伊那郡町村会負担金,826000,R5決算書p19
2023,2,総務費,1,総務管理費,1,一般管理費,総務事務経費,,,23,1,,,総務事務経費,負担金（一部事務組合）,非常勤公務災害補償負担金,19772,R5決算書p19
2023,2,総務費,1,総務管理費,1,一般管理費,総務事務経費,,,23,1,,,総務事務経費,負担金（一部事務組合）,下伊那郡町村総合事務組合負担金,26000,R5決算書p19
2023,2,総務費,1,総務管理費,1,一般管理費,総務事務経費,,,22,0,,,総務事務経費,負担金,,201640,R5決算書p19
2023,2,総務費,1,総務管理費,1,一般管理費,総務事務経費,,,23,1,,,総務事務経費,負担金,安全運転管理講習会負担金,9000,R5決算書p19
2023,2,総務費,1,総務管理費,1,一般管理費,総務事務経費,,,23,1,,,総務事務経費,負担金,自家用車組合負担金,14300,R5決算書p19
2023,2,総務費,1,総務管理費,1,一般管理費,総務事務経費,,,23,1,,,総務事務経費,負担金,行政相談協議会負担金,20000,R5決算書p19
2023,2,総務費,1,総務管理費,1,一般管理費,総務事務経費,,,23,1,,,総務事務経費,負担金,防火管理者協議会負担金,6500,R5決算書p19
2023,2,総務費,1,総務管理費,1,一般管理費,総務事務経費,,,23,1,,,総務事務経費,負担金,飯田コンピュータ協会協賛金,3000,R5決算書p19
2023,2,総務費,1,総務管理費,1,一般管理費,総務事務経費,,,23,1,,,総務事務経費,負担金,危険物安全協会負担金,5900,R5決算書p19
2023,2,総務費,1,総務管理費,1,一般管理費,総務事務経費,,,23,1,,,総務事務経費,負担金,全国森林環境税創設促進連盟負担金,10000,R5決算書p19
2023,2,総務費,1,総務管理費,1,一般管理費,総務事務経費,,,23,1,,,総務事務経費,負担金,指定金融機関負担金,12000,R5決算書p19
2023,2,総務費,1,総務管理費,1,一般管理費,総務事務経費,,,23,1,,,総務事務経費,負担金,職員研修負担金,22650,R5決算書p19
2023,2,総務費,1,総務管理費,1,一般管理費,総務事務経費,,,23,1,,,総務事務経費,負担金,町村球技大会負担金,9690,R5決算書p19
2023,2,総務費,1,総務管理費,1,一般管理費,総務事務経費,,,23,1,,,総務事務経費,負担金,伊那大島駅駐輪場負担金,35600,R5決算書p19
2023,2,総務費,1,総務管理費,1,一般管理費,総務事務経費,,,23,1,,,総務事務経費,負担金,保護司会賛助金,21000,R5決算書p19
2023,2,総務費,1,総務管理費,1,一般管理費,総務事務経費,,,23,1,,,総務事務経費,負担金,長野県暴力追放センター負担金,10000,R5決算書p19
2023,2,総務費,1,総務管理費,1,一般管理費,総務事務経費,,,23,1,,,総務事務経費,負担金,飯田高等職業訓練校負担金,22000,R5決算書p20
2023,2,総務費,1,総務管理費,1,一般管理費,総務事務経費,,,22,0,,,総務事務経費,補助金,,28000,R5決算書p20
2023,2,総務費,1,総務管理費,1,一般管理費,総務事務経費,,,23,1,,,総務事務経費,補助金,職員福利厚生補助金,28000,R5決算書p20
2023,2,総務費,1,総務管理費,1,一般管理費,総務事務経費,,,22,0,,,総務事務経費,寄付金,,250000,R5決算書p20
2023,2,総務費,1,総務管理費,1,一般管理費,総務事務経費,,,23,1,,,総務事務経費,寄付金,寄付金,250000,R5決算書p20
2023,2,総務費,1,総務管理費,1,一般管理費,総務事務経費,,,22,0,,,総務事務経費,重量税,,103500,R5決算書p20
2023,2,総務費,1,総務管理費,1,一般管理費,総務事務経費,,,23,1,,,総務事務経費,重量税,公用車重量税,103500,R5決算書p20
2023,2,総務費,1,総務管理費,1,一般管理費,総務事務経費,,,22,0,,,総務事務経費,印紙税,,11300,R5決算書p20
2023,2,総務費,1,総務管理費,1,一般管理費,総務事務経費,,,23,1,,,総務事務経費,印紙税,印紙代,11300,R5決算書p20
2023,2,総務費,1,総務管理費,1,一般管理費,一般職人事管理経費（総務費）,,,0,0,,,,,,91691133,R5決算書p20
2023,2,総務費,1,総務管理費,1,一般管理費,一般職人事管理経費（総務費）,,,21,0,,,一般職人事管理経費（総務費）,,,91691133,R5決算書p20
2023,2,総務費,1,総務管理費,1,一般管理費,一般職人事管理経費（総務費）,,,22,0,,,一般職人事管理経費（総務費）,職員給料,,36632100,R5決算書p20
2023,2,総務費,1,総務管理費,1,一般管理費,一般職人事管理経費（総務費）,,,23,1,,,一般職人事管理経費（総務費）,職員給料,特別職・一般職給料,36632100,R5決算書p20
2023,2,総務費,1,総務管理費,1,一般管理費,一般職人事管理経費（総務費）,,,22,0,,,一般職人事管理経費（総務費）,職員手当等,,44567712,R5決算書p20
2023,2,総務費,1,総務管理費,1,一般管理費,一般職人事管理経費（総務費）,,,23,1,,,一般職人事管理経費（総務費）,職員手当等,扶養手当,1335500,R5決算書p20
2023,2,総務費,1,総務管理費,1,一般管理費,一般職人事管理経費（総務費）,,,23,1,,,一般職人事管理経費（総務費）,職員手当等,住居手当,892500,R5決算書p20
2023,2,総務費,1,総務管理費,1,一般管理費,一般職人事管理経費（総務費）,,,23,1,,,一般職人事管理経費（総務費）,職員手当等,通勤手当,513000,R5決算書p20
2023,2,総務費,1,総務管理費,1,一般管理費,一般職人事管理経費（総務費）,,,23,1,,,一般職人事管理経費（総務費）,職員手当等,時間外勤務手当,472672,R5決算書p20
2023,2,総務費,1,総務管理費,1,一般管理費,一般職人事管理経費（総務費）,,,23,1,,,一般職人事管理経費（総務費）,職員手当等,宿日直手当,3014400,R5決算書p20
2023,2,総務費,1,総務管理費,1,一般管理費,一般職人事管理経費（総務費）,,,23,1,,,一般職人事管理経費（総務費）,職員手当等,児童手当,780000,R5決算書p20
2023,2,総務費,1,総務管理費,1,一般管理費,一般職人事管理経費（総務費）,,,23,1,,,一般職人事管理経費（総務費）,職員手当等,管理職手当,240000,R5決算書p20
2023,2,総務費,1,総務管理費,1,一般管理費,一般職人事管理経費（総務費）,,,23,1,,,一般職人事管理経費（総務費）,職員手当等,期末手当,8431340,R5決算書p20
2023,2,総務費,1,総務管理費,1,一般管理費,一般職人事管理経費（総務費）,,,23,1,,,一般職人事管理経費（総務費）,職員手当等,勤勉手当,4931819,R5決算書p20
2023,2,総務費,1,総務管理費,1,一般管理費,一般職人事管理経費（総務費）,,,23,1,,,一般職人事管理経費（総務費）,職員手当等,寒冷地手当,765400,R5決算書p20
2023,2,総務費,1,総務管理費,1,一般管理費,一般職人事管理経費（総務費）,,,23,1,,,一般職人事管理経費（総務費）,職員手当等,総合事務組合負担金,23191081,R5決算書p20
2023,2,総務費,1,総務管理費,1,一般管理費,一般職人事管理経費（総務費）,,,22,0,,,一般職人事管理経費（総務費）,一般職共済費,,10491321,R5決算書p20
2023,2,総務費,1,総務管理費,1,一般管理費,一般職人事管理経費（総務費）,,,23,1,,,一般職人事管理経費（総務費）,一般職共済費,地方公務員共済組合等負担金,10491321,R5決算書p20
2023,2,総務費,1,総務管理費,1,一般管理費,互助会・災害補償基金経費,,,0,0,,,,,,642478,R5決算書p20
2023,2,総務費,1,総務管理費,1,一般管理費,互助会・災害補償基金経費,,,21,0,,,互助会・災害補償基金経費,,,642478,R5決算書p20
2023,2,総務費,1,総務管理費,1,一般管理費,互助会・災害補償基金経費,,,22,0,,,互助会・災害補償基金経費,負担金（人件費）,,642478,R5決算書p20
2023,2,総務費,1,総務管理費,1,一般管理費,互助会・災害補償基金経費,,,23,1,,,互助会・災害補償基金経費,負担金（人件費）,町村職員互助会負担金,412682,R5決算書p20
2023,2,総務費,1,総務管理費,1,一般管理費,互助会・災害補償基金経費,,,23,1,,,互助会・災害補償基金経費,負担金（人件費）,地方公務員災害補償基金負担金,229796,R5決算書p20
2023,2,総務費,1,総務管理費,1,一般管理費,臨時職員管理経費（社会保険等）,,,0,0,,,,,,14661561,R5決算書p20
2023,2,総務費,1,総務管理費,1,一般管理費,臨時職員管理経費（社会保険等）,,,21,0,,,臨時職員管理経費（社会保険等）,,,14661561,R5決算書p20
2023,2,総務費,1,総務管理費,1,一般管理費,臨時職員管理経費（社会保険等）,,,22,0,,,臨時職員管理経費（社会保険等）,臨時職員等共済費,,14661561,R5決算書p20
2023,2,総務費,1,総務管理費,1,一般管理費,臨時職員管理経費（社会保険等）,,,23,1,,,臨時職員管理経費（社会保険等）,臨時職員等共済費,社会保険料,14661561,R5決算書p20
2023,2,総務費,1,総務管理費,1,一般管理費,臨時職員管理経費（総務課）,,,0,0,,,,,,12305534,R5決算書p20
2023,2,総務費,1,総務管理費,1,一般管理費,臨時職員管理経費（総務課）,,,21,0,,,臨時職員管理経費（総務課）,,,12305534,R5決算書p20
2023,2,総務費,1,総務管理費,1,一般管理費,臨時職員管理経費（総務課）,,,22,0,,,臨時職員管理経費（総務課）,会計年度任用職員給料,,9418800,R5決算書p20
2023,2,総務費,1,総務管理費,1,一般管理費,臨時職員管理経費（総務課）,,,23,1,,,臨時職員管理経費（総務課）,会計年度任用職員給料,会計年度任用職員２号給料,9418800,R5決算書p20
2023,2,総務費,1,総務管理費,1,一般管理費,臨時職員管理経費（総務課）,,,22,0,,,臨時職員管理経費（総務課）,会計年度任用職員手当,,2886734,R5決算書p20
2023,2,総務費,1,総務管理費,1,一般管理費,臨時職員管理経費（総務課）,,,23,1,,,臨時職員管理経費（総務課）,会計年度任用職員手当,通勤手当,142000,R5決算書p20
2023,2,総務費,1,総務管理費,1,一般管理費,臨時職員管理経費（総務課）,,,23,1,,,臨時職員管理経費（総務課）,会計年度任用職員手当,時間外勤務手当,342337,R5決算書p20
2023,2,総務費,1,総務管理費,1,一般管理費,臨時職員管理経費（総務課）,,,23,1,,,臨時職員管理経費（総務課）,会計年度任用職員手当,期末手当（２号）,1704437,R5決算書p20
2023,2,総務費,1,総務管理費,1,一般管理費,臨時職員管理経費（総務課）,,,23,1,,,臨時職員管理経費（総務課）,会計年度任用職員手当,勤勉手当（２号）,678760,R5決算書p20
2023,2,総務費,1,総務管理費,1,一般管理費,臨時職員管理経費（総務課）,,,23,1,,,臨時職員管理経費（総務課）,会計年度任用職員手当,宿日直手当,19200,R5決算書p20
2023,2,総務費,1,総務管理費,2,文書広報費,文書広報一般経費,,,0,0,,,,,,27506298,R5決算書p20
2023,2,総務費,1,総務管理費,2,文書広報費,文書広報一般経費,,,21,0,,,文書広報一般経費,,,27506298,R5決算書p20
2023,2,総務費,1,総務管理費,2,文書広報費,文書広報一般経費,,,22,0,,,文書広報一般経費,消耗品,,119416,R5決算書p20
2023,2,総務費,1,総務管理費,2,文書広報費,文書広報一般経費,,,23,1,,,文書広報一般経費,消耗品,消耗品,9416,R5決算書p20
2023,2,総務費,1,総務管理費,2,文書広報費,文書広報一般経費,,,23,1,,,文書広報一般経費,消耗品,情報無線電池代,110000,R5決算書p20
2023,2,総務費,1,総務管理費,2,文書広報費,文書広報一般経費,,,22,0,,,文書広報一般経費,印刷製本費,,2392060,R5決算書p20
2023,2,総務費,1,総務管理費,2,文書広報費,文書広報一般経費,,,23,1,,,文書広報一般経費,印刷製本費,広報おおしか印刷代,2392060,R5決算書p20
2023,2,総務費,1,総務管理費,2,文書広報費,文書広報一般経費,,,22,0,,,文書広報一般経費,光熱水費,,109807,R5決算書p20
2023,2,総務費,1,総務管理費,2,文書広報費,文書広報一般経費,,,23,1,,,文書広報一般経費,光熱水費,電気料（情報無線）,109807,R5決算書p20
2023,2,総務費,1,総務管理費,2,文書広報費,文書広報一般経費,,,22,0,,,文書広報一般経費,修繕費,,196350,R5決算書p21
2023,2,総務費,1,総務管理費,2,文書広報費,文書広報一般経費,,,23,1,,,文書広報一般経費,修繕費,修繕費（情報無線）,132550,R5決算書p21
2023,2,総務費,1,総務管理費,2,文書広報費,文書広報一般経費,,,23,1,,,文書広報一般経費,修繕費,修繕費（その他修繕）,63800,R5決算書p21
2023,2,総務費,1,総務管理費,2,文書広報費,文書広報一般経費,,,22,0,,,文書広報一般経費,通信運搬費,,1609005,R5決算書p21
2023,2,総務費,1,総務管理費,2,文書広報費,文書広報一般経費,,,23,1,,,文書広報一般経費,通信運搬費,郵便料,1394889,R5決算書p21
2023,2,総務費,1,総務管理費,2,文書広報費,文書広報一般経費,,,23,1,,,文書広報一般経費,通信運搬費,運搬費（宅急便）,181066,R5決算書p21
2023,2,総務費,1,総務管理費,2,文書広報費,文書広報一般経費,,,23,1,,,文書広報一般経費,通信運搬費,電波利用料（情報無線）,33050,R5決算書p21
2023,2,総務費,1,総務管理費,2,文書広報費,文書広報一般経費,,,22,0,,,文書広報一般経費,損害保険料,,5730,R5決算書p21
2023,2,総務費,1,総務管理費,2,文書広報費,文書広報一般経費,,,23,1,,,文書広報一般経費,損害保険料,電池作業員損害保険料,5730,R5決算書p21
2023,2,総務費,1,総務管理費,2,文書広報費,文書広報一般経費,,,22,0,,,文書広報一般経費,保守管理委託料,,7293000,R5決算書p21
2023,2,総務費,1,総務管理費,2,文書広報費,文書広報一般経費,,,23,1,,,文書広報一般経費,保守管理委託料,情報無線保守委託料,7293000,R5決算書p21
2023,2,総務費,1,総務管理費,2,文書広報費,文書広報一般経費,,,22,0,,,文書広報一般経費,業務委託料,,160930,R5決算書p21
2023,2,総務費,1,総務管理費,2,文書広報費,文書広報一般経費,,,23,1,,,文書広報一般経費,業務委託料,情報無線電池交換委託料,160930,R5決算書p21
2023,2,総務費,1,総務管理費,2,文書広報費,文書広報一般経費,,,22,0,,,文書広報一般経費,単独事業,,15620000,R5決算書p21
2023,2,総務費,1,総務管理費,2,文書広報費,文書広報一般経費,,,23,1,,,文書広報一般経費,単独事業,同報無線改修工事,15620000,R5決算書p21
2023,2,総務費,1,総務管理費,3,財政管理費,財政一般経費,,,0,0,,,,,,6921200,R5決算書p21
2023,2,総務費,1,総務管理費,3,財政管理費,財政一般経費,,,21,0,,,財政一般経費,,,6921200,R5決算書p21
2023,2,総務費,1,総務管理費,3,財政管理費,財政一般経費,,,22,0,,,財政一般経費,電算委託料,,572000,R5決算書p21
2023,2,総務費,1,総務管理費,3,財政管理費,財政一般経費,,,23,1,,,財政一般経費,電算委託料,公会計制度システム保守委託料,572000,R5決算書p21
2023,2,総務費,1,総務管理費,3,財政管理費,財政一般経費,,,22,0,,,財政一般経費,保守管理委託料,,794200,R5決算書p21
2023,2,総務費,1,総務管理費,3,財政管理費,財政一般経費,,,23,1,,,財政一般経費,保守管理委託料,公有財産管理システム保守料,794200,R5決算書p21
2023,2,総務費,1,総務管理費,3,財政管理費,財政一般経費,,,22,0,,,財政一般経費,業務委託料,,5555000,R5決算書p21
2023,2,総務費,1,総務管理費,3,財政管理費,財政一般経費,,,23,1,,,財政一般経費,業務委託料,財務書類作成業務委託料,2607000,R5決算書p21
2023,2,総務費,1,総務管理費,3,財政管理費,財政一般経費,,,23,1,,,財政一般経費,業務委託料,資産台帳更新委託料,2948000,R5決算書p21
2023,2,総務費,1,総務管理費,5,財産管理費,財産管理経費,,,0,0,,,,,,12559698,R5決算書p21
2023,2,総務費,1,総務管理費,5,財産管理費,財産管理経費,,,21,0,,,財産管理経費,,,12559698,R5決算書p21
2023,2,総務費,1,総務管理費,5,財産管理費,財産管理経費,,,22,0,,,財産管理経費,消耗品,,399584,R5決算書p21
2023,2,総務費,1,総務管理費,5,財産管理費,財産管理経費,,,23,1,,,財産管理経費,消耗品,庁舎消耗品,399584,R5決算書p21
2023,2,総務費,1,総務管理費,5,財産管理費,財産管理経費,,,22,0,,,財産管理経費,光熱水費,,5481890,R5決算書p21
2023,2,総務費,1,総務管理費,5,財産管理費,財産管理経費,,,23,1,,,財産管理経費,光熱水費,電気料,2602459,R5決算書p21
2023,2,総務費,1,総務管理費,5,財産管理費,財産管理経費,,,23,1,,,財産管理経費,光熱水費,水道料,256199,R5決算書p21
2023,2,総務費,1,総務管理費,5,財産管理費,財産管理経費,,,23,1,,,財産管理経費,光熱水費,灯油代,2565650,R5決算書p21
2023,2,総務費,1,総務管理費,5,財産管理費,財産管理経費,,,23,1,,,財産管理経費,光熱水費,ガス代,57582,R5決算書p21
2023,2,総務費,1,総務管理費,5,財産管理費,財産管理経費,,,22,0,,,財産管理経費,修繕費,,1414215,R5決算書p21
2023,2,総務費,1,総務管理費,5,財産管理費,財産管理経費,,,23,1,,,財産管理経費,修繕費,建物修繕費,601425,R5決算書p21
2023,2,総務費,1,総務管理費,5,財産管理費,財産管理経費,,,23,1,,,財産管理経費,修繕費,その他修繕費,812790,R5決算書p21
2023,2,総務費,1,総務管理費,5,財産管理費,財産管理経費,,,22,0,,,財産管理経費,通信運搬費,,997107,R5決算書p21
2023,2,総務費,1,総務管理費,5,財産管理費,財産管理経費,,,23,1,,,財産管理経費,通信運搬費,電話料,935257,R5決算書p21
2023,2,総務費,1,総務管理費,5,財産管理費,財産管理経費,,,23,1,,,財産管理経費,通信運搬費,テレビ受信料,61850,R5決算書p21
2023,2,総務費,1,総務管理費,5,財産管理費,財産管理経費,,,22,0,,,財産管理経費,手数料,,38500,R5決算書p21
2023,2,総務費,1,総務管理費,5,財産管理費,財産管理経費,,,23,1,,,財産管理経費,手数料,消防施設点検料,38500,R5決算書p21
2023,2,総務費,1,総務管理費,5,財産管理費,財産管理経費,,,22,0,,,財産管理経費,損害保険料,,110044,R5決算書p21
2023,2,総務費,1,総務管理費,5,財産管理費,財産管理経費,,,23,1,,,財産管理経費,損害保険料,村有建物災害共済保険料,110044,R5決算書p21
2023,2,総務費,1,総務管理費,5,財産管理費,財産管理経費,,,22,0,,,財産管理経費,保守管理委託料,,1049568,R5決算書p21
2023,2,総務費,1,総務管理費,5,財産管理費,財産管理経費,,,23,1,,,財産管理経費,保守管理委託料,電話保守委託料,172000,R5決算書p21
2023,2,総務費,1,総務管理費,5,財産管理費,財産管理経費,,,23,1,,,財産管理経費,保守管理委託料,電気施設保守委託料,189400,R5決算書p21
2023,2,総務費,1,総務管理費,5,財産管理費,財産管理経費,,,23,1,,,財産管理経費,保守管理委託料,合併浄化槽保守管理委託料,252470,R5決算書p21
2023,2,総務費,1,総務管理費,5,財産管理費,財産管理経費,,,23,1,,,財産管理経費,保守管理委託料,自動ドア管理委託料,128600,R5決算書p21
2023,2,総務費,1,総務管理費,5,財産管理費,財産管理経費,,,23,1,,,財産管理経費,保守管理委託料,非常用発電設備点検委託料,181500,R5決算書p21
2023,2,総務費,1,総務管理費,5,財産管理費,財産管理経費,,,23,1,,,財産管理経費,保守管理委託料,金庫保守点検料,125598,R5決算書p21
2023,2,総務費,1,総務管理費,5,財産管理費,財産管理経費,,,22,0,,,財産管理経費,使用料・借上料,,2604580,R5決算書p21
2023,2,総務費,1,総務管理費,5,財産管理費,財産管理経費,,,23,1,,,財産管理経費,使用料・借上料,LEDリース料,2191200,R5決算書p21
2023,2,総務費,1,総務管理費,5,財産管理費,財産管理経費,,,23,1,,,財産管理経費,使用料・借上料,モップ・マットリース料,413380,R5決算書p21
2023,2,総務費,1,総務管理費,5,財産管理費,財産管理経費,,,22,0,,,財産管理経費,敷地料,,464210,R5決算書p21
2023,2,総務費,1,総務管理費,5,財産管理費,財産管理経費,,,23,1,,,財産管理経費,敷地料,庁舎敷地料,375330,R5決算書p22
2023,2,総務費,1,総務管理費,5,財産管理費,財産管理経費,,,23,1,,,財産管理経費,敷地料,駐在所敷地料,88880,R5決算書p22
2023,2,総務費,1,総務管理費,6,企画費,企画事務経費,,,0,0,,,,,,41884786,R5決算書p22
2023,2,総務費,1,総務管理費,6,企画費,企画事務経費,,,21,0,,,企画事務経費,,,41884786,R5決算書p22
2023,2,総務費,1,総務管理費,6,企画費,企画事務経費,,,22,0,,,企画事務経費,委員報酬,,258600,R5決算書p22
2023,2,総務費,1,総務管理費,6,企画費,企画事務経費,,,23,1,,,企画事務経費,委員報酬,景観審議会報酬,16100,R5決算書p22
2023,2,総務費,1,総務管理費,6,企画費,企画事務経費,,,23,1,,,企画事務経費,委員報酬,交通システム策定委員会報酬,21500,R5決算書p22
2023,2,総務費,1,総務管理費,6,企画費,企画事務経費,,,23,1,,,企画事務経費,委員報酬,行政評価委員会報酬,25800,R5決算書p22
2023,2,総務費,1,総務管理費,6,企画費,企画事務経費,,,23,1,,,企画事務経費,委員報酬,村づくり検討委員会報酬,169400,R5決算書p22
2023,2,総務費,1,総務管理費,6,企画費,企画事務経費,,,23,1,,,企画事務経費,委員報酬,審査委員報酬,25800,R5決算書p22
2023,2,総務費,1,総務管理費,6,企画費,企画事務経費,,,22,0,,,企画事務経費,謝金,,338700,R5決算書p22
2023,2,総務費,1,総務管理費,6,企画費,企画事務経費,,,23,1,,,企画事務経費,謝金,講師謝礼,300000,R5決算書p22
2023,2,総務費,1,総務管理費,6,企画費,企画事務経費,,,23,1,,,企画事務経費,謝金,協力者謝礼,38700,R5決算書p22
2023,2,総務費,1,総務管理費,6,企画費,企画事務経費,,,22,0,,,企画事務経費,職員旅費,,520600,R5決算書p22
2023,2,総務費,1,総務管理費,6,企画費,企画事務経費,,,23,1,,,企画事務経費,職員旅費,職員旅費,520600,R5決算書p22
2023,2,総務費,1,総務管理費,6,企画費,企画事務経費,,,22,0,,,企画事務経費,費用弁償,,230360,R5決算書p22
2023,2,総務費,1,総務管理費,6,企画費,企画事務経費,,,23,1,,,企画事務経費,費用弁償,講師旅費,52300,R5決算書p22
2023,2,総務費,1,総務管理費,6,企画費,企画事務経費,,,23,1,,,企画事務経費,費用弁償,受賞者旅費,178060,R5決算書p22
2023,2,総務費,1,総務管理費,6,企画費,企画事務経費,,,22,0,,,企画事務経費,消耗品,,1919050,R5決算書p22
2023,2,総務費,1,総務管理費,6,企画費,企画事務経費,,,23,1,,,企画事務経費,消耗品,消耗品,1904650,R5決算書p22
2023,2,総務費,1,総務管理費,6,企画費,企画事務経費,,,23,1,,,企画事務経費,消耗品,美しい村新聞購入費,14400,R5決算書p22
2023,2,総務費,1,総務管理費,6,企画費,企画事務経費,,,22,0,,,企画事務経費,食糧費,,68400,R5決算書p22
2023,2,総務費,1,総務管理費,6,企画費,企画事務経費,,,23,1,,,企画事務経費,食糧費,食糧費,68400,R5決算書p22
2023,2,総務費,1,総務管理費,6,企画費,企画事務経費,,,22,0,,,企画事務経費,印刷製本費,,523600,R5決算書p22
2023,2,総務費,1,総務管理費,6,企画費,企画事務経費,,,23,1,,,企画事務経費,印刷製本費,村勢要覧印刷費,122100,R5決算書p22
2023,2,総務費,1,総務管理費,6,企画費,企画事務経費,,,23,1,,,企画事務経費,印刷製本費,美しい村ＰＲ資料印刷費,292600,R5決算書p22
2023,2,総務費,1,総務管理費,6,企画費,企画事務経費,,,23,1,,,企画事務経費,印刷製本費,名刺用台紙印刷代,108900,R5決算書p22
2023,2,総務費,1,総務管理費,6,企画費,企画事務経費,,,22,0,,,企画事務経費,通信運搬費,,6032,R5決算書p22
2023,2,総務費,1,総務管理費,6,企画費,企画事務経費,,,23,1,,,企画事務経費,通信運搬費,郵便料,6032,R5決算書p22
2023,2,総務費,1,総務管理費,6,企画費,企画事務経費,,,22,0,,,企画事務経費,筆耕料,,30000,R5決算書p22
2023,2,総務費,1,総務管理費,6,企画費,企画事務経費,,,23,1,,,企画事務経費,筆耕料,筆耕料,30000,R5決算書p22
2023,2,総務費,1,総務管理費,6,企画費,企画事務経費,,,22,0,,,企画事務経費,保守管理委託料,,213400,R5決算書p22
2023,2,総務費,1,総務管理費,6,企画費,企画事務経費,,,23,1,,,企画事務経費,保守管理委託料,ホームページ保守委託料,213400,R5決算書p22
2023,2,総務費,1,総務管理費,6,企画費,企画事務経費,,,22,0,,,企画事務経費,業務委託料,,2999150,R5決算書p22
2023,2,総務費,1,総務管理費,6,企画費,企画事務経費,,,23,1,,,企画事務経費,業務委託料,ホームページ更新委託料,2999150,R5決算書p22
2023,2,総務費,1,総務管理費,6,企画費,企画事務経費,,,22,0,,,企画事務経費,使用料・借上料,,740237,R5決算書p22
2023,2,総務費,1,総務管理費,6,企画費,企画事務経費,,,23,1,,,企画事務経費,使用料・借上料,駐車場使用料,2800,R5決算書p22
2023,2,総務費,1,総務管理費,6,企画費,企画事務経費,,,23,1,,,企画事務経費,使用料・借上料,行政ＨＰ用サーバ使用料,256608,R5決算書p22
2023,2,総務費,1,総務管理費,6,企画費,企画事務経費,,,23,1,,,企画事務経費,使用料・借上料,ふるさと納税システム利用料,471031,R5決算書p22
2023,2,総務費,1,総務管理費,6,企画費,企画事務経費,,,23,1,,,企画事務経費,使用料・借上料,セキュリティシステムリース料,5720,R5決算書p22
2023,2,総務費,1,総務管理費,6,企画費,企画事務経費,,,23,1,,,企画事務経費,使用料・借上料,システム使用料,4078,R5決算書p22
2023,2,総務費,1,総務管理費,6,企画費,企画事務経費,,,22,0,,,企画事務経費,敷地料,,1920,R5決算書p22
2023,2,総務費,1,総務管理費,6,企画費,企画事務経費,,,23,1,,,企画事務経費,敷地料,バス停敷地料,1920,R5決算書p22
2023,2,総務費,1,総務管理費,6,企画費,企画事務経費,,,22,0,,,企画事務経費,原材料費,,99900,R5決算書p22
2023,2,総務費,1,総務管理費,6,企画費,企画事務経費,,,23,1,,,企画事務経費,原材料費,美しい村づくり活動材料代,99900,R5決算書p22
2023,2,総務費,1,総務管理費,6,企画費,企画事務経費,,,22,0,,,企画事務経費,備品購入費,,456500,R5決算書p22
2023,2,総務費,1,総務管理費,6,企画費,企画事務経費,,,23,1,,,企画事務経費,備品購入費,自治会施設備品購入費,456500,R5決算書p22
2023,2,総務費,1,総務管理費,6,企画費,企画事務経費,,,22,0,,,企画事務経費,負担金（一部事務組合）,,4221000,R5決算書p22
2023,2,総務費,1,総務管理費,6,企画費,企画事務経費,,,23,1,,,企画事務経費,負担金（一部事務組合）,南信州広域連合負担金,2128000,R5決算書p22
2023,2,総務費,1,総務管理費,6,企画費,企画事務経費,,,23,1,,,企画事務経費,負担金（一部事務組合）,北部総合事務組合負担金,2093000,R5決算書p22
2023,2,総務費,1,総務管理費,6,企画費,企画事務経費,,,22,0,,,企画事務経費,負担金,,1163342,R5決算書p22
2023,2,総務費,1,総務管理費,6,企画費,企画事務経費,,,23,1,,,企画事務経費,負担金,全国山振連盟負担金,40000,R5決算書p22
2023,2,総務費,1,総務管理費,6,企画費,企画事務経費,,,23,1,,,企画事務経費,負担金,全国過疎地域自立促進連盟負担金,56250,R5決算書p22
2023,2,総務費,1,総務管理費,6,企画費,企画事務経費,,,23,1,,,企画事務経費,負担金,美しい村連合負担金,358592,R5決算書p22
2023,2,総務費,1,総務管理費,6,企画費,企画事務経費,,,23,1,,,企画事務経費,負担金,美しい村連合総会負担金,40500,R5決算書p22
2023,2,総務費,1,総務管理費,6,企画費,企画事務経費,,,23,1,,,企画事務経費,負担金,ダム・発電関係市町村全国協議会負担金,8000,R5決算書p23
2023,2,総務費,1,総務管理費,6,企画費,企画事務経費,,,23,1,,,企画事務経費,負担金,イベント開催負担金,500000,R5決算書p23
2023,2,総務費,1,総務管理費,6,企画費,企画事務経費,,,23,1,,,企画事務経費,負担金,伊那大島駅負担金,150000,R5決算書p23
2023,2,総務費,1,総務管理費,6,企画費,企画事務経費,,,23,1,,,企画事務経費,負担金,楽園信州推進協議会負担金,10000,R5決算書p23
2023,2,総務費,1,総務管理費,6,企画費,企画事務経費,,,22,0,,,企画事務経費,補助金,,24599000,R5決算書p23
2023,2,総務費,1,総務管理費,6,企画費,企画事務経費,,,23,1,,,企画事務経費,補助金,コミュニティ活動補助金,200000,R5決算書p23
2023,2,総務費,1,総務管理費,6,企画費,企画事務経費,,,23,1,,,企画事務経費,補助金,廃止代替バス運行補助金,23573000,R5決算書p23
2023,2,総務費,1,総務管理費,6,企画費,企画事務経費,,,23,1,,,企画事務経費,補助金,美しい村づくり事業補助金,826000,R5決算書p23
2023,2,総務費,1,総務管理費,6,企画費,企画事務経費,,,22,0,,,企画事務経費,交付金,,3194995,R5決算書p23
2023,2,総務費,1,総務管理費,6,企画費,企画事務経費,,,23,1,,,企画事務経費,交付金,美しい村づくり交付金,3194995,R5決算書p23
2023,2,総務費,1,総務管理費,6,企画費,企画事務経費,,,22,0,,,企画事務経費,出資金,,300000,R5決算書p23
2023,2,総務費,1,総務管理費,6,企画費,企画事務経費,,,23,1,,,企画事務経費,出資金,南信州リゾート株式会社出資金,300000,R5決算書p23
2023,2,総務費,1,総務管理費,6,企画費,地域おこし協力隊・集落支援員事業,,,0,0,,,,,,3501889,R5決算書p23
2023,2,総務費,1,総務管理費,6,企画費,地域おこし協力隊・集落支援員事業,,,21,0,,,地域おこし協力隊・集落支援員事業,,,3501889,R5決算書p23
2023,2,総務費,1,総務管理費,6,企画費,地域おこし協力隊・集落支援員事業,,,22,0,,,地域おこし協力隊・集落支援員事業,会計年度任用職員報酬,,2097000,R5決算書p23
2023,2,総務費,1,総務管理費,6,企画費,地域おこし協力隊・集落支援員事業,,,23,1,,,地域おこし協力隊・集落支援員事業,会計年度任用職員報酬,会計年度任用職員1号報酬,2097000,R5決算書p23
2023,2,総務費,1,総務管理費,6,企画費,地域おこし協力隊・集落支援員事業,,,22,0,,,地域おこし協力隊・集落支援員事業,会計年度任用職員手当,,24000,R5決算書p23
2023,2,総務費,1,総務管理費,6,企画費,地域おこし協力隊・集落支援員事業,,,23,1,,,地域おこし協力隊・集落支援員事業,会計年度任用職員手当,通勤手当,24000,R5決算書p23
2023,2,総務費,1,総務管理費,6,企画費,地域おこし協力隊・集落支援員事業,,,22,0,,,地域おこし協力隊・集落支援員事業,臨時職員等共済費,,756833,R5決算書p23
2023,2,総務費,1,総務管理費,6,企画費,地域おこし協力隊・集落支援員事業,,,23,1,,,地域おこし協力隊・集落支援員事業,臨時職員等共済費,社会保険料,756833,R5決算書p23
2023,2,総務費,1,総務管理費,6,企画費,地域おこし協力隊・集落支援員事業,,,22,0,,,地域おこし協力隊・集落支援員事業,消耗品,,6110,R5決算書p23
2023,2,総務費,1,総務管理費,6,企画費,地域おこし協力隊・集落支援員事業,,,23,1,,,地域おこし協力隊・集落支援員事業,消耗品,図書購入費,6110,R5決算書p23
2023,2,総務費,1,総務管理費,6,企画費,地域おこし協力隊・集落支援員事業,,,22,0,,,地域おこし協力隊・集落支援員事業,燃料費,,60281,R5決算書p23
2023,2,総務費,1,総務管理費,6,企画費,地域おこし協力隊・集落支援員事業,,,23,1,,,地域おこし協力隊・集落支援員事業,燃料費,公用車燃料代,60281,R5決算書p23
2023,2,総務費,1,総務管理費,6,企画費,地域おこし協力隊・集落支援員事業,,,22,0,,,地域おこし協力隊・集落支援員事業,修繕費,,50875,R5決算書p23
2023,2,総務費,1,総務管理費,6,企画費,地域おこし協力隊・集落支援員事業,,,23,1,,,地域おこし協力隊・集落支援員事業,修繕費,公用車修繕費,50875,R5決算書p23
2023,2,総務費,1,総務管理費,6,企画費,地域おこし協力隊・集落支援員事業,,,22,0,,,地域おこし協力隊・集落支援員事業,手数料,,22000,R5決算書p23
2023,2,総務費,1,総務管理費,6,企画費,地域おこし協力隊・集落支援員事業,,,23,1,,,地域おこし協力隊・集落支援員事業,手数料,公用車車検点検料,22000,R5決算書p23
2023,2,総務費,1,総務管理費,6,企画費,地域おこし協力隊・集落支援員事業,,,22,0,,,地域おこし協力隊・集落支援員事業,損害保険料,,14990,R5決算書p23
2023,2,総務費,1,総務管理費,6,企画費,地域おこし協力隊・集落支援員事業,,,23,1,,,地域おこし協力隊・集落支援員事業,損害保険料,公用車共済保険料,14990,R5決算書p23
2023,2,総務費,1,総務管理費,6,企画費,地域おこし協力隊・集落支援員事業,,,22,0,,,地域おこし協力隊・集落支援員事業,使用料・借上料,,463200,R5決算書p23
2023,2,総務費,1,総務管理費,6,企画費,地域おこし協力隊・集落支援員事業,,,23,1,,,地域おこし協力隊・集落支援員事業,使用料・借上料,住宅借上料,384000,R5決算書p23
2023,2,総務費,1,総務管理費,6,企画費,地域おこし協力隊・集落支援員事業,,,23,1,,,地域おこし協力隊・集落支援員事業,使用料・借上料,事務用機器リース料,79200,R5決算書p23
2023,2,総務費,1,総務管理費,6,企画費,地域おこし協力隊・集落支援員事業,,,22,0,,,地域おこし協力隊・集落支援員事業,重量税,,6600,R5決算書p23
2023,2,総務費,1,総務管理費,6,企画費,地域おこし協力隊・集落支援員事業,,,23,1,,,地域おこし協力隊・集落支援員事業,重量税,公用車重量税,6600,R5決算書p23
2023,2,総務費,1,総務管理費,6,企画費,リニア対策経費,,,0,0,,,,,,479300,R5決算書p23
2023,2,総務費,1,総務管理費,6,企画費,リニア対策経費,,,21,0,,,リニア対策経費,,,479300,R5決算書p23
2023,2,総務費,1,総務管理費,6,企画費,リニア対策経費,,,22,0,,,リニア対策経費,委員報酬,,434300,R5決算書p23
2023,2,総務費,1,総務管理費,6,企画費,リニア対策経費,,,23,1,,,リニア対策経費,委員報酬,リニア連絡協議会委員報酬,434300,R5決算書p23
2023,2,総務費,1,総務管理費,6,企画費,リニア対策経費,,,22,0,,,リニア対策経費,職員旅費,,41000,R5決算書p23
2023,2,総務費,1,総務管理費,6,企画費,リニア対策経費,,,23,1,,,リニア対策経費,職員旅費,職員旅費,41000,R5決算書p23
2023,2,総務費,1,総務管理費,6,企画費,リニア対策経費,,,22,0,,,リニア対策経費,負担金,,4000,R5決算書p23
2023,2,総務費,1,総務管理費,6,企画費,リニア対策経費,,,23,1,,,リニア対策経費,負担金,リニアエクスプレス同盟会負担金,4000,R5決算書p23
2023,2,総務費,1,総務管理費,8,交通安全対策費,交通安全一般経費,,,0,0,,,,,,324944,R5決算書p23
2023,2,総務費,1,総務管理費,8,交通安全対策費,交通安全一般経費,,,21,0,,,交通安全一般経費,,,324944,R5決算書p23
2023,2,総務費,1,総務管理費,8,交通安全対策費,交通安全一般経費,,,22,0,,,交通安全一般経費,消耗品,,57816,R5決算書p23
2023,2,総務費,1,総務管理費,8,交通安全対策費,交通安全一般経費,,,23,1,,,交通安全一般経費,消耗品,交通安全用品,57816,R5決算書p23
2023,2,総務費,1,総務管理費,8,交通安全対策費,交通安全一般経費,,,22,0,,,交通安全一般経費,光熱水費,,12128,R5決算書p23
2023,2,総務費,1,総務管理費,8,交通安全対策費,交通安全一般経費,,,23,1,,,交通安全一般経費,光熱水費,電気料（回転灯）,12128,R5決算書p23
2023,2,総務費,1,総務管理費,8,交通安全対策費,交通安全一般経費,,,22,0,,,交通安全一般経費,負担金,,255000,R5決算書p23
2023,2,総務費,1,総務管理費,8,交通安全対策費,交通安全一般経費,,,23,1,,,交通安全一般経費,負担金,大鹿村交通安全協会事業費負担金,255000,R5決算書p23
2023,2,総務費,1,総務管理費,8,交通安全対策費,南信交通災害共済経費,,,0,0,,,,,,180000,R5決算書p23
2023,2,総務費,1,総務管理費,8,交通安全対策費,南信交通災害共済経費,,,21,0,,,南信交通災害共済経費,,,180000,R5決算書p23
2023,2,総務費,1,総務管理費,8,交通安全対策費,南信交通災害共済経費,,,22,0,,,南信交通災害共済経費,補助金,,180000,R5決算書p23
2023,2,総務費,1,総務管理費,8,交通安全対策費,南信交通災害共済経費,,,23,1,,,南信交通災害共済経費,補助金,南信交通災害共済掛金補助,180000,R5決算書p24
2023,2,総務費,1,総務管理費,8,交通安全対策費,交通安全施設整備経費,,,0,0,,,,,,11817666,R5決算書p24
2023,2,総務費,1,総務管理費,8,交通安全対策費,交通安全施設整備経費,,,21,0,,,交通安全施設整備経費,,,11817666,R5決算書p24
2023,2,総務費,1,総務管理費,8,交通安全対策費,交通安全施設整備経費,,,22,0,,,交通安全施設整備経費,消耗品,,212278,R5決算書p24
2023,2,総務費,1,総務管理費,8,交通安全対策費,交通安全施設整備経費,,,23,1,,,交通安全施設整備経費,消耗品,除雪用三角板代,212278,R5決算書p24
2023,2,総務費,1,総務管理費,8,交通安全対策費,交通安全施設整備経費,,,22,0,,,交通安全施設整備経費,燃料費,,73790,R5決算書p24
2023,2,総務費,1,総務管理費,8,交通安全対策費,交通安全施設整備経費,,,23,1,,,交通安全施設整備経費,燃料費,公用車燃料費,73790,R5決算書p24
2023,2,総務費,1,総務管理費,8,交通安全対策費,交通安全施設整備経費,,,22,0,,,交通安全施設整備経費,修繕費,,3916,R5決算書p24
2023,2,総務費,1,総務管理費,8,交通安全対策費,交通安全施設整備経費,,,23,1,,,交通安全施設整備経費,修繕費,公用車修繕費,3916,R5決算書p24
2023,2,総務費,1,総務管理費,8,交通安全対策費,交通安全施設整備経費,,,22,0,,,交通安全施設整備経費,損害保険料,,20120,R5決算書p24
2023,2,総務費,1,総務管理費,8,交通安全対策費,交通安全施設整備経費,,,23,1,,,交通安全施設整備経費,損害保険料,公用車共済保険料,20120,R5決算書p24
2023,2,総務費,1,総務管理費,8,交通安全対策費,交通安全施設整備経費,,,22,0,,,交通安全施設整備経費,業務委託料,,10161294,R5決算書p24
2023,2,総務費,1,総務管理費,8,交通安全対策費,交通安全施設整備経費,,,23,1,,,交通安全施設整備経費,業務委託料,道路凍結防止対策（支障木伐採）委託,3551900,R5決算書p24
2023,2,総務費,1,総務管理費,8,交通安全対策費,交通安全施設整備経費,,,23,1,,,交通安全施設整備経費,業務委託料,除雪委託料,6609394,R5決算書p24
2023,2,総務費,1,総務管理費,8,交通安全対策費,交通安全施設整備経費,,,22,0,,,交通安全施設整備経費,単独事業,,189200,R5決算書p24
2023,2,総務費,1,総務管理費,8,交通安全対策費,交通安全施設整備経費,,,23,1,,,交通安全施設整備経費,単独事業,ガードレール・カーブミラー設置工事,189200,R5決算書p24
2023,2,総務費,1,総務管理費,8,交通安全対策費,交通安全施設整備経費,,,22,0,,,交通安全施設整備経費,原材料費,,1157068,R5決算書p24
2023,2,総務費,1,総務管理費,8,交通安全対策費,交通安全施設整備経費,,,23,1,,,交通安全施設整備経費,原材料費,滑り止め用砂,1157068,R5決算書p24
2023,2,総務費,1,総務管理費,9,電子計算費,電子計算経費,,,0,0,,,,,,30031201,R5決算書p24
2023,2,総務費,1,総務管理費,9,電子計算費,電子計算経費,,,21,0,,,電子計算経費,,,30031201,R5決算書p24
2023,2,総務費,1,総務管理費,9,電子計算費,電子計算経費,,,22,0,,,電子計算経費,修繕費,,132000,R5決算書p24
2023,2,総務費,1,総務管理費,9,電子計算費,電子計算経費,,,23,1,,,電子計算経費,修繕費,パソコン等修繕費,132000,R5決算書p24
2023,2,総務費,1,総務管理費,9,電子計算費,電子計算経費,,,22,0,,,電子計算経費,通信運搬費,,1272009,R5決算書p24
2023,2,総務費,1,総務管理費,9,電子計算費,電子計算経費,,,23,1,,,電子計算経費,通信運搬費,情報通信接続料,1272009,R5決算書p24
2023,2,総務費,1,総務管理費,9,電子計算費,電子計算経費,,,22,0,,,電子計算経費,電算委託料,,7785668,R5決算書p24
2023,2,総務費,1,総務管理費,9,電子計算費,電子計算経費,,,23,1,,,電子計算経費,電算委託料,基幹系等機器保守委託料,686400,R5決算書p24
2023,2,総務費,1,総務管理費,9,電子計算費,電子計算経費,,,23,1,,,電子計算経費,電算委託料,ＬＧＷＡＮシステム運用支援委託料,198000,R5決算書p24
2023,2,総務費,1,総務管理費,9,電子計算費,電子計算経費,,,23,1,,,電子計算経費,電算委託料,システム導入委託料,4625500,R5決算書p24
2023,2,総務費,1,総務管理費,9,電子計算費,電子計算経費,,,23,1,,,電子計算経費,電算委託料,情報セキュリティ強化機器保守委託料,224400,R5決算書p24
2023,2,総務費,1,総務管理費,9,電子計算費,電子計算経費,,,23,1,,,電子計算経費,電算委託料,マイナンバー管理システム保守委託料,79200,R5決算書p24
2023,2,総務費,1,総務管理費,9,電子計算費,電子計算経費,,,23,1,,,電子計算経費,電算委託料,自治体システム標準化委託料,883300,R5決算書p24
2023,2,総務費,1,総務管理費,9,電子計算費,電子計算経費,,,23,1,,,電子計算経費,電算委託料,行政手続きオンライン化運用保守料,1088868,R5決算書p24
2023,2,総務費,1,総務管理費,9,電子計算費,電子計算経費,,,22,0,,,電子計算経費,使用料・借上料,,16012480,R5決算書p24
2023,2,総務費,1,総務管理費,9,電子計算費,電子計算経費,,,23,1,,,電子計算経費,使用料・借上料,財務会計システム使用料,3154800,R5決算書p24
2023,2,総務費,1,総務管理費,9,電子計算費,電子計算経費,,,23,1,,,電子計算経費,使用料・借上料,ＬＧＷＡＮハウジング料,1215720,R5決算書p24
2023,2,総務費,1,総務管理費,9,電子計算費,電子計算経費,,,23,1,,,電子計算経費,使用料・借上料,ウイルス対策ソフト使用料,987800,R5決算書p24
2023,2,総務費,1,総務管理費,9,電子計算費,電子計算経費,,,23,1,,,電子計算経費,使用料・借上料,基幹系システム使用料,2983200,R5決算書p24
2023,2,総務費,1,総務管理費,9,電子計算費,電子計算経費,,,23,1,,,電子計算経費,使用料・借上料,ＬＧＷＡＮルータ使用料,74360,R5決算書p24
2023,2,総務費,1,総務管理費,9,電子計算費,電子計算経費,,,23,1,,,電子計算経費,使用料・借上料,パソコンリース料,3003000,R5決算書p24
2023,2,総務費,1,総務管理費,9,電子計算費,電子計算経費,,,23,1,,,電子計算経費,使用料・借上料,セキュリティー強靭化システムリース料,4593600,R5決算書p24
2023,2,総務費,1,総務管理費,9,電子計算費,電子計算経費,,,22,0,,,電子計算経費,負担金,,4829044,R5決算書p24
2023,2,総務費,1,総務管理費,9,電子計算費,電子計算経費,,,23,1,,,電子計算経費,負担金,長野県自治振興組合負担金,1166841,R5決算書p24
2023,2,総務費,1,総務管理費,9,電子計算費,電子計算経費,,,23,1,,,電子計算経費,負担金,電子申請・届出サービス負担金,40796,R5決算書p24
2023,2,総務費,1,総務管理費,9,電子計算費,電子計算経費,,,23,1,,,電子計算経費,負担金,中間ＳＶＰＦ負担金,2096000,R5決算書p24
2023,2,総務費,1,総務管理費,9,電子計算費,電子計算経費,,,23,1,,,電子計算経費,負担金,自治体情報セキュリティクラウド負担金,1525407,R5決算書p24
2023,2,総務費,1,総務管理費,10,ＣＡＴＶ事業費,ＣＡＴＶ管理事業,,,0,0,,,,,,22411719,R5決算書p24
2023,2,総務費,1,総務管理費,10,ＣＡＴＶ事業費,ＣＡＴＶ管理事業,,,21,0,,,ＣＡＴＶ管理事業,,,22411719,R5決算書p24
2023,2,総務費,1,総務管理費,10,ＣＡＴＶ事業費,ＣＡＴＶ管理事業,,,22,0,,,ＣＡＴＶ管理事業,消耗品,,70875,R5決算書p24
2023,2,総務費,1,総務管理費,10,ＣＡＴＶ事業費,ＣＡＴＶ管理事業,,,23,1,,,ＣＡＴＶ管理事業,消耗品,消耗品,70875,R5決算書p25
2023,2,総務費,1,総務管理費,10,ＣＡＴＶ事業費,ＣＡＴＶ管理事業,,,22,0,,,ＣＡＴＶ管理事業,通信運搬費,,2579128,R5決算書p25
2023,2,総務費,1,総務管理費,10,ＣＡＴＶ事業費,ＣＡＴＶ管理事業,,,23,1,,,ＣＡＴＶ管理事業,通信運搬費,情報通信接続料,2579128,R5決算書p25
2023,2,総務費,1,総務管理費,10,ＣＡＴＶ事業費,ＣＡＴＶ管理事業,,,22,0,,,ＣＡＴＶ管理事業,損害保険料,,131980,R5決算書p25
2023,2,総務費,1,総務管理費,10,ＣＡＴＶ事業費,ＣＡＴＶ管理事業,,,23,1,,,ＣＡＴＶ管理事業,損害保険料,ＣＡＴＶ施設保険料,131980,R5決算書p25
2023,2,総務費,1,総務管理費,10,ＣＡＴＶ事業費,ＣＡＴＶ管理事業,,,22,0,,,ＣＡＴＶ管理事業,業務委託料,,165000,R5決算書p25
2023,2,総務費,1,総務管理費,10,ＣＡＴＶ事業費,ＣＡＴＶ管理事業,,,23,1,,,ＣＡＴＶ管理事業,業務委託料,技術支援委託料,165000,R5決算書p25
2023,2,総務費,1,総務管理費,10,ＣＡＴＶ事業費,ＣＡＴＶ管理事業,,,22,0,,,ＣＡＴＶ管理事業,機器更新委託料,,5425860,R5決算書p25
2023,2,総務費,1,総務管理費,10,ＣＡＴＶ事業費,ＣＡＴＶ管理事業,,,23,1,,,ＣＡＴＶ管理事業,機器更新委託料,ＣＡＴＶ施設更新委託料,5425860,R5決算書p25
2023,2,総務費,1,総務管理費,10,ＣＡＴＶ事業費,ＣＡＴＶ管理事業,,,22,0,,,ＣＡＴＶ管理事業,使用料・借上料,,2270400,R5決算書p25
2023,2,総務費,1,総務管理費,10,ＣＡＴＶ事業費,ＣＡＴＶ管理事業,,,23,1,,,ＣＡＴＶ管理事業,使用料・借上料,クラウドサービス使用料,2270400,R5決算書p25
2023,2,総務費,1,総務管理費,10,ＣＡＴＶ事業費,ＣＡＴＶ管理事業,,,22,0,,,ＣＡＴＶ管理事業,単独事業,,335512,R5決算書p25
2023,2,総務費,1,総務管理費,10,ＣＡＴＶ事業費,ＣＡＴＶ管理事業,,,23,1,,,ＣＡＴＶ管理事業,単独事業,引込み線工事,335512,R5決算書p25
2023,2,総務費,1,総務管理費,10,ＣＡＴＶ事業費,ＣＡＴＶ管理事業,,,22,0,,,ＣＡＴＶ管理事業,負担金,,11384964,R5決算書p25
2023,2,総務費,1,総務管理費,10,ＣＡＴＶ事業費,ＣＡＴＶ管理事業,,,23,1,,,ＣＡＴＶ管理事業,負担金,ケーブルテレビ事業負担金,11384964,R5決算書p25
2023,2,総務費,1,総務管理費,10,ＣＡＴＶ事業費,ＣＡＴＶ管理事業,,,22,0,,,ＣＡＴＶ管理事業,補助金,,48000,R5決算書p25
2023,2,総務費,1,総務管理費,10,ＣＡＴＶ事業費,ＣＡＴＶ管理事業,,,23,1,,,ＣＡＴＶ管理事業,補助金,インターネット利用補助金,48000,R5決算書p25
2023,2,総務費,2,徴税費,1,税務総務費,税務一般経費,,,0,0,,,,,,22761154,R5決算書p25
2023,2,総務費,2,徴税費,1,税務総務費,税務一般経費,,,21,0,,,税務一般経費,,,22761154,R5決算書p25
2023,2,総務費,2,徴税費,1,税務総務費,税務一般経費,,,22,0,,,税務一般経費,消耗品,,148204,R5決算書p25
2023,2,総務費,2,徴税費,1,税務総務費,税務一般経費,,,23,1,,,税務一般経費,消耗品,消耗品,96130,R5決算書p25
2023,2,総務費,2,徴税費,1,税務総務費,税務一般経費,,,23,1,,,税務一般経費,消耗品,図書購入費,52074,R5決算書p25
2023,2,総務費,2,徴税費,1,税務総務費,税務一般経費,,,22,0,,,税務一般経費,印刷製本費,,236,R5決算書p25
2023,2,総務費,2,徴税費,1,税務総務費,税務一般経費,,,23,1,,,税務一般経費,印刷製本費,印刷製本費,236,R5決算書p25
2023,2,総務費,2,徴税費,1,税務総務費,税務一般経費,,,22,0,,,税務一般経費,手数料,,122727,R5決算書p25
2023,2,総務費,2,徴税費,1,税務総務費,税務一般経費,,,23,1,,,税務一般経費,手数料,口座振替等収納手数料,122727,R5決算書p25
2023,2,総務費,2,徴税費,1,税務総務費,税務一般経費,,,22,0,,,税務一般経費,筆耕料,,6000,R5決算書p25
2023,2,総務費,2,徴税費,1,税務総務費,税務一般経費,,,23,1,,,税務一般経費,筆耕料,筆耕料,6000,R5決算書p25
2023,2,総務費,2,徴税費,1,税務総務費,税務一般経費,,,22,0,,,税務一般経費,電算委託料,,8472871,R5決算書p25
2023,2,総務費,2,徴税費,1,税務総務費,税務一般経費,,,23,1,,,税務一般経費,電算委託料,住民税,4432120,R5決算書p25
2023,2,総務費,2,徴税費,1,税務総務費,税務一般経費,,,23,1,,,税務一般経費,電算委託料,固定資産税,3383303,R5決算書p25
2023,2,総務費,2,徴税費,1,税務総務費,税務一般経費,,,23,1,,,税務一般経費,電算委託料,軽自動車税,297748,R5決算書p25
2023,2,総務費,2,徴税費,1,税務総務費,税務一般経費,,,23,1,,,税務一般経費,電算委託料,収納・口座・会計委託料,359700,R5決算書p25
2023,2,総務費,2,徴税費,1,税務総務費,税務一般経費,,,22,0,,,税務一般経費,業務委託料,,11795589,R5決算書p25
2023,2,総務費,2,徴税費,1,税務総務費,税務一般経費,,,23,1,,,税務一般経費,業務委託料,固定資産土地意見書委託,272725,R5決算書p25
2023,2,総務費,2,徴税費,1,税務総務費,税務一般経費,,,23,1,,,税務一般経費,業務委託料,航空写真撮影業務委託料,10326492,R5決算書p25
2023,2,総務費,2,徴税費,1,税務総務費,税務一般経費,,,23,1,,,税務一般経費,業務委託料,軽自動車税申告書取扱委託料,5394,R5決算書p25
2023,2,総務費,2,徴税費,1,税務総務費,税務一般経費,,,23,1,,,税務一般経費,業務委託料,eLTAXシステム業務委託料,727100,R5決算書p25
2023,2,総務費,2,徴税費,1,税務総務費,税務一般経費,,,23,1,,,税務一般経費,業務委託料,軽自動車税環境性能割徴収取扱委託料,23878,R5決算書p25
2023,2,総務費,2,徴税費,1,税務総務費,税務一般経費,,,23,1,,,税務一般経費,業務委託料,地方税共通納税システム業務委託料,440000,R5決算書p25
2023,2,総務費,2,徴税費,1,税務総務費,税務一般経費,,,22,0,,,税務一般経費,使用料・借上料,,2068406,R5決算書p25
2023,2,総務費,2,徴税費,1,税務総務費,税務一般経費,,,23,1,,,税務一般経費,使用料・借上料,ｅＬＴＡＸシステム使用料,726000,R5決算書p25
2023,2,総務費,2,徴税費,1,税務総務費,税務一般経費,,,23,1,,,税務一般経費,使用料・借上料,Ｒｅａｍｓ．ＮＥＴ申告相談システム使用料,447480,R5決算書p25
2023,2,総務費,2,徴税費,1,税務総務費,税務一般経費,,,23,1,,,税務一般経費,使用料・借上料,軽自動車情報システム使用料,3926,R5決算書p25
2023,2,総務費,2,徴税費,1,税務総務費,税務一般経費,,,23,1,,,税務一般経費,使用料・借上料,地方税共通納税システム使用料,462000,R5決算書p25
2023,2,総務費,2,徴税費,1,税務総務費,税務一般経費,,,23,1,,,税務一般経費,使用料・借上料,家屋評価システム使用料,429000,R5決算書p25
2023,2,総務費,2,徴税費,1,税務総務費,税務一般経費,,,22,0,,,税務一般経費,負担金,,147121,R5決算書p25
2023,2,総務費,2,徴税費,1,税務総務費,税務一般経費,,,23,1,,,税務一般経費,負担金,飯伊地区税協負担金,2200,R5決算書p25
2023,2,総務費,2,徴税費,1,税務総務費,税務一般経費,,,23,1,,,税務一般経費,負担金,長野県税制研究会負担金,1500,R5決算書p25
2023,2,総務費,2,徴税費,1,税務総務費,税務一般経費,,,23,1,,,税務一般経費,負担金,資産評価システムセンター負担金,30000,R5決算書p25
2023,2,総務費,2,徴税費,1,税務総務費,税務一般経費,,,23,1,,,税務一般経費,負担金,年末調整関係用紙郵送負担金,1009,R5決算書p25
2023,2,総務費,2,徴税費,1,税務総務費,税務一般経費,,,23,1,,,税務一般経費,負担金,地方税電子化協議会負担金,62412,R5決算書p26
2023,2,総務費,2,徴税費,1,税務総務費,税務一般経費,,,23,1,,,税務一般経費,負担金,長野県地方税滞納整理機構負担金,50000,R5決算書p26
2023,2,総務費,2,徴税費,1,税務総務費,一般職人事管理経費（税務）,,,0,0,,,,,,10329748,R5決算書p26
2023,2,総務費,2,徴税費,1,税務総務費,一般職人事管理経費（税務）,,,21,0,,,一般職人事管理経費（税務）,,,10329748,R5決算書p26
2023,2,総務費,2,徴税費,1,税務総務費,一般職人事管理経費（税務）,,,22,0,,,一般職人事管理経費（税務）,職員給料,,5932500,R5決算書p26
2023,2,総務費,2,徴税費,1,税務総務費,一般職人事管理経費（税務）,,,23,1,,,一般職人事管理経費（税務）,職員給料,一般職員給料,5932500,R5決算書p26
2023,2,総務費,2,徴税費,1,税務総務費,一般職人事管理経費（税務）,,,22,0,,,一般職人事管理経費（税務）,職員手当等,,2660887,R5決算書p26
2023,2,総務費,2,徴税費,1,税務総務費,一般職人事管理経費（税務）,,,23,1,,,一般職人事管理経費（税務）,職員手当等,扶養手当,169000,R5決算書p26
2023,2,総務費,2,徴税費,1,税務総務費,一般職人事管理経費（税務）,,,23,1,,,一般職人事管理経費（税務）,職員手当等,住居手当,84000,R5決算書p26
2023,2,総務費,2,徴税費,1,税務総務費,一般職人事管理経費（税務）,,,23,1,,,一般職人事管理経費（税務）,職員手当等,通勤手当,48000,R5決算書p26
2023,2,総務費,2,徴税費,1,税務総務費,一般職人事管理経費（税務）,,,23,1,,,一般職人事管理経費（税務）,職員手当等,特殊勤務手当,88983,R5決算書p26
2023,2,総務費,2,徴税費,1,税務総務費,一般職人事管理経費（税務）,,,23,1,,,一般職人事管理経費（税務）,職員手当等,時間外勤務手当,41160,R5決算書p26
2023,2,総務費,2,徴税費,1,税務総務費,一般職人事管理経費（税務）,,,23,1,,,一般職人事管理経費（税務）,職員手当等,期末手当,1124679,R5決算書p26
2023,2,総務費,2,徴税費,1,税務総務費,一般職人事管理経費（税務）,,,23,1,,,一般職人事管理経費（税務）,職員手当等,勤勉手当,949865,R5決算書p26
2023,2,総務費,2,徴税費,1,税務総務費,一般職人事管理経費（税務）,,,23,1,,,一般職人事管理経費（税務）,職員手当等,寒冷地手当,155200,R5決算書p26
2023,2,総務費,2,徴税費,1,税務総務費,一般職人事管理経費（税務）,,,22,0,,,一般職人事管理経費（税務）,一般職共済費,,1736361,R5決算書p26
2023,2,総務費,2,徴税費,1,税務総務費,一般職人事管理経費（税務）,,,23,1,,,一般職人事管理経費（税務）,一般職共済費,地方公務員共済組合等負担金,1736361,R5決算書p26
2023,2,総務費,2,徴税費,2,賦課徴収費,賦課徴収事務経費,,,0,0,,,,,,3917756,R5決算書p26
2023,2,総務費,2,徴税費,2,賦課徴収費,賦課徴収事務経費,,,21,0,,,賦課徴収事務経費,,,3917756,R5決算書p26
2023,2,総務費,2,徴税費,2,賦課徴収費,賦課徴収事務経費,,,22,0,,,賦課徴収事務経費,消耗品,,3302046,R5決算書p26
2023,2,総務費,2,徴税費,2,賦課徴収費,賦課徴収事務経費,,,23,1,,,賦課徴収事務経費,消耗品,消耗品,3302046,R5決算書p26
2023,2,総務費,2,徴税費,2,賦課徴収費,賦課徴収事務経費,,,22,0,,,賦課徴収事務経費,償還金及び還付加算金,,615710,R5決算書p26
2023,2,総務費,2,徴税費,2,賦課徴収費,賦課徴収事務経費,,,23,1,,,賦課徴収事務経費,償還金及び還付加算金,村税過誤納還付金,615710,R5決算書p26
2023,2,総務費,3,戸籍住民基本台帳費,1,戸籍住民基本台帳費,戸籍住民基本台帳経費,,,0,0,,,,,,16215272,R5決算書p26
2023,2,総務費,3,戸籍住民基本台帳費,1,戸籍住民基本台帳費,戸籍住民基本台帳経費,,,21,0,,,戸籍住民基本台帳経費,,,16215272,R5決算書p26
2023,2,総務費,3,戸籍住民基本台帳費,1,戸籍住民基本台帳費,戸籍住民基本台帳経費,,,22,0,,,戸籍住民基本台帳経費,職員旅費,,1000,R5決算書p26
2023,2,総務費,3,戸籍住民基本台帳費,1,戸籍住民基本台帳費,戸籍住民基本台帳経費,,,23,1,,,戸籍住民基本台帳経費,職員旅費,職員旅費,1000,R5決算書p26
2023,2,総務費,3,戸籍住民基本台帳費,1,戸籍住民基本台帳費,戸籍住民基本台帳経費,,,22,0,,,戸籍住民基本台帳経費,消耗品,,60192,R5決算書p26
2023,2,総務費,3,戸籍住民基本台帳費,1,戸籍住民基本台帳費,戸籍住民基本台帳経費,,,23,1,,,戸籍住民基本台帳経費,消耗品,消耗品,24754,R5決算書p26
2023,2,総務費,3,戸籍住民基本台帳費,1,戸籍住民基本台帳費,戸籍住民基本台帳経費,,,23,1,,,戸籍住民基本台帳経費,消耗品,図書購入費,35438,R5決算書p26
2023,2,総務費,3,戸籍住民基本台帳費,1,戸籍住民基本台帳費,戸籍住民基本台帳経費,,,22,0,,,戸籍住民基本台帳経費,印刷製本費,,104500,R5決算書p26
2023,2,総務費,3,戸籍住民基本台帳費,1,戸籍住民基本台帳費,戸籍住民基本台帳経費,,,23,1,,,戸籍住民基本台帳経費,印刷製本費,印刷製本費,104500,R5決算書p26
2023,2,総務費,3,戸籍住民基本台帳費,1,戸籍住民基本台帳費,戸籍住民基本台帳経費,,,22,0,,,戸籍住民基本台帳経費,通信運搬費,,3840,R5決算書p26
2023,2,総務費,3,戸籍住民基本台帳費,1,戸籍住民基本台帳費,戸籍住民基本台帳経費,,,23,1,,,戸籍住民基本台帳経費,通信運搬費,住基カード関連郵送料,3840,R5決算書p26
2023,2,総務費,3,戸籍住民基本台帳費,1,戸籍住民基本台帳費,戸籍住民基本台帳経費,,,22,0,,,戸籍住民基本台帳経費,電算委託料,,7980940,R5決算書p26
2023,2,総務費,3,戸籍住民基本台帳費,1,戸籍住民基本台帳費,戸籍住民基本台帳経費,,,23,1,,,戸籍住民基本台帳経費,電算委託料,戸籍機器・ソフト保守委託料,2151600,R5決算書p26
2023,2,総務費,3,戸籍住民基本台帳費,1,戸籍住民基本台帳費,戸籍住民基本台帳経費,,,23,1,,,戸籍住民基本台帳経費,電算委託料,住民記録システムソフト保守料,2185260,R5決算書p26
2023,2,総務費,3,戸籍住民基本台帳費,1,戸籍住民基本台帳費,戸籍住民基本台帳経費,,,23,1,,,戸籍住民基本台帳経費,電算委託料,住基ネット記録媒体保守委託料,39600,R5決算書p26
2023,2,総務費,3,戸籍住民基本台帳費,1,戸籍住民基本台帳費,戸籍住民基本台帳経費,,,23,1,,,戸籍住民基本台帳経費,電算委託料,住基ネットシステム改修委託料,407000,R5決算書p26
2023,2,総務費,3,戸籍住民基本台帳費,1,戸籍住民基本台帳費,戸籍住民基本台帳経費,,,23,1,,,戸籍住民基本台帳経費,電算委託料,戸籍副本データ管理システム保守委託料,132000,R5決算書p26
2023,2,総務費,3,戸籍住民基本台帳費,1,戸籍住民基本台帳費,戸籍住民基本台帳経費,,,23,1,,,戸籍住民基本台帳経費,電算委託料,住基ネットワークハウジング委託料,3065480,R5決算書p26
2023,2,総務費,3,戸籍住民基本台帳費,1,戸籍住民基本台帳費,戸籍住民基本台帳経費,,,22,0,,,戸籍住民基本台帳経費,使用料・借上料,,6715500,R5決算書p26
2023,2,総務費,3,戸籍住民基本台帳費,1,戸籍住民基本台帳費,戸籍住民基本台帳経費,,,23,1,,,戸籍住民基本台帳経費,使用料・借上料,住民記録システムソフト使用料,4290000,R5決算書p26
2023,2,総務費,3,戸籍住民基本台帳費,1,戸籍住民基本台帳費,戸籍住民基本台帳経費,,,23,1,,,戸籍住民基本台帳経費,使用料・借上料,戸籍ソフトリース料,1765500,R5決算書p26
2023,2,総務費,3,戸籍住民基本台帳費,1,戸籍住民基本台帳費,戸籍住民基本台帳経費,,,23,1,,,戸籍住民基本台帳経費,使用料・借上料,戸籍総合システム使用料,660000,R5決算書p26
2023,2,総務費,3,戸籍住民基本台帳費,1,戸籍住民基本台帳費,戸籍住民基本台帳経費,,,22,0,,,戸籍住民基本台帳経費,負担金,,1349300,R5決算書p26
2023,2,総務費,3,戸籍住民基本台帳費,1,戸籍住民基本台帳費,戸籍住民基本台帳経費,,,23,1,,,戸籍住民基本台帳経費,負担金,戸籍・住民協議会負担金,2300,R5決算書p26
2023,2,総務費,3,戸籍住民基本台帳費,1,戸籍住民基本台帳費,戸籍住民基本台帳経費,,,23,1,,,戸籍住民基本台帳経費,負担金,戸籍システム共同利用負担金,1347000,R5決算書p26
2023,2,総務費,4,選挙費,1,選挙管理委員会費,選挙管理委員会経費,,,0,0,,,,,,145540,R5決算書p27
2023,2,総務費,4,選挙費,1,選挙管理委員会費,選挙管理委員会経費,,,21,0,,,選挙管理委員会経費,,,145540,R5決算書p27
2023,2,総務費,4,選挙費,1,選挙管理委員会費,選挙管理委員会経費,,,22,0,,,選挙管理委員会経費,委員報酬,,133500,R5決算書p27
2023,2,総務費,4,選挙費,1,選挙管理委員会費,選挙管理委員会経費,,,23,1,,,選挙管理委員会経費,委員報酬,選挙管理委員報酬,133500,R5決算書p27
2023,2,総務費,4,選挙費,1,選挙管理委員会費,選挙管理委員会経費,,,22,0,,,選挙管理委員会経費,委員旅費,,3000,R5決算書p27
2023,2,総務費,4,選挙費,1,選挙管理委員会費,選挙管理委員会経費,,,23,1,,,選挙管理委員会経費,委員旅費,委員旅費,3000,R5決算書p27
2023,2,総務費,4,選挙費,1,選挙管理委員会費,選挙管理委員会経費,,,22,0,,,選挙管理委員会経費,消耗品,,1540,R5決算書p27
2023,2,総務費,4,選挙費,1,選挙管理委員会費,選挙管理委員会経費,,,23,1,,,選挙管理委員会経費,消耗品,消耗品,1540,R5決算書p27
2023,2,総務費,4,選挙費,1,選挙管理委員会費,選挙管理委員会経費,,,22,0,,,選挙管理委員会経費,負担金,,7500,R5決算書p27
2023,2,総務費,4,選挙費,1,選挙管理委員会費,選挙管理委員会経費,,,23,1,,,選挙管理委員会経費,負担金,北部ブロック選挙管理委員会総会負担金,7500,R5決算書p27
2023,2,総務費,4,選挙費,6,長野県議会議員選挙費,長野県議会議員選挙費,,,0,0,,,,,,2021587,R5決算書p27
2023,2,総務費,4,選挙費,6,長野県議会議員選挙費,長野県議会議員選挙費,,,21,0,,,長野県議会議員選挙費,,,2021587,R5決算書p27
2023,2,総務費,4,選挙費,6,長野県議会議員選挙費,長野県議会議員選挙費,,,22,0,,,長野県議会議員選挙費,委員報酬,,634214,R5決算書p27
2023,2,総務費,4,選挙費,6,長野県議会議員選挙費,長野県議会議員選挙費,,,23,1,,,長野県議会議員選挙費,委員報酬,選挙管理委員報酬,178048,R5決算書p27
2023,2,総務費,4,選挙費,6,長野県議会議員選挙費,長野県議会議員選挙費,,,23,1,,,長野県議会議員選挙費,委員報酬,選挙立会人等報酬,456166,R5決算書p27
2023,2,総務費,4,選挙費,6,長野県議会議員選挙費,長野県議会議員選挙費,,,22,0,,,長野県議会議員選挙費,職員手当等,,1018504,R5決算書p27
2023,2,総務費,4,選挙費,6,長野県議会議員選挙費,長野県議会議員選挙費,,,23,1,,,長野県議会議員選挙費,職員手当等,選挙職員手当,1018504,R5決算書p27
2023,2,総務費,4,選挙費,6,長野県議会議員選挙費,長野県議会議員選挙費,,,22,0,,,長野県議会議員選挙費,消耗品,,348529,R5決算書p27
2023,2,総務費,4,選挙費,6,長野県議会議員選挙費,長野県議会議員選挙費,,,23,1,,,長野県議会議員選挙費,消耗品,選挙関係経費,348529,R5決算書p27
2023,2,総務費,4,選挙費,6,長野県議会議員選挙費,長野県議会議員選挙費,,,22,0,,,長野県議会議員選挙費,通信運搬費,,20340,R5決算書p27
2023,2,総務費,4,選挙費,6,長野県議会議員選挙費,長野県議会議員選挙費,,,23,1,,,長野県議会議員選挙費,通信運搬費,郵便料,20340,R5決算書p27
2023,2,総務費,4,選挙費,7,村議会議員選挙費,村議会議員選挙費,,,0,0,,,,,,2091412,R5決算書p27
2023,2,総務費,4,選挙費,7,村議会議員選挙費,村議会議員選挙費,,,21,0,,,村議会議員選挙費,,,2091412,R5決算書p27
2023,2,総務費,4,選挙費,7,村議会議員選挙費,村議会議員選挙費,,,22,0,,,村議会議員選挙費,委員報酬,,89000,R5決算書p27
2023,2,総務費,4,選挙費,7,村議会議員選挙費,村議会議員選挙費,,,23,1,,,村議会議員選挙費,委員報酬,選挙管理委員報酬,53400,R5決算書p27
2023,2,総務費,4,選挙費,7,村議会議員選挙費,村議会議員選挙費,,,23,1,,,村議会議員選挙費,委員報酬,選挙立会人等報酬,35600,R5決算書p27
2023,2,総務費,4,選挙費,7,村議会議員選挙費,村議会議員選挙費,,,22,0,,,村議会議員選挙費,消耗品,,1889332,R5決算書p27
2023,2,総務費,4,選挙費,7,村議会議員選挙費,村議会議員選挙費,,,23,1,,,村議会議員選挙費,消耗品,選挙関係経費,1889332,R5決算書p27
2023,2,総務費,4,選挙費,7,村議会議員選挙費,村議会議員選挙費,,,22,0,,,村議会議員選挙費,電算委託料,,113080,R5決算書p27
2023,2,総務費,4,選挙費,7,村議会議員選挙費,村議会議員選挙費,,,23,1,,,村議会議員選挙費,電算委託料,選挙事務委託料,113080,R5決算書p27
2023,2,総務費,5,統計調査費,2,指定統計調査費,基幹統計経費,,,0,0,,,,,,103189,R5決算書p27
2023,2,総務費,5,統計調査費,2,指定統計調査費,基幹統計経費,,,21,0,,,基幹統計経費,,,103189,R5決算書p27
2023,2,総務費,5,統計調査費,2,指定統計調査費,基幹統計経費,,,22,0,,,基幹統計経費,委員報酬,,54650,R5決算書p27
2023,2,総務費,5,統計調査費,2,指定統計調査費,基幹統計経費,,,23,1,,,基幹統計経費,委員報酬,統計調査員報酬,54650,R5決算書p27
2023,2,総務費,5,統計調査費,2,指定統計調査費,基幹統計経費,,,22,0,,,基幹統計経費,職員旅費,,6040,R5決算書p27
2023,2,総務費,5,統計調査費,2,指定統計調査費,基幹統計経費,,,23,1,,,基幹統計経費,職員旅費,職員旅費,6040,R5決算書p27
2023,2,総務費,5,統計調査費,2,指定統計調査費,基幹統計経費,,,22,0,,,基幹統計経費,消耗品,,42139,R5決算書p27
2023,2,総務費,5,統計調査費,2,指定統計調査費,基幹統計経費,,,23,1,,,基幹統計経費,消耗品,消耗品,42139,R5決算書p27
2023,2,総務費,5,統計調査費,2,指定統計調査費,基幹統計経費,,,22,0,,,基幹統計経費,通信運搬費,,360,R5決算書p27
2023,2,総務費,5,統計調査費,2,指定統計調査費,基幹統計経費,,,23,1,,,基幹統計経費,通信運搬費,郵便料,360,R5決算書p27
2023,2,総務費,6,監査委員費,1,監査委員費,監査委員関係経費,,,0,0,,,,,,634470,R5決算書p27
2023,2,総務費,6,監査委員費,1,監査委員費,監査委員関係経費,,,21,0,,,監査委員関係経費,,,634470,R5決算書p28
2023,2,総務費,6,監査委員費,1,監査委員費,監査委員関係経費,,,22,0,,,監査委員関係経費,委員報酬,,540000,R5決算書p28
2023,2,総務費,6,監査委員費,1,監査委員費,監査委員関係経費,,,23,1,,,監査委員関係経費,委員報酬,監査委員報酬,540000,R5決算書p28
2023,2,総務費,6,監査委員費,1,監査委員費,監査委員関係経費,,,22,0,,,監査委員関係経費,委員旅費,,73000,R5決算書p28
2023,2,総務費,6,監査委員費,1,監査委員費,監査委員関係経費,,,23,1,,,監査委員関係経費,委員旅費,委員旅費,73000,R5決算書p28
2023,2,総務費,6,監査委員費,1,監査委員費,監査委員関係経費,,,22,0,,,監査委員関係経費,消耗品,,2970,R5決算書p28
2023,2,総務費,6,監査委員費,1,監査委員費,監査委員関係経費,,,23,1,,,監査委員関係経費,消耗品,図書購入費,2970,R5決算書p28
2023,2,総務費,6,監査委員費,1,監査委員費,監査委員関係経費,,,22,0,,,監査委員関係経費,負担金,,18500,R5決算書p28
2023,2,総務費,6,監査委員費,1,監査委員費,監査委員関係経費,,,23,1,,,監査委員関係経費,負担金,下伊那郡監査委員協議会負担金,18500,R5決算書p28
2023,2,総務費,7,国土調査費,1,地籍調査費,地籍調査関係経費,,,0,0,,,,,,6270515,R5決算書p28
2023,2,総務費,7,国土調査費,1,地籍調査費,地籍調査関係経費,,,21,0,,,地籍調査関係経費,,,6270515,R5決算書p28
2023,2,総務費,7,国土調査費,1,地籍調査費,地籍調査関係経費,,,22,0,,,地籍調査関係経費,会計年度任用職員報酬,,294516,R5決算書p28
2023,2,総務費,7,国土調査費,1,地籍調査費,地籍調査関係経費,,,23,1,,,地籍調査関係経費,会計年度任用職員報酬,測量補助報酬,294516,R5決算書p28
2023,2,総務費,7,国土調査費,1,地籍調査費,地籍調査関係経費,,,22,0,,,地籍調査関係経費,職員旅費,,2000,R5決算書p28
2023,2,総務費,7,国土調査費,1,地籍調査費,地籍調査関係経費,,,23,1,,,地籍調査関係経費,職員旅費,職員旅費,2000,R5決算書p28
2023,2,総務費,7,国土調査費,1,地籍調査費,地籍調査関係経費,,,22,0,,,地籍調査関係経費,消耗品,,603403,R5決算書p28
2023,2,総務費,7,国土調査費,1,地籍調査費,地籍調査関係経費,,,23,1,,,地籍調査関係経費,消耗品,消耗品,161566,R5決算書p28
2023,2,総務費,7,国土調査費,1,地籍調査費,地籍調査関係経費,,,23,1,,,地籍調査関係経費,消耗品,現場消耗品,441837,R5決算書p28
2023,2,総務費,7,国土調査費,1,地籍調査費,地籍調査関係経費,,,22,0,,,地籍調査関係経費,燃料費,,89527,R5決算書p28
2023,2,総務費,7,国土調査費,1,地籍調査費,地籍調査関係経費,,,23,1,,,地籍調査関係経費,燃料費,公用車燃料費,89527,R5決算書p28
2023,2,総務費,7,国土調査費,1,地籍調査費,地籍調査関係経費,,,22,0,,,地籍調査関係経費,修繕費,,48004,R5決算書p28
2023,2,総務費,7,国土調査費,1,地籍調査費,地籍調査関係経費,,,23,1,,,地籍調査関係経費,修繕費,公用車修繕費,48004,R5決算書p28
2023,2,総務費,7,国土調査費,1,地籍調査費,地籍調査関係経費,,,22,0,,,地籍調査関係経費,手数料,,30120,R5決算書p28
2023,2,総務費,7,国土調査費,1,地籍調査費,地籍調査関係経費,,,23,1,,,地籍調査関係経費,手数料,公用車車検点検料,30120,R5決算書p28
2023,2,総務費,7,国土調査費,1,地籍調査費,地籍調査関係経費,,,22,0,,,地籍調査関係経費,損害保険料,,19580,R5決算書p28
2023,2,総務費,7,国土調査費,1,地籍調査費,地籍調査関係経費,,,23,1,,,地籍調査関係経費,損害保険料,公用車共済保険料,19580,R5決算書p28
2023,2,総務費,7,国土調査費,1,地籍調査費,地籍調査関係経費,,,22,0,,,地籍調査関係経費,業務委託料,,449955,R5決算書p28
2023,2,総務費,7,国土調査費,1,地籍調査費,地籍調査関係経費,,,23,1,,,地籍調査関係経費,業務委託料,ＧＩＳ作成業務委託料,449955,R5決算書p28
2023,2,総務費,7,国土調査費,1,地籍調査費,地籍調査関係経費,,,22,0,,,地籍調査関係経費,調査・設計・監理委託料,,3619000,R5決算書p28
2023,2,総務費,7,国土調査費,1,地籍調査費,地籍調査関係経費,,,23,1,,,地籍調査関係経費,調査・設計・監理委託料,地籍調査委託料,3619000,R5決算書p28
2023,2,総務費,7,国土調査費,1,地籍調査費,地籍調査関係経費,,,22,0,,,地籍調査関係経費,使用料・借上料,,856680,R5決算書p28
2023,2,総務費,7,国土調査費,1,地籍調査費,地籍調査関係経費,,,23,1,,,地籍調査関係経費,使用料・借上料,コピーリース料,580800,R5決算書p28
2023,2,総務費,7,国土調査費,1,地籍調査費,地籍調査関係経費,,,23,1,,,地籍調査関係経費,使用料・借上料,国調支援システムリース料,275880,R5決算書p28
2023,2,総務費,7,国土調査費,1,地籍調査費,地籍調査関係経費,,,22,0,,,地籍調査関係経費,備品購入費,,218130,R5決算書p28
2023,2,総務費,7,国土調査費,1,地籍調査費,地籍調査関係経費,,,23,1,,,地籍調査関係経費,備品購入費,事業用備品購入費,218130,R5決算書p28
2023,2,総務費,7,国土調査費,1,地籍調査費,地籍調査関係経費,,,22,0,,,地籍調査関係経費,負担金,,33000,R5決算書p28
2023,2,総務費,7,国土調査費,1,地籍調査費,地籍調査関係経費,,,23,1,,,地籍調査関係経費,負担金,地籍調査協会負担金,33000,R5決算書p28
2023,2,総務費,7,国土調査費,1,地籍調査費,地籍調査関係経費,,,22,0,,,地籍調査関係経費,重量税,,6600,R5決算書p28
2023,2,総務費,7,国土調査費,1,地籍調査費,地籍調査関係経費,,,23,1,,,地籍調査関係経費,重量税,公用車重量税,6600,R5決算書p28
2023,2,総務費,7,国土調査費,1,地籍調査費,一般職員人事管理経費（地籍調査）,,,0,0,,,,,,12151176,R5決算書p28
2023,2,総務費,7,国土調査費,1,地籍調査費,一般職員人事管理経費（地籍調査）,,,21,0,,,一般職員人事管理経費（地籍調査）,,,12151176,R5決算書p28
2023,2,総務費,7,国土調査費,1,地籍調査費,一般職員人事管理経費（地籍調査）,,,22,0,,,一般職員人事管理経費（地籍調査）,職員給料,,6503400,R5決算書p28
2023,2,総務費,7,国土調査費,1,地籍調査費,一般職員人事管理経費（地籍調査）,,,23,1,,,一般職員人事管理経費（地籍調査）,職員給料,一般職員給料,6503400,R5決算書p28
2023,2,総務費,7,国土調査費,1,地籍調査費,一般職員人事管理経費（地籍調査）,,,22,0,,,一般職員人事管理経費（地籍調査）,職員手当等,,3562962,R5決算書p28
2023,2,総務費,7,国土調査費,1,地籍調査費,一般職員人事管理経費（地籍調査）,,,23,1,,,一般職員人事管理経費（地籍調査）,職員手当等,扶養手当,318000,R5決算書p28
2023,2,総務費,7,国土調査費,1,地籍調査費,一般職員人事管理経費（地籍調査）,,,23,1,,,一般職員人事管理経費（地籍調査）,職員手当等,住居手当,222000,R5決算書p28
2023,2,総務費,7,国土調査費,1,地籍調査費,一般職員人事管理経費（地籍調査）,,,23,1,,,一般職員人事管理経費（地籍調査）,職員手当等,通勤手当,24000,R5決算書p28
2023,2,総務費,7,国土調査費,1,地籍調査費,一般職員人事管理経費（地籍調査）,,,23,1,,,一般職員人事管理経費（地籍調査）,職員手当等,時間外勤務手当,8377,R5決算書p28
2023,2,総務費,7,国土調査費,1,地籍調査費,一般職員人事管理経費（地籍調査）,,,23,1,,,一般職員人事管理経費（地籍調査）,職員手当等,児童手当,240000,R5決算書p28
2023,2,総務費,7,国土調査費,1,地籍調査費,一般職員人事管理経費（地籍調査）,,,23,1,,,一般職員人事管理経費（地籍調査）,職員手当等,期末手当,1427223,R5決算書p28
2023,2,総務費,7,国土調査費,1,地籍調査費,一般職員人事管理経費（地籍調査）,,,23,1,,,一般職員人事管理経費（地籍調査）,職員手当等,勤勉手当,1183362,R5決算書p28
2023,2,総務費,7,国土調査費,1,地籍調査費,一般職員人事管理経費（地籍調査）,,,23,1,,,一般職員人事管理経費（地籍調査）,職員手当等,寒冷地手当,140000,R5決算書p28
2023,2,総務費,7,国土調査費,1,地籍調査費,一般職員人事管理経費（地籍調査）,,,22,0,,,一般職員人事管理経費（地籍調査）,一般職共済費,,2084814,R5決算書p28
2023,2,総務費,7,国土調査費,1,地籍調査費,一般職員人事管理経費（地籍調査）,,,23,1,,,一般職員人事管理経費（地籍調査）,一般職共済費,地方公務員共済組合等負担金,2084814,R5決算書p29
2023,6,農林水産業費,1,農業費,1,農業委員会費,農業委員会運営経費,,,0,0,,,,,,3126791,R5決算書p42
2023,6,農林水産業費,1,農業費,1,農業委員会費,農業委員会運営経費,,,21,0,,,農業委員会運営経費,,,3126791,R5決算書p42
2023,6,農林水産業費,1,農業費,1,農業委員会費,農業委員会運営経費,,,22,0,,,農業委員会運営経費,委員報酬,,2746060,R5決算書p42
2023,6,農林水産業費,1,農業費,1,農業委員会費,農業委員会運営経費,,,23,1,,,農業委員会運営経費,委員報酬,農業委員報酬,1642060,R5決算書p42
2023,6,農林水産業費,1,農業費,1,農業委員会費,農業委員会運営経費,,,23,1,,,農業委員会運営経費,委員報酬,農地利用最適化推進委員報酬,438000,R5決算書p42
2023,6,農林水産業費,1,農業費,1,農業委員会費,農業委員会運営経費,,,23,1,,,農業委員会運営経費,委員報酬,農地利用状況調査員報酬,313400,R5決算書p42
2023,6,農林水産業費,1,農業費,1,農業委員会費,農業委員会運営経費,,,23,1,,,農業委員会運営経費,委員報酬,機構集積支援事業報酬,352600,R5決算書p42
2023,6,農林水産業費,1,農業費,1,農業委員会費,農業委員会運営経費,,,22,0,,,農業委員会運営経費,職員旅費,,41760,R5決算書p42
2023,6,農林水産業費,1,農業費,1,農業委員会費,農業委員会運営経費,,,23,1,,,農業委員会運営経費,職員旅費,職員旅費,41760,R5決算書p42
2023,6,農林水産業費,1,農業費,1,農業委員会費,農業委員会運営経費,,,22,0,,,農業委員会運営経費,委員旅費,,24000,R5決算書p42
2023,6,農林水産業費,1,農業費,1,農業委員会費,農業委員会運営経費,,,23,1,,,農業委員会運営経費,委員旅費,委員旅費,24000,R5決算書p42
2023,6,農林水産業費,1,農業費,1,農業委員会費,農業委員会運営経費,,,22,0,,,農業委員会運営経費,消耗品,,231578,R5決算書p42
2023,6,農林水産業費,1,農業費,1,農業委員会費,農業委員会運営経費,,,23,1,,,農業委員会運営経費,消耗品,消耗品,188085,R5決算書p42
2023,6,農林水産業費,1,農業費,1,農業委員会費,農業委員会運営経費,,,23,1,,,農業委員会運営経費,消耗品,図書購入費,43493,R5決算書p42
2023,6,農林水産業費,1,農業費,1,農業委員会費,農業委員会運営経費,,,22,0,,,農業委員会運営経費,通信運搬費,,15393,R5決算書p42
2023,6,農林水産業費,1,農業費,1,農業委員会費,農業委員会運営経費,,,23,1,,,農業委員会運営経費,通信運搬費,郵便料,15393,R5決算書p42
2023,6,農林水産業費,1,農業費,1,農業委員会費,農業委員会運営経費,,,22,0,,,農業委員会運営経費,損害保険料,,9000,R5決算書p42
2023,6,農林水産業費,1,農業費,1,農業委員会費,農業委員会運営経費,,,23,1,,,農業委員会運営経費,損害保険料,農業委員会公務災害保険料,9000,R5決算書p42
2023,6,農林水産業費,1,農業費,1,農業委員会費,農業委員会運営経費,,,22,0,,,農業委員会運営経費,負担金,,59000,R5決算書p42
2023,6,農林水産業費,1,農業費,1,農業委員会費,農業委員会運営経費,,,23,1,,,農業委員会運営経費,負担金,飯伊農業委員会協議会負担金,12500,R5決算書p42
2023,6,農林水産業費,1,農業費,1,農業委員会費,農業委員会運営経費,,,23,1,,,農業委員会運営経費,負担金,長野県農業会議負担金,36000,R5決算書p42
2023,6,農林水産業費,1,農業費,1,農業委員会費,農業委員会運営経費,,,23,1,,,農業委員会運営経費,負担金,北部ブロック農業委員会負担金,9000,R5決算書p42
2023,6,農林水産業費,1,農業費,1,農業委員会費,農業委員会運営経費,,,23,1,,,農業委員会運営経費,負担金,研修会負担金,1500,R5決算書p42
2023,6,農林水産業費,1,農業費,2,農業総務費,農業総務一般経費,,,0,0,,,,,,304668,R5決算書p42
2023,6,農林水産業費,1,農業費,2,農業総務費,農業総務一般経費,,,21,0,,,農業総務一般経費,,,304668,R5決算書p42
2023,6,農林水産業費,1,農業費,2,農業総務費,農業総務一般経費,,,22,0,,,農業総務一般経費,職員旅費,,44200,R5決算書p42
2023,6,農林水産業費,1,農業費,2,農業総務費,農業総務一般経費,,,23,1,,,農業総務一般経費,職員旅費,職員旅費,44200,R5決算書p42
2023,6,農林水産業費,1,農業費,2,農業総務費,農業総務一般経費,,,22,0,,,農業総務一般経費,消耗品,,12414,R5決算書p42
2023,6,農林水産業費,1,農業費,2,農業総務費,農業総務一般経費,,,23,1,,,農業総務一般経費,消耗品,図書購入費,12414,R5決算書p42
2023,6,農林水産業費,1,農業費,2,農業総務費,農業総務一般経費,,,22,0,,,農業総務一般経費,燃料費,,112771,R5決算書p42
2023,6,農林水産業費,1,農業費,2,農業総務費,農業総務一般経費,,,23,1,,,農業総務一般経費,燃料費,公用車燃料費,112771,R5決算書p42
2023,6,農林水産業費,1,農業費,2,農業総務費,農業総務一般経費,,,22,0,,,農業総務一般経費,修繕費,,70933,R5決算書p42
2023,6,農林水産業費,1,農業費,2,農業総務費,農業総務一般経費,,,23,1,,,農業総務一般経費,修繕費,公用車修繕費,70933,R5決算書p42
2023,6,農林水産業費,1,農業費,2,農業総務費,農業総務一般経費,,,22,0,,,農業総務一般経費,損害保険料,,14990,R5決算書p42
2023,6,農林水産業費,1,農業費,2,農業総務費,農業総務一般経費,,,23,1,,,農業総務一般経費,損害保険料,公用車共済保険料,14990,R5決算書p42
2023,6,農林水産業費,1,農業費,2,農業総務費,農業総務一般経費,,,22,0,,,農業総務一般経費,負担金,,49360,R5決算書p42
2023,6,農林水産業費,1,農業費,2,農業総務費,農業総務一般経費,,,23,1,,,農業総務一般経費,負担金,飯伊農業振興協議会負担金,12000,R5決算書p42
2023,6,農林水産業費,1,農業費,2,農業総務費,農業総務一般経費,,,23,1,,,農業総務一般経費,負担金,伊那谷アグリイノベーション推進機構負担金,20000,R5決算書p42
2023,6,農林水産業費,1,農業費,2,農業総務費,農業総務一般経費,,,23,1,,,農業総務一般経費,負担金,南信州・担い手就農プロデュース負担金,17360,R5決算書p42
2023,6,農林水産業費,1,農業費,2,農業総務費,一般職人事管理経費（農務）,,,0,0,,,,,,20641323,R5決算書p42
2023,6,農林水産業費,1,農業費,2,農業総務費,一般職人事管理経費（農務）,,,21,0,,,一般職人事管理経費（農務）,,,20641323,R5決算書p42
2023,6,農林水産業費,1,農業費,2,農業総務費,一般職人事管理経費（農務）,,,22,0,,,一般職人事管理経費（農務）,職員給料,,10578900,R5決算書p42
2023,6,農林水産業費,1,農業費,2,農業総務費,一般職人事管理経費（農務）,,,23,1,,,一般職人事管理経費（農務）,職員給料,一般職員給料,10578900,R5決算書p42
2023,6,農林水産業費,1,農業費,2,農業総務費,一般職人事管理経費（農務）,,,22,0,,,一般職人事管理経費（農務）,職員手当等,,6731424,R5決算書p42
2023,6,農林水産業費,1,農業費,2,農業総務費,一般職人事管理経費（農務）,,,23,1,,,一般職人事管理経費（農務）,職員手当等,扶養手当,714000,R5決算書p42
2023,6,農林水産業費,1,農業費,2,農業総務費,一般職人事管理経費（農務）,,,23,1,,,一般職人事管理経費（農務）,職員手当等,住居手当,258000,R5決算書p42
2023,6,農林水産業費,1,農業費,2,農業総務費,一般職人事管理経費（農務）,,,23,1,,,一般職人事管理経費（農務）,職員手当等,通勤手当,144000,R5決算書p42
2023,6,農林水産業費,1,農業費,2,農業総務費,一般職人事管理経費（農務）,,,23,1,,,一般職人事管理経費（農務）,職員手当等,時間外勤務手当,109177,R5決算書p42
2023,6,農林水産業費,1,農業費,2,農業総務費,一般職人事管理経費（農務）,,,23,1,,,一般職人事管理経費（農務）,職員手当等,児童手当,600000,R5決算書p42
2023,6,農林水産業費,1,農業費,2,農業総務費,一般職人事管理経費（農務）,,,23,1,,,一般職人事管理経費（農務）,職員手当等,管理職手当,240000,R5決算書p42
2023,6,農林水産業費,1,農業費,2,農業総務費,一般職人事管理経費（農務）,,,23,1,,,一般職人事管理経費（農務）,職員手当等,期末手当,2248742,R5決算書p42
2023,6,農林水産業費,1,農業費,2,農業総務費,一般職人事管理経費（農務）,,,23,1,,,一般職人事管理経費（農務）,職員手当等,勤勉手当,2150505,R5決算書p43
2023,6,農林水産業費,1,農業費,2,農業総務費,一般職人事管理経費（農務）,,,23,1,,,一般職人事管理経費（農務）,職員手当等,寒冷地手当,267000,R5決算書p43
2023,6,農林水産業費,1,農業費,2,農業総務費,一般職人事管理経費（農務）,,,22,0,,,一般職人事管理経費（農務）,一般職共済費,,3330999,R5決算書p43
2023,6,農林水産業費,1,農業費,2,農業総務費,一般職人事管理経費（農務）,,,23,1,,,一般職人事管理経費（農務）,一般職共済費,地方公務員共済組合等負担金,3330999,R5決算書p43
2023,6,農林水産業費,1,農業費,3,農業振興費,農業振興一般経費,,,0,0,,,,,,30671199,R5決算書p43
2023,6,農林水産業費,1,農業費,3,農業振興費,農業振興一般経費,,,21,0,,,農業振興一般経費,,,30671199,R5決算書p43
2023,6,農林水産業費,1,農業費,3,農業振興費,農業振興一般経費,,,22,0,,,農業振興一般経費,委員報酬,,104750,R5決算書p43
2023,6,農林水産業費,1,農業費,3,農業振興費,農業振興一般経費,,,23,1,,,農業振興一般経費,委員報酬,自治会農業委員会報酬,87550,R5決算書p43
2023,6,農林水産業費,1,農業費,3,農業振興費,農業振興一般経費,,,23,1,,,農業振興一般経費,委員報酬,有機農業推進委員会委員報酬,17200,R5決算書p43
2023,6,農林水産業費,1,農業費,3,農業振興費,農業振興一般経費,,,22,0,,,農業振興一般経費,消耗品,,516884,R5決算書p43
2023,6,農林水産業費,1,農業費,3,農業振興費,農業振興一般経費,,,23,1,,,農業振興一般経費,消耗品,消耗品,516884,R5決算書p43
2023,6,農林水産業費,1,農業費,3,農業振興費,農業振興一般経費,,,22,0,,,農業振興一般経費,光熱水費,,2498756,R5決算書p43
2023,6,農林水産業費,1,農業費,3,農業振興費,農業振興一般経費,,,23,1,,,農業振興一般経費,光熱水費,水道料,176358,R5決算書p43
2023,6,農林水産業費,1,農業費,3,農業振興費,農業振興一般経費,,,23,1,,,農業振興一般経費,光熱水費,電気料（農業施設）,2194663,R5決算書p43
2023,6,農林水産業費,1,農業費,3,農業振興費,農業振興一般経費,,,23,1,,,農業振興一般経費,光熱水費,ガス代,127735,R5決算書p43
2023,6,農林水産業費,1,農業費,3,農業振興費,農業振興一般経費,,,22,0,,,農業振興一般経費,修繕費,,41800,R5決算書p43
2023,6,農林水産業費,1,農業費,3,農業振興費,農業振興一般経費,,,23,1,,,農業振興一般経費,修繕費,塩の里施設修繕費,41800,R5決算書p43
2023,6,農林水産業費,1,農業費,3,農業振興費,農業振興一般経費,,,22,0,,,農業振興一般経費,通信運搬費,,107420,R5決算書p43
2023,6,農林水産業費,1,農業費,3,農業振興費,農業振興一般経費,,,23,1,,,農業振興一般経費,通信運搬費,情報通信接続料,107420,R5決算書p43
2023,6,農林水産業費,1,農業費,3,農業振興費,農業振興一般経費,,,22,0,,,農業振興一般経費,手数料,,116100,R5決算書p43
2023,6,農林水産業費,1,農業費,3,農業振興費,農業振興一般経費,,,23,1,,,農業振興一般経費,手数料,消防施設点検料,34100,R5決算書p43
2023,6,農林水産業費,1,農業費,3,農業振興費,農業振興一般経費,,,23,1,,,農業振興一般経費,手数料,遊具検査手数料,44000,R5決算書p43
2023,6,農林水産業費,1,農業費,3,農業振興費,農業振興一般経費,,,23,1,,,農業振興一般経費,手数料,合併処理浄化槽検査手数料,18000,R5決算書p43
2023,6,農林水産業費,1,農業費,3,農業振興費,農業振興一般経費,,,23,1,,,農業振興一般経費,手数料,許可申請手数料,20000,R5決算書p43
2023,6,農林水産業費,1,農業費,3,農業振興費,農業振興一般経費,,,22,0,,,農業振興一般経費,損害保険料,,292891,R5決算書p43
2023,6,農林水産業費,1,農業費,3,農業振興費,農業振興一般経費,,,23,1,,,農業振興一般経費,損害保険料,村有建物災害共済保険料,284391,R5決算書p43
2023,6,農林水産業費,1,農業費,3,農業振興費,農業振興一般経費,,,23,1,,,農業振興一般経費,損害保険料,食品営業賠償共済保険料,8500,R5決算書p43
2023,6,農林水産業費,1,農業費,3,農業振興費,農業振興一般経費,,,22,0,,,農業振興一般経費,保守管理委託料,,3745370,R5決算書p43
2023,6,農林水産業費,1,農業費,3,農業振興費,農業振興一般経費,,,23,1,,,農業振興一般経費,保守管理委託料,農産物加工直売施設機器保守管理委託料,562100,R5決算書p43
2023,6,農林水産業費,1,農業費,3,農業振興費,農業振興一般経費,,,23,1,,,農業振興一般経費,保守管理委託料,合併浄化槽保守管理委託料,204600,R5決算書p43
2023,6,農林水産業費,1,農業費,3,農業振興費,農業振興一般経費,,,23,1,,,農業振興一般経費,保守管理委託料,自動ドア管理委託料,128700,R5決算書p43
2023,6,農林水産業費,1,農業費,3,農業振興費,農業振興一般経費,,,23,1,,,農業振興一般経費,保守管理委託料,塩の里施設管理（村委託分）委託料,2849970,R5決算書p43
2023,6,農林水産業費,1,農業費,3,農業振興費,農業振興一般経費,,,22,0,,,農業振興一般経費,業務委託料,,235860,R5決算書p43
2023,6,農林水産業費,1,農業費,3,農業振興費,農業振興一般経費,,,23,1,,,農業振興一般経費,業務委託料,不要農薬廃棄委託料,15860,R5決算書p43
2023,6,農林水産業費,1,農業費,3,農業振興費,農業振興一般経費,,,23,1,,,農業振興一般経費,業務委託料,データ整備委託料,220000,R5決算書p43
2023,6,農林水産業費,1,農業費,3,農業振興費,農業振興一般経費,,,22,0,,,農業振興一般経費,使用料・借上料,,95040,R5決算書p43
2023,6,農林水産業費,1,農業費,3,農業振興費,農業振興一般経費,,,23,1,,,農業振興一般経費,使用料・借上料,事務用機器リース料,95040,R5決算書p43
2023,6,農林水産業費,1,農業費,3,農業振興費,農業振興一般経費,,,22,0,,,農業振興一般経費,敷地料,,263905,R5決算書p43
2023,6,農林水産業費,1,農業費,3,農業振興費,農業振興一般経費,,,23,1,,,農業振興一般経費,敷地料,農の拠点（仮）敷地料,263905,R5決算書p43
2023,6,農林水産業費,1,農業費,3,農業振興費,農業振興一般経費,,,22,0,,,農業振興一般経費,単独事業,,13138400,R5決算書p43
2023,6,農林水産業費,1,農業費,3,農業振興費,農業振興一般経費,,,23,1,,,農業振興一般経費,単独事業,農産物加工直売施設改修工事,330000,R5決算書p43
2023,6,農林水産業費,1,農業費,3,農業振興費,農業振興一般経費,,,23,1,,,農業振興一般経費,単独事業,農業施設整備工事,10993400,R5決算書p43
2023,6,農林水産業費,1,農業費,3,農業振興費,農業振興一般経費,,,23,1,,,農業振興一般経費,単独事業,塩の里施設改修工事,1815000,R5決算書p43
2023,6,農林水産業費,1,農業費,3,農業振興費,農業振興一般経費,,,22,0,,,農業振興一般経費,備品購入費,,140800,R5決算書p43
2023,6,農林水産業費,1,農業費,3,農業振興費,農業振興一般経費,,,23,1,,,農業振興一般経費,備品購入費,農産物加工直売施設備品購入費,140800,R5決算書p43
2023,6,農林水産業費,1,農業費,3,農業振興費,農業振興一般経費,,,22,0,,,農業振興一般経費,負担金,,12500,R5決算書p43
2023,6,農林水産業費,1,農業費,3,農業振興費,農業振興一般経費,,,23,1,,,農業振興一般経費,負担金,食品衛生協会負担金,12500,R5決算書p43
2023,6,農林水産業費,1,農業費,3,農業振興費,農業振興一般経費,,,22,0,,,農業振興一般経費,補助金,,9360723,R5決算書p43
2023,6,農林水産業費,1,農業費,3,農業振興費,農業振興一般経費,,,23,1,,,農業振興一般経費,補助金,獣害防止施設設置補助金,4072000,R5決算書p43
2023,6,農林水産業費,1,農業費,3,農業振興費,農業振興一般経費,,,23,1,,,農業振興一般経費,補助金,ふるさと保全活動補助金,26371,R5決算書p43
2023,6,農林水産業費,1,農業費,3,農業振興費,農業振興一般経費,,,23,1,,,農業振興一般経費,補助金,産業文化祭補助金,200000,R5決算書p43
2023,6,農林水産業費,1,農業費,3,農業振興費,農業振興一般経費,,,23,1,,,農業振興一般経費,補助金,地産地消支援事業補助金,22320,R5決算書p43
2023,6,農林水産業費,1,農業費,3,農業振興費,農業振興一般経費,,,23,1,,,農業振興一般経費,補助金,大豆価格安定事業補助金,65150,R5決算書p43
2023,6,農林水産業費,1,農業費,3,農業振興費,農業振興一般経費,,,23,1,,,農業振興一般経費,補助金,燃料価格高騰緊急支援事業補助金,1183000,R5決算書p43
2023,6,農林水産業費,1,農業費,3,農業振興費,農業振興一般経費,,,23,1,,,農業振興一般経費,補助金,遊休農地対策事業補助金,986682,R5決算書p44
2023,6,農林水産業費,1,農業費,3,農業振興費,農業振興一般経費,,,23,1,,,農業振興一般経費,補助金,特産農産物生産振興補助金,526700,R5決算書p44
2023,6,農林水産業費,1,農業費,3,農業振興費,農業振興一般経費,,,23,1,,,農業振興一般経費,補助金,水田農業支援補助金,2278500,R5決算書p44
2023,6,農林水産業費,1,農業費,3,農業振興費,経営所得安定対策事業,,,0,0,,,,,,25450,R5決算書p44
2023,6,農林水産業費,1,農業費,3,農業振興費,経営所得安定対策事業,,,21,0,,,経営所得安定対策事業,,,25450,R5決算書p44
2023,6,農林水産業費,1,農業費,3,農業振興費,経営所得安定対策事業,,,22,0,,,経営所得安定対策事業,消耗品,,9618,R5決算書p44
2023,6,農林水産業費,1,農業費,3,農業振興費,経営所得安定対策事業,,,23,1,,,経営所得安定対策事業,消耗品,消耗品,9618,R5決算書p44
2023,6,農林水産業費,1,農業費,3,農業振興費,経営所得安定対策事業,,,22,0,,,経営所得安定対策事業,通信運搬費,,15832,R5決算書p44
2023,6,農林水産業費,1,農業費,3,農業振興費,経営所得安定対策事業,,,23,1,,,経営所得安定対策事業,通信運搬費,郵便料,15832,R5決算書p44
2023,6,農林水産業費,1,農業費,3,農業振興費,有害鳥獣駆除関係経費,,,0,0,,,,,,940410,R5決算書p44
2023,6,農林水産業費,1,農業費,3,農業振興費,有害鳥獣駆除関係経費,,,21,0,,,有害鳥獣駆除関係経費,,,940410,R5決算書p44
2023,6,農林水産業費,1,農業費,3,農業振興費,有害鳥獣駆除関係経費,,,22,0,,,有害鳥獣駆除関係経費,謝金,,6000,R5決算書p44
2023,6,農林水産業費,1,農業費,3,農業振興費,有害鳥獣駆除関係経費,,,23,1,,,有害鳥獣駆除関係経費,謝金,有害鳥獣駆除謝金,6000,R5決算書p44
2023,6,農林水産業費,1,農業費,3,農業振興費,有害鳥獣駆除関係経費,,,22,0,,,有害鳥獣駆除関係経費,買上金,,785000,R5決算書p44
2023,6,農林水産業費,1,農業費,3,農業振興費,有害鳥獣駆除関係経費,,,23,1,,,有害鳥獣駆除関係経費,買上金,有害鳥獣駆除報償,785000,R5決算書p44
2023,6,農林水産業費,1,農業費,3,農業振興費,有害鳥獣駆除関係経費,,,22,0,,,有害鳥獣駆除関係経費,修繕費,,69410,R5決算書p44
2023,6,農林水産業費,1,農業費,3,農業振興費,有害鳥獣駆除関係経費,,,23,1,,,有害鳥獣駆除関係経費,修繕費,獣害防止施設修繕費,69410,R5決算書p44
2023,6,農林水産業費,1,農業費,3,農業振興費,有害鳥獣駆除関係経費,,,22,0,,,有害鳥獣駆除関係経費,保守管理委託料,,80000,R5決算書p44
2023,6,農林水産業費,1,農業費,3,農業振興費,有害鳥獣駆除関係経費,,,23,1,,,有害鳥獣駆除関係経費,保守管理委託料,有害鳥獣捕獲檻管理委託料,80000,R5決算書p44
2023,6,農林水産業費,1,農業費,3,農業振興費,地域ブランド推進事業,,,0,0,,,,,,1204385,R5決算書p44
2023,6,農林水産業費,1,農業費,3,農業振興費,地域ブランド推進事業,,,21,0,,,地域ブランド推進事業,,,1204385,R5決算書p44
2023,6,農林水産業費,1,農業費,3,農業振興費,地域ブランド推進事業,,,22,0,,,地域ブランド推進事業,委員報酬,,17200,R5決算書p44
2023,6,農林水産業費,1,農業費,3,農業振興費,地域ブランド推進事業,,,23,1,,,地域ブランド推進事業,委員報酬,地域ブランド協議会報酬,17200,R5決算書p44
2023,6,農林水産業費,1,農業費,3,農業振興費,地域ブランド推進事業,,,22,0,,,地域ブランド推進事業,謝金,,21000,R5決算書p44
2023,6,農林水産業費,1,農業費,3,農業振興費,地域ブランド推進事業,,,23,1,,,地域ブランド推進事業,謝金,運転謝礼,21000,R5決算書p44
2023,6,農林水産業費,1,農業費,3,農業振興費,地域ブランド推進事業,,,22,0,,,地域ブランド推進事業,職員旅費,,13000,R5決算書p44
2023,6,農林水産業費,1,農業費,3,農業振興費,地域ブランド推進事業,,,23,1,,,地域ブランド推進事業,職員旅費,職員旅費,13000,R5決算書p44
2023,6,農林水産業費,1,農業費,3,農業振興費,地域ブランド推進事業,,,22,0,,,地域ブランド推進事業,消耗品,,82383,R5決算書p44
2023,6,農林水産業費,1,農業費,3,農業振興費,地域ブランド推進事業,,,23,1,,,地域ブランド推進事業,消耗品,消耗品,82383,R5決算書p44
2023,6,農林水産業費,1,農業費,3,農業振興費,地域ブランド推進事業,,,22,0,,,地域ブランド推進事業,印刷製本費,,672100,R5決算書p44
2023,6,農林水産業費,1,農業費,3,農業振興費,地域ブランド推進事業,,,23,1,,,地域ブランド推進事業,印刷製本費,ロゴマーク印刷費,672100,R5決算書p44
2023,6,農林水産業費,1,農業費,3,農業振興費,地域ブランド推進事業,,,22,0,,,地域ブランド推進事業,使用料・借上料,,270702,R5決算書p44
2023,6,農林水産業費,1,農業費,3,農業振興費,地域ブランド推進事業,,,23,1,,,地域ブランド推進事業,使用料・借上料,物産展機材借上料,95150,R5決算書p44
2023,6,農林水産業費,1,農業費,3,農業振興費,地域ブランド推進事業,,,23,1,,,地域ブランド推進事業,使用料・借上料,駐車場使用料,20600,R5決算書p44
2023,6,農林水産業費,1,農業費,3,農業振興費,地域ブランド推進事業,,,23,1,,,地域ブランド推進事業,使用料・借上料,物産展会場使用料,154952,R5決算書p44
2023,6,農林水産業費,1,農業費,3,農業振興費,地域ブランド推進事業,,,22,0,,,地域ブランド推進事業,補助金,,128000,R5決算書p44
2023,6,農林水産業費,1,農業費,3,農業振興費,地域ブランド推進事業,,,23,1,,,地域ブランド推進事業,補助金,六次産業化等支援補助金,100000,R5決算書p44
2023,6,農林水産業費,1,農業費,3,農業振興費,地域ブランド推進事業,,,23,1,,,地域ブランド推進事業,補助金,お墨付き商品支援補助金,28000,R5決算書p44
2023,6,農林水産業費,1,農業費,3,農業振興費,営農支援センター運営費,,,0,0,,,,,,866300,R5決算書p44
2023,6,農林水産業費,1,農業費,3,農業振興費,営農支援センター運営費,,,21,0,,,営農支援センター運営費,,,866300,R5決算書p44
2023,6,農林水産業費,1,農業費,3,農業振興費,営農支援センター運営費,,,22,0,,,営農支援センター運営費,会計年度任用職員報酬,,866300,R5決算書p44
2023,6,農林水産業費,1,農業費,3,農業振興費,営農支援センター運営費,,,23,1,,,営農支援センター運営費,会計年度任用職員報酬,地域連携推進員報酬,866300,R5決算書p44
2023,6,農林水産業費,1,農業費,4,畜産業費,家畜診療施設運営経費,,,0,0,,,,,,1249266,R5決算書p44
2023,6,農林水産業費,1,農業費,4,畜産業費,家畜診療施設運営経費,,,21,0,,,家畜診療施設運営経費,,,1249266,R5決算書p44
2023,6,農林水産業費,1,農業費,4,畜産業費,家畜診療施設運営経費,,,22,0,,,家畜診療施設運営経費,燃料費,,169266,R5決算書p44
2023,6,農林水産業費,1,農業費,4,畜産業費,家畜診療施設運営経費,,,23,1,,,家畜診療施設運営経費,燃料費,家畜診療燃料費,169266,R5決算書p44
2023,6,農林水産業費,1,農業費,4,畜産業費,家畜診療施設運営経費,,,22,0,,,家畜診療施設運営経費,業務委託料,,1080000,R5決算書p44
2023,6,農林水産業費,1,農業費,4,畜産業費,家畜診療施設運営経費,,,23,1,,,家畜診療施設運営経費,業務委託料,家畜診療委託料,1080000,R5決算書p44
2023,6,農林水産業費,1,農業費,5,畜産振興費,畜産振興経費,,,0,0,,,,,,551800,R5決算書p44
2023,6,農林水産業費,1,農業費,5,畜産振興費,畜産振興経費,,,21,0,,,畜産振興経費,,,551800,R5決算書p44
2023,6,農林水産業費,1,農業費,5,畜産振興費,畜産振興経費,,,22,0,,,畜産振興経費,消耗品,,20500,R5決算書p44
2023,6,農林水産業費,1,農業費,5,畜産振興費,畜産振興経費,,,23,1,,,畜産振興経費,消耗品,消耗品,20500,R5決算書p44
2023,6,農林水産業費,1,農業費,5,畜産振興費,畜産振興経費,,,22,0,,,畜産振興経費,単独事業,,531300,R5決算書p44
2023,6,農林水産業費,1,農業費,5,畜産振興費,畜産振興経費,,,23,1,,,畜産振興経費,単独事業,防護柵設置工事,374000,R5決算書p44
2023,6,農林水産業費,1,農業費,5,畜産振興費,畜産振興経費,,,23,1,,,畜産振興経費,単独事業,牧場施設整備工事,157300,R5決算書p45
2023,6,農林水産業費,1,農業費,6,農地費,農地費一般経費,,,0,0,,,,,,5535725,R5決算書p45
2023,6,農林水産業費,1,農業費,6,農地費,農地費一般経費,,,21,0,,,農地費一般経費,,,5535725,R5決算書p45
2023,6,農林水産業費,1,農業費,6,農地費,農地費一般経費,,,22,0,,,農地費一般経費,委員報酬,,747000,R5決算書p45
2023,6,農林水産業費,1,農業費,6,農地費,農地費一般経費,,,23,1,,,農地費一般経費,委員報酬,地すべり防止区域管理報酬,747000,R5決算書p45
2023,6,農林水産業費,1,農業費,6,農地費,農地費一般経費,,,22,0,,,農地費一般経費,維持・修繕工事,,4106300,R5決算書p45
2023,6,農林水産業費,1,農業費,6,農地費,農地費一般経費,,,23,1,,,農地費一般経費,維持・修繕工事,農地維持工事,4106300,R5決算書p45
2023,6,農林水産業費,1,農業費,6,農地費,農地費一般経費,,,22,0,,,農地費一般経費,原材料費,,192225,R5決算書p45
2023,6,農林水産業費,1,農業費,6,農地費,農地費一般経費,,,23,1,,,農地費一般経費,原材料費,土地改良用資材代,192225,R5決算書p45
2023,6,農林水産業費,1,農業費,6,農地費,農地費一般経費,,,22,0,,,農地費一般経費,負担金,,17200,R5決算書p45
2023,6,農林水産業費,1,農業費,6,農地費,農地費一般経費,,,23,1,,,農地費一般経費,負担金,長土連山町村割賦課金,17200,R5決算書p45
2023,6,農林水産業費,1,農業費,6,農地費,農地費一般経費,,,22,0,,,農地費一般経費,補助金,,473000,R5決算書p45
2023,6,農林水産業費,1,農業費,6,農地費,農地費一般経費,,,23,1,,,農地費一般経費,補助金,農業用井水維持修繕補助金,473000,R5決算書p45
2023,6,農林水産業費,1,農業費,20,地域おこし協力隊事業,地域おこし協力隊事業,,,0,0,,,,,,25840,R5決算書p45
2023,6,農林水産業費,1,農業費,20,地域おこし協力隊事業,地域おこし協力隊事業,,,21,0,,,地域おこし協力隊事業,,,25840,R5決算書p45
2023,6,農林水産業費,1,農業費,20,地域おこし協力隊事業,地域おこし協力隊事業,,,22,0,,,地域おこし協力隊事業,損害保険料,,25840,R5決算書p45
2023,6,農林水産業費,1,農業費,20,地域おこし協力隊事業,地域おこし協力隊事業,,,23,1,,,地域おこし協力隊事業,損害保険料,公用車共済保険料,25840,R5決算書p45
2023,6,農林水産業費,1,農業費,21,日本型直接支払事業,日本型直接支払制度,,,0,0,,,,,,4557374,R5決算書p45
2023,6,農林水産業費,1,農業費,21,日本型直接支払事業,日本型直接支払制度,,,21,0,,,日本型直接支払制度,,,4557374,R5決算書p45
2023,6,農林水産業費,1,農業費,21,日本型直接支払事業,日本型直接支払制度,,,22,0,,,日本型直接支払制度,会計年度任用職員報酬,,239000,R5決算書p45
2023,6,農林水産業費,1,農業費,21,日本型直接支払事業,日本型直接支払制度,,,23,1,,,日本型直接支払制度,会計年度任用職員報酬,中山間地域直接支払報酬,154000,R5決算書p45
2023,6,農林水産業費,1,農業費,21,日本型直接支払事業,日本型直接支払制度,,,23,1,,,日本型直接支払制度,会計年度任用職員報酬,多面的機能支払報酬,85000,R5決算書p45
2023,6,農林水産業費,1,農業費,21,日本型直接支払事業,日本型直接支払制度,,,22,0,,,日本型直接支払制度,交付金,,4318374,R5決算書p45
2023,6,農林水産業費,1,農業費,21,日本型直接支払事業,日本型直接支払制度,,,23,1,,,日本型直接支払制度,交付金,中山間地域等直接支払交付金,3097862,R5決算書p45
2023,6,農林水産業費,1,農業費,21,日本型直接支払事業,日本型直接支払制度,,,23,1,,,日本型直接支払制度,交付金,多面的機能支払交付金,1220512,R5決算書p45
2023,6,農林水産業費,1,農業費,22,集落支援事業,集落支援事業,,,0,0,,,,,,4613695,R5決算書p45
2023,6,農林水産業費,1,農業費,22,集落支援事業,集落支援事業,,,21,0,,,集落支援事業,,,4613695,R5決算書p45
2023,6,農林水産業費,1,農業費,22,集落支援事業,集落支援事業,,,22,0,,,集落支援事業,会計年度任用職員報酬,,3611448,R5決算書p45
2023,6,農林水産業費,1,農業費,22,集落支援事業,集落支援事業,,,23,1,,,集落支援事業,会計年度任用職員報酬,会計年度任用職員1号報酬,3611448,R5決算書p45
2023,6,農林水産業費,1,農業費,22,集落支援事業,集落支援事業,,,22,0,,,集落支援事業,会計年度任用職員手当,,534934,R5決算書p45
2023,6,農林水産業費,1,農業費,22,集落支援事業,集落支援事業,,,23,1,,,集落支援事業,会計年度任用職員手当,期末手当（1号）,484534,R5決算書p45
2023,6,農林水産業費,1,農業費,22,集落支援事業,集落支援事業,,,23,1,,,集落支援事業,会計年度任用職員手当,通勤手当,50400,R5決算書p45
2023,6,農林水産業費,1,農業費,22,集落支援事業,集落支援事業,,,22,0,,,集落支援事業,燃料費,,66517,R5決算書p45
2023,6,農林水産業費,1,農業費,22,集落支援事業,集落支援事業,,,23,1,,,集落支援事業,燃料費,公用車燃料代,66517,R5決算書p45
2023,6,農林水産業費,1,農業費,22,集落支援事業,集落支援事業,,,22,0,,,集落支援事業,修繕費,,3476,R5決算書p45
2023,6,農林水産業費,1,農業費,22,集落支援事業,集落支援事業,,,23,1,,,集落支援事業,修繕費,公用車修繕費,3476,R5決算書p45
2023,6,農林水産業費,1,農業費,22,集落支援事業,集落支援事業,,,22,0,,,集落支援事業,使用料・借上料,,397320,R5決算書p46
2023,6,農林水産業費,1,農業費,22,集落支援事業,集落支援事業,,,23,1,,,集落支援事業,使用料・借上料,自動車リース料,397320,R5決算書p46
2023,6,農林水産業費,2,林業費,1,林業総務費,林業総務一般経費,,,0,0,,,,,,1805820,R5決算書p46
2023,6,農林水産業費,2,林業費,1,林業総務費,林業総務一般経費,,,21,0,,,林業総務一般経費,,,1805820,R5決算書p46
2023,6,農林水産業費,2,林業費,1,林業総務費,林業総務一般経費,,,22,0,,,林業総務一般経費,委員報酬,,11700,R5決算書p46
2023,6,農林水産業費,2,林業費,1,林業総務費,林業総務一般経費,,,23,1,,,林業総務一般経費,委員報酬,林務委員報酬,11700,R5決算書p46
2023,6,農林水産業費,2,林業費,1,林業総務費,林業総務一般経費,,,22,0,,,林業総務一般経費,負担金,,794120,R5決算書p46
2023,6,農林水産業費,2,林業費,1,林業総務費,林業総務一般経費,,,23,1,,,林業総務一般経費,負担金,下伊那地区分収造林協議会負担金,62220,R5決算書p46
2023,6,農林水産業費,2,林業費,1,林業総務費,林業総務一般経費,,,23,1,,,林業総務一般経費,負担金,南信州特用林産振興会負担金,10000,R5決算書p46
2023,6,農林水産業費,2,林業費,1,林業総務費,林業総務一般経費,,,23,1,,,林業総務一般経費,負担金,下伊那山林協会負担金,682900,R5決算書p46
2023,6,農林水産業費,2,林業費,1,林業総務費,林業総務一般経費,,,23,1,,,林業総務一般経費,負担金,飯伊林業活性化協議会負担金,29000,R5決算書p46
2023,6,農林水産業費,2,林業費,1,林業総務費,林業総務一般経費,,,23,1,,,林業総務一般経費,負担金,長野県森林保全協議会負担金,10000,R5決算書p46
2023,6,農林水産業費,2,林業費,1,林業総務費,林業総務一般経費,,,22,0,,,林業総務一般経費,補助金,,1000000,R5決算書p46
2023,6,農林水産業費,2,林業費,1,林業総務費,林業総務一般経費,,,23,1,,,林業総務一般経費,補助金,林業技術者育成補助金,600000,R5決算書p46
2023,6,農林水産業費,2,林業費,1,林業総務費,林業総務一般経費,,,23,1,,,林業総務一般経費,補助金,木質バイオマス普及促進補助金,400000,R5決算書p46
2023,6,農林水産業費,2,林業費,1,林業総務費,一般職人事管理経費（林務）,,,0,0,,,,,,7874845,R5決算書p46
2023,6,農林水産業費,2,林業費,1,林業総務費,一般職人事管理経費（林務）,,,21,0,,,一般職人事管理経費（林務）,,,7874845,R5決算書p46
2023,6,農林水産業費,2,林業費,1,林業総務費,一般職人事管理経費（林務）,,,22,0,,,一般職人事管理経費（林務）,職員給料,,4395300,R5決算書p46
2023,6,農林水産業費,2,林業費,1,林業総務費,一般職人事管理経費（林務）,,,23,1,,,一般職人事管理経費（林務）,職員給料,一般職員給料,4395300,R5決算書p46
2023,6,農林水産業費,2,林業費,1,林業総務費,一般職人事管理経費（林務）,,,22,0,,,一般職人事管理経費（林務）,職員手当等,,2074056,R5決算書p46
2023,6,農林水産業費,2,林業費,1,林業総務費,一般職人事管理経費（林務）,,,23,1,,,一般職人事管理経費（林務）,職員手当等,扶養手当,78000,R5決算書p46
2023,6,農林水産業費,2,林業費,1,林業総務費,一般職人事管理経費（林務）,,,23,1,,,一般職人事管理経費（林務）,職員手当等,住居手当,18000,R5決算書p46
2023,6,農林水産業費,2,林業費,1,林業総務費,一般職人事管理経費（林務）,,,23,1,,,一般職人事管理経費（林務）,職員手当等,時間外勤務手当,31460,R5決算書p46
2023,6,農林水産業費,2,林業費,1,林業総務費,一般職人事管理経費（林務）,,,23,1,,,一般職人事管理経費（林務）,職員手当等,期末手当,1001486,R5決算書p46
2023,6,農林水産業費,2,林業費,1,林業総務費,一般職人事管理経費（林務）,,,23,1,,,一般職人事管理経費（林務）,職員手当等,勤勉手当,856110,R5決算書p46
2023,6,農林水産業費,2,林業費,1,林業総務費,一般職人事管理経費（林務）,,,23,1,,,一般職人事管理経費（林務）,職員手当等,寒冷地手当,89000,R5決算書p46
2023,6,農林水産業費,2,林業費,1,林業総務費,一般職人事管理経費（林務）,,,22,0,,,一般職人事管理経費（林務）,一般職共済費,,1405489,R5決算書p46
2023,6,農林水産業費,2,林業費,1,林業総務費,一般職人事管理経費（林務）,,,23,1,,,一般職人事管理経費（林務）,一般職共済費,地方公務員共済組合等負担金,1405489,R5決算書p46
2023,6,農林水産業費,2,林業費,2,林業振興費,林業振興一般経費,,,0,0,,,,,,7616906,R5決算書p46
2023,6,農林水産業費,2,林業費,2,林業振興費,林業振興一般経費,,,21,0,,,林業振興一般経費,,,7616906,R5決算書p46
2023,6,農林水産業費,2,林業費,2,林業振興費,林業振興一般経費,,,22,0,,,林業振興一般経費,委員報酬,,99000,R5決算書p46
2023,6,農林水産業費,2,林業費,2,林業振興費,林業振興一般経費,,,23,1,,,林業振興一般経費,委員報酬,林野地すべり防止区域管理報酬,99000,R5決算書p46
2023,6,農林水産業費,2,林業費,2,林業振興費,林業振興一般経費,,,22,0,,,林業振興一般経費,消耗品,,650147,R5決算書p46
2023,6,農林水産業費,2,林業費,2,林業振興費,林業振興一般経費,,,23,1,,,林業振興一般経費,消耗品,消耗品,608147,R5決算書p46
2023,6,農林水産業費,2,林業費,2,林業振興費,林業振興一般経費,,,23,1,,,林業振興一般経費,消耗品,青林祭記念品,42000,R5決算書p46
2023,6,農林水産業費,2,林業費,2,林業振興費,林業振興一般経費,,,22,0,,,林業振興一般経費,光熱水費,,358318,R5決算書p46
2023,6,農林水産業費,2,林業費,2,林業振興費,林業振興一般経費,,,23,1,,,林業振興一般経費,光熱水費,電気料,334907,R5決算書p46
2023,6,農林水産業費,2,林業費,2,林業振興費,林業振興一般経費,,,23,1,,,林業振興一般経費,光熱水費,ガス代,23411,R5決算書p46
2023,6,農林水産業費,2,林業費,2,林業振興費,林業振興一般経費,,,22,0,,,林業振興一般経費,修繕費,,17380,R5決算書p46
2023,6,農林水産業費,2,林業費,2,林業振興費,林業振興一般経費,,,23,1,,,林業振興一般経費,修繕費,機械修繕費,17380,R5決算書p46
2023,6,農林水産業費,2,林業費,2,林業振興費,林業振興一般経費,,,22,0,,,林業振興一般経費,通信運搬費,,75372,R5決算書p46
2023,6,農林水産業費,2,林業費,2,林業振興費,林業振興一般経費,,,23,1,,,林業振興一般経費,通信運搬費,情報通信接続料,75372,R5決算書p46
2023,6,農林水産業費,2,林業費,2,林業振興費,林業振興一般経費,,,22,0,,,林業振興一般経費,手数料,,29189,R5決算書p46
2023,6,農林水産業費,2,林業費,2,林業振興費,林業振興一般経費,,,23,1,,,林業振興一般経費,手数料,合併浄化槽検査手数料,5000,R5決算書p46
2023,6,農林水産業費,2,林業費,2,林業振興費,林業振興一般経費,,,23,1,,,林業振興一般経費,手数料,目立料,24189,R5決算書p46
2023,6,農林水産業費,2,林業費,2,林業振興費,林業振興一般経費,,,22,0,,,林業振興一般経費,保守管理委託料,,50600,R5決算書p46
2023,6,農林水産業費,2,林業費,2,林業振興費,林業振興一般経費,,,23,1,,,林業振興一般経費,保守管理委託料,合併浄化槽保守管理委託料,50600,R5決算書p46
2023,6,農林水産業費,2,林業費,2,林業振興費,林業振興一般経費,,,22,0,,,林業振興一般経費,業務委託料,,1814080,R5決算書p46
2023,6,農林水産業費,2,林業費,2,林業振興費,林業振興一般経費,,,23,1,,,林業振興一般経費,業務委託料,木工館管理運営委託料,1814080,R5決算書p46
2023,6,農林水産業費,2,林業費,2,林業振興費,林業振興一般経費,,,22,0,,,林業振興一般経費,補助事業,,647900,R5決算書p46
2023,6,農林水産業費,2,林業費,2,林業振興費,林業振興一般経費,,,23,1,,,林業振興一般経費,補助事業,松くい虫対策事業,647900,R5決算書p46
2023,6,農林水産業費,2,林業費,2,林業振興費,林業振興一般経費,,,22,0,,,林業振興一般経費,単独事業,,3765100,R5決算書p46
2023,6,農林水産業費,2,林業費,2,林業振興費,林業振興一般経費,,,23,1,,,林業振興一般経費,単独事業,林業施設工事,220000,R5決算書p47
2023,6,農林水産業費,2,林業費,2,林業振興費,林業振興一般経費,,,23,1,,,林業振興一般経費,単独事業,森林税活用事業,1565100,R5決算書p47
2023,6,農林水産業費,2,林業費,2,林業振興費,林業振興一般経費,,,23,1,,,林業振興一般経費,単独事業,林業施設工事（明許繰越）,1980000,R5決算書p47
2023,6,農林水産業費,2,林業費,2,林業振興費,林業振興一般経費,,,22,0,,,林業振興一般経費,負担金,,40100,R5決算書p47
2023,6,農林水産業費,2,林業費,2,林業振興費,林業振興一般経費,,,23,1,,,林業振興一般経費,負担金,飯伊森林組合賦課金,40100,R5決算書p47
2023,6,農林水産業費,2,林業費,2,林業振興費,林業振興一般経費,,,22,0,,,林業振興一般経費,補償料,,69720,R5決算書p47
2023,6,農林水産業費,2,林業費,2,林業振興費,林業振興一般経費,,,23,1,,,林業振興一般経費,補償料,工事立木補償料,69720,R5決算書p47
2023,6,農林水産業費,2,林業費,2,林業振興費,有害鳥獣駆除関係経費,,,0,0,,,,,,6270750,R5決算書p47
2023,6,農林水産業費,2,林業費,2,林業振興費,有害鳥獣駆除関係経費,,,21,0,,,有害鳥獣駆除関係経費,,,6270750,R5決算書p47
2023,6,農林水産業費,2,林業費,2,林業振興費,有害鳥獣駆除関係経費,,,22,0,,,有害鳥獣駆除関係経費,委員報酬,,25800,R5決算書p47
2023,6,農林水産業費,2,林業費,2,林業振興費,有害鳥獣駆除関係経費,,,23,1,,,有害鳥獣駆除関係経費,委員報酬,有害鳥獣駆除協議会報酬,25800,R5決算書p47
2023,6,農林水産業費,2,林業費,2,林業振興費,有害鳥獣駆除関係経費,,,22,0,,,有害鳥獣駆除関係経費,謝金,,988500,R5決算書p47
2023,6,農林水産業費,2,林業費,2,林業振興費,有害鳥獣駆除関係経費,,,23,1,,,有害鳥獣駆除関係経費,謝金,有害鳥獣駆除謝金,988500,R5決算書p47
2023,6,農林水産業費,2,林業費,2,林業振興費,有害鳥獣駆除関係経費,,,22,0,,,有害鳥獣駆除関係経費,買上金,,5220000,R5決算書p47
2023,6,農林水産業費,2,林業費,2,林業振興費,有害鳥獣駆除関係経費,,,23,1,,,有害鳥獣駆除関係経費,買上金,有害鳥獣駆除報償,5220000,R5決算書p47
2023,6,農林水産業費,2,林業費,2,林業振興費,有害鳥獣駆除関係経費,,,22,0,,,有害鳥獣駆除関係経費,損害保険料,,36450,R5決算書p47
2023,6,農林水産業費,2,林業費,2,林業振興費,有害鳥獣駆除関係経費,,,23,1,,,有害鳥獣駆除関係経費,損害保険料,有害鳥獣駆除傷害保険料,36450,R5決算書p47
2023,6,農林水産業費,2,林業費,3,林道費,林道事業経費,,,0,0,,,,,,73378412,R5決算書p47
2023,6,農林水産業費,2,林業費,3,林道費,林道事業経費,,,21,0,,,林道事業経費,,,73378412,R5決算書p47
2023,6,農林水産業費,2,林業費,3,林道費,林道事業経費,,,22,0,,,林道事業経費,消耗品,,40674,R5決算書p47
2023,6,農林水産業費,2,林業費,3,林道費,林道事業経費,,,23,1,,,林道事業経費,消耗品,消耗品,40674,R5決算書p47
2023,6,農林水産業費,2,林業費,3,林道費,林道事業経費,,,22,0,,,林道事業経費,燃料費,,108996,R5決算書p47
2023,6,農林水産業費,2,林業費,3,林道費,林道事業経費,,,23,1,,,林道事業経費,燃料費,公用車燃料費,108996,R5決算書p47
2023,6,農林水産業費,2,林業費,3,林道費,林道事業経費,,,22,0,,,林道事業経費,修繕費,,27720,R5決算書p47
2023,6,農林水産業費,2,林業費,3,林道費,林道事業経費,,,23,1,,,林道事業経費,修繕費,公用車修繕費,27720,R5決算書p47
2023,6,農林水産業費,2,林業費,3,林道費,林道事業経費,,,22,0,,,林道事業経費,手数料,,12980,R5決算書p47
2023,6,農林水産業費,2,林業費,3,林道費,林道事業経費,,,23,1,,,林道事業経費,手数料,公用車車検点検料,12980,R5決算書p47
2023,6,農林水産業費,2,林業費,3,林道費,林道事業経費,,,22,0,,,林道事業経費,損害保険料,,14990,R5決算書p47
2023,6,農林水産業費,2,林業費,3,林道費,林道事業経費,,,23,1,,,林道事業経費,損害保険料,公用車共済保険料,14990,R5決算書p47
2023,6,農林水産業費,2,林業費,3,林道費,林道事業経費,,,22,0,,,林道事業経費,業務委託料,,2962300,R5決算書p47
2023,6,農林水産業費,2,林業費,3,林道費,林道事業経費,,,23,1,,,林道事業経費,業務委託料,伐開委託料,2962300,R5決算書p47
2023,6,農林水産業費,2,林業費,3,林道費,林道事業経費,,,22,0,,,林道事業経費,調査・設計・監理委託料,,4763000,R5決算書p47
2023,6,農林水産業費,2,林業費,3,林道費,林道事業経費,,,23,1,,,林道事業経費,調査・設計・監理委託料,補助事業設計・監理委託料,1276000,R5決算書p47
2023,6,農林水産業費,2,林業費,3,林道費,林道事業経費,,,23,1,,,林道事業経費,調査・設計・監理委託料,単独事業設計・監理委託料,3487000,R5決算書p47
2023,6,農林水産業費,2,林業費,3,林道費,林道事業経費,,,22,0,,,林道事業経費,補助事業,,17072000,R5決算書p47
2023,6,農林水産業費,2,林業費,3,林道費,林道事業経費,,,23,1,,,林道事業経費,補助事業,林道開設・改良・舗装工事,17072000,R5決算書p47
2023,6,農林水産業費,2,林業費,3,林道費,林道事業経費,,,22,0,,,林道事業経費,単独事業,,16899300,R5決算書p47
2023,6,農林水産業費,2,林業費,3,林道費,林道事業経費,,,23,1,,,林道事業経費,単独事業,林道開設・改良・舗装工事,15359300,R5決算書p47
2023,6,農林水産業費,2,林業費,3,林道費,林道事業経費,,,23,1,,,林道事業経費,単独事業,林道交通安全施設工事,1540000,R5決算書p47
2023,6,農林水産業費,2,林業費,3,林道費,林道事業経費,,,22,0,,,林道事業経費,維持・修繕工事,,31232300,R5決算書p47
2023,6,農林水産業費,2,林業費,3,林道費,林道事業経費,,,23,1,,,林道事業経費,維持・修繕工事,林道維持工事,27976300,R5決算書p47
2023,6,農林水産業費,2,林業費,3,林道費,林道事業経費,,,23,1,,,林道事業経費,維持・修繕工事,林道維持工事（明許繰越）,3256000,R5決算書p47
2023,6,農林水産業費,2,林業費,3,林道費,林道事業経費,,,22,0,,,林道事業経費,補償料,,244152,R5決算書p47
2023,6,農林水産業費,2,林業費,3,林道費,林道事業経費,,,23,1,,,林道事業経費,補償料,工事立木補償料,244152,R5決算書p47
2023,6,農林水産業費,2,林業費,4,造林費,造林事業,,,0,0,,,,,,4894859,R5決算書p47
2023,6,農林水産業費,2,林業費,4,造林費,造林事業,,,21,0,,,造林事業,,,4894859,R5決算書p47
2023,6,農林水産業費,2,林業費,4,造林費,造林事業,,,22,0,,,造林事業,負担金,,4894859,R5決算書p47
2023,6,農林水産業費,2,林業費,4,造林費,造林事業,,,23,1,,,造林事業,負担金,森林組合事業負担金,4894859,R5決算書p47
2023,6,農林水産業費,2,林業費,6,森林整備センター受託事業費,森林整備センター受託事業費,,,0,0,,,,,,770000,R5決算書p47
2023,6,農林水産業費,2,林業費,6,森林整備センター受託事業費,森林整備センター受託事業費,,,21,0,,,森林整備センター受託事業費,,,770000,R5決算書p47
2023,6,農林水産業費,2,林業費,6,森林整備センター受託事業費,森林整備センター受託事業費,,,22,0,,,森林整備センター受託事業費,業務委託料,,770000,R5決算書p47
2023,6,農林水産業費,2,林業費,6,森林整備センター受託事業費,森林整備センター受託事業費,,,23,1,,,森林整備センター受託事業費,業務委託料,水源林造成受託事業委託料,770000,R5決算書p48
2023,6,農林水産業費,2,林業費,10,森林環境譲与税活用費,森林環境譲与税活用事業,,,0,0,,,,,,8888000,R5決算書p48
2023,6,農林水産業費,2,林業費,10,森林環境譲与税活用費,森林環境譲与税活用事業,,,21,0,,,森林環境譲与税活用事業,,,8888000,R5決算書p48
2023,6,農林水産業費,2,林業費,10,森林環境譲与税活用費,森林環境譲与税活用事業,,,22,0,,,森林環境譲与税活用事業,業務委託料,,8888000,R5決算書p48
2023,6,農林水産業費,2,林業費,10,森林環境譲与税活用費,森林環境譲与税活用事業,,,23,1,,,森林環境譲与税活用事業,業務委託料,森林境界図作成委託料（繰越明許分）,8690000,R5決算書p48
2023,6,農林水産業費,2,林業費,10,森林環境譲与税活用費,森林環境譲与税活用事業,,,23,1,,,森林環境譲与税活用事業,業務委託料,森林境界情報システム作成委託料,198000,R5決算書p48
2023,6,農林水産業費,2,林業費,11,集落支援事業,集落支援事業,,,0,0,,,,,,4300,R5決算書p48
2023,6,農林水産業費,2,林業費,11,集落支援事業,集落支援事業,,,21,0,,,集落支援事業,,,4300,R5決算書p48
2023,6,農林水産業費,2,林業費,11,集落支援事業,集落支援事業,,,22,0,,,集落支援事業,業務委託料,,4300,R5決算書p48
2023,6,農林水産業費,2,林業費,11,集落支援事業,集落支援事業,,,23,1,,,集落支援事業,業務委託料,林業支援業務委託料,4300,R5決算書p48
2023,7,商工費,1,商工費,1,商工総務費,商工総務一般経費,,,0,0,,,,,,930600,R5決算書p48
2023,7,商工費,1,商工費,1,商工総務費,商工総務一般経費,,,21,0,,,商工総務一般経費,,,930600,R5決算書p48
2023,7,商工費,1,商工費,1,商工総務費,商工総務一般経費,,,22,0,,,商工総務一般経費,負担金,,430600,R5決算書p48
2023,7,商工費,1,商工費,1,商工総務費,商工総務一般経費,,,23,1,,,商工総務一般経費,負担金,飯田職業安定協会負担金,1000,R5決算書p48
2023,7,商工費,1,商工費,1,商工総務費,商工総務一般経費,,,23,1,,,商工総務一般経費,負担金,飯田勤労者共済会負担金,39600,R5決算書p48
2023,7,商工費,1,商工費,1,商工総務費,商工総務一般経費,,,23,1,,,商工総務一般経費,負担金,商工会負担金,9000,R5決算書p48
2023,7,商工費,1,商工費,1,商工総務費,商工総務一般経費,,,23,1,,,商工総務一般経費,負担金,産業振興の拠点関係負担金,381000,R5決算書p48
2023,7,商工費,1,商工費,1,商工総務費,商工総務一般経費,,,22,0,,,商工総務一般経費,補助金,,500000,R5決算書p48
2023,7,商工費,1,商工費,1,商工総務費,商工総務一般経費,,,23,1,,,商工総務一般経費,補助金,信州大学航空機システム共同研究講座コンソーシアム補助金,500000,R5決算書p48
2023,7,商工費,1,商工費,1,商工総務費,一般職人事管理経費（商工）,,,0,0,,,,,,12411952,R5決算書p48
2023,7,商工費,1,商工費,1,商工総務費,一般職人事管理経費（商工）,,,21,0,,,一般職人事管理経費（商工）,,,12411952,R5決算書p48
2023,7,商工費,1,商工費,1,商工総務費,一般職人事管理経費（商工）,,,22,0,,,一般職人事管理経費（商工）,職員給料,,7288020,R5決算書p48
2023,7,商工費,1,商工費,1,商工総務費,一般職人事管理経費（商工）,,,23,1,,,一般職人事管理経費（商工）,職員給料,一般職員給料,7288020,R5決算書p48
2023,7,商工費,1,商工費,1,商工総務費,一般職人事管理経費（商工）,,,22,0,,,一般職人事管理経費（商工）,職員手当等,,3021290,R5決算書p48
2023,7,商工費,1,商工費,1,商工総務費,一般職人事管理経費（商工）,,,23,1,,,一般職人事管理経費（商工）,職員手当等,扶養手当,176000,R5決算書p48
2023,7,商工費,1,商工費,1,商工総務費,一般職人事管理経費（商工）,,,23,1,,,一般職人事管理経費（商工）,職員手当等,住居手当,216000,R5決算書p48
2023,7,商工費,1,商工費,1,商工総務費,一般職人事管理経費（商工）,,,23,1,,,一般職人事管理経費（商工）,職員手当等,通勤手当,103000,R5決算書p48
2023,7,商工費,1,商工費,1,商工総務費,一般職人事管理経費（商工）,,,23,1,,,一般職人事管理経費（商工）,職員手当等,時間外勤務手当,19415,R5決算書p48
2023,7,商工費,1,商工費,1,商工総務費,一般職人事管理経費（商工）,,,23,1,,,一般職人事管理経費（商工）,職員手当等,児童手当,240000,R5決算書p48
2023,7,商工費,1,商工費,1,商工総務費,一般職人事管理経費（商工）,,,23,1,,,一般職人事管理経費（商工）,職員手当等,期末手当,1337008,R5決算書p48
2023,7,商工費,1,商工費,1,商工総務費,一般職人事管理経費（商工）,,,23,1,,,一般職人事管理経費（商工）,職員手当等,勤勉手当,827867,R5決算書p48
2023,7,商工費,1,商工費,1,商工総務費,一般職人事管理経費（商工）,,,23,1,,,一般職人事管理経費（商工）,職員手当等,寒冷地手当,102000,R5決算書p48
2023,7,商工費,1,商工費,1,商工総務費,一般職人事管理経費（商工）,,,22,0,,,一般職人事管理経費（商工）,一般職共済費,,2102642,R5決算書p48
2023,7,商工費,1,商工費,1,商工総務費,一般職人事管理経費（商工）,,,23,1,,,一般職人事管理経費（商工）,一般職共済費,地方公務員共済組合等負担金,2102642,R5決算書p48
2023,7,商工費,1,商工費,2,商工振興費,商工振興一般経費,,,0,0,,,,,,24513022,R5決算書p48
2023,7,商工費,1,商工費,2,商工振興費,商工振興一般経費,,,21,0,,,商工振興一般経費,,,24513022,R5決算書p48
2023,7,商工費,1,商工費,2,商工振興費,商工振興一般経費,,,22,0,,,商工振興一般経費,会計年度任用職員報酬,,586980,R5決算書p48
2023,7,商工費,1,商工費,2,商工振興費,商工振興一般経費,,,23,1,,,商工振興一般経費,会計年度任用職員報酬,代替職員報酬,586980,R5決算書p48
2023,7,商工費,1,商工費,2,商工振興費,商工振興一般経費,,,22,0,,,商工振興一般経費,費用弁償,,10500,R5決算書p48
2023,7,商工費,1,商工費,2,商工振興費,商工振興一般経費,,,23,1,,,商工振興一般経費,費用弁償,支援員旅費,10500,R5決算書p48
2023,7,商工費,1,商工費,2,商工振興費,商工振興一般経費,,,22,0,,,商工振興一般経費,光熱水費,,114585,R5決算書p48
2023,7,商工費,1,商工費,2,商工振興費,商工振興一般経費,,,23,1,,,商工振興一般経費,光熱水費,電気料（街路灯）,114585,R5決算書p48
2023,7,商工費,1,商工費,2,商工振興費,商工振興一般経費,,,22,0,,,商工振興一般経費,損害保険料,,18802,R5決算書p48
2023,7,商工費,1,商工費,2,商工振興費,商工振興一般経費,,,23,1,,,商工振興一般経費,損害保険料,村有建物災害共済保険料,18802,R5決算書p48
2023,7,商工費,1,商工費,2,商工振興費,商工振興一般経費,,,22,0,,,商工振興一般経費,敷地料,,211824,R5決算書p48
2023,7,商工費,1,商工費,2,商工振興費,商工振興一般経費,,,23,1,,,商工振興一般経費,敷地料,過疎対策工場敷地料,211824,R5決算書p49
2023,7,商工費,1,商工費,2,商工振興費,商工振興一般経費,,,22,0,,,商工振興一般経費,補助金,,23143789,R5決算書p49
2023,7,商工費,1,商工費,2,商工振興費,商工振興一般経費,,,23,1,,,商工振興一般経費,補助金,商工振興事業補助金,21809961,R5決算書p49
2023,7,商工費,1,商工費,2,商工振興費,商工振興一般経費,,,23,1,,,商工振興一般経費,補助金,商工関係資金利子補給金（不況対策）,333828,R5決算書p49
2023,7,商工費,1,商工費,2,商工振興費,商工振興一般経費,,,23,1,,,商工振興一般経費,補助金,商工業創業支援事業補助金,1000000,R5決算書p49
2023,7,商工費,1,商工費,2,商工振興費,商工振興一般経費,,,22,0,,,商工振興一般経費,保証料,,426542,R5決算書p49
2023,7,商工費,1,商工費,2,商工振興費,商工振興一般経費,,,23,1,,,商工振興一般経費,保証料,信用保証協会保証料,426542,R5決算書p49
2023,7,商工費,1,商工費,3,観光費,観光一般経費,,,0,0,,,,,,51884205,R5決算書p49
2023,7,商工費,1,商工費,3,観光費,観光一般経費,,,21,0,,,観光一般経費,,,51884205,R5決算書p49
2023,7,商工費,1,商工費,3,観光費,観光一般経費,,,22,0,,,観光一般経費,委員報酬,,137600,R5決算書p49
2023,7,商工費,1,商工費,3,観光費,観光一般経費,,,23,1,,,観光一般経費,委員報酬,観光施設検討委員報酬,137600,R5決算書p49
2023,7,商工費,1,商工費,3,観光費,観光一般経費,,,22,0,,,観光一般経費,会計年度任用職員報酬,,1709550,R5決算書p49
2023,7,商工費,1,商工費,3,観光費,観光一般経費,,,23,1,,,観光一般経費,会計年度任用職員報酬,観光施設管理報酬,380000,R5決算書p49
2023,7,商工費,1,商工費,3,観光費,観光一般経費,,,23,1,,,観光一般経費,会計年度任用職員報酬,観光案内所代替職員報酬,1329550,R5決算書p49
2023,7,商工費,1,商工費,3,観光費,観光一般経費,,,22,0,,,観光一般経費,謝金,,250000,R5決算書p49
2023,7,商工費,1,商工費,3,観光費,観光一般経費,,,23,1,,,観光一般経費,謝金,さくらの女王選考賞金,250000,R5決算書p49
2023,7,商工費,1,商工費,3,観光費,観光一般経費,,,22,0,,,観光一般経費,報償金,,73000,R5決算書p49
2023,7,商工費,1,商工費,3,観光費,観光一般経費,,,23,1,,,観光一般経費,報償金,さくらの女王出席報償,73000,R5決算書p49
2023,7,商工費,1,商工費,3,観光費,観光一般経費,,,22,0,,,観光一般経費,職員旅費,,223000,R5決算書p49
2023,7,商工費,1,商工費,3,観光費,観光一般経費,,,23,1,,,観光一般経費,職員旅費,職員旅費,223000,R5決算書p49
2023,7,商工費,1,商工費,3,観光費,観光一般経費,,,22,0,,,観光一般経費,費用弁償,,335297,R5決算書p49
2023,7,商工費,1,商工費,3,観光費,観光一般経費,,,23,1,,,観光一般経費,費用弁償,さくらの女王旅費,31766,R5決算書p49
2023,7,商工費,1,商工費,3,観光費,観光一般経費,,,23,1,,,観光一般経費,費用弁償,観光施設管理者旅費,108141,R5決算書p49
2023,7,商工費,1,商工費,3,観光費,観光一般経費,,,23,1,,,観光一般経費,費用弁償,講師旅費,195390,R5決算書p49
2023,7,商工費,1,商工費,3,観光費,観光一般経費,,,22,0,,,観光一般経費,消耗品,,1213516,R5決算書p49
2023,7,商工費,1,商工費,3,観光費,観光一般経費,,,23,1,,,観光一般経費,消耗品,消耗品,1134760,R5決算書p49
2023,7,商工費,1,商工費,3,観光費,観光一般経費,,,23,1,,,観光一般経費,消耗品,都市との交流事業経費,40142,R5決算書p49
2023,7,商工費,1,商工費,3,観光費,観光一般経費,,,23,1,,,観光一般経費,消耗品,さくらの女王選考経費,38614,R5決算書p49
2023,7,商工費,1,商工費,3,観光費,観光一般経費,,,22,0,,,観光一般経費,燃料費,,6966,R5決算書p49
2023,7,商工費,1,商工費,3,観光費,観光一般経費,,,23,1,,,観光一般経費,燃料費,公用車燃料費,6966,R5決算書p49
2023,7,商工費,1,商工費,3,観光費,観光一般経費,,,22,0,,,観光一般経費,食糧費,,24600,R5決算書p49
2023,7,商工費,1,商工費,3,観光費,観光一般経費,,,23,1,,,観光一般経費,食糧費,食糧費,24600,R5決算書p49
2023,7,商工費,1,商工費,3,観光費,観光一般経費,,,22,0,,,観光一般経費,印刷製本費,,689700,R5決算書p49
2023,7,商工費,1,商工費,3,観光費,観光一般経費,,,23,1,,,観光一般経費,印刷製本費,印刷製本費,689700,R5決算書p49
2023,7,商工費,1,商工費,3,観光費,観光一般経費,,,22,0,,,観光一般経費,光熱水費,,7453704,R5決算書p49
2023,7,商工費,1,商工費,3,観光費,観光一般経費,,,23,1,,,観光一般経費,光熱水費,電気料（観光施設）,7104920,R5決算書p49
2023,7,商工費,1,商工費,3,観光費,観光一般経費,,,23,1,,,観光一般経費,光熱水費,水道料,348784,R5決算書p49
2023,7,商工費,1,商工費,3,観光費,観光一般経費,,,22,0,,,観光一般経費,修繕費,,3177538,R5決算書p49
2023,7,商工費,1,商工費,3,観光費,観光一般経費,,,23,1,,,観光一般経費,修繕費,観光施設修繕費,2824838,R5決算書p49
2023,7,商工費,1,商工費,3,観光費,観光一般経費,,,23,1,,,観光一般経費,修繕費,機械修繕費,352700,R5決算書p49
2023,7,商工費,1,商工費,3,観光費,観光一般経費,,,22,0,,,観光一般経費,通信運搬費,,42537,R5決算書p49
2023,7,商工費,1,商工費,3,観光費,観光一般経費,,,23,1,,,観光一般経費,通信運搬費,テレビ受信料,42537,R5決算書p49
2023,7,商工費,1,商工費,3,観光費,観光一般経費,,,22,0,,,観光一般経費,手数料,,1116566,R5決算書p49
2023,7,商工費,1,商工費,3,観光費,観光一般経費,,,23,1,,,観光一般経費,手数料,消防施設点検料,60500,R5決算書p49
2023,7,商工費,1,商工費,3,観光費,観光一般経費,,,23,1,,,観光一般経費,手数料,くみ取り料,395166,R5決算書p49
2023,7,商工費,1,商工費,3,観光費,観光一般経費,,,23,1,,,観光一般経費,手数料,遊具検査手数料,176000,R5決算書p49
2023,7,商工費,1,商工費,3,観光費,観光一般経費,,,23,1,,,観光一般経費,手数料,合併浄化槽検査手数料,36000,R5決算書p49
2023,7,商工費,1,商工費,3,観光費,観光一般経費,,,23,1,,,観光一般経費,手数料,廃棄物処理手数料,433400,R5決算書p49
2023,7,商工費,1,商工費,3,観光費,観光一般経費,,,23,1,,,観光一般経費,手数料,着付け等手数料,15500,R5決算書p49
2023,7,商工費,1,商工費,3,観光費,観光一般経費,,,22,0,,,観光一般経費,損害保険料,,322137,R5決算書p49
2023,7,商工費,1,商工費,3,観光費,観光一般経費,,,23,1,,,観光一般経費,損害保険料,村有建物災害共済保険料,305357,R5決算書p49
2023,7,商工費,1,商工費,3,観光費,観光一般経費,,,23,1,,,観光一般経費,損害保険料,公用車共済保険料,16780,R5決算書p49
2023,7,商工費,1,商工費,3,観光費,観光一般経費,,,22,0,,,観光一般経費,保守管理委託料,,1960200,R5決算書p49
2023,7,商工費,1,商工費,3,観光費,観光一般経費,,,23,1,,,観光一般経費,保守管理委託料,合併浄化槽保守管理委託料,430540,R5決算書p49
2023,7,商工費,1,商工費,3,観光費,観光一般経費,,,23,1,,,観光一般経費,保守管理委託料,自動ドア管理委託料,257400,R5決算書p50
2023,7,商工費,1,商工費,3,観光費,観光一般経費,,,23,1,,,観光一般経費,保守管理委託料,観光施設管理（村委託分）委託料,949960,R5決算書p50
2023,7,商工費,1,商工費,3,観光費,観光一般経費,,,23,1,,,観光一般経費,保守管理委託料,電気施設保守委託料,245520,R5決算書p50
2023,7,商工費,1,商工費,3,観光費,観光一般経費,,,23,1,,,観光一般経費,保守管理委託料,受水槽保守管理委託料,76780,R5決算書p50
2023,7,商工費,1,商工費,3,観光費,観光一般経費,,,22,0,,,観光一般経費,検査委託料,,29920,R5決算書p50
2023,7,商工費,1,商工費,3,観光費,観光一般経費,,,23,1,,,観光一般経費,検査委託料,観光施設水質検査委託料,29920,R5決算書p50
2023,7,商工費,1,商工費,3,観光費,観光一般経費,,,22,0,,,観光一般経費,業務委託料,,2050000,R5決算書p50
2023,7,商工費,1,商工費,3,観光費,観光一般経費,,,23,1,,,観光一般経費,業務委託料,登山道確認委託料,135000,R5決算書p50
2023,7,商工費,1,商工費,3,観光費,観光一般経費,,,23,1,,,観光一般経費,業務委託料,地域観光促進業務委託料,1200000,R5決算書p50
2023,7,商工費,1,商工費,3,観光費,観光一般経費,,,23,1,,,観光一般経費,業務委託料,システム改修委託料,715000,R5決算書p50
2023,7,商工費,1,商工費,3,観光費,観光一般経費,,,22,0,,,観光一般経費,調査・設計・監理委託料,,3245000,R5決算書p50
2023,7,商工費,1,商工費,3,観光費,観光一般経費,,,23,1,,,観光一般経費,調査・設計・監理委託料,観光施設設計・監理委託料,3245000,R5決算書p50
2023,7,商工費,1,商工費,3,観光費,観光一般経費,,,22,0,,,観光一般経費,使用料・借上料,,392534,R5決算書p50
2023,7,商工費,1,商工費,3,観光費,観光一般経費,,,23,1,,,観光一般経費,使用料・借上料,仮設トイレ借上料,239184,R5決算書p50
2023,7,商工費,1,商工費,3,観光費,観光一般経費,,,23,1,,,観光一般経費,使用料・借上料,駐車場使用料,23660,R5決算書p50
2023,7,商工費,1,商工費,3,観光費,観光一般経費,,,23,1,,,観光一般経費,使用料・借上料,自動車リース料,129690,R5決算書p50
2023,7,商工費,1,商工費,3,観光費,観光一般経費,,,22,0,,,観光一般経費,敷地料,,698829,R5決算書p50
2023,7,商工費,1,商工費,3,観光費,観光一般経費,,,23,1,,,観光一般経費,敷地料,道の駅敷地料,610016,R5決算書p50
2023,7,商工費,1,商工費,3,観光費,観光一般経費,,,23,1,,,観光一般経費,敷地料,広河原小屋敷地料,3000,R5決算書p50
2023,7,商工費,1,商工費,3,観光費,観光一般経費,,,23,1,,,観光一般経費,敷地料,するぎ農園村敷地料,85813,R5決算書p50
2023,7,商工費,1,商工費,3,観光費,観光一般経費,,,22,0,,,観光一般経費,単独事業,,20125600,R5決算書p50
2023,7,商工費,1,商工費,3,観光費,観光一般経費,,,23,1,,,観光一般経費,単独事業,観光施設整備工事,8580000,R5決算書p50
2023,7,商工費,1,商工費,3,観光費,観光一般経費,,,23,1,,,観光一般経費,単独事業,観光施設改修工事,8982600,R5決算書p50
2023,7,商工費,1,商工費,3,観光費,観光一般経費,,,23,1,,,観光一般経費,単独事業,観光施設改修工事（繰越分）,2563000,R5決算書p50
2023,7,商工費,1,商工費,3,観光費,観光一般経費,,,22,0,,,観光一般経費,備品購入費,,1735060,R5決算書p50
2023,7,商工費,1,商工費,3,観光費,観光一般経費,,,23,1,,,観光一般経費,備品購入費,公用車購入費,1735060,R5決算書p50
2023,7,商工費,1,商工費,3,観光費,観光一般経費,,,22,0,,,観光一般経費,負担金,,296100,R5決算書p50
2023,7,商工費,1,商工費,3,観光費,観光一般経費,,,23,1,,,観光一般経費,負担金,日本さくらの会負担金,5000,R5決算書p50
2023,7,商工費,1,商工費,3,観光費,観光一般経費,,,23,1,,,観光一般経費,負担金,温泉協会協議会負担金,9000,R5決算書p50
2023,7,商工費,1,商工費,3,観光費,観光一般経費,,,23,1,,,観光一般経費,負担金,国有林観光施設協議会負担金,2100,R5決算書p50
2023,7,商工費,1,商工費,3,観光費,観光一般経費,,,23,1,,,観光一般経費,負担金,高山植物等保護対策協議会負担金,6000,R5決算書p50
2023,7,商工費,1,商工費,3,観光費,観光一般経費,,,23,1,,,観光一般経費,負担金,長野県観光情報提供システム負担金,10000,R5決算書p50
2023,7,商工費,1,商工費,3,観光費,観光一般経費,,,23,1,,,観光一般経費,負担金,信州・長野県観光協会負担金,44000,R5決算書p50
2023,7,商工費,1,商工費,3,観光費,観光一般経費,,,23,1,,,観光一般経費,負担金,南アルプス自然環境保全活用連携協議会負担金,100000,R5決算書p50
2023,7,商工費,1,商工費,3,観光費,観光一般経費,,,23,1,,,観光一般経費,負担金,観光協会負担金,6000,R5決算書p50
2023,7,商工費,1,商工費,3,観光費,観光一般経費,,,23,1,,,観光一般経費,負担金,中部ブロック道の駅連絡会負担金,70000,R5決算書p50
2023,7,商工費,1,商工費,3,観光費,観光一般経費,,,23,1,,,観光一般経費,負担金,道の駅EV運用負担金,44000,R5決算書p50
2023,7,商工費,1,商工費,3,観光費,観光一般経費,,,22,0,,,観光一般経費,補助金,,4575251,R5決算書p50
2023,7,商工費,1,商工費,3,観光費,観光一般経費,,,23,1,,,観光一般経費,補助金,大鹿村観光協会補助金,4025251,R5決算書p50
2023,7,商工費,1,商工費,3,観光費,観光一般経費,,,23,1,,,観光一般経費,補助金,さくら祭り補助金,550000,R5決算書p50
2023,7,商工費,1,商工費,3,観光費,臨時職員管理経費（観光）,,,0,0,,,,,,3743683,R5決算書p50
2023,7,商工費,1,商工費,3,観光費,臨時職員管理経費（観光）,,,21,0,,,臨時職員管理経費（観光）,,,3743683,R5決算書p50
2023,7,商工費,1,商工費,3,観光費,臨時職員管理経費（観光）,,,22,0,,,臨時職員管理経費（観光）,会計年度任用職員報酬,,3172054,R5決算書p50
2023,7,商工費,1,商工費,3,観光費,臨時職員管理経費（観光）,,,23,1,,,臨時職員管理経費（観光）,会計年度任用職員報酬,会計年度任用職員１号報酬,3172054,R5決算書p50
2023,7,商工費,1,商工費,3,観光費,臨時職員管理経費（観光）,,,22,0,,,臨時職員管理経費（観光）,会計年度任用職員手当,,571629,R5決算書p50
2023,7,商工費,1,商工費,3,観光費,臨時職員管理経費（観光）,,,23,1,,,臨時職員管理経費（観光）,会計年度任用職員手当,通勤手当（1号）,162200,R5決算書p50
2023,7,商工費,1,商工費,3,観光費,臨時職員管理経費（観光）,,,23,1,,,臨時職員管理経費（観光）,会計年度任用職員手当,期末手当（1号）,409429,R5決算書p50
2023,7,商工費,1,商工費,4,地域おこし協力隊事業,地域おこし協力隊事業,,,0,0,,,,,,3498320,R5決算書p50
2023,7,商工費,1,商工費,4,地域おこし協力隊事業,地域おこし協力隊事業,,,21,0,,,地域おこし協力隊事業,,,3498320,R5決算書p50
2023,7,商工費,1,商工費,4,地域おこし協力隊事業,地域おこし協力隊事業,,,22,0,,,地域おこし協力隊事業,会計年度任用職員報酬,,2526192,R5決算書p50
2023,7,商工費,1,商工費,4,地域おこし協力隊事業,地域おこし協力隊事業,,,23,1,,,地域おこし協力隊事業,会計年度任用職員報酬,地域おこし協力隊報酬,2526192,R5決算書p50
2023,7,商工費,1,商工費,4,地域おこし協力隊事業,地域おこし協力隊事業,,,22,0,,,地域おこし協力隊事業,会計年度任用職員手当,,195600,R5決算書p50
2023,7,商工費,1,商工費,4,地域おこし協力隊事業,地域おこし協力隊事業,,,23,1,,,地域おこし協力隊事業,会計年度任用職員手当,通勤手当,195600,R5決算書p50
2023,7,商工費,1,商工費,4,地域おこし協力隊事業,地域おこし協力隊事業,,,22,0,,,地域おこし協力隊事業,費用弁償,,30000,R5決算書p50
2023,7,商工費,1,商工費,4,地域おこし協力隊事業,地域おこし協力隊事業,,,23,1,,,地域おこし協力隊事業,費用弁償,地域おこし協力隊旅費,30000,R5決算書p51
2023,7,商工費,1,商工費,4,地域おこし協力隊事業,地域おこし協力隊事業,,,22,0,,,地域おこし協力隊事業,燃料費,,127778,R5決算書p51
2023,7,商工費,1,商工費,4,地域おこし協力隊事業,地域おこし協力隊事業,,,23,1,,,地域おこし協力隊事業,燃料費,公用車燃料費,127778,R5決算書p51
2023,7,商工費,1,商工費,4,地域おこし協力隊事業,地域おこし協力隊事業,,,22,0,,,地域おこし協力隊事業,印刷製本費,,132000,R5決算書p51
2023,7,商工費,1,商工費,4,地域おこし協力隊事業,地域おこし協力隊事業,,,23,1,,,地域おこし協力隊事業,印刷製本費,協力隊新聞印刷費,132000,R5決算書p51
2023,7,商工費,1,商工費,4,地域おこし協力隊事業,地域おこし協力隊事業,,,22,0,,,地域おこし協力隊事業,修繕費,,7194,R5決算書p51
2023,7,商工費,1,商工費,4,地域おこし協力隊事業,地域おこし協力隊事業,,,23,1,,,地域おこし協力隊事業,修繕費,公用車修繕費,7194,R5決算書p51
2023,7,商工費,1,商工費,4,地域おこし協力隊事業,地域おこし協力隊事業,,,22,0,,,地域おこし協力隊事業,手数料,,15686,R5決算書p51
2023,7,商工費,1,商工費,4,地域おこし協力隊事業,地域おこし協力隊事業,,,23,1,,,地域おこし協力隊事業,手数料,公用車車検点検料,15686,R5決算書p51
2023,7,商工費,1,商工費,4,地域おこし協力隊事業,地域おこし協力隊事業,,,22,0,,,地域おこし協力隊事業,損害保険料,,52950,R5決算書p51
2023,7,商工費,1,商工費,4,地域おこし協力隊事業,地域おこし協力隊事業,,,23,1,,,地域おこし協力隊事業,損害保険料,公用車共済保険料,52950,R5決算書p51
2023,7,商工費,1,商工費,4,地域おこし協力隊事業,地域おこし協力隊事業,,,22,0,,,地域おこし協力隊事業,使用料・借上料,,370920,R5決算書p51
2023,7,商工費,1,商工費,4,地域おこし協力隊事業,地域おこし協力隊事業,,,23,1,,,地域おこし協力隊事業,使用料・借上料,住居借上料,99000,R5決算書p51
2023,7,商工費,1,商工費,4,地域おこし協力隊事業,地域おこし協力隊事業,,,23,1,,,地域おこし協力隊事業,使用料・借上料,自動車リース料,271920,R5決算書p51
2023,7,商工費,1,商工費,4,地域おこし協力隊事業,地域おこし協力隊事業,,,22,0,,,地域おこし協力隊事業,負担金,,40000,R5決算書p51
2023,7,商工費,1,商工費,4,地域おこし協力隊事業,地域おこし協力隊事業,,,23,1,,,地域おこし協力隊事業,負担金,地域おこし協力隊研修等負担金,40000,R5決算書p51
2023,7,商工費,1,商工費,5,集落支援事業,集落支援事業,,,0,0,,,,,,2432253,R5決算書p51
2023,7,商工費,1,商工費,5,集落支援事業,集落支援事業,,,21,0,,,集落支援事業,,,2432253,R5決算書p51
2023,7,商工費,1,商工費,5,集落支援事業,集落支援事業,,,22,0,,,集落支援事業,会計年度任用職員報酬,,1254564,R5決算書p51
2023,7,商工費,1,商工費,5,集落支援事業,集落支援事業,,,23,1,,,集落支援事業,会計年度任用職員報酬,会計年度任用職員1号報酬,1254564,R5決算書p51
2023,7,商工費,1,商工費,5,集落支援事業,集落支援事業,,,22,0,,,集落支援事業,会計年度任用職員手当,,280139,R5決算書p51
2023,7,商工費,1,商工費,5,集落支援事業,集落支援事業,,,23,1,,,集落支援事業,会計年度任用職員手当,期末手当（1号）,256139,R5決算書p51
2023,7,商工費,1,商工費,5,集落支援事業,集落支援事業,,,23,1,,,集落支援事業,会計年度任用職員手当,通勤手当,24000,R5決算書p51
2023,7,商工費,1,商工費,5,集落支援事業,集落支援事業,,,22,0,,,集落支援事業,消耗品,,29480,R5決算書p51
2023,7,商工費,1,商工費,5,集落支援事業,集落支援事業,,,23,1,,,集落支援事業,消耗品,消耗品,29480,R5決算書p51
2023,7,商工費,1,商工費,5,集落支援事業,集落支援事業,,,22,0,,,集落支援事業,燃料費,,22100,R5決算書p51
2023,7,商工費,1,商工費,5,集落支援事業,集落支援事業,,,23,1,,,集落支援事業,燃料費,公用車燃料代,22100,R5決算書p51
2023,7,商工費,1,商工費,5,集落支援事業,集落支援事業,,,22,0,,,集落支援事業,修繕費,,58960,R5決算書p51
2023,7,商工費,1,商工費,5,集落支援事業,集落支援事業,,,23,1,,,集落支援事業,修繕費,公用車修繕費,58960,R5決算書p51
2023,7,商工費,1,商工費,5,集落支援事業,集落支援事業,,,22,0,,,集落支援事業,手数料,,21540,R5決算書p51
2023,7,商工費,1,商工費,5,集落支援事業,集落支援事業,,,23,1,,,集落支援事業,手数料,公用車車検点検料,21540,R5決算書p51
2023,7,商工費,1,商工費,5,集落支援事業,集落支援事業,,,22,0,,,集落支援事業,損害保険料,,14990,R5決算書p51
2023,7,商工費,1,商工費,5,集落支援事業,集落支援事業,,,23,1,,,集落支援事業,損害保険料,公用車共済保険料,14990,R5決算書p51
2023,7,商工費,1,商工費,5,集落支援事業,集落支援事業,,,22,0,,,集落支援事業,使用料・借上料,,743880,R5決算書p51
2023,7,商工費,1,商工費,5,集落支援事業,集落支援事業,,,23,1,,,集落支援事業,使用料・借上料,事務用機器リース料,143880,R5決算書p51
2023,7,商工費,1,商工費,5,集落支援事業,集落支援事業,,,23,1,,,集落支援事業,使用料・借上料,施設使用料,600000,R5決算書p51
2023,7,商工費,1,商工費,5,集落支援事業,集落支援事業,,,22,0,,,集落支援事業,重量税,,6600,R5決算書p51
2023,7,商工費,1,商工費,5,集落支援事業,集落支援事業,,,23,1,,,集落支援事業,重量税,公用車重量税,6600,R5決算書p51
2023,13,諸支出金,1,基金費,1,財政調整基金費,財政調整基金積立金,,,0,0,,,,,,93179,R5決算書p67
2023,13,諸支出金,1,基金費,1,財政調整基金費,財政調整基金積立金,,,21,0,,,財政調整基金積立金,,,93179,R5決算書p67
2023,13,諸支出金,1,基金費,1,財政調整基金費,財政調整基金積立金,,,22,0,,,財政調整基金積立金,利子積立金,,93179,R5決算書p67
2023,13,諸支出金,1,基金費,1,財政調整基金費,財政調整基金積立金,,,23,1,,,財政調整基金積立金,利子積立金,財政調整基金利子積立金,93179,R5決算書p67
2023,13,諸支出金,1,基金費,2,減債基金費,減債基金積立金,,,0,0,,,,,,30119946,R5決算書p68
2023,13,諸支出金,1,基金費,2,減債基金費,減債基金積立金,,,21,0,,,減債基金積立金,,,30119946,R5決算書p68
2023,13,諸支出金,1,基金費,2,減債基金費,減債基金積立金,,,22,0,,,減債基金積立金,積立金,,30000000,R5決算書p68
2023,13,諸支出金,1,基金費,2,減債基金費,減債基金積立金,,,23,1,,,減債基金積立金,積立金,減債基金積立金,30000000,R5決算書p68
2023,13,諸支出金,1,基金費,2,減債基金費,減債基金積立金,,,22,0,,,減債基金積立金,利子積立金,,119946,R5決算書p68
2023,13,諸支出金,1,基金費,2,減債基金費,減債基金積立金,,,23,1,,,減債基金積立金,利子積立金,減債基金利子積立金,119946,R5決算書p68
2023,13,諸支出金,1,基金費,3,公共施設等整備基金費,公共施設等整備基金積立金,,,0,0,,,,,,17160939,R5決算書p68
2023,13,諸支出金,1,基金費,3,公共施設等整備基金費,公共施設等整備基金積立金,,,21,0,,,公共施設等整備基金積立金,,,17160939,R5決算書p68
2023,13,諸支出金,1,基金費,3,公共施設等整備基金費,公共施設等整備基金積立金,,,22,0,,,公共施設等整備基金積立金,積立金,,17000000,R5決算書p68
2023,13,諸支出金,1,基金費,3,公共施設等整備基金費,公共施設等整備基金積立金,,,23,1,,,公共施設等整備基金積立金,積立金,公共施設等整備基金積立金,17000000,R5決算書p68
2023,13,諸支出金,1,基金費,3,公共施設等整備基金費,公共施設等整備基金積立金,,,22,0,,,公共施設等整備基金積立金,利子積立金,,160939,R5決算書p68
2023,13,諸支出金,1,基金費,3,公共施設等整備基金費,公共施設等整備基金積立金,,,23,1,,,公共施設等整備基金積立金,利子積立金,公共施設等整備基金利子積立金,160939,R5決算書p68
2023,13,諸支出金,1,基金費,4,文教施設整備基金費,文教施設整備基金積立金,,,0,0,,,,,,4500,R5決算書p68
2023,13,諸支出金,1,基金費,4,文教施設整備基金費,文教施設整備基金積立金,,,21,0,,,文教施設整備基金積立金,,,4500,R5決算書p68
2023,13,諸支出金,1,基金費,4,文教施設整備基金費,文教施設整備基金積立金,,,22,0,,,文教施設整備基金積立金,利子積立金,,4500,R5決算書p68
2023,13,諸支出金,1,基金費,4,文教施設整備基金費,文教施設整備基金積立金,,,23,1,,,文教施設整備基金積立金,利子積立金,文教施設整備基金利子積立金,4500,R5決算書p68
2023,13,諸支出金,1,基金費,5,ふるさとづくり基金費,ふるさとづくり基金積立金,,,0,0,,,,,,102624044,R5決算書p68
2023,13,諸支出金,1,基金費,5,ふるさとづくり基金費,ふるさとづくり基金積立金,,,21,0,,,ふるさとづくり基金積立金,,,102624044,R5決算書p68
2023,13,諸支出金,1,基金費,5,ふるさとづくり基金費,ふるさとづくり基金積立金,,,22,0,,,ふるさとづくり基金積立金,積立金,,102560000,R5決算書p68
2023,13,諸支出金,1,基金費,5,ふるさとづくり基金費,ふるさとづくり基金積立金,,,23,1,,,ふるさとづくり基金積立金,積立金,ふるさとづくり基金積立金,102560000,R5決算書p68
2023,13,諸支出金,1,基金費,5,ふるさとづくり基金費,ふるさとづくり基金積立金,,,22,0,,,ふるさとづくり基金積立金,利子積立金,,64044,R5決算書p68
2023,13,諸支出金,1,基金費,5,ふるさとづくり基金費,ふるさとづくり基金積立金,,,23,1,,,ふるさとづくり基金積立金,利子積立金,ふるさとづくり基金利子積立金,64044,R5決算書p68
2023,13,諸支出金,1,基金費,6,高齢者福祉基金費,高齢者福祉基金積立金,,,0,0,,,,,,3637,R5決算書p68
2023,13,諸支出金,1,基金費,6,高齢者福祉基金費,高齢者福祉基金積立金,,,21,0,,,高齢者福祉基金積立金,,,3637,R5決算書p68
2023,13,諸支出金,1,基金費,6,高齢者福祉基金費,高齢者福祉基金積立金,,,22,0,,,高齢者福祉基金積立金,利子積立金,,3637,R5決算書p68
2023,13,諸支出金,1,基金費,6,高齢者福祉基金費,高齢者福祉基金積立金,,,23,1,,,高齢者福祉基金積立金,利子積立金,高齢者福祉基金利子積立金,3637,R5決算書p68
2023,13,諸支出金,1,基金費,14,森林環境譲与税基金,森林環境譲与税基金,,,0,0,,,,,,1336974,R5決算書p68
2023,13,諸支出金,1,基金費,14,森林環境譲与税基金,森林環境譲与税基金,,,21,0,,,森林環境譲与税基金,,,1336974,R5決算書p68
2023,13,諸支出金,1,基金費,14,森林環境譲与税基金,森林環境譲与税基金,,,22,0,,,森林環境譲与税基金,積立金,,1336000,R5決算書p68
2023,13,諸支出金,1,基金費,14,森林環境譲与税基金,森林環境譲与税基金,,,23,1,,,森林環境譲与税基金,積立金,森林環境譲与税基金積立金,1336000,R5決算書p68
2023,13,諸支出金,1,基金費,14,森林環境譲与税基金,森林環境譲与税基金,,,22,0,,,森林環境譲与税基金,利子積立金,,974,R5決算書p68
2023,13,諸支出金,1,基金費,14,森林環境譲与税基金,森林環境譲与税基金,,,23,1,,,森林環境譲与税基金,利子積立金,森林環境譲与税基金利子積立金,974,R5決算書p68
2024,2,総務費,1,総務管理費,1,一般管理費,総務事務経費,,,0,0,,,,,,22388713,R6決算書p18
2024,2,総務費,1,総務管理費,1,一般管理費,総務事務経費,,,21,0,,,総務事務経費,,,22388713,R6決算書p18
2024,2,総務費,1,総務管理費,1,一般管理費,総務事務経費,,,22,0,,,総務事務経費,委員報酬,,545600,R6決算書p18
2024,2,総務費,1,総務管理費,1,一般管理費,総務事務経費,,,23,1,,,総務事務経費,委員報酬,自治会長年報酬,304800,R6決算書p18
2024,2,総務費,1,総務管理費,1,一般管理費,総務事務経費,,,23,1,,,総務事務経費,委員報酬,自治会長会議報酬,219300,R6決算書p18
2024,2,総務費,1,総務管理費,1,一般管理費,総務事務経費,,,23,1,,,総務事務経費,委員報酬,報酬審議会委員報酬,21500,R6決算書p18
2024,2,総務費,1,総務管理費,1,一般管理費,総務事務経費,,,22,0,,,総務事務経費,謝金,,212500,R6決算書p18
2024,2,総務費,1,総務管理費,1,一般管理費,総務事務経費,,,23,1,,,総務事務経費,謝金,車両整備管理者謝金,20000,R6決算書p18
2024,2,総務費,1,総務管理費,1,一般管理費,総務事務経費,,,23,1,,,総務事務経費,謝金,弁護士謝金,192500,R6決算書p18
2024,2,総務費,1,総務管理費,1,一般管理費,総務事務経費,,,22,0,,,総務事務経費,記念品等,,34936,R6決算書p18
2024,2,総務費,1,総務管理費,1,一般管理費,総務事務経費,,,23,1,,,総務事務経費,記念品等,村表彰記念品代,34936,R6決算書p18
2024,2,総務費,1,総務管理費,1,一般管理費,総務事務経費,,,22,0,,,総務事務経費,職員旅費,,295990,R6決算書p18
2024,2,総務費,1,総務管理費,1,一般管理費,総務事務経費,,,23,1,,,総務事務経費,職員旅費,職員旅費,295990,R6決算書p18
2024,2,総務費,1,総務管理費,1,一般管理費,総務事務経費,,,22,0,,,総務事務経費,交際費,,110300,R6決算書p18
2024,2,総務費,1,総務管理費,1,一般管理費,総務事務経費,,,23,1,,,総務事務経費,交際費,交際費,110300,R6決算書p18
2024,2,総務費,1,総務管理費,1,一般管理費,総務事務経費,,,22,0,,,総務事務経費,消耗品,,3072947,R6決算書p19
2024,2,総務費,1,総務管理費,1,一般管理費,総務事務経費,,,23,1,,,総務事務経費,消耗品,消耗品,2450787,R6決算書p19
2024,2,総務費,1,総務管理費,1,一般管理費,総務事務経費,,,23,1,,,総務事務経費,消耗品,図書購入費,177485,R6決算書p19
2024,2,総務費,1,総務管理費,1,一般管理費,総務事務経費,,,23,1,,,総務事務経費,消耗品,職員被服費,444675,R6決算書p19
2024,2,総務費,1,総務管理費,1,一般管理費,総務事務経費,,,22,0,,,総務事務経費,燃料費,,504631,R6決算書p19
2024,2,総務費,1,総務管理費,1,一般管理費,総務事務経費,,,23,1,,,総務事務経費,燃料費,公用車燃料費,504631,R6決算書p19
2024,2,総務費,1,総務管理費,1,一般管理費,総務事務経費,,,22,0,,,総務事務経費,印刷製本費,,2300666,R6決算書p19
2024,2,総務費,1,総務管理費,1,一般管理費,総務事務経費,,,23,1,,,総務事務経費,印刷製本費,法規追録代,2300666,R6決算書p19
2024,2,総務費,1,総務管理費,1,一般管理費,総務事務経費,,,22,0,,,総務事務経費,修繕費,,495456,R6決算書p19
2024,2,総務費,1,総務管理費,1,一般管理費,総務事務経費,,,23,1,,,総務事務経費,修繕費,公用車修繕費,495456,R6決算書p19
2024,2,総務費,1,総務管理費,1,一般管理費,総務事務経費,,,22,0,,,総務事務経費,広告料,,40900,R6決算書p19
2024,2,総務費,1,総務管理費,1,一般管理費,総務事務経費,,,23,1,,,総務事務経費,広告料,新聞広告掲載料,40900,R6決算書p19
2024,2,総務費,1,総務管理費,1,一般管理費,総務事務経費,,,22,0,,,総務事務経費,手数料,,142870,R6決算書p19
2024,2,総務費,1,総務管理費,1,一般管理費,総務事務経費,,,23,1,,,総務事務経費,手数料,公用車車検点検料,124930,R6決算書p19
2024,2,総務費,1,総務管理費,1,一般管理費,総務事務経費,,,23,1,,,総務事務経費,手数料,金融機関取扱手数料,17940,R6決算書p19
2024,2,総務費,1,総務管理費,1,一般管理費,総務事務経費,,,22,0,,,総務事務経費,筆耕料,,20000,R6決算書p19
2024,2,総務費,1,総務管理費,1,一般管理費,総務事務経費,,,23,1,,,総務事務経費,筆耕料,筆耕料,20000,R6決算書p19
2024,2,総務費,1,総務管理費,1,一般管理費,総務事務経費,,,22,0,,,総務事務経費,損害保険料,,457550,R6決算書p19
2024,2,総務費,1,総務管理費,1,一般管理費,総務事務経費,,,23,1,,,総務事務経費,損害保険料,全国町村会団体生命保険料,147000,R6決算書p19
2024,2,総務費,1,総務管理費,1,一般管理費,総務事務経費,,,23,1,,,総務事務経費,損害保険料,全国総合賠償保険料,92400,R6決算書p19
2024,2,総務費,1,総務管理費,1,一般管理費,総務事務経費,,,23,1,,,総務事務経費,損害保険料,自賠責保険料,11530,R6決算書p19
2024,2,総務費,1,総務管理費,1,一般管理費,総務事務経費,,,23,1,,,総務事務経費,損害保険料,公用車共済保険料,196850,R6決算書p19
2024,2,総務費,1,総務管理費,1,一般管理費,総務事務経費,,,23,1,,,総務事務経費,損害保険料,災害補償保険料,9770,R6決算書p19
2024,2,総務費,1,総務管理費,1,一般管理費,総務事務経費,,,22,0,,,総務事務経費,電算委託料,,9270946,R6決算書p19
2024,2,総務費,1,総務管理費,1,一般管理費,総務事務経費,,,23,1,,,総務事務経費,電算委託料,給与計算委託料,9270946,R6決算書p19
2024,2,総務費,1,総務管理費,1,一般管理費,総務事務経費,,,22,0,,,総務事務経費,業務委託料,,49500,R6決算書p19
2024,2,総務費,1,総務管理費,1,一般管理費,総務事務経費,,,23,1,,,総務事務経費,業務委託料,ストレスチェック委託料,49500,R6決算書p19
2024,2,総務費,1,総務管理費,1,一般管理費,総務事務経費,,,22,0,,,総務事務経費,検診等委託料,,679254,R6決算書p19
2024,2,総務費,1,総務管理費,1,一般管理費,総務事務経費,,,23,1,,,総務事務経費,検診等委託料,職員健康診断委託料,679254,R6決算書p19
2024,2,総務費,1,総務管理費,1,一般管理費,総務事務経費,,,22,0,,,総務事務経費,使用料・借上料,,2522247,R6決算書p19
2024,2,総務費,1,総務管理費,1,一般管理費,総務事務経費,,,23,1,,,総務事務経費,使用料・借上料,コピーリース料,1679674,R6決算書p19
2024,2,総務費,1,総務管理費,1,一般管理費,総務事務経費,,,23,1,,,総務事務経費,使用料・借上料,印刷機リース料,662640,R6決算書p19
2024,2,総務費,1,総務管理費,1,一般管理費,総務事務経費,,,23,1,,,総務事務経費,使用料・借上料,自動車借上料,136230,R6決算書p19
2024,2,総務費,1,総務管理費,1,一般管理費,総務事務経費,,,23,1,,,総務事務経費,使用料・借上料,ネットＥＢ使用料,43703,R6決算書p19
2024,2,総務費,1,総務管理費,1,一般管理費,総務事務経費,,,22,0,,,総務事務経費,有料道路通行料,,468900,R6決算書p19
2024,2,総務費,1,総務管理費,1,一般管理費,総務事務経費,,,23,1,,,総務事務経費,有料道路通行料,有料道路通行料,468900,R6決算書p19
2024,2,総務費,1,総務管理費,1,一般管理費,総務事務経費,,,22,0,,,総務事務経費,負担金（一部事務組合）,,907880,R6決算書p19
2024,2,総務費,1,総務管理費,1,一般管理費,総務事務経費,,,23,1,,,総務事務経費,負担金（一部事務組合）,下伊那郡町村会負担金,764900,R6決算書p19
2024,2,総務費,1,総務管理費,1,一般管理費,総務事務経費,,,23,1,,,総務事務経費,負担金（一部事務組合）,非常勤公務災害補償負担金,108980,R6決算書p19
2024,2,総務費,1,総務管理費,1,一般管理費,総務事務経費,,,23,1,,,総務事務経費,負担金（一部事務組合）,下伊那郡町村総合事務組合負担金,34000,R6決算書p19
2024,2,総務費,1,総務管理費,1,一般管理費,総務事務経費,,,22,0,,,総務事務経費,負担金,,206640,R6決算書p19
2024,2,総務費,1,総務管理費,1,一般管理費,総務事務経費,,,23,1,,,総務事務経費,負担金,安全運転管理講習会負担金,10340,R6決算書p19
2024,2,総務費,1,総務管理費,1,一般管理費,総務事務経費,,,23,1,,,総務事務経費,負担金,自家用車組合負担金,14300,R6決算書p19
2024,2,総務費,1,総務管理費,1,一般管理費,総務事務経費,,,23,1,,,総務事務経費,負担金,行政相談協議会負担金,20000,R6決算書p19
2024,2,総務費,1,総務管理費,1,一般管理費,総務事務経費,,,23,1,,,総務事務経費,負担金,防火管理者協議会負担金,6500,R6決算書p19
2024,2,総務費,1,総務管理費,1,一般管理費,総務事務経費,,,23,1,,,総務事務経費,負担金,飯田コンピュータ協会協賛金,3000,R6決算書p19
2024,2,総務費,1,総務管理費,1,一般管理費,総務事務経費,,,23,1,,,総務事務経費,負担金,危険物安全協会負担金,5900,R6決算書p19
2024,2,総務費,1,総務管理費,1,一般管理費,総務事務経費,,,23,1,,,総務事務経費,負担金,指定金融機関負担金,10000,R6決算書p19
2024,2,総務費,1,総務管理費,1,一般管理費,総務事務経費,,,23,1,,,総務事務経費,負担金,町村球技大会負担金,12000,R6決算書p19
2024,2,総務費,1,総務管理費,1,一般管理費,総務事務経費,,,23,1,,,総務事務経費,負担金,郡町村副村長会負担金,28000,R6決算書p19
2024,2,総務費,1,総務管理費,1,一般管理費,総務事務経費,,,23,1,,,総務事務経費,負担金,庶務研究会負担金,6000,R6決算書p19
2024,2,総務費,1,総務管理費,1,一般管理費,総務事務経費,,,23,1,,,総務事務経費,負担金,伊那大島駅駐輪場負担金,35600,R6決算書p19
2024,2,総務費,1,総務管理費,1,一般管理費,総務事務経費,,,23,1,,,総務事務経費,負担金,保護司会賛助金,21000,R6決算書p19
2024,2,総務費,1,総務管理費,1,一般管理費,総務事務経費,,,23,1,,,総務事務経費,負担金,平和首長会議メンバーシップ負担金,2000,R6決算書p19
2024,2,総務費,1,総務管理費,1,一般管理費,総務事務経費,,,23,1,,,総務事務経費,負担金,長野県暴力追放センター負担金,10000,R6決算書p19
2024,2,総務費,1,総務管理費,1,一般管理費,総務事務経費,,,23,1,,,総務事務経費,負担金,飯田高等職業訓練校負担金,22000,R6決算書p19
2024,2,総務費,1,総務管理費,1,一般管理費,総務事務経費,,,22,0,,,総務事務経費,補助金,,36000,R6決算書p20
2024,2,総務費,1,総務管理費,1,一般管理費,総務事務経費,,,23,1,,,総務事務経費,補助金,職員福利厚生補助金,36000,R6決算書p20
2024,2,総務費,1,総務管理費,1,一般管理費,総務事務経費,,,22,0,,,総務事務経費,印紙税,,13000,R6決算書p20
2024,2,総務費,1,総務管理費,1,一般管理費,総務事務経費,,,23,1,,,総務事務経費,印紙税,印紙代,13000,R6決算書p20
2024,2,総務費,1,総務管理費,1,一般管理費,一般職人事管理経費（総務費）,,,0,0,,,,,,94639405,R6決算書p20
2024,2,総務費,1,総務管理費,1,一般管理費,一般職人事管理経費（総務費）,,,21,0,,,一般職人事管理経費（総務費）,,,94639405,R6決算書p20
2024,2,総務費,1,総務管理費,1,一般管理費,一般職人事管理経費（総務費）,,,22,0,,,一般職人事管理経費（総務費）,職員給料,,38673300,R6決算書p20
2024,2,総務費,1,総務管理費,1,一般管理費,一般職人事管理経費（総務費）,,,23,1,,,一般職人事管理経費（総務費）,職員給料,特別職・一般職給料,38673300,R6決算書p20
2024,2,総務費,1,総務管理費,1,一般管理費,一般職人事管理経費（総務費）,,,22,0,,,一般職人事管理経費（総務費）,職員手当等,,44783985,R6決算書p20
2024,2,総務費,1,総務管理費,1,一般管理費,一般職人事管理経費（総務費）,,,23,1,,,一般職人事管理経費（総務費）,職員手当等,扶養手当,1309000,R6決算書p20
2024,2,総務費,1,総務管理費,1,一般管理費,一般職人事管理経費（総務費）,,,23,1,,,一般職人事管理経費（総務費）,職員手当等,住居手当,1365000,R6決算書p20
2024,2,総務費,1,総務管理費,1,一般管理費,一般職人事管理経費（総務費）,,,23,1,,,一般職人事管理経費（総務費）,職員手当等,通勤手当,662500,R6決算書p20
2024,2,総務費,1,総務管理費,1,一般管理費,一般職人事管理経費（総務費）,,,23,1,,,一般職人事管理経費（総務費）,職員手当等,時間外勤務手当,530088,R6決算書p20
2024,2,総務費,1,総務管理費,1,一般管理費,一般職人事管理経費（総務費）,,,23,1,,,一般職人事管理経費（総務費）,職員手当等,宿日直手当,3255400,R6決算書p20
2024,2,総務費,1,総務管理費,1,一般管理費,一般職人事管理経費（総務費）,,,23,1,,,一般職人事管理経費（総務費）,職員手当等,児童手当,620000,R6決算書p20
2024,2,総務費,1,総務管理費,1,一般管理費,一般職人事管理経費（総務費）,,,23,1,,,一般職人事管理経費（総務費）,職員手当等,管理職手当,240000,R6決算書p20
2024,2,総務費,1,総務管理費,1,一般管理費,一般職人事管理経費（総務費）,,,23,1,,,一般職人事管理経費（総務費）,職員手当等,期末手当,10739922,R6決算書p20
2024,2,総務費,1,総務管理費,1,一般管理費,一般職人事管理経費（総務費）,,,23,1,,,一般職人事管理経費（総務費）,職員手当等,勤勉手当,4605365,R6決算書p20
2024,2,総務費,1,総務管理費,1,一般管理費,一般職人事管理経費（総務費）,,,23,1,,,一般職人事管理経費（総務費）,職員手当等,寒冷地手当,824600,R6決算書p20
2024,2,総務費,1,総務管理費,1,一般管理費,一般職人事管理経費（総務費）,,,23,1,,,一般職人事管理経費（総務費）,職員手当等,総合事務組合負担金,20632110,R6決算書p20
2024,2,総務費,1,総務管理費,1,一般管理費,一般職人事管理経費（総務費）,,,22,0,,,一般職人事管理経費（総務費）,一般職共済費,,11182120,R6決算書p20
2024,2,総務費,1,総務管理費,1,一般管理費,一般職人事管理経費（総務費）,,,23,1,,,一般職人事管理経費（総務費）,一般職共済費,地方公務員共済組合等負担金,11182120,R6決算書p20
2024,2,総務費,1,総務管理費,1,一般管理費,互助会・災害補償基金経費,,,0,0,,,,,,712810,R6決算書p20
2024,2,総務費,1,総務管理費,1,一般管理費,互助会・災害補償基金経費,,,21,0,,,互助会・災害補償基金経費,,,712810,R6決算書p20
2024,2,総務費,1,総務管理費,1,一般管理費,互助会・災害補償基金経費,,,22,0,,,互助会・災害補償基金経費,負担金（人件費）,,712810,R6決算書p20
2024,2,総務費,1,総務管理費,1,一般管理費,互助会・災害補償基金経費,,,23,1,,,互助会・災害補償基金経費,負担金（人件費）,町村職員互助会負担金,423072,R6決算書p20
2024,2,総務費,1,総務管理費,1,一般管理費,互助会・災害補償基金経費,,,23,1,,,互助会・災害補償基金経費,負担金（人件費）,地方公務員災害補償基金負担金,289738,R6決算書p20
2024,2,総務費,1,総務管理費,1,一般管理費,臨時職員管理経費（社会保険等）,,,0,0,,,,,,13686505,R6決算書p20
2024,2,総務費,1,総務管理費,1,一般管理費,臨時職員管理経費（社会保険等）,,,21,0,,,臨時職員管理経費（社会保険等）,,,13686505,R6決算書p20
2024,2,総務費,1,総務管理費,1,一般管理費,臨時職員管理経費（社会保険等）,,,22,0,,,臨時職員管理経費（社会保険等）,臨時職員等共済費,,13686505,R6決算書p20
2024,2,総務費,1,総務管理費,1,一般管理費,臨時職員管理経費（社会保険等）,,,23,1,,,臨時職員管理経費（社会保険等）,臨時職員等共済費,社会保険料,13686505,R6決算書p20
2024,2,総務費,1,総務管理費,1,一般管理費,臨時職員管理経費（総務課）,,,0,0,,,,,,12768841,R6決算書p20
2024,2,総務費,1,総務管理費,1,一般管理費,臨時職員管理経費（総務課）,,,21,0,,,臨時職員管理経費（総務課）,,,12768841,R6決算書p20
2024,2,総務費,1,総務管理費,1,一般管理費,臨時職員管理経費（総務課）,,,22,0,,,臨時職員管理経費（総務課）,会計年度任用職員給料,,9921600,R6決算書p20
2024,2,総務費,1,総務管理費,1,一般管理費,臨時職員管理経費（総務課）,,,23,1,,,臨時職員管理経費（総務課）,会計年度任用職員給料,会計年度任用職員２号給料,9921600,R6決算書p20
2024,2,総務費,1,総務管理費,1,一般管理費,臨時職員管理経費（総務課）,,,22,0,,,臨時職員管理経費（総務課）,会計年度任用職員手当,,2847241,R6決算書p20
2024,2,総務費,1,総務管理費,1,一般管理費,臨時職員管理経費（総務課）,,,23,1,,,臨時職員管理経費（総務課）,会計年度任用職員手当,通勤手当,144000,R6決算書p20
2024,2,総務費,1,総務管理費,1,一般管理費,臨時職員管理経費（総務課）,,,23,1,,,臨時職員管理経費（総務課）,会計年度任用職員手当,時間外勤務手当,143544,R6決算書p20
2024,2,総務費,1,総務管理費,1,一般管理費,臨時職員管理経費（総務課）,,,23,1,,,臨時職員管理経費（総務課）,会計年度任用職員手当,期末手当（２号）,1766699,R6決算書p20
2024,2,総務費,1,総務管理費,1,一般管理費,臨時職員管理経費（総務課）,,,23,1,,,臨時職員管理経費（総務課）,会計年度任用職員手当,勤勉手当（２号）,772198,R6決算書p20
2024,2,総務費,1,総務管理費,1,一般管理費,臨時職員管理経費（総務課）,,,23,1,,,臨時職員管理経費（総務課）,会計年度任用職員手当,宿日直手当,20800,R6決算書p20
2024,2,総務費,1,総務管理費,2,文書広報費,文書広報一般経費,,,0,0,,,,,,13189729,R6決算書p20
2024,2,総務費,1,総務管理費,2,文書広報費,文書広報一般経費,,,21,0,,,文書広報一般経費,,,13189729,R6決算書p20
2024,2,総務費,1,総務管理費,2,文書広報費,文書広報一般経費,,,22,0,,,文書広報一般経費,委員報酬,,220250,R6決算書p20
2024,2,総務費,1,総務管理費,2,文書広報費,文書広報一般経費,,,23,1,,,文書広報一般経費,委員報酬,自治会広報係報酬,220250,R6決算書p20
2024,2,総務費,1,総務管理費,2,文書広報費,文書広報一般経費,,,22,0,,,文書広報一般経費,消耗品,,88149,R6決算書p20
2024,2,総務費,1,総務管理費,2,文書広報費,文書広報一般経費,,,23,1,,,文書広報一般経費,消耗品,消耗品,11149,R6決算書p20
2024,2,総務費,1,総務管理費,2,文書広報費,文書広報一般経費,,,23,1,,,文書広報一般経費,消耗品,情報無線電池代,77000,R6決算書p20
2024,2,総務費,1,総務管理費,2,文書広報費,文書広報一般経費,,,22,0,,,文書広報一般経費,印刷製本費,,2486880,R6決算書p20
2024,2,総務費,1,総務管理費,2,文書広報費,文書広報一般経費,,,23,1,,,文書広報一般経費,印刷製本費,広報おおしか印刷代,2486880,R6決算書p20
2024,2,総務費,1,総務管理費,2,文書広報費,文書広報一般経費,,,22,0,,,文書広報一般経費,光熱水費,,125503,R6決算書p20
2024,2,総務費,1,総務管理費,2,文書広報費,文書広報一般経費,,,23,1,,,文書広報一般経費,光熱水費,電気料（情報無線）,125503,R6決算書p20
2024,2,総務費,1,総務管理費,2,文書広報費,文書広報一般経費,,,22,0,,,文書広報一般経費,修繕費,,19800,R6決算書p20
2024,2,総務費,1,総務管理費,2,文書広報費,文書広報一般経費,,,23,1,,,文書広報一般経費,修繕費,修繕費（情報無線）,19800,R6決算書p20
2024,2,総務費,1,総務管理費,2,文書広報費,文書広報一般経費,,,22,0,,,文書広報一般経費,通信運搬費,,1880062,R6決算書p20
2024,2,総務費,1,総務管理費,2,文書広報費,文書広報一般経費,,,23,1,,,文書広報一般経費,通信運搬費,郵便料,1812692,R6決算書p21
2024,2,総務費,1,総務管理費,2,文書広報費,文書広報一般経費,,,23,1,,,文書広報一般経費,通信運搬費,運搬費（宅急便）,31920,R6決算書p21
2024,2,総務費,1,総務管理費,2,文書広報費,文書広報一般経費,,,23,1,,,文書広報一般経費,通信運搬費,電波利用料（情報無線）,35450,R6決算書p21
2024,2,総務費,1,総務管理費,2,文書広報費,文書広報一般経費,,,22,0,,,文書広報一般経費,損害保険料,,6550,R6決算書p21
2024,2,総務費,1,総務管理費,2,文書広報費,文書広報一般経費,,,23,1,,,文書広報一般経費,損害保険料,電池作業員損害保険料,6550,R6決算書p21
2024,2,総務費,1,総務管理費,2,文書広報費,文書広報一般経費,,,22,0,,,文書広報一般経費,保守管理委託料,,8173000,R6決算書p21
2024,2,総務費,1,総務管理費,2,文書広報費,文書広報一般経費,,,23,1,,,文書広報一般経費,保守管理委託料,情報無線保守委託料,8173000,R6決算書p21
2024,2,総務費,1,総務管理費,2,文書広報費,文書広報一般経費,,,22,0,,,文書広報一般経費,業務委託料,,165735,R6決算書p21
2024,2,総務費,1,総務管理費,2,文書広報費,文書広報一般経費,,,23,1,,,文書広報一般経費,業務委託料,情報無線電池交換委託料,165735,R6決算書p21
2024,2,総務費,1,総務管理費,2,文書広報費,文書広報一般経費,,,22,0,,,文書広報一般経費,敷地料,,23800,R6決算書p21
2024,2,総務費,1,総務管理費,2,文書広報費,文書広報一般経費,,,23,1,,,文書広報一般経費,敷地料,同報無線敷地料,23800,R6決算書p21
2024,2,総務費,1,総務管理費,3,財政管理費,財政一般経費,,,0,0,,,,,,7075200,R6決算書p21
2024,2,総務費,1,総務管理費,3,財政管理費,財政一般経費,,,21,0,,,財政一般経費,,,7075200,R6決算書p21
2024,2,総務費,1,総務管理費,3,財政管理費,財政一般経費,,,22,0,,,財政一般経費,電算委託料,,572000,R6決算書p21
2024,2,総務費,1,総務管理費,3,財政管理費,財政一般経費,,,23,1,,,財政一般経費,電算委託料,公会計制度システム保守委託料,572000,R6決算書p21
2024,2,総務費,1,総務管理費,3,財政管理費,財政一般経費,,,22,0,,,財政一般経費,保守管理委託料,,794200,R6決算書p21
2024,2,総務費,1,総務管理費,3,財政管理費,財政一般経費,,,23,1,,,財政一般経費,保守管理委託料,公有財産管理システム保守料,794200,R6決算書p21
2024,2,総務費,1,総務管理費,3,財政管理費,財政一般経費,,,22,0,,,財政一般経費,業務委託料,,5709000,R6決算書p21
2024,2,総務費,1,総務管理費,3,財政管理費,財政一般経費,,,23,1,,,財政一般経費,業務委託料,財務書類作成業務委託料,2629000,R6決算書p21
2024,2,総務費,1,総務管理費,3,財政管理費,財政一般経費,,,23,1,,,財政一般経費,業務委託料,資産台帳更新委託料,3080000,R6決算書p21
2024,2,総務費,1,総務管理費,5,財産管理費,財産管理経費,,,0,0,,,,,,13302616,R6決算書p21
2024,2,総務費,1,総務管理費,5,財産管理費,財産管理経費,,,21,0,,,財産管理経費,,,13302616,R6決算書p21
2024,2,総務費,1,総務管理費,5,財産管理費,財産管理経費,,,22,0,,,財産管理経費,消耗品,,374713,R6決算書p21
2024,2,総務費,1,総務管理費,5,財産管理費,財産管理経費,,,23,1,,,財産管理経費,消耗品,庁舎消耗品,374713,R6決算書p21
2024,2,総務費,1,総務管理費,5,財産管理費,財産管理経費,,,22,0,,,財産管理経費,光熱水費,,6552640,R6決算書p21
2024,2,総務費,1,総務管理費,5,財産管理費,財産管理経費,,,23,1,,,財産管理経費,光熱水費,電気料,3048579,R6決算書p21
2024,2,総務費,1,総務管理費,5,財産管理費,財産管理経費,,,23,1,,,財産管理経費,光熱水費,水道料,261693,R6決算書p21
2024,2,総務費,1,総務管理費,5,財産管理費,財産管理経費,,,23,1,,,財産管理経費,光熱水費,灯油代,3184093,R6決算書p21
2024,2,総務費,1,総務管理費,5,財産管理費,財産管理経費,,,23,1,,,財産管理経費,光熱水費,ガス代,58275,R6決算書p21
2024,2,総務費,1,総務管理費,5,財産管理費,財産管理経費,,,22,0,,,財産管理経費,修繕費,,597905,R6決算書p21
2024,2,総務費,1,総務管理費,5,財産管理費,財産管理経費,,,23,1,,,財産管理経費,修繕費,建物修繕費,434005,R6決算書p21
2024,2,総務費,1,総務管理費,5,財産管理費,財産管理経費,,,23,1,,,財産管理経費,修繕費,その他修繕費,163900,R6決算書p21
2024,2,総務費,1,総務管理費,5,財産管理費,財産管理経費,,,22,0,,,財産管理経費,通信運搬費,,1172258,R6決算書p21
2024,2,総務費,1,総務管理費,5,財産管理費,財産管理経費,,,23,1,,,財産管理経費,通信運搬費,電話料,1121567,R6決算書p21
2024,2,総務費,1,総務管理費,5,財産管理費,財産管理経費,,,23,1,,,財産管理経費,通信運搬費,テレビ受信料,50691,R6決算書p21
2024,2,総務費,1,総務管理費,5,財産管理費,財産管理経費,,,22,0,,,財産管理経費,手数料,,38500,R6決算書p21
2024,2,総務費,1,総務管理費,5,財産管理費,財産管理経費,,,23,1,,,財産管理経費,手数料,消防施設点検料,38500,R6決算書p21
2024,2,総務費,1,総務管理費,5,財産管理費,財産管理経費,,,22,0,,,財産管理経費,損害保険料,,110044,R6決算書p21
2024,2,総務費,1,総務管理費,5,財産管理費,財産管理経費,,,23,1,,,財産管理経費,損害保険料,村有建物災害共済保険料,110044,R6決算書p21
2024,2,総務費,1,総務管理費,5,財産管理費,財産管理経費,,,22,0,,,財産管理経費,保守管理委託料,,936700,R6決算書p21
2024,2,総務費,1,総務管理費,5,財産管理費,財産管理経費,,,23,1,,,財産管理経費,保守管理委託料,電話保守委託料,171000,R6決算書p21
2024,2,総務費,1,総務管理費,5,財産管理費,財産管理経費,,,23,1,,,財産管理経費,保守管理委託料,電気施設保守委託料,187400,R6決算書p21
2024,2,総務費,1,総務管理費,5,財産管理費,財産管理経費,,,23,1,,,財産管理経費,保守管理委託料,合併浄化槽保守管理委託料,272200,R6決算書p21
2024,2,総務費,1,総務管理費,5,財産管理費,財産管理経費,,,23,1,,,財産管理経費,保守管理委託料,自動ドア管理委託料,124600,R6決算書p21
2024,2,総務費,1,総務管理費,5,財産管理費,財産管理経費,,,23,1,,,財産管理経費,保守管理委託料,非常用発電設備点検委託料,181500,R6決算書p21
2024,2,総務費,1,総務管理費,5,財産管理費,財産管理経費,,,22,0,,,財産管理経費,使用料・借上料,,2637646,R6決算書p21
2024,2,総務費,1,総務管理費,5,財産管理費,財産管理経費,,,23,1,,,財産管理経費,使用料・借上料,LEDリース料,2191200,R6決算書p21
2024,2,総務費,1,総務管理費,5,財産管理費,財産管理経費,,,23,1,,,財産管理経費,使用料・借上料,モップ・マットリース料,446446,R6決算書p21
2024,2,総務費,1,総務管理費,5,財産管理費,財産管理経費,,,22,0,,,財産管理経費,敷地料,,464210,R6決算書p21
2024,2,総務費,1,総務管理費,5,財産管理費,財産管理経費,,,23,1,,,財産管理経費,敷地料,庁舎敷地料,375330,R6決算書p21
2024,2,総務費,1,総務管理費,5,財産管理費,財産管理経費,,,23,1,,,財産管理経費,敷地料,駐在所敷地料,88880,R6決算書p21
2024,2,総務費,1,総務管理費,5,財産管理費,財産管理経費,,,22,0,,,財産管理経費,維持・修繕工事,,418000,R6決算書p21
2024,2,総務費,1,総務管理費,5,財産管理費,財産管理経費,,,23,1,,,財産管理経費,維持・修繕工事,庁舎施設修繕工事,418000,R6決算書p21
2024,2,総務費,1,総務管理費,6,企画費,企画事務経費,,,0,0,,,,,,125878569,R6決算書p22
2024,2,総務費,1,総務管理費,6,企画費,企画事務経費,,,21,0,,,企画事務経費,,,125878569,R6決算書p22
2024,2,総務費,1,総務管理費,6,企画費,企画事務経費,,,22,0,,,企画事務経費,委員報酬,,30100,R6決算書p22
2024,2,総務費,1,総務管理費,6,企画費,企画事務経費,,,23,1,,,企画事務経費,委員報酬,交通システム策定委員会報酬,12900,R6決算書p22
2024,2,総務費,1,総務管理費,6,企画費,企画事務経費,,,23,1,,,企画事務経費,委員報酬,行政評価委員会報酬,17200,R6決算書p22
2024,2,総務費,1,総務管理費,6,企画費,企画事務経費,,,22,0,,,企画事務経費,職員旅費,,232711,R6決算書p22
2024,2,総務費,1,総務管理費,6,企画費,企画事務経費,,,23,1,,,企画事務経費,職員旅費,職員旅費,232711,R6決算書p22
2024,2,総務費,1,総務管理費,6,企画費,企画事務経費,,,22,0,,,企画事務経費,消耗品,,1563677,R6決算書p22
2024,2,総務費,1,総務管理費,6,企画費,企画事務経費,,,23,1,,,企画事務経費,消耗品,消耗品,1549277,R6決算書p22
2024,2,総務費,1,総務管理費,6,企画費,企画事務経費,,,23,1,,,企画事務経費,消耗品,美しい村新聞購入費,14400,R6決算書p22
2024,2,総務費,1,総務管理費,6,企画費,企画事務経費,,,22,0,,,企画事務経費,印刷製本費,,698500,R6決算書p22
2024,2,総務費,1,総務管理費,6,企画費,企画事務経費,,,23,1,,,企画事務経費,印刷製本費,村勢要覧印刷費,122100,R6決算書p22
2024,2,総務費,1,総務管理費,6,企画費,企画事務経費,,,23,1,,,企画事務経費,印刷製本費,美しい村ＰＲ資料印刷費,231000,R6決算書p22
2024,2,総務費,1,総務管理費,6,企画費,企画事務経費,,,23,1,,,企画事務経費,印刷製本費,名刺用台紙印刷代,40700,R6決算書p22
2024,2,総務費,1,総務管理費,6,企画費,企画事務経費,,,23,1,,,企画事務経費,印刷製本費,商品券印刷代,258500,R6決算書p22
2024,2,総務費,1,総務管理費,6,企画費,企画事務経費,,,23,1,,,企画事務経費,印刷製本費,移住関係パンフレット印刷代,46200,R6決算書p22
2024,2,総務費,1,総務管理費,6,企画費,企画事務経費,,,22,0,,,企画事務経費,通信運搬費,,192293,R6決算書p22
2024,2,総務費,1,総務管理費,6,企画費,企画事務経費,,,23,1,,,企画事務経費,通信運搬費,郵便料,192293,R6決算書p22
2024,2,総務費,1,総務管理費,6,企画費,企画事務経費,,,22,0,,,企画事務経費,保守管理委託料,,213400,R6決算書p22
2024,2,総務費,1,総務管理費,6,企画費,企画事務経費,,,23,1,,,企画事務経費,保守管理委託料,ホームページ保守委託料,213400,R6決算書p22
2024,2,総務費,1,総務管理費,6,企画費,企画事務経費,,,22,0,,,企画事務経費,業務委託料,,7200000,R6決算書p22
2024,2,総務費,1,総務管理費,6,企画費,企画事務経費,,,23,1,,,企画事務経費,業務委託料,商品券発行事業委託料,7200000,R6決算書p22
2024,2,総務費,1,総務管理費,6,企画費,企画事務経費,,,22,0,,,企画事務経費,使用料・借上料,,803473,R6決算書p22
2024,2,総務費,1,総務管理費,6,企画費,企画事務経費,,,23,1,,,企画事務経費,使用料・借上料,駐車場使用料,3560,R6決算書p22
2024,2,総務費,1,総務管理費,6,企画費,企画事務経費,,,23,1,,,企画事務経費,使用料・借上料,行政ＨＰ用サーバ使用料,256608,R6決算書p22
2024,2,総務費,1,総務管理費,6,企画費,企画事務経費,,,23,1,,,企画事務経費,使用料・借上料,ふるさと納税システム利用料,443982,R6決算書p22
2024,2,総務費,1,総務管理費,6,企画費,企画事務経費,,,23,1,,,企画事務経費,使用料・借上料,セキュリティシステムリース料,75680,R6決算書p22
2024,2,総務費,1,総務管理費,6,企画費,企画事務経費,,,23,1,,,企画事務経費,使用料・借上料,システム使用料,23643,R6決算書p22
2024,2,総務費,1,総務管理費,6,企画費,企画事務経費,,,22,0,,,企画事務経費,敷地料,,1920,R6決算書p22
2024,2,総務費,1,総務管理費,6,企画費,企画事務経費,,,23,1,,,企画事務経費,敷地料,バス停敷地料,1920,R6決算書p22
2024,2,総務費,1,総務管理費,6,企画費,企画事務経費,,,22,0,,,企画事務経費,負担金（一部事務組合）,,14253000,R6決算書p22
2024,2,総務費,1,総務管理費,6,企画費,企画事務経費,,,23,1,,,企画事務経費,負担金（一部事務組合）,南信州広域連合負担金,12153000,R6決算書p22
2024,2,総務費,1,総務管理費,6,企画費,企画事務経費,,,23,1,,,企画事務経費,負担金（一部事務組合）,北部総合事務組合負担金,2100000,R6決算書p22
2024,2,総務費,1,総務管理費,6,企画費,企画事務経費,,,22,0,,,企画事務経費,負担金,,1123800,R6決算書p22
2024,2,総務費,1,総務管理費,6,企画費,企画事務経費,,,23,1,,,企画事務経費,負担金,全国山振連盟負担金,40000,R6決算書p22
2024,2,総務費,1,総務管理費,6,企画費,企画事務経費,,,23,1,,,企画事務経費,負担金,全国過疎地域自立促進連盟負担金,100800,R6決算書p22
2024,2,総務費,1,総務管理費,6,企画費,企画事務経費,,,23,1,,,企画事務経費,負担金,三遠南信サミット負担金,16000,R6決算書p22
2024,2,総務費,1,総務管理費,6,企画費,企画事務経費,,,23,1,,,企画事務経費,負担金,美しい村連合負担金,229000,R6決算書p22
2024,2,総務費,1,総務管理費,6,企画費,企画事務経費,,,23,1,,,企画事務経費,負担金,美しい村連合総会負担金,70000,R6決算書p22
2024,2,総務費,1,総務管理費,6,企画費,企画事務経費,,,23,1,,,企画事務経費,負担金,ダム・発電関係市町村全国協議会負担金,8000,R6決算書p22
2024,2,総務費,1,総務管理費,6,企画費,企画事務経費,,,23,1,,,企画事務経費,負担金,イベント開催負担金,500000,R6決算書p22
2024,2,総務費,1,総務管理費,6,企画費,企画事務経費,,,23,1,,,企画事務経費,負担金,伊那大島駅負担金,150000,R6決算書p22
2024,2,総務費,1,総務管理費,6,企画費,企画事務経費,,,23,1,,,企画事務経費,負担金,楽園信州推進協議会負担金,10000,R6決算書p22
2024,2,総務費,1,総務管理費,6,企画費,企画事務経費,,,22,0,,,企画事務経費,補助金,,96286000,R6決算書p22
2024,2,総務費,1,総務管理費,6,企画費,企画事務経費,,,23,1,,,企画事務経費,補助金,コミュニティ活動補助金,60830000,R6決算書p22
2024,2,総務費,1,総務管理費,6,企画費,企画事務経費,,,23,1,,,企画事務経費,補助金,地域活性化事業補助金,7192000,R6決算書p22
2024,2,総務費,1,総務管理費,6,企画費,企画事務経費,,,23,1,,,企画事務経費,補助金,廃止代替バス運行補助金,28058000,R6決算書p22
2024,2,総務費,1,総務管理費,6,企画費,企画事務経費,,,23,1,,,企画事務経費,補助金,美しい村づくり事業補助金,206000,R6決算書p22
2024,2,総務費,1,総務管理費,6,企画費,企画事務経費,,,22,0,,,企画事務経費,交付金,,3159992,R6決算書p22
2024,2,総務費,1,総務管理費,6,企画費,企画事務経費,,,23,1,,,企画事務経費,交付金,美しい村づくり交付金,3159992,R6決算書p22
2024,2,総務費,1,総務管理費,6,企画費,企画事務経費,,,22,0,,,企画事務経費,償還金及び還付加算金,,119703,R6決算書p22
2024,2,総務費,1,総務管理費,6,企画費,企画事務経費,,,23,1,,,企画事務経費,償還金及び還付加算金,国庫返還金,119703,R6決算書p22
2024,2,総務費,1,総務管理費,6,企画費,地域おこし協力隊事業,,,0,0,,,,,,868165,R6決算書p22
2024,2,総務費,1,総務管理費,6,企画費,地域おこし協力隊事業,,,21,0,,,地域おこし協力隊事業,,,868165,R6決算書p22
2024,2,総務費,1,総務管理費,6,企画費,地域おこし協力隊事業,,,22,0,,,地域おこし協力隊事業,臨時職員等共済費,,868165,R6決算書p22
2024,2,総務費,1,総務管理費,6,企画費,地域おこし協力隊事業,,,23,1,,,地域おこし協力隊事業,臨時職員等共済費,社会保険料,868165,R6決算書p23
2024,2,総務費,1,総務管理費,6,企画費,リニア対策経費,,,0,0,,,,,,547250,R6決算書p23
2024,2,総務費,1,総務管理費,6,企画費,リニア対策経費,,,21,0,,,リニア対策経費,,,547250,R6決算書p23
2024,2,総務費,1,総務管理費,6,企画費,リニア対策経費,,,22,0,,,リニア対策経費,委員報酬,,464400,R6決算書p23
2024,2,総務費,1,総務管理費,6,企画費,リニア対策経費,,,23,1,,,リニア対策経費,委員報酬,リニア連絡協議会委員報酬,464400,R6決算書p23
2024,2,総務費,1,総務管理費,6,企画費,リニア対策経費,,,22,0,,,リニア対策経費,職員旅費,,9000,R6決算書p23
2024,2,総務費,1,総務管理費,6,企画費,リニア対策経費,,,23,1,,,リニア対策経費,職員旅費,職員旅費,9000,R6決算書p23
2024,2,総務費,1,総務管理費,6,企画費,リニア対策経費,,,22,0,,,リニア対策経費,資料作成委託料,,69850,R6決算書p23
2024,2,総務費,1,総務管理費,6,企画費,リニア対策経費,,,23,1,,,リニア対策経費,資料作成委託料,議事録作成委託料,69850,R6決算書p23
2024,2,総務費,1,総務管理費,6,企画費,リニア対策経費,,,22,0,,,リニア対策経費,負担金,,4000,R6決算書p23
2024,2,総務費,1,総務管理費,6,企画費,リニア対策経費,,,23,1,,,リニア対策経費,負担金,リニアエクスプレス同盟会負担金,4000,R6決算書p23
2024,2,総務費,1,総務管理費,6,企画費,集落支援員事業,,,0,0,,,,,,5269085,R6決算書p23
2024,2,総務費,1,総務管理費,6,企画費,集落支援員事業,,,21,0,,,集落支援員事業,,,5269085,R6決算書p23
2024,2,総務費,1,総務管理費,6,企画費,集落支援員事業,,,22,0,,,集落支援員事業,会計年度任用職員報酬,,2796000,R6決算書p23
2024,2,総務費,1,総務管理費,6,企画費,集落支援員事業,,,23,1,,,集落支援員事業,会計年度任用職員報酬,会計年度任用職員1号報酬,2796000,R6決算書p23
2024,2,総務費,1,総務管理費,6,企画費,集落支援員事業,,,22,0,,,集落支援員事業,会計年度任用職員手当,,24000,R6決算書p23
2024,2,総務費,1,総務管理費,6,企画費,集落支援員事業,,,23,1,,,集落支援員事業,会計年度任用職員手当,通勤手当,24000,R6決算書p23
2024,2,総務費,1,総務管理費,6,企画費,集落支援員事業,,,22,0,,,集落支援員事業,会計年度任用職員共済費,,1875857,R6決算書p23
2024,2,総務費,1,総務管理費,6,企画費,集落支援員事業,,,23,1,,,集落支援員事業,会計年度任用職員共済費,社会保険料,1875857,R6決算書p23
2024,2,総務費,1,総務管理費,6,企画費,集落支援員事業,,,22,0,,,集落支援員事業,消耗品,,5478,R6決算書p23
2024,2,総務費,1,総務管理費,6,企画費,集落支援員事業,,,23,1,,,集落支援員事業,消耗品,消耗品,880,R6決算書p23
2024,2,総務費,1,総務管理費,6,企画費,集落支援員事業,,,23,1,,,集落支援員事業,消耗品,図書購入費,4598,R6決算書p23
2024,2,総務費,1,総務管理費,6,企画費,集落支援員事業,,,22,0,,,集落支援員事業,燃料費,,57814,R6決算書p23
2024,2,総務費,1,総務管理費,6,企画費,集落支援員事業,,,23,1,,,集落支援員事業,燃料費,公用車燃料代,57814,R6決算書p23
2024,2,総務費,1,総務管理費,6,企画費,集落支援員事業,,,22,0,,,集落支援員事業,修繕費,,5126,R6決算書p23
2024,2,総務費,1,総務管理費,6,企画費,集落支援員事業,,,23,1,,,集落支援員事業,修繕費,公用車修繕費,5126,R6決算書p23
2024,2,総務費,1,総務管理費,6,企画費,集落支援員事業,,,22,0,,,集落支援員事業,手数料,,10780,R6決算書p23
2024,2,総務費,1,総務管理費,6,企画費,集落支援員事業,,,23,1,,,集落支援員事業,手数料,公用車車検点検料,10780,R6決算書p23
2024,2,総務費,1,総務管理費,6,企画費,集落支援員事業,,,22,0,,,集落支援員事業,損害保険料,,14990,R6決算書p23
2024,2,総務費,1,総務管理費,6,企画費,集落支援員事業,,,23,1,,,集落支援員事業,損害保険料,公用車共済保険料,14990,R6決算書p23
2024,2,総務費,1,総務管理費,6,企画費,集落支援員事業,,,22,0,,,集落支援員事業,使用料・借上料,,479040,R6決算書p23
2024,2,総務費,1,総務管理費,6,企画費,集落支援員事業,,,23,1,,,集落支援員事業,使用料・借上料,住宅借上料,384000,R6決算書p23
2024,2,総務費,1,総務管理費,6,企画費,集落支援員事業,,,23,1,,,集落支援員事業,使用料・借上料,事務用機器リース料,95040,R6決算書p23
2024,2,総務費,1,総務管理費,8,交通安全対策費,交通安全一般経費,,,0,0,,,,,,273787,R6決算書p23
2024,2,総務費,1,総務管理費,8,交通安全対策費,交通安全一般経費,,,21,0,,,交通安全一般経費,,,273787,R6決算書p23
2024,2,総務費,1,総務管理費,8,交通安全対策費,交通安全一般経費,,,22,0,,,交通安全一般経費,消耗品,,18975,R6決算書p23
2024,2,総務費,1,総務管理費,8,交通安全対策費,交通安全一般経費,,,23,1,,,交通安全一般経費,消耗品,交通安全用品,18975,R6決算書p23
2024,2,総務費,1,総務管理費,8,交通安全対策費,交通安全一般経費,,,22,0,,,交通安全一般経費,光熱水費,,14812,R6決算書p23
2024,2,総務費,1,総務管理費,8,交通安全対策費,交通安全一般経費,,,23,1,,,交通安全一般経費,光熱水費,電気料（回転灯）,14812,R6決算書p23
2024,2,総務費,1,総務管理費,8,交通安全対策費,交通安全一般経費,,,22,0,,,交通安全一般経費,負担金,,240000,R6決算書p23
2024,2,総務費,1,総務管理費,8,交通安全対策費,交通安全一般経費,,,23,1,,,交通安全一般経費,負担金,大鹿村交通安全協会事業費負担金,240000,R6決算書p23
2024,2,総務費,1,総務管理費,8,交通安全対策費,南信交通災害共済経費,,,0,0,,,,,,174000,R6決算書p23
2024,2,総務費,1,総務管理費,8,交通安全対策費,南信交通災害共済経費,,,21,0,,,南信交通災害共済経費,,,174000,R6決算書p23
2024,2,総務費,1,総務管理費,8,交通安全対策費,南信交通災害共済経費,,,22,0,,,南信交通災害共済経費,補助金,,174000,R6決算書p23
2024,2,総務費,1,総務管理費,8,交通安全対策費,南信交通災害共済経費,,,23,1,,,南信交通災害共済経費,補助金,南信交通災害共済掛金補助,174000,R6決算書p23
2024,2,総務費,1,総務管理費,8,交通安全対策費,交通安全施設整備経費,,,0,0,,,,,,14284874,R6決算書p23
2024,2,総務費,1,総務管理費,8,交通安全対策費,交通安全施設整備経費,,,21,0,,,交通安全施設整備経費,,,14284874,R6決算書p23
2024,2,総務費,1,総務管理費,8,交通安全対策費,交通安全施設整備経費,,,22,0,,,交通安全施設整備経費,消耗品,,3300,R6決算書p23
2024,2,総務費,1,総務管理費,8,交通安全対策費,交通安全施設整備経費,,,23,1,,,交通安全施設整備経費,消耗品,除雪用三角板代,3300,R6決算書p23
2024,2,総務費,1,総務管理費,8,交通安全対策費,交通安全施設整備経費,,,22,0,,,交通安全施設整備経費,燃料費,,85647,R6決算書p23
2024,2,総務費,1,総務管理費,8,交通安全対策費,交通安全施設整備経費,,,23,1,,,交通安全施設整備経費,燃料費,公用車燃料費,85647,R6決算書p23
2024,2,総務費,1,総務管理費,8,交通安全対策費,交通安全施設整備経費,,,22,0,,,交通安全施設整備経費,修繕費,,103070,R6決算書p23
2024,2,総務費,1,総務管理費,8,交通安全対策費,交通安全施設整備経費,,,23,1,,,交通安全施設整備経費,修繕費,公用車修繕費,103070,R6決算書p23
2024,2,総務費,1,総務管理費,8,交通安全対策費,交通安全施設整備経費,,,22,0,,,交通安全施設整備経費,手数料,,19340,R6決算書p23
2024,2,総務費,1,総務管理費,8,交通安全対策費,交通安全施設整備経費,,,23,1,,,交通安全施設整備経費,手数料,公用車車検点検料,19340,R6決算書p23
2024,2,総務費,1,総務管理費,8,交通安全対策費,交通安全施設整備経費,,,22,0,,,交通安全施設整備経費,損害保険料,,19220,R6決算書p24
2024,2,総務費,1,総務管理費,8,交通安全対策費,交通安全施設整備経費,,,23,1,,,交通安全施設整備経費,損害保険料,公用車共済保険料,19220,R6決算書p24
2024,2,総務費,1,総務管理費,8,交通安全対策費,交通安全施設整備経費,,,22,0,,,交通安全施設整備経費,業務委託料,,9271297,R6決算書p24
2024,2,総務費,1,総務管理費,8,交通安全対策費,交通安全施設整備経費,,,23,1,,,交通安全施設整備経費,業務委託料,道路凍結防止対策（支障木伐採）委託,3426500,R6決算書p24
2024,2,総務費,1,総務管理費,8,交通安全対策費,交通安全施設整備経費,,,23,1,,,交通安全施設整備経費,業務委託料,除雪委託料,5844797,R6決算書p24
2024,2,総務費,1,総務管理費,8,交通安全対策費,交通安全施設整備経費,,,22,0,,,交通安全施設整備経費,単独事業,,1210000,R6決算書p24
2024,2,総務費,1,総務管理費,8,交通安全対策費,交通安全施設整備経費,,,23,1,,,交通安全施設整備経費,単独事業,ガードレール・カーブミラー設置工事,1210000,R6決算書p24
2024,2,総務費,1,総務管理費,8,交通安全対策費,交通安全施設整備経費,,,22,0,,,交通安全施設整備経費,原材料費,,2200000,R6決算書p24
2024,2,総務費,1,総務管理費,8,交通安全対策費,交通安全施設整備経費,,,23,1,,,交通安全施設整備経費,原材料費,融雪剤,2200000,R6決算書p24
2024,2,総務費,1,総務管理費,8,交通安全対策費,交通安全施設整備経費,,,22,0,,,交通安全施設整備経費,備品購入費,,1353000,R6決算書p24
2024,2,総務費,1,総務管理費,8,交通安全対策費,交通安全施設整備経費,,,23,1,,,交通安全施設整備経費,備品購入費,融雪剤散布機購入費,1353000,R6決算書p24
2024,2,総務費,1,総務管理費,8,交通安全対策費,交通安全施設整備経費,,,22,0,,,交通安全施設整備経費,重量税,,20000,R6決算書p24
2024,2,総務費,1,総務管理費,8,交通安全対策費,交通安全施設整備経費,,,23,1,,,交通安全施設整備経費,重量税,公用車重量税,20000,R6決算書p24
2024,2,総務費,1,総務管理費,9,電子計算費,電子計算経費,,,0,0,,,,,,37534051,R6決算書p24
2024,2,総務費,1,総務管理費,9,電子計算費,電子計算経費,,,21,0,,,電子計算経費,,,37534051,R6決算書p24
2024,2,総務費,1,総務管理費,9,電子計算費,電子計算経費,,,22,0,,,電子計算経費,消耗品,,15488,R6決算書p24
2024,2,総務費,1,総務管理費,9,電子計算費,電子計算経費,,,23,1,,,電子計算経費,消耗品,消耗品,15488,R6決算書p24
2024,2,総務費,1,総務管理費,9,電子計算費,電子計算経費,,,22,0,,,電子計算経費,通信運搬費,,809129,R6決算書p24
2024,2,総務費,1,総務管理費,9,電子計算費,電子計算経費,,,23,1,,,電子計算経費,通信運搬費,情報通信接続料,809129,R6決算書p24
2024,2,総務費,1,総務管理費,9,電子計算費,電子計算経費,,,22,0,,,電子計算経費,手数料,,33000,R6決算書p24
2024,2,総務費,1,総務管理費,9,電子計算費,電子計算経費,,,23,1,,,電子計算経費,手数料,廃棄物処理手数料,33000,R6決算書p24
2024,2,総務費,1,総務管理費,9,電子計算費,電子計算経費,,,22,0,,,電子計算経費,電算委託料,,7392330,R6決算書p24
2024,2,総務費,1,総務管理費,9,電子計算費,電子計算経費,,,23,1,,,電子計算経費,電算委託料,基幹系等機器保守委託料,664950,R6決算書p24
2024,2,総務費,1,総務管理費,9,電子計算費,電子計算経費,,,23,1,,,電子計算経費,電算委託料,システム改修委託料,243100,R6決算書p24
2024,2,総務費,1,総務管理費,9,電子計算費,電子計算経費,,,23,1,,,電子計算経費,電算委託料,ＬＧＷＡＮシステム運用支援委託料,198000,R6決算書p24
2024,2,総務費,1,総務管理費,9,電子計算費,電子計算経費,,,23,1,,,電子計算経費,電算委託料,ＬＧＷＡＮ機器更新委託料,3729000,R6決算書p24
2024,2,総務費,1,総務管理費,9,電子計算費,電子計算経費,,,23,1,,,電子計算経費,電算委託料,システム導入委託料,1136300,R6決算書p24
2024,2,総務費,1,総務管理費,9,電子計算費,電子計算経費,,,23,1,,,電子計算経費,電算委託料,情報セキュリティ強化機器保守委託料,224400,R6決算書p24
2024,2,総務費,1,総務管理費,9,電子計算費,電子計算経費,,,23,1,,,電子計算経費,電算委託料,マイナンバー管理システム保守委託料,79200,R6決算書p24
2024,2,総務費,1,総務管理費,9,電子計算費,電子計算経費,,,23,1,,,電子計算経費,電算委託料,行政手続きオンライン化運用保守料,1117380,R6決算書p24
2024,2,総務費,1,総務管理費,9,電子計算費,電子計算経費,,,22,0,,,電子計算経費,業務委託料,,1705000,R6決算書p24
2024,2,総務費,1,総務管理費,9,電子計算費,電子計算経費,,,23,1,,,電子計算経費,業務委託料,情報セキュリティ研修委託料,165000,R6決算書p24
2024,2,総務費,1,総務管理費,9,電子計算費,電子計算経費,,,23,1,,,電子計算経費,業務委託料,情報通信設備委託料,1540000,R6決算書p24
2024,2,総務費,1,総務管理費,9,電子計算費,電子計算経費,,,22,0,,,電子計算経費,使用料・借上料,,18526728,R6決算書p24
2024,2,総務費,1,総務管理費,9,電子計算費,電子計算経費,,,23,1,,,電子計算経費,使用料・借上料,財務会計システム使用料,4569136,R6決算書p24
2024,2,総務費,1,総務管理費,9,電子計算費,電子計算経費,,,23,1,,,電子計算経費,使用料・借上料,ＬＧＷＡＮハウジング料,1215720,R6決算書p24
2024,2,総務費,1,総務管理費,9,電子計算費,電子計算経費,,,23,1,,,電子計算経費,使用料・借上料,ウイルス対策ソフト使用料,987800,R6決算書p24
2024,2,総務費,1,総務管理費,9,電子計算費,電子計算経費,,,23,1,,,電子計算経費,使用料・借上料,基幹系システム使用料,3581952,R6決算書p24
2024,2,総務費,1,総務管理費,9,電子計算費,電子計算経費,,,23,1,,,電子計算経費,使用料・借上料,ＬＧＷＡＮルータ使用料,67320,R6決算書p24
2024,2,総務費,1,総務管理費,9,電子計算費,電子計算経費,,,23,1,,,電子計算経費,使用料・借上料,パソコンリース料,3003000,R6決算書p24
2024,2,総務費,1,総務管理費,9,電子計算費,電子計算経費,,,23,1,,,電子計算経費,使用料・借上料,セキュリティー強靭化システムリース料,4593600,R6決算書p24
2024,2,総務費,1,総務管理費,9,電子計算費,電子計算経費,,,23,1,,,電子計算経費,使用料・借上料,基幹系等機器リース料,508200,R6決算書p24
2024,2,総務費,1,総務管理費,9,電子計算費,電子計算経費,,,22,0,,,電子計算経費,備品購入費,,803000,R6決算書p24
2024,2,総務費,1,総務管理費,9,電子計算費,電子計算経費,,,23,1,,,電子計算経費,備品購入費,パソコン等購入費,803000,R6決算書p24
2024,2,総務費,1,総務管理費,9,電子計算費,電子計算経費,,,22,0,,,電子計算経費,負担金,,8249376,R6決算書p24
2024,2,総務費,1,総務管理費,9,電子計算費,電子計算経費,,,23,1,,,電子計算経費,負担金,長野県自治振興組合負担金,1937034,R6決算書p24
2024,2,総務費,1,総務管理費,9,電子計算費,電子計算経費,,,23,1,,,電子計算経費,負担金,電子申請・届出サービス負担金,71935,R6決算書p24
2024,2,総務費,1,総務管理費,9,電子計算費,電子計算経費,,,23,1,,,電子計算経費,負担金,中間ＳＶＰＦ負担金,4715000,R6決算書p24
2024,2,総務費,1,総務管理費,9,電子計算費,電子計算経費,,,23,1,,,電子計算経費,負担金,自治体情報セキュリティクラウド負担金,1525407,R6決算書p24
2024,2,総務費,1,総務管理費,10,ＣＡＴＶ事業費,ＣＡＴＶ管理事業,,,0,0,,,,,,16734305,R6決算書p25
2024,2,総務費,1,総務管理費,10,ＣＡＴＶ事業費,ＣＡＴＶ管理事業,,,21,0,,,ＣＡＴＶ管理事業,,,16734305,R6決算書p25
2024,2,総務費,1,総務管理費,10,ＣＡＴＶ事業費,ＣＡＴＶ管理事業,,,22,0,,,ＣＡＴＶ管理事業,消耗品,,106326,R6決算書p25
2024,2,総務費,1,総務管理費,10,ＣＡＴＶ事業費,ＣＡＴＶ管理事業,,,23,1,,,ＣＡＴＶ管理事業,消耗品,消耗品,106326,R6決算書p25
2024,2,総務費,1,総務管理費,10,ＣＡＴＶ事業費,ＣＡＴＶ管理事業,,,22,0,,,ＣＡＴＶ管理事業,通信運搬費,,2682191,R6決算書p25
2024,2,総務費,1,総務管理費,10,ＣＡＴＶ事業費,ＣＡＴＶ管理事業,,,23,1,,,ＣＡＴＶ管理事業,通信運搬費,情報通信接続料,2682191,R6決算書p25
2024,2,総務費,1,総務管理費,10,ＣＡＴＶ事業費,ＣＡＴＶ管理事業,,,22,0,,,ＣＡＴＶ管理事業,損害保険料,,131980,R6決算書p25
2024,2,総務費,1,総務管理費,10,ＣＡＴＶ事業費,ＣＡＴＶ管理事業,,,23,1,,,ＣＡＴＶ管理事業,損害保険料,ＣＡＴＶ施設保険料,131980,R6決算書p25
2024,2,総務費,1,総務管理費,10,ＣＡＴＶ事業費,ＣＡＴＶ管理事業,,,22,0,,,ＣＡＴＶ管理事業,業務委託料,,165000,R6決算書p25
2024,2,総務費,1,総務管理費,10,ＣＡＴＶ事業費,ＣＡＴＶ管理事業,,,23,1,,,ＣＡＴＶ管理事業,業務委託料,技術支援委託料,165000,R6決算書p25
2024,2,総務費,1,総務管理費,10,ＣＡＴＶ事業費,ＣＡＴＶ管理事業,,,22,0,,,ＣＡＴＶ管理事業,使用料・借上料,,2270400,R6決算書p25
2024,2,総務費,1,総務管理費,10,ＣＡＴＶ事業費,ＣＡＴＶ管理事業,,,23,1,,,ＣＡＴＶ管理事業,使用料・借上料,クラウドサービス使用料,2270400,R6決算書p25
2024,2,総務費,1,総務管理費,10,ＣＡＴＶ事業費,ＣＡＴＶ管理事業,,,22,0,,,ＣＡＴＶ管理事業,単独事業,,248070,R6決算書p25
2024,2,総務費,1,総務管理費,10,ＣＡＴＶ事業費,ＣＡＴＶ管理事業,,,23,1,,,ＣＡＴＶ管理事業,単独事業,引込み線工事,248070,R6決算書p25
2024,2,総務費,1,総務管理費,10,ＣＡＴＶ事業費,ＣＡＴＶ管理事業,,,22,0,,,ＣＡＴＶ管理事業,負担金,,11076738,R6決算書p25
2024,2,総務費,1,総務管理費,10,ＣＡＴＶ事業費,ＣＡＴＶ管理事業,,,23,1,,,ＣＡＴＶ管理事業,負担金,ケーブルテレビ事業負担金,11076738,R6決算書p25
2024,2,総務費,1,総務管理費,10,ＣＡＴＶ事業費,ＣＡＴＶ管理事業,,,22,0,,,ＣＡＴＶ管理事業,補助金,,53600,R6決算書p25
2024,2,総務費,1,総務管理費,10,ＣＡＴＶ事業費,ＣＡＴＶ管理事業,,,23,1,,,ＣＡＴＶ管理事業,補助金,インターネット利用補助金,53600,R6決算書p25
2024,2,総務費,2,徴税費,1,税務総務費,税務一般経費,,,0,0,,,,,,18304974,R6決算書p25
2024,2,総務費,2,徴税費,1,税務総務費,税務一般経費,,,21,0,,,税務一般経費,,,18304974,R6決算書p25
2024,2,総務費,2,徴税費,1,税務総務費,税務一般経費,,,22,0,,,税務一般経費,消耗品,,51824,R6決算書p25
2024,2,総務費,2,徴税費,1,税務総務費,税務一般経費,,,23,1,,,税務一般経費,消耗品,消耗品,14490,R6決算書p25
2024,2,総務費,2,徴税費,1,税務総務費,税務一般経費,,,23,1,,,税務一般経費,消耗品,図書購入費,37334,R6決算書p25
2024,2,総務費,2,徴税費,1,税務総務費,税務一般経費,,,22,0,,,税務一般経費,印刷製本費,,219,R6決算書p25
2024,2,総務費,2,徴税費,1,税務総務費,税務一般経費,,,23,1,,,税務一般経費,印刷製本費,印刷製本費,219,R6決算書p25
2024,2,総務費,2,徴税費,1,税務総務費,税務一般経費,,,22,0,,,税務一般経費,通信運搬費,,33468,R6決算書p25
2024,2,総務費,2,徴税費,1,税務総務費,税務一般経費,,,23,1,,,税務一般経費,通信運搬費,郵便料,33468,R6決算書p25
2024,2,総務費,2,徴税費,1,税務総務費,税務一般経費,,,22,0,,,税務一般経費,手数料,,106455,R6決算書p25
2024,2,総務費,2,徴税費,1,税務総務費,税務一般経費,,,23,1,,,税務一般経費,手数料,口座振替等収納手数料,106455,R6決算書p25
2024,2,総務費,2,徴税費,1,税務総務費,税務一般経費,,,22,0,,,税務一般経費,電算委託料,,8350771,R6決算書p25
2024,2,総務費,2,徴税費,1,税務総務費,税務一般経費,,,23,1,,,税務一般経費,電算委託料,住民税,4740120,R6決算書p25
2024,2,総務費,2,徴税費,1,税務総務費,税務一般経費,,,23,1,,,税務一般経費,電算委託料,固定資産税,2557203,R6決算書p25
2024,2,総務費,2,徴税費,1,税務総務費,税務一般経費,,,23,1,,,税務一般経費,電算委託料,軽自動車税,693748,R6決算書p25
2024,2,総務費,2,徴税費,1,税務総務費,税務一般経費,,,23,1,,,税務一般経費,電算委託料,収納・口座・会計委託料,359700,R6決算書p25
2024,2,総務費,2,徴税費,1,税務総務費,税務一般経費,,,22,0,,,税務一般経費,業務委託料,,1499585,R6決算書p25
2024,2,総務費,2,徴税費,1,税務総務費,税務一般経費,,,23,1,,,税務一般経費,業務委託料,固定資産評価替土地鑑定委託,880000,R6決算書p25
2024,2,総務費,2,徴税費,1,税務総務費,税務一般経費,,,23,1,,,税務一般経費,業務委託料,固定資産土地意見書委託,286367,R6決算書p25
2024,2,総務費,2,徴税費,1,税務総務費,税務一般経費,,,23,1,,,税務一般経費,業務委託料,軽自動車税申告書取扱委託料,4898,R6決算書p25
2024,2,総務費,2,徴税費,1,税務総務費,税務一般経費,,,23,1,,,税務一般経費,業務委託料,eLTAXシステム業務委託料,308000,R6決算書p25
2024,2,総務費,2,徴税費,1,税務総務費,税務一般経費,,,23,1,,,税務一般経費,業務委託料,軽自動車税環境性能割徴収取扱委託料,20320,R6決算書p25
2024,2,総務費,2,徴税費,1,税務総務費,税務一般経費,,,22,0,,,税務一般経費,使用料・借上料,,2071026,R6決算書p25
2024,2,総務費,2,徴税費,1,税務総務費,税務一般経費,,,23,1,,,税務一般経費,使用料・借上料,ｅＬＴＡＸシステム使用料,726000,R6決算書p25
2024,2,総務費,2,徴税費,1,税務総務費,税務一般経費,,,23,1,,,税務一般経費,使用料・借上料,Ｒｅａｍｓ．ＮＥＴ申告相談システム使用料,447480,R6決算書p25
2024,2,総務費,2,徴税費,1,税務総務費,税務一般経費,,,23,1,,,税務一般経費,使用料・借上料,軽自動車情報システム使用料,6546,R6決算書p25
2024,2,総務費,2,徴税費,1,税務総務費,税務一般経費,,,23,1,,,税務一般経費,使用料・借上料,地方税共通納税システム使用料,462000,R6決算書p25
2024,2,総務費,2,徴税費,1,税務総務費,税務一般経費,,,23,1,,,税務一般経費,使用料・借上料,家屋評価システム使用料,429000,R6決算書p25
2024,2,総務費,2,徴税費,1,税務総務費,税務一般経費,,,22,0,,,税務一般経費,負担金,,181626,R6決算書p25
2024,2,総務費,2,徴税費,1,税務総務費,税務一般経費,,,23,1,,,税務一般経費,負担金,飯伊地区税協負担金,1800,R6決算書p25
2024,2,総務費,2,徴税費,1,税務総務費,税務一般経費,,,23,1,,,税務一般経費,負担金,長野県税制研究会負担金,1500,R6決算書p25
2024,2,総務費,2,徴税費,1,税務総務費,税務一般経費,,,23,1,,,税務一般経費,負担金,資産評価システムセンター負担金,30000,R6決算書p25
2024,2,総務費,2,徴税費,1,税務総務費,税務一般経費,,,23,1,,,税務一般経費,負担金,年末調整関係用紙郵送負担金,950,R6決算書p25
2024,2,総務費,2,徴税費,1,税務総務費,税務一般経費,,,23,1,,,税務一般経費,負担金,地方税電子化協議会負担金,97376,R6決算書p26
2024,2,総務費,2,徴税費,1,税務総務費,税務一般経費,,,23,1,,,税務一般経費,負担金,長野県地方税滞納整理機構負担金,50000,R6決算書p26
2024,2,総務費,2,徴税費,1,税務総務費,税務一般経費,,,22,0,,,税務一般経費,交付金,,6010000,R6決算書p26
2024,2,総務費,2,徴税費,1,税務総務費,税務一般経費,,,23,1,,,税務一般経費,交付金,定額減税補足給付金,6010000,R6決算書p26
2024,2,総務費,2,徴税費,1,税務総務費,一般職人事管理経費（税務）,,,0,0,,,,,,11887057,R6決算書p26
2024,2,総務費,2,徴税費,1,税務総務費,一般職人事管理経費（税務）,,,21,0,,,一般職人事管理経費（税務）,,,11887057,R6決算書p26
2024,2,総務費,2,徴税費,1,税務総務費,一般職人事管理経費（税務）,,,22,0,,,一般職人事管理経費（税務）,職員給料,,6144300,R6決算書p26
2024,2,総務費,2,徴税費,1,税務総務費,一般職人事管理経費（税務）,,,23,1,,,一般職人事管理経費（税務）,職員給料,一般職員給料,6144300,R6決算書p26
2024,2,総務費,2,徴税費,1,税務総務費,一般職人事管理経費（税務）,,,22,0,,,一般職人事管理経費（税務）,職員手当等,,3967710,R6決算書p26
2024,2,総務費,2,徴税費,1,税務総務費,一般職人事管理経費（税務）,,,23,1,,,一般職人事管理経費（税務）,職員手当等,扶養手当,396000,R6決算書p26
2024,2,総務費,2,徴税費,1,税務総務費,一般職人事管理経費（税務）,,,23,1,,,一般職人事管理経費（税務）,職員手当等,住居手当,84000,R6決算書p26
2024,2,総務費,2,徴税費,1,税務総務費,一般職人事管理経費（税務）,,,23,1,,,一般職人事管理経費（税務）,職員手当等,通勤手当,178800,R6決算書p26
2024,2,総務費,2,徴税費,1,税務総務費,一般職人事管理経費（税務）,,,23,1,,,一般職人事管理経費（税務）,職員手当等,特殊勤務手当,92163,R6決算書p26
2024,2,総務費,2,徴税費,1,税務総務費,一般職人事管理経費（税務）,,,23,1,,,一般職人事管理経費（税務）,職員手当等,時間外勤務手当,295970,R6決算書p26
2024,2,総務費,2,徴税費,1,税務総務費,一般職人事管理経費（税務）,,,23,1,,,一般職人事管理経費（税務）,職員手当等,児童手当,200000,R6決算書p26
2024,2,総務費,2,徴税費,1,税務総務費,一般職人事管理経費（税務）,,,23,1,,,一般職人事管理経費（税務）,職員手当等,期末手当,1387573,R6決算書p26
2024,2,総務費,2,徴税費,1,税務総務費,一般職人事管理経費（税務）,,,23,1,,,一般職人事管理経費（税務）,職員手当等,勤勉手当,1135204,R6決算書p26
2024,2,総務費,2,徴税費,1,税務総務費,一般職人事管理経費（税務）,,,23,1,,,一般職人事管理経費（税務）,職員手当等,寒冷地手当,198000,R6決算書p26
2024,2,総務費,2,徴税費,1,税務総務費,一般職人事管理経費（税務）,,,22,0,,,一般職人事管理経費（税務）,一般職共済費,,1775047,R6決算書p26
2024,2,総務費,2,徴税費,1,税務総務費,一般職人事管理経費（税務）,,,23,1,,,一般職人事管理経費（税務）,一般職共済費,地方公務員共済組合等負担金,1775047,R6決算書p26
2024,2,総務費,2,徴税費,2,賦課徴収費,賦課徴収事務経費,,,0,0,,,,,,2098419,R6決算書p26
2024,2,総務費,2,徴税費,2,賦課徴収費,賦課徴収事務経費,,,21,0,,,賦課徴収事務経費,,,2098419,R6決算書p26
2024,2,総務費,2,徴税費,2,賦課徴収費,賦課徴収事務経費,,,22,0,,,賦課徴収事務経費,消耗品,,2064700,R6決算書p26
2024,2,総務費,2,徴税費,2,賦課徴収費,賦課徴収事務経費,,,23,1,,,賦課徴収事務経費,消耗品,消耗品,2064700,R6決算書p26
2024,2,総務費,2,徴税費,2,賦課徴収費,賦課徴収事務経費,,,22,0,,,賦課徴収事務経費,償還金及び還付加算金,,33719,R6決算書p26
2024,2,総務費,2,徴税費,2,賦課徴収費,賦課徴収事務経費,,,23,1,,,賦課徴収事務経費,償還金及び還付加算金,村税過誤納還付金,33719,R6決算書p26
2024,2,総務費,3,戸籍住民基本台帳費,1,戸籍住民基本台帳費,戸籍住民基本台帳経費,,,0,0,,,,,,47871591,R6決算書p26
2024,2,総務費,3,戸籍住民基本台帳費,1,戸籍住民基本台帳費,戸籍住民基本台帳経費,,,21,0,,,戸籍住民基本台帳経費,,,47871591,R6決算書p26
2024,2,総務費,3,戸籍住民基本台帳費,1,戸籍住民基本台帳費,戸籍住民基本台帳経費,,,22,0,,,戸籍住民基本台帳経費,消耗品,,57218,R6決算書p26
2024,2,総務費,3,戸籍住民基本台帳費,1,戸籍住民基本台帳費,戸籍住民基本台帳経費,,,23,1,,,戸籍住民基本台帳経費,消耗品,消耗品,21120,R6決算書p26
2024,2,総務費,3,戸籍住民基本台帳費,1,戸籍住民基本台帳費,戸籍住民基本台帳経費,,,23,1,,,戸籍住民基本台帳経費,消耗品,図書購入費,36098,R6決算書p26
2024,2,総務費,3,戸籍住民基本台帳費,1,戸籍住民基本台帳費,戸籍住民基本台帳経費,,,22,0,,,戸籍住民基本台帳経費,通信運搬費,,7673,R6決算書p26
2024,2,総務費,3,戸籍住民基本台帳費,1,戸籍住民基本台帳費,戸籍住民基本台帳経費,,,23,1,,,戸籍住民基本台帳経費,通信運搬費,住基カード関連郵送料,7673,R6決算書p26
2024,2,総務費,3,戸籍住民基本台帳費,1,戸籍住民基本台帳費,戸籍住民基本台帳経費,,,22,0,,,戸籍住民基本台帳経費,電算委託料,,37082540,R6決算書p26
2024,2,総務費,3,戸籍住民基本台帳費,1,戸籍住民基本台帳費,戸籍住民基本台帳経費,,,23,1,,,戸籍住民基本台帳経費,電算委託料,戸籍機器・ソフト保守委託料,824450,R6決算書p26
2024,2,総務費,3,戸籍住民基本台帳費,1,戸籍住民基本台帳費,戸籍住民基本台帳経費,,,23,1,,,戸籍住民基本台帳経費,電算委託料,住民記録システムソフト保守料,2185260,R6決算書p26
2024,2,総務費,3,戸籍住民基本台帳費,1,戸籍住民基本台帳費,戸籍住民基本台帳経費,,,23,1,,,戸籍住民基本台帳経費,電算委託料,住基ネット記録媒体保守委託料,39600,R6決算書p26
2024,2,総務費,3,戸籍住民基本台帳費,1,戸籍住民基本台帳費,戸籍住民基本台帳経費,,,23,1,,,戸籍住民基本台帳経費,電算委託料,住基ネットシステム改修委託料,18891400,R6決算書p26
2024,2,総務費,3,戸籍住民基本台帳費,1,戸籍住民基本台帳費,戸籍住民基本台帳経費,,,23,1,,,戸籍住民基本台帳経費,電算委託料,戸籍副本データ管理システム保守委託料,55000,R6決算書p26
2024,2,総務費,3,戸籍住民基本台帳費,1,戸籍住民基本台帳費,戸籍住民基本台帳経費,,,23,1,,,戸籍住民基本台帳経費,電算委託料,システム改修委託料,6543350,R6決算書p26
2024,2,総務費,3,戸籍住民基本台帳費,1,戸籍住民基本台帳費,戸籍住民基本台帳経費,,,23,1,,,戸籍住民基本台帳経費,電算委託料,住基ネットワークハウジング委託料,3065480,R6決算書p26
2024,2,総務費,3,戸籍住民基本台帳費,1,戸籍住民基本台帳費,戸籍住民基本台帳経費,,,23,1,,,戸籍住民基本台帳経費,電算委託料,システム改修委託料（明許繰越）,5478000,R6決算書p26
2024,2,総務費,3,戸籍住民基本台帳費,1,戸籍住民基本台帳費,戸籍住民基本台帳経費,,,22,0,,,戸籍住民基本台帳経費,使用料・借上料,,9374860,R6決算書p26
2024,2,総務費,3,戸籍住民基本台帳費,1,戸籍住民基本台帳費,戸籍住民基本台帳経費,,,23,1,,,戸籍住民基本台帳経費,使用料・借上料,住民記録システムソフト使用料,4290000,R6決算書p26
2024,2,総務費,3,戸籍住民基本台帳費,1,戸籍住民基本台帳費,戸籍住民基本台帳経費,,,23,1,,,戸籍住民基本台帳経費,使用料・借上料,戸籍ソフトリース料,715000,R6決算書p26
2024,2,総務費,3,戸籍住民基本台帳費,1,戸籍住民基本台帳費,戸籍住民基本台帳経費,,,23,1,,,戸籍住民基本台帳経費,使用料・借上料,戸籍総合システム使用料,4369860,R6決算書p26
2024,2,総務費,3,戸籍住民基本台帳費,1,戸籍住民基本台帳費,戸籍住民基本台帳経費,,,22,0,,,戸籍住民基本台帳経費,負担金,,1349300,R6決算書p26
2024,2,総務費,3,戸籍住民基本台帳費,1,戸籍住民基本台帳費,戸籍住民基本台帳経費,,,23,1,,,戸籍住民基本台帳経費,負担金,戸籍・住民協議会負担金,2300,R6決算書p26
2024,2,総務費,3,戸籍住民基本台帳費,1,戸籍住民基本台帳費,戸籍住民基本台帳経費,,,23,1,,,戸籍住民基本台帳経費,負担金,戸籍システム共同利用負担金,1347000,R6決算書p26
2024,2,総務費,4,選挙費,1,選挙管理委員会費,選挙管理委員会経費,,,0,0,,,,,,157900,R6決算書p27
2024,2,総務費,4,選挙費,1,選挙管理委員会費,選挙管理委員会経費,,,21,0,,,選挙管理委員会経費,,,157900,R6決算書p27
2024,2,総務費,4,選挙費,1,選挙管理委員会費,選挙管理委員会経費,,,22,0,,,選挙管理委員会経費,委員報酬,,147900,R6決算書p27
2024,2,総務費,4,選挙費,1,選挙管理委員会費,選挙管理委員会経費,,,23,1,,,選挙管理委員会経費,委員報酬,選挙管理委員報酬,147900,R6決算書p27
2024,2,総務費,4,選挙費,1,選挙管理委員会費,選挙管理委員会経費,,,22,0,,,選挙管理委員会経費,委員旅費,,7000,R6決算書p27
2024,2,総務費,4,選挙費,1,選挙管理委員会費,選挙管理委員会経費,,,23,1,,,選挙管理委員会経費,委員旅費,委員旅費,7000,R6決算書p27
2024,2,総務費,4,選挙費,1,選挙管理委員会費,選挙管理委員会経費,,,22,0,,,選挙管理委員会経費,負担金,,3000,R6決算書p27
2024,2,総務費,4,選挙費,1,選挙管理委員会費,選挙管理委員会経費,,,23,1,,,選挙管理委員会経費,負担金,下伊那郡選挙管理委員会連合会負担金,3000,R6決算書p27
2024,2,総務費,4,選挙費,4,村長選挙費,村長選挙経費,,,0,0,,,,,,1015725,R6決算書p27
2024,2,総務費,4,選挙費,4,村長選挙費,村長選挙経費,,,21,0,,,村長選挙経費,,,1015725,R6決算書p27
2024,2,総務費,4,選挙費,4,村長選挙費,村長選挙経費,,,22,0,,,村長選挙経費,委員報酬,,106600,R6決算書p27
2024,2,総務費,4,選挙費,4,村長選挙費,村長選挙経費,,,23,1,,,村長選挙経費,委員報酬,選挙管理委員報酬,79900,R6決算書p27
2024,2,総務費,4,選挙費,4,村長選挙費,村長選挙経費,,,23,1,,,村長選挙経費,委員報酬,選挙立会人等報酬,26700,R6決算書p27
2024,2,総務費,4,選挙費,4,村長選挙費,村長選挙経費,,,22,0,,,村長選挙経費,消耗品,,722105,R6決算書p27
2024,2,総務費,4,選挙費,4,村長選挙費,村長選挙経費,,,23,1,,,村長選挙経費,消耗品,選挙関係経費,722105,R6決算書p27
2024,2,総務費,4,選挙費,4,村長選挙費,村長選挙経費,,,22,0,,,村長選挙経費,通信運搬費,,62390,R6決算書p27
2024,2,総務費,4,選挙費,4,村長選挙費,村長選挙経費,,,23,1,,,村長選挙経費,通信運搬費,郵便料,62390,R6決算書p27
2024,2,総務費,4,選挙費,4,村長選挙費,村長選挙経費,,,22,0,,,村長選挙経費,電算委託料,,124630,R6決算書p27
2024,2,総務費,4,選挙費,4,村長選挙費,村長選挙経費,,,23,1,,,村長選挙経費,電算委託料,選挙事務委託料,124630,R6決算書p27
2024,2,総務費,4,選挙費,9,衆議院議員選挙費,衆議院議員選挙費,,,0,0,,,,,,3099343,R6決算書p27
2024,2,総務費,4,選挙費,9,衆議院議員選挙費,衆議院議員選挙費,,,21,0,,,衆議院議員選挙費,,,3099343,R6決算書p27
2024,2,総務費,4,選挙費,9,衆議院議員選挙費,衆議院議員選挙費,,,22,0,,,衆議院議員選挙費,委員報酬,,734382,R6決算書p27
2024,2,総務費,4,選挙費,9,衆議院議員選挙費,衆議院議員選挙費,,,23,1,,,衆議院議員選挙費,委員報酬,選挙管理委員報酬,246716,R6決算書p27
2024,2,総務費,4,選挙費,9,衆議院議員選挙費,衆議院議員選挙費,,,23,1,,,衆議院議員選挙費,委員報酬,選挙立会人等報酬,487666,R6決算書p27
2024,2,総務費,4,選挙費,9,衆議院議員選挙費,衆議院議員選挙費,,,22,0,,,衆議院議員選挙費,職員手当等,,1125108,R6決算書p27
2024,2,総務費,4,選挙費,9,衆議院議員選挙費,衆議院議員選挙費,,,23,1,,,衆議院議員選挙費,職員手当等,選挙職員手当,1125108,R6決算書p27
2024,2,総務費,4,選挙費,9,衆議院議員選挙費,衆議院議員選挙費,,,22,0,,,衆議院議員選挙費,消耗品,,1050128,R6決算書p27
2024,2,総務費,4,選挙費,9,衆議院議員選挙費,衆議院議員選挙費,,,23,1,,,衆議院議員選挙費,消耗品,選挙関係経費,1050128,R6決算書p27
2024,2,総務費,4,選挙費,9,衆議院議員選挙費,衆議院議員選挙費,,,22,0,,,衆議院議員選挙費,通信運搬費,,65095,R6決算書p27
2024,2,総務費,4,選挙費,9,衆議院議員選挙費,衆議院議員選挙費,,,23,1,,,衆議院議員選挙費,通信運搬費,郵便料,65095,R6決算書p27
2024,2,総務費,4,選挙費,9,衆議院議員選挙費,衆議院議員選挙費,,,22,0,,,衆議院議員選挙費,電算委託料,,124630,R6決算書p27
2024,2,総務費,4,選挙費,9,衆議院議員選挙費,衆議院議員選挙費,,,23,1,,,衆議院議員選挙費,電算委託料,選挙事務委託料,124630,R6決算書p27
2024,2,総務費,5,統計調査費,2,指定統計調査費,基幹統計経費,,,0,0,,,,,,518291,R6決算書p27
2024,2,総務費,5,統計調査費,2,指定統計調査費,基幹統計経費,,,21,0,,,基幹統計経費,,,518291,R6決算書p27
2024,2,総務費,5,統計調査費,2,指定統計調査費,基幹統計経費,,,22,0,,,基幹統計経費,委員報酬,,328230,R6決算書p27
2024,2,総務費,5,統計調査費,2,指定統計調査費,基幹統計経費,,,23,1,,,基幹統計経費,委員報酬,統計調査員報酬,328230,R6決算書p27
2024,2,総務費,5,統計調査費,2,指定統計調査費,基幹統計経費,,,22,0,,,基幹統計経費,職員旅費,,39750,R6決算書p27
2024,2,総務費,5,統計調査費,2,指定統計調査費,基幹統計経費,,,23,1,,,基幹統計経費,職員旅費,職員旅費,39750,R6決算書p27
2024,2,総務費,5,統計調査費,2,指定統計調査費,基幹統計経費,,,22,0,,,基幹統計経費,消耗品,,141293,R6決算書p27
2024,2,総務費,5,統計調査費,2,指定統計調査費,基幹統計経費,,,23,1,,,基幹統計経費,消耗品,消耗品,141293,R6決算書p27
2024,2,総務費,5,統計調査費,2,指定統計調査費,基幹統計経費,,,22,0,,,基幹統計経費,通信運搬費,,9018,R6決算書p27
2024,2,総務費,5,統計調査費,2,指定統計調査費,基幹統計経費,,,23,1,,,基幹統計経費,通信運搬費,郵便料,9018,R6決算書p27
2024,2,総務費,6,監査委員費,1,監査委員費,監査委員関係経費,,,0,0,,,,,,599940,R6決算書p28
2024,2,総務費,6,監査委員費,1,監査委員費,監査委員関係経費,,,21,0,,,監査委員関係経費,,,599940,R6決算書p28
2024,2,総務費,6,監査委員費,1,監査委員費,監査委員関係経費,,,22,0,,,監査委員関係経費,委員報酬,,540000,R6決算書p28
2024,2,総務費,6,監査委員費,1,監査委員費,監査委員関係経費,,,23,1,,,監査委員関係経費,委員報酬,監査委員報酬,540000,R6決算書p28
2024,2,総務費,6,監査委員費,1,監査委員費,監査委員関係経費,,,22,0,,,監査委員関係経費,委員旅費,,35440,R6決算書p28
2024,2,総務費,6,監査委員費,1,監査委員費,監査委員関係経費,,,23,1,,,監査委員関係経費,委員旅費,委員旅費,35440,R6決算書p28
2024,2,総務費,6,監査委員費,1,監査委員費,監査委員関係経費,,,22,0,,,監査委員関係経費,負担金,,24500,R6決算書p28
2024,2,総務費,6,監査委員費,1,監査委員費,監査委員関係経費,,,23,1,,,監査委員関係経費,負担金,下伊那郡監査委員協議会負担金,18500,R6決算書p28
2024,2,総務費,6,監査委員費,1,監査委員費,監査委員関係経費,,,23,1,,,監査委員関係経費,負担金,北部ブロック監査委員研修会負担金,6000,R6決算書p28
2024,2,総務費,7,国土調査費,1,地籍調査費,地籍調査関係経費,,,0,0,,,,,,7666015,R6決算書p28
2024,2,総務費,7,国土調査費,1,地籍調査費,地籍調査関係経費,,,21,0,,,地籍調査関係経費,,,7666015,R6決算書p28
2024,2,総務費,7,国土調査費,1,地籍調査費,地籍調査関係経費,,,22,0,,,地籍調査関係経費,職員旅費,,2000,R6決算書p28
2024,2,総務費,7,国土調査費,1,地籍調査費,地籍調査関係経費,,,23,1,,,地籍調査関係経費,職員旅費,職員旅費,2000,R6決算書p28
2024,2,総務費,7,国土調査費,1,地籍調査費,地籍調査関係経費,,,22,0,,,地籍調査関係経費,消耗品,,571505,R6決算書p28
2024,2,総務費,7,国土調査費,1,地籍調査費,地籍調査関係経費,,,23,1,,,地籍調査関係経費,消耗品,消耗品,146871,R6決算書p28
2024,2,総務費,7,国土調査費,1,地籍調査費,地籍調査関係経費,,,23,1,,,地籍調査関係経費,消耗品,現場消耗品,421234,R6決算書p28
2024,2,総務費,7,国土調査費,1,地籍調査費,地籍調査関係経費,,,23,1,,,地籍調査関係経費,消耗品,図書購入費,3400,R6決算書p28
2024,2,総務費,7,国土調査費,1,地籍調査費,地籍調査関係経費,,,22,0,,,地籍調査関係経費,燃料費,,86834,R6決算書p28
2024,2,総務費,7,国土調査費,1,地籍調査費,地籍調査関係経費,,,23,1,,,地籍調査関係経費,燃料費,公用車燃料費,86834,R6決算書p28
2024,2,総務費,7,国土調査費,1,地籍調査費,地籍調査関係経費,,,22,0,,,地籍調査関係経費,修繕費,,4796,R6決算書p28
2024,2,総務費,7,国土調査費,1,地籍調査費,地籍調査関係経費,,,23,1,,,地籍調査関係経費,修繕費,公用車修繕費,4796,R6決算書p28
2024,2,総務費,7,国土調査費,1,地籍調査費,地籍調査関係経費,,,22,0,,,地籍調査関係経費,手数料,,10560,R6決算書p28
2024,2,総務費,7,国土調査費,1,地籍調査費,地籍調査関係経費,,,23,1,,,地籍調査関係経費,手数料,公用車車検点検料,10560,R6決算書p28
2024,2,総務費,7,国土調査費,1,地籍調査費,地籍調査関係経費,,,22,0,,,地籍調査関係経費,損害保険料,,18320,R6決算書p28
2024,2,総務費,7,国土調査費,1,地籍調査費,地籍調査関係経費,,,23,1,,,地籍調査関係経費,損害保険料,公用車共済保険料,18320,R6決算書p28
2024,2,総務費,7,国土調査費,1,地籍調査費,地籍調査関係経費,,,22,0,,,地籍調査関係経費,保守管理委託料,,209000,R6決算書p28
2024,2,総務費,7,国土調査費,1,地籍調査費,地籍調査関係経費,,,23,1,,,地籍調査関係経費,保守管理委託料,支援システム保守委託料,209000,R6決算書p28
2024,2,総務費,7,国土調査費,1,地籍調査費,地籍調査関係経費,,,22,0,,,地籍調査関係経費,業務委託料,,507320,R6決算書p28
2024,2,総務費,7,国土調査費,1,地籍調査費,地籍調査関係経費,,,23,1,,,地籍調査関係経費,業務委託料,ＧＩＳ作成業務委託料,507320,R6決算書p28
2024,2,総務費,7,国土調査費,1,地籍調査費,地籍調査関係経費,,,22,0,,,地籍調査関係経費,調査・設計・監理委託料,,5368000,R6決算書p28
2024,2,総務費,7,国土調査費,1,地籍調査費,地籍調査関係経費,,,23,1,,,地籍調査関係経費,調査・設計・監理委託料,地籍調査委託料,5368000,R6決算書p28
2024,2,総務費,7,国土調査費,1,地籍調査費,地籍調査関係経費,,,22,0,,,地籍調査関係経費,使用料・借上料,,856680,R6決算書p28
2024,2,総務費,7,国土調査費,1,地籍調査費,地籍調査関係経費,,,23,1,,,地籍調査関係経費,使用料・借上料,コピーリース料,580800,R6決算書p28
2024,2,総務費,7,国土調査費,1,地籍調査費,地籍調査関係経費,,,23,1,,,地籍調査関係経費,使用料・借上料,国調支援システムリース料,275880,R6決算書p28
2024,2,総務費,7,国土調査費,1,地籍調査費,地籍調査関係経費,,,22,0,,,地籍調査関係経費,負担金,,31000,R6決算書p28
2024,2,総務費,7,国土調査費,1,地籍調査費,地籍調査関係経費,,,23,1,,,地籍調査関係経費,負担金,地籍調査協会負担金,31000,R6決算書p28
2024,2,総務費,7,国土調査費,1,地籍調査費,一般職員人事管理経費（地籍調査）,,,0,0,,,,,,12851102,R6決算書p28
2024,2,総務費,7,国土調査費,1,地籍調査費,一般職員人事管理経費（地籍調査）,,,21,0,,,一般職員人事管理経費（地籍調査）,,,12851102,R6決算書p28
2024,2,総務費,7,国土調査費,1,地籍調査費,一般職員人事管理経費（地籍調査）,,,22,0,,,一般職員人事管理経費（地籍調査）,職員給料,,6916800,R6決算書p28
2024,2,総務費,7,国土調査費,1,地籍調査費,一般職員人事管理経費（地籍調査）,,,23,1,,,一般職員人事管理経費（地籍調査）,職員給料,一般職員給料,6916800,R6決算書p28
2024,2,総務費,7,国土調査費,1,地籍調査費,一般職員人事管理経費（地籍調査）,,,22,0,,,一般職員人事管理経費（地籍調査）,職員手当等,,3833890,R6決算書p28
2024,2,総務費,7,国土調査費,1,地籍調査費,一般職員人事管理経費（地籍調査）,,,23,1,,,一般職員人事管理経費（地籍調査）,職員手当等,扶養手当,318000,R6決算書p28
2024,2,総務費,7,国土調査費,1,地籍調査費,一般職員人事管理経費（地籍調査）,,,23,1,,,一般職員人事管理経費（地籍調査）,職員手当等,住居手当,214000,R6決算書p28
2024,2,総務費,7,国土調査費,1,地籍調査費,一般職員人事管理経費（地籍調査）,,,23,1,,,一般職員人事管理経費（地籍調査）,職員手当等,通勤手当,44000,R6決算書p28
2024,2,総務費,7,国土調査費,1,地籍調査費,一般職員人事管理経費（地籍調査）,,,23,1,,,一般職員人事管理経費（地籍調査）,職員手当等,時間外勤務手当,36736,R6決算書p28
2024,2,総務費,7,国土調査費,1,地籍調査費,一般職員人事管理経費（地籍調査）,,,23,1,,,一般職員人事管理経費（地籍調査）,職員手当等,児童手当,240000,R6決算書p28
2024,2,総務費,7,国土調査費,1,地籍調査費,一般職員人事管理経費（地籍調査）,,,23,1,,,一般職員人事管理経費（地籍調査）,職員手当等,期末手当,1545149,R6決算書p28
2024,2,総務費,7,国土調査費,1,地籍調査費,一般職員人事管理経費（地籍調査）,,,23,1,,,一般職員人事管理経費（地籍調査）,職員手当等,勤勉手当,1286405,R6決算書p28
2024,2,総務費,7,国土調査費,1,地籍調査費,一般職員人事管理経費（地籍調査）,,,23,1,,,一般職員人事管理経費（地籍調査）,職員手当等,寒冷地手当,149600,R6決算書p28
2024,2,総務費,7,国土調査費,1,地籍調査費,一般職員人事管理経費（地籍調査）,,,22,0,,,一般職員人事管理経費（地籍調査）,一般職共済費,,2100412,R6決算書p28
2024,2,総務費,7,国土調査費,1,地籍調査費,一般職員人事管理経費（地籍調査）,,,23,1,,,一般職員人事管理経費（地籍調査）,一般職共済費,地方公務員共済組合等負担金,2100412,R6決算書p29
2024,6,農林水産業費,1,農業費,1,農業委員会費,農業委員会運営経費,,,0,0,,,,,,3204122,R6決算書p41
2024,6,農林水産業費,1,農業費,1,農業委員会費,農業委員会運営経費,,,21,0,,,農業委員会運営経費,,,3204122,R6決算書p41
2024,6,農林水産業費,1,農業費,1,農業委員会費,農業委員会運営経費,,,22,0,,,農業委員会運営経費,委員報酬,,2940335,R6決算書p41
2024,6,農林水産業費,1,農業費,1,農業委員会費,農業委員会運営経費,,,23,1,,,農業委員会運営経費,委員報酬,農業委員報酬,1708000,R6決算書p41
2024,6,農林水産業費,1,農業費,1,農業委員会費,農業委員会運営経費,,,23,1,,,農業委員会運営経費,委員報酬,農地利用最適化推進委員報酬,438000,R6決算書p41
2024,6,農林水産業費,1,農業費,1,農業委員会費,農業委員会運営経費,,,23,1,,,農業委員会運営経費,委員報酬,農地利用状況調査員報酬,360790,R6決算書p41
2024,6,農林水産業費,1,農業費,1,農業委員会費,農業委員会運営経費,,,23,1,,,農業委員会運営経費,委員報酬,機構集積支援事業報酬,433545,R6決算書p41
2024,6,農林水産業費,1,農業費,1,農業委員会費,農業委員会運営経費,,,22,0,,,農業委員会運営経費,職員旅費,,43600,R6決算書p41
2024,6,農林水産業費,1,農業費,1,農業委員会費,農業委員会運営経費,,,23,1,,,農業委員会運営経費,職員旅費,職員旅費,43600,R6決算書p41
2024,6,農林水産業費,1,農業費,1,農業委員会費,農業委員会運営経費,,,22,0,,,農業委員会運営経費,委員旅費,,16220,R6決算書p41
2024,6,農林水産業費,1,農業費,1,農業委員会費,農業委員会運営経費,,,23,1,,,農業委員会運営経費,委員旅費,委員旅費,16220,R6決算書p41
2024,6,農林水産業費,1,農業費,1,農業委員会費,農業委員会運営経費,,,22,0,,,農業委員会運営経費,消耗品,,91301,R6決算書p41
2024,6,農林水産業費,1,農業費,1,農業委員会費,農業委員会運営経費,,,23,1,,,農業委員会運営経費,消耗品,消耗品,52261,R6決算書p41
2024,6,農林水産業費,1,農業費,1,農業委員会費,農業委員会運営経費,,,23,1,,,農業委員会運営経費,消耗品,図書購入費,39040,R6決算書p41
2024,6,農林水産業費,1,農業費,1,農業委員会費,農業委員会運営経費,,,22,0,,,農業委員会運営経費,通信運搬費,,22666,R6決算書p41
2024,6,農林水産業費,1,農業費,1,農業委員会費,農業委員会運営経費,,,23,1,,,農業委員会運営経費,通信運搬費,郵便料,22666,R6決算書p41
2024,6,農林水産業費,1,農業費,1,農業委員会費,農業委員会運営経費,,,22,0,,,農業委員会運営経費,損害保険料,,9000,R6決算書p41
2024,6,農林水産業費,1,農業費,1,農業委員会費,農業委員会運営経費,,,23,1,,,農業委員会運営経費,損害保険料,農業委員会公務災害保険料,9000,R6決算書p41
2024,6,農林水産業費,1,農業費,1,農業委員会費,農業委員会運営経費,,,22,0,,,農業委員会運営経費,負担金,,81000,R6決算書p41
2024,6,農林水産業費,1,農業費,1,農業委員会費,農業委員会運営経費,,,23,1,,,農業委員会運営経費,負担金,飯伊農業委員会協議会負担金,13000,R6決算書p41
2024,6,農林水産業費,1,農業費,1,農業委員会費,農業委員会運営経費,,,23,1,,,農業委員会運営経費,負担金,長野県農業会議負担金,37500,R6決算書p41
2024,6,農林水産業費,1,農業費,1,農業委員会費,農業委員会運営経費,,,23,1,,,農業委員会運営経費,負担金,研修会負担金,30500,R6決算書p41
2024,6,農林水産業費,1,農業費,2,農業総務費,農業総務一般経費,,,0,0,,,,,,314137,R6決算書p41
2024,6,農林水産業費,1,農業費,2,農業総務費,農業総務一般経費,,,21,0,,,農業総務一般経費,,,314137,R6決算書p41
2024,6,農林水産業費,1,農業費,2,農業総務費,農業総務一般経費,,,22,0,,,農業総務一般経費,職員旅費,,31600,R6決算書p41
2024,6,農林水産業費,1,農業費,2,農業総務費,農業総務一般経費,,,23,1,,,農業総務一般経費,職員旅費,職員旅費,31600,R6決算書p41
2024,6,農林水産業費,1,農業費,2,農業総務費,農業総務一般経費,,,22,0,,,農業総務一般経費,消耗品,,17600,R6決算書p41
2024,6,農林水産業費,1,農業費,2,農業総務費,農業総務一般経費,,,23,1,,,農業総務一般経費,消耗品,図書購入費,17600,R6決算書p41
2024,6,農林水産業費,1,農業費,2,農業総務費,農業総務一般経費,,,22,0,,,農業総務一般経費,燃料費,,96501,R6決算書p41
2024,6,農林水産業費,1,農業費,2,農業総務費,農業総務一般経費,,,23,1,,,農業総務一般経費,燃料費,公用車燃料費,96501,R6決算書p42
2024,6,農林水産業費,1,農業費,2,農業総務費,農業総務一般経費,,,22,0,,,農業総務一般経費,修繕費,,71236,R6決算書p42
2024,6,農林水産業費,1,農業費,2,農業総務費,農業総務一般経費,,,23,1,,,農業総務一般経費,修繕費,公用車修繕費,71236,R6決算書p42
2024,6,農林水産業費,1,農業費,2,農業総務費,農業総務一般経費,,,22,0,,,農業総務一般経費,手数料,,19340,R6決算書p42
2024,6,農林水産業費,1,農業費,2,農業総務費,農業総務一般経費,,,23,1,,,農業総務一般経費,手数料,公用車車検点検料,19340,R6決算書p42
2024,6,農林水産業費,1,農業費,2,農業総務費,農業総務一般経費,,,22,0,,,農業総務一般経費,損害保険料,,14990,R6決算書p42
2024,6,農林水産業費,1,農業費,2,農業総務費,農業総務一般経費,,,23,1,,,農業総務一般経費,損害保険料,公用車共済保険料,14990,R6決算書p42
2024,6,農林水産業費,1,農業費,2,農業総務費,農業総務一般経費,,,22,0,,,農業総務一般経費,負担金,,54670,R6決算書p42
2024,6,農林水産業費,1,農業費,2,農業総務費,農業総務一般経費,,,23,1,,,農業総務一般経費,負担金,飯伊農業振興協議会負担金,16000,R6決算書p42
2024,6,農林水産業費,1,農業費,2,農業総務費,農業総務一般経費,,,23,1,,,農業総務一般経費,負担金,伊那谷アグリイノベーション推進機構負担金,20000,R6決算書p42
2024,6,農林水産業費,1,農業費,2,農業総務費,農業総務一般経費,,,23,1,,,農業総務一般経費,負担金,南信州・担い手就農プロデュース負担金,18670,R6決算書p42
2024,6,農林水産業費,1,農業費,2,農業総務費,農業総務一般経費,,,22,0,,,農業総務一般経費,重量税,,8200,R6決算書p42
2024,6,農林水産業費,1,農業費,2,農業総務費,農業総務一般経費,,,23,1,,,農業総務一般経費,重量税,公用車重量税,8200,R6決算書p42
2024,6,農林水産業費,1,農業費,2,農業総務費,一般職人事管理経費（農務）,,,0,0,,,,,,21637179,R6決算書p42
2024,6,農林水産業費,1,農業費,2,農業総務費,一般職人事管理経費（農務）,,,21,0,,,一般職人事管理経費（農務）,,,21637179,R6決算書p42
2024,6,農林水産業費,1,農業費,2,農業総務費,一般職人事管理経費（農務）,,,22,0,,,一般職人事管理経費（農務）,職員給料,,10790400,R6決算書p42
2024,6,農林水産業費,1,農業費,2,農業総務費,一般職人事管理経費（農務）,,,23,1,,,一般職人事管理経費（農務）,職員給料,一般職員給料,10790400,R6決算書p42
2024,6,農林水産業費,1,農業費,2,農業総務費,一般職人事管理経費（農務）,,,22,0,,,一般職人事管理経費（農務）,職員手当等,,7493906,R6決算書p42
2024,6,農林水産業費,1,農業費,2,農業総務費,一般職人事管理経費（農務）,,,23,1,,,一般職人事管理経費（農務）,職員手当等,扶養手当,954000,R6決算書p42
2024,6,農林水産業費,1,農業費,2,農業総務費,一般職人事管理経費（農務）,,,23,1,,,一般職人事管理経費（農務）,職員手当等,住居手当,258000,R6決算書p42
2024,6,農林水産業費,1,農業費,2,農業総務費,一般職人事管理経費（農務）,,,23,1,,,一般職人事管理経費（農務）,職員手当等,通勤手当,48000,R6決算書p42
2024,6,農林水産業費,1,農業費,2,農業総務費,一般職人事管理経費（農務）,,,23,1,,,一般職人事管理経費（農務）,職員手当等,時間外勤務手当,171200,R6決算書p42
2024,6,農林水産業費,1,農業費,2,農業総務費,一般職人事管理経費（農務）,,,23,1,,,一般職人事管理経費（農務）,職員手当等,児童手当,900000,R6決算書p42
2024,6,農林水産業費,1,農業費,2,農業総務費,一般職人事管理経費（農務）,,,23,1,,,一般職人事管理経費（農務）,職員手当等,管理職手当,240000,R6決算書p42
2024,6,農林水産業費,1,農業費,2,農業総務費,一般職人事管理経費（農務）,,,23,1,,,一般職人事管理経費（農務）,職員手当等,期末手当,2566309,R6決算書p42
2024,6,農林水産業費,1,農業費,2,農業総務費,一般職人事管理経費（農務）,,,23,1,,,一般職人事管理経費（農務）,職員手当等,勤勉手当,2059397,R6決算書p42
2024,6,農林水産業費,1,農業費,2,農業総務費,一般職人事管理経費（農務）,,,23,1,,,一般職人事管理経費（農務）,職員手当等,寒冷地手当,297000,R6決算書p42
2024,6,農林水産業費,1,農業費,2,農業総務費,一般職人事管理経費（農務）,,,22,0,,,一般職人事管理経費（農務）,一般職共済費,,3352873,R6決算書p42
2024,6,農林水産業費,1,農業費,2,農業総務費,一般職人事管理経費（農務）,,,23,1,,,一般職人事管理経費（農務）,一般職共済費,地方公務員共済組合等負担金,3352873,R6決算書p42
2024,6,農林水産業費,1,農業費,3,農業振興費,農業振興一般経費,,,0,0,,,,,,29171799,R6決算書p42
2024,6,農林水産業費,1,農業費,3,農業振興費,農業振興一般経費,,,21,0,,,農業振興一般経費,,,29171799,R6決算書p42
2024,6,農林水産業費,1,農業費,3,農業振興費,農業振興一般経費,,,22,0,,,農業振興一般経費,委員報酬,,73100,R6決算書p42
2024,6,農林水産業費,1,農業費,3,農業振興費,農業振興一般経費,,,23,1,,,農業振興一般経費,委員報酬,地域計画策定委員報酬,51600,R6決算書p42
2024,6,農林水産業費,1,農業費,3,農業振興費,農業振興一般経費,,,23,1,,,農業振興一般経費,委員報酬,認定農業者審査会報酬,21500,R6決算書p42
2024,6,農林水産業費,1,農業費,3,農業振興費,農業振興一般経費,,,22,0,,,農業振興一般経費,消耗品,,689803,R6決算書p42
2024,6,農林水産業費,1,農業費,3,農業振興費,農業振興一般経費,,,23,1,,,農業振興一般経費,消耗品,消耗品,689803,R6決算書p42
2024,6,農林水産業費,1,農業費,3,農業振興費,農業振興一般経費,,,22,0,,,農業振興一般経費,光熱水費,,2877114,R6決算書p42
2024,6,農林水産業費,1,農業費,3,農業振興費,農業振興一般経費,,,23,1,,,農業振興一般経費,光熱水費,水道料,176358,R6決算書p42
2024,6,農林水産業費,1,農業費,3,農業振興費,農業振興一般経費,,,23,1,,,農業振興一般経費,光熱水費,電気料（農業施設）,2583267,R6決算書p42
2024,6,農林水産業費,1,農業費,3,農業振興費,農業振興一般経費,,,23,1,,,農業振興一般経費,光熱水費,ガス代,117489,R6決算書p42
2024,6,農林水産業費,1,農業費,3,農業振興費,農業振興一般経費,,,22,0,,,農業振興一般経費,修繕費,,839660,R6決算書p42
2024,6,農林水産業費,1,農業費,3,農業振興費,農業振興一般経費,,,23,1,,,農業振興一般経費,修繕費,塩の里施設修繕費,839660,R6決算書p42
2024,6,農林水産業費,1,農業費,3,農業振興費,農業振興一般経費,,,22,0,,,農業振興一般経費,通信運搬費,,122690,R6決算書p42
2024,6,農林水産業費,1,農業費,3,農業振興費,農業振興一般経費,,,23,1,,,農業振興一般経費,通信運搬費,郵便料,13870,R6決算書p42
2024,6,農林水産業費,1,農業費,3,農業振興費,農業振興一般経費,,,23,1,,,農業振興一般経費,通信運搬費,情報通信接続料,108820,R6決算書p42
2024,6,農林水産業費,1,農業費,3,農業振興費,農業振興一般経費,,,22,0,,,農業振興一般経費,手数料,,101700,R6決算書p42
2024,6,農林水産業費,1,農業費,3,農業振興費,農業振興一般経費,,,23,1,,,農業振興一般経費,手数料,消防施設点検料,34100,R6決算書p42
2024,6,農林水産業費,1,農業費,3,農業振興費,農業振興一般経費,,,23,1,,,農業振興一般経費,手数料,遊具検査手数料,44000,R6決算書p42
2024,6,農林水産業費,1,農業費,3,農業振興費,農業振興一般経費,,,23,1,,,農業振興一般経費,手数料,合併処理浄化槽検査手数料,18000,R6決算書p42
2024,6,農林水産業費,1,農業費,3,農業振興費,農業振興一般経費,,,23,1,,,農業振興一般経費,手数料,計量器検定手数料,5600,R6決算書p42
2024,6,農林水産業費,1,農業費,3,農業振興費,農業振興一般経費,,,22,0,,,農業振興一般経費,損害保険料,,292891,R6決算書p42
2024,6,農林水産業費,1,農業費,3,農業振興費,農業振興一般経費,,,23,1,,,農業振興一般経費,損害保険料,村有建物災害共済保険料,284391,R6決算書p42
2024,6,農林水産業費,1,農業費,3,農業振興費,農業振興一般経費,,,23,1,,,農業振興一般経費,損害保険料,食品営業賠償共済保険料,8500,R6決算書p42
2024,6,農林水産業費,1,農業費,3,農業振興費,農業振興一般経費,,,22,0,,,農業振興一般経費,保守管理委託料,,3716520,R6決算書p43
2024,6,農林水産業費,1,農業費,3,農業振興費,農業振興一般経費,,,23,1,,,農業振興一般経費,保守管理委託料,農産物加工直売施設機器保守管理委託料,562100,R6決算書p43
2024,6,農林水産業費,1,農業費,3,農業振興費,農業振興一般経費,,,23,1,,,農業振興一般経費,保守管理委託料,合併浄化槽保守管理委託料,204600,R6決算書p43
2024,6,農林水産業費,1,農業費,3,農業振興費,農業振興一般経費,,,23,1,,,農業振興一般経費,保守管理委託料,塩の里施設管理（村委託分）委託料,2949820,R6決算書p43
2024,6,農林水産業費,1,農業費,3,農業振興費,農業振興一般経費,,,22,0,,,農業振興一般経費,業務委託料,,1210000,R6決算書p43
2024,6,農林水産業費,1,農業費,3,農業振興費,農業振興一般経費,,,23,1,,,農業振興一般経費,業務委託料,データ整備委託料,1210000,R6決算書p43
2024,6,農林水産業費,1,農業費,3,農業振興費,農業振興一般経費,,,22,0,,,農業振興一般経費,使用料・借上料,,95040,R6決算書p43
2024,6,農林水産業費,1,農業費,3,農業振興費,農業振興一般経費,,,23,1,,,農業振興一般経費,使用料・借上料,事務用機器リース料,95040,R6決算書p43
2024,6,農林水産業費,1,農業費,3,農業振興費,農業振興一般経費,,,22,0,,,農業振興一般経費,敷地料,,263905,R6決算書p43
2024,6,農林水産業費,1,農業費,3,農業振興費,農業振興一般経費,,,23,1,,,農業振興一般経費,敷地料,農の拠点敷地料,263905,R6決算書p43
2024,6,農林水産業費,1,農業費,3,農業振興費,農業振興一般経費,,,22,0,,,農業振興一般経費,単独事業,,324500,R6決算書p43
2024,6,農林水産業費,1,農業費,3,農業振興費,農業振興一般経費,,,23,1,,,農業振興一般経費,単独事業,農業施設整備工事,324500,R6決算書p43
2024,6,農林水産業費,1,農業費,3,農業振興費,農業振興一般経費,,,22,0,,,農業振興一般経費,備品購入費,,64160,R6決算書p43
2024,6,農林水産業費,1,農業費,3,農業振興費,農業振興一般経費,,,23,1,,,農業振興一般経費,備品購入費,農産物加工直売施設備品購入費,64160,R6決算書p43
2024,6,農林水産業費,1,農業費,3,農業振興費,農業振興一般経費,,,22,0,,,農業振興一般経費,負担金,,13500,R6決算書p43
2024,6,農林水産業費,1,農業費,3,農業振興費,農業振興一般経費,,,23,1,,,農業振興一般経費,負担金,食品衛生協会負担金,13500,R6決算書p43
2024,6,農林水産業費,1,農業費,3,農業振興費,農業振興一般経費,,,22,0,,,農業振興一般経費,補助金,,18487216,R6決算書p43
2024,6,農林水産業費,1,農業費,3,農業振興費,農業振興一般経費,,,23,1,,,農業振興一般経費,補助金,獣害防止施設設置補助金,9748000,R6決算書p43
2024,6,農林水産業費,1,農業費,3,農業振興費,農業振興一般経費,,,23,1,,,農業振興一般経費,補助金,ふるさと保全活動補助金,44386,R6決算書p43
2024,6,農林水産業費,1,農業費,3,農業振興費,農業振興一般経費,,,23,1,,,農業振興一般経費,補助金,産業文化祭補助金,200000,R6決算書p43
2024,6,農林水産業費,1,農業費,3,農業振興費,農業振興一般経費,,,23,1,,,農業振興一般経費,補助金,大豆価格安定事業補助金,23570,R6決算書p43
2024,6,農林水産業費,1,農業費,3,農業振興費,農業振興一般経費,,,23,1,,,農業振興一般経費,補助金,燃料価格高騰緊急支援事業補助金,1635000,R6決算書p43
2024,6,農林水産業費,1,農業費,3,農業振興費,農業振興一般経費,,,23,1,,,農業振興一般経費,補助金,遊休農地対策事業補助金,1037250,R6決算書p43
2024,6,農林水産業費,1,農業費,3,農業振興費,農業振興一般経費,,,23,1,,,農業振興一般経費,補助金,特産農産物生産振興補助金,522760,R6決算書p43
2024,6,農林水産業費,1,農業費,3,農業振興費,農業振興一般経費,,,23,1,,,農業振興一般経費,補助金,水田農業支援補助金,2126250,R6決算書p43
2024,6,農林水産業費,1,農業費,3,農業振興費,農業振興一般経費,,,23,1,,,農業振興一般経費,補助金,農業人材確保対策補助金,3150000,R6決算書p43
2024,6,農林水産業費,1,農業費,3,農業振興費,経営所得安定対策事業,,,0,0,,,,,,35262,R6決算書p43
2024,6,農林水産業費,1,農業費,3,農業振興費,経営所得安定対策事業,,,21,0,,,経営所得安定対策事業,,,35262,R6決算書p43
2024,6,農林水産業費,1,農業費,3,農業振興費,経営所得安定対策事業,,,22,0,,,経営所得安定対策事業,消耗品,,5922,R6決算書p43
2024,6,農林水産業費,1,農業費,3,農業振興費,経営所得安定対策事業,,,23,1,,,経営所得安定対策事業,消耗品,消耗品,5922,R6決算書p43
2024,6,農林水産業費,1,農業費,3,農業振興費,経営所得安定対策事業,,,22,0,,,経営所得安定対策事業,通信運搬費,,29340,R6決算書p43
2024,6,農林水産業費,1,農業費,3,農業振興費,経営所得安定対策事業,,,23,1,,,経営所得安定対策事業,通信運搬費,郵便料,29340,R6決算書p43
2024,6,農林水産業費,1,農業費,3,農業振興費,有害鳥獣駆除関係経費,,,0,0,,,,,,987650,R6決算書p43
2024,6,農林水産業費,1,農業費,3,農業振興費,有害鳥獣駆除関係経費,,,21,0,,,有害鳥獣駆除関係経費,,,987650,R6決算書p43
2024,6,農林水産業費,1,農業費,3,農業振興費,有害鳥獣駆除関係経費,,,22,0,,,有害鳥獣駆除関係経費,謝金,,35650,R6決算書p43
2024,6,農林水産業費,1,農業費,3,農業振興費,有害鳥獣駆除関係経費,,,23,1,,,有害鳥獣駆除関係経費,謝金,有害鳥獣駆除謝金,35650,R6決算書p43
2024,6,農林水産業費,1,農業費,3,農業振興費,有害鳥獣駆除関係経費,,,22,0,,,有害鳥獣駆除関係経費,買上金,,872000,R6決算書p43
2024,6,農林水産業費,1,農業費,3,農業振興費,有害鳥獣駆除関係経費,,,23,1,,,有害鳥獣駆除関係経費,買上金,有害鳥獣駆除報償,872000,R6決算書p43
2024,6,農林水産業費,1,農業費,3,農業振興費,有害鳥獣駆除関係経費,,,22,0,,,有害鳥獣駆除関係経費,保守管理委託料,,80000,R6決算書p43
2024,6,農林水産業費,1,農業費,3,農業振興費,有害鳥獣駆除関係経費,,,23,1,,,有害鳥獣駆除関係経費,保守管理委託料,有害鳥獣捕獲檻管理委託料,80000,R6決算書p43
2024,6,農林水産業費,1,農業費,3,農業振興費,地域ブランド推進事業,,,0,0,,,,,,2372643,R6決算書p43
2024,6,農林水産業費,1,農業費,3,農業振興費,地域ブランド推進事業,,,21,0,,,地域ブランド推進事業,,,2372643,R6決算書p43
2024,6,農林水産業費,1,農業費,3,農業振興費,地域ブランド推進事業,,,22,0,,,地域ブランド推進事業,委員報酬,,8600,R6決算書p43
2024,6,農林水産業費,1,農業費,3,農業振興費,地域ブランド推進事業,,,23,1,,,地域ブランド推進事業,委員報酬,地域ブランド協議会報酬,8600,R6決算書p43
2024,6,農林水産業費,1,農業費,3,農業振興費,地域ブランド推進事業,,,22,0,,,地域ブランド推進事業,謝金,,24000,R6決算書p43
2024,6,農林水産業費,1,農業費,3,農業振興費,地域ブランド推進事業,,,23,1,,,地域ブランド推進事業,謝金,運転謝礼,24000,R6決算書p43
2024,6,農林水産業費,1,農業費,3,農業振興費,地域ブランド推進事業,,,22,0,,,地域ブランド推進事業,職員旅費,,8000,R6決算書p43
2024,6,農林水産業費,1,農業費,3,農業振興費,地域ブランド推進事業,,,23,1,,,地域ブランド推進事業,職員旅費,職員旅費,8000,R6決算書p43
2024,6,農林水産業費,1,農業費,3,農業振興費,地域ブランド推進事業,,,22,0,,,地域ブランド推進事業,消耗品,,422543,R6決算書p43
2024,6,農林水産業費,1,農業費,3,農業振興費,地域ブランド推進事業,,,23,1,,,地域ブランド推進事業,消耗品,消耗品,422543,R6決算書p43
2024,6,農林水産業費,1,農業費,3,農業振興費,地域ブランド推進事業,,,22,0,,,地域ブランド推進事業,印刷製本費,,1064800,R6決算書p43
2024,6,農林水産業費,1,農業費,3,農業振興費,地域ブランド推進事業,,,23,1,,,地域ブランド推進事業,印刷製本費,ロゴマーク印刷費,1064800,R6決算書p43
2024,6,農林水産業費,1,農業費,3,農業振興費,地域ブランド推進事業,,,22,0,,,地域ブランド推進事業,使用料・借上料,,584700,R6決算書p43
2024,6,農林水産業費,1,農業費,3,農業振興費,地域ブランド推進事業,,,23,1,,,地域ブランド推進事業,使用料・借上料,物産展機材借上料,95150,R6決算書p43
2024,6,農林水産業費,1,農業費,3,農業振興費,地域ブランド推進事業,,,23,1,,,地域ブランド推進事業,使用料・借上料,駐車場使用料,13800,R6決算書p43
2024,6,農林水産業費,1,農業費,3,農業振興費,地域ブランド推進事業,,,23,1,,,地域ブランド推進事業,使用料・借上料,物産展会場使用料,475750,R6決算書p44
2024,6,農林水産業費,1,農業費,3,農業振興費,地域ブランド推進事業,,,22,0,,,地域ブランド推進事業,補助金,,260000,R6決算書p44
2024,6,農林水産業費,1,農業費,3,農業振興費,地域ブランド推進事業,,,23,1,,,地域ブランド推進事業,補助金,六次産業化等支援補助金,223000,R6決算書p44
2024,6,農林水産業費,1,農業費,3,農業振興費,地域ブランド推進事業,,,23,1,,,地域ブランド推進事業,補助金,お墨付き商品支援補助金,37000,R6決算書p44
2024,6,農林水産業費,1,農業費,3,農業振興費,営農支援センター運営費,,,0,0,,,,,,989995,R6決算書p44
2024,6,農林水産業費,1,農業費,3,農業振興費,営農支援センター運営費,,,21,0,,,営農支援センター運営費,,,989995,R6決算書p44
2024,6,農林水産業費,1,農業費,3,農業振興費,営農支援センター運営費,,,22,0,,,営農支援センター運営費,会計年度任用職員報酬,,989995,R6決算書p44
2024,6,農林水産業費,1,農業費,3,農業振興費,営農支援センター運営費,,,23,1,,,営農支援センター運営費,会計年度任用職員報酬,地域連携推進員報酬,989995,R6決算書p44
2024,6,農林水産業費,1,農業費,4,畜産業費,家畜診療施設運営経費,,,0,0,,,,,,1276682,R6決算書p44
2024,6,農林水産業費,1,農業費,4,畜産業費,家畜診療施設運営経費,,,21,0,,,家畜診療施設運営経費,,,1276682,R6決算書p44
2024,6,農林水産業費,1,農業費,4,畜産業費,家畜診療施設運営経費,,,22,0,,,家畜診療施設運営経費,消耗品,,48400,R6決算書p44
2024,6,農林水産業費,1,農業費,4,畜産業費,家畜診療施設運営経費,,,23,1,,,家畜診療施設運営経費,消耗品,消耗品,48400,R6決算書p44
2024,6,農林水産業費,1,農業費,4,畜産業費,家畜診療施設運営経費,,,22,0,,,家畜診療施設運営経費,燃料費,,180472,R6決算書p44
2024,6,農林水産業費,1,農業費,4,畜産業費,家畜診療施設運営経費,,,23,1,,,家畜診療施設運営経費,燃料費,家畜診療燃料費,180472,R6決算書p44
2024,6,農林水産業費,1,農業費,4,畜産業費,家畜診療施設運営経費,,,22,0,,,家畜診療施設運営経費,業務委託料,,1047810,R6決算書p44
2024,6,農林水産業費,1,農業費,4,畜産業費,家畜診療施設運営経費,,,23,1,,,家畜診療施設運営経費,業務委託料,家畜診療委託料,1040000,R6決算書p44
2024,6,農林水産業費,1,農業費,4,畜産業費,家畜診療施設運営経費,,,23,1,,,家畜診療施設運営経費,業務委託料,家畜診療廃棄物処理委託,7810,R6決算書p44
2024,6,農林水産業費,1,農業費,5,畜産振興費,畜産振興経費,,,0,0,,,,,,159123,R6決算書p44
2024,6,農林水産業費,1,農業費,5,畜産振興費,畜産振興経費,,,21,0,,,畜産振興経費,,,159123,R6決算書p44
2024,6,農林水産業費,1,農業費,5,畜産振興費,畜産振興経費,,,22,0,,,畜産振興経費,消耗品,,24923,R6決算書p44
2024,6,農林水産業費,1,農業費,5,畜産振興費,畜産振興経費,,,23,1,,,畜産振興経費,消耗品,消耗品,24923,R6決算書p44
2024,6,農林水産業費,1,農業費,5,畜産振興費,畜産振興経費,,,22,0,,,畜産振興経費,単独事業,,134200,R6決算書p44
2024,6,農林水産業費,1,農業費,5,畜産振興費,畜産振興経費,,,23,1,,,畜産振興経費,単独事業,牧場施設整備工事,134200,R6決算書p44
2024,6,農林水産業費,1,農業費,6,農地費,農地費一般経費,,,0,0,,,,,,1745219,R6決算書p44
2024,6,農林水産業費,1,農業費,6,農地費,農地費一般経費,,,21,0,,,農地費一般経費,,,1745219,R6決算書p44
2024,6,農林水産業費,1,農業費,6,農地費,農地費一般経費,,,22,0,,,農地費一般経費,委員報酬,,776000,R6決算書p44
2024,6,農林水産業費,1,農業費,6,農地費,農地費一般経費,,,23,1,,,農地費一般経費,委員報酬,地すべり防止区域管理報酬,776000,R6決算書p44
2024,6,農林水産業費,1,農業費,6,農地費,農地費一般経費,,,22,0,,,農地費一般経費,使用料・借上料,,105569,R6決算書p44
2024,6,農林水産業費,1,農業費,6,農地費,農地費一般経費,,,23,1,,,農地費一般経費,使用料・借上料,土地賃借料,105569,R6決算書p44
2024,6,農林水産業費,1,農業費,6,農地費,農地費一般経費,,,22,0,,,農地費一般経費,単独事業,,352000,R6決算書p44
2024,6,農林水産業費,1,農業費,6,農地費,農地費一般経費,,,23,1,,,農地費一般経費,単独事業,村単土地改良工事,352000,R6決算書p44
2024,6,農林水産業費,1,農業費,6,農地費,農地費一般経費,,,22,0,,,農地費一般経費,維持・修繕工事,,125000,R6決算書p44
2024,6,農林水産業費,1,農業費,6,農地費,農地費一般経費,,,23,1,,,農地費一般経費,維持・修繕工事,農地維持工事,125000,R6決算書p44
2024,6,農林水産業費,1,農業費,6,農地費,農地費一般経費,,,22,0,,,農地費一般経費,原材料費,,10450,R6決算書p44
2024,6,農林水産業費,1,農業費,6,農地費,農地費一般経費,,,23,1,,,農地費一般経費,原材料費,土地改良用資材代,10450,R6決算書p44
2024,6,農林水産業費,1,農業費,6,農地費,農地費一般経費,,,22,0,,,農地費一般経費,負担金,,4200,R6決算書p44
2024,6,農林水産業費,1,農業費,6,農地費,農地費一般経費,,,23,1,,,農地費一般経費,負担金,長土連市町村割賦課金,4200,R6決算書p44
2024,6,農林水産業費,1,農業費,6,農地費,農地費一般経費,,,22,0,,,農地費一般経費,補助金,,372000,R6決算書p44
2024,6,農林水産業費,1,農業費,6,農地費,農地費一般経費,,,23,1,,,農地費一般経費,補助金,農業用井水維持修繕補助金,372000,R6決算書p44
2024,6,農林水産業費,1,農業費,7,農業振興地域整備促進事業費,農業振興地域整備促進事業,,,0,0,,,,,,55900,R6決算書p44
2024,6,農林水産業費,1,農業費,7,農業振興地域整備促進事業費,農業振興地域整備促進事業,,,21,0,,,農業振興地域整備促進事業,,,55900,R6決算書p44
2024,6,農林水産業費,1,農業費,7,農業振興地域整備促進事業費,農業振興地域整備促進事業,,,22,0,,,農業振興地域整備促進事業,委員報酬,,55900,R6決算書p44
2024,6,農林水産業費,1,農業費,7,農業振興地域整備促進事業費,農業振興地域整備促進事業,,,23,1,,,農業振興地域整備促進事業,委員報酬,農振整備促進協議会報酬,55900,R6決算書p44
2024,6,農林水産業費,1,農業費,21,日本型直接支払事業,日本型直接支払制度,,,0,0,,,,,,4568440,R6決算書p45
2024,6,農林水産業費,1,農業費,21,日本型直接支払事業,日本型直接支払制度,,,21,0,,,日本型直接支払制度,,,4568440,R6決算書p45
2024,6,農林水産業費,1,農業費,21,日本型直接支払事業,日本型直接支払制度,,,22,0,,,日本型直接支払制度,会計年度任用職員報酬,,227510,R6決算書p45
2024,6,農林水産業費,1,農業費,21,日本型直接支払事業,日本型直接支払制度,,,23,1,,,日本型直接支払制度,会計年度任用職員報酬,中山間地域直接支払報酬,139390,R6決算書p45
2024,6,農林水産業費,1,農業費,21,日本型直接支払事業,日本型直接支払制度,,,23,1,,,日本型直接支払制度,会計年度任用職員報酬,多面的機能支払報酬,88120,R6決算書p45
2024,6,農林水産業費,1,農業費,21,日本型直接支払事業,日本型直接支払制度,,,22,0,,,日本型直接支払制度,交付金,,4340930,R6決算書p45
2024,6,農林水産業費,1,農業費,21,日本型直接支払事業,日本型直接支払制度,,,23,1,,,日本型直接支払制度,交付金,中山間地域等直接支払交付金,3097862,R6決算書p45
2024,6,農林水産業費,1,農業費,21,日本型直接支払事業,日本型直接支払制度,,,23,1,,,日本型直接支払制度,交付金,多面的機能支払交付金,1243068,R6決算書p45
2024,6,農林水産業費,1,農業費,22,集落支援事業,集落支援事業,,,0,0,,,,,,4779410,R6決算書p45
2024,6,農林水産業費,1,農業費,22,集落支援事業,集落支援事業,,,21,0,,,集落支援事業,,,4779410,R6決算書p45
2024,6,農林水産業費,1,農業費,22,集落支援事業,集落支援事業,,,22,0,,,集落支援事業,会計年度任用職員報酬,,3282953,R6決算書p45
2024,6,農林水産業費,1,農業費,22,集落支援事業,集落支援事業,,,23,1,,,集落支援事業,会計年度任用職員報酬,会計年度任用職員1号報酬,3282953,R6決算書p45
2024,6,農林水産業費,1,農業費,22,集落支援事業,集落支援事業,,,22,0,,,集落支援事業,会計年度任用職員手当,,998773,R6決算書p45
2024,6,農林水産業費,1,農業費,22,集落支援事業,集落支援事業,,,23,1,,,集落支援事業,会計年度任用職員手当,期末手当（1号）,643631,R6決算書p45
2024,6,農林水産業費,1,農業費,22,集落支援事業,集落支援事業,,,23,1,,,集落支援事業,会計年度任用職員手当,通勤手当,50400,R6決算書p45
2024,6,農林水産業費,1,農業費,22,集落支援事業,集落支援事業,,,23,1,,,集落支援事業,会計年度任用職員手当,時間外勤務手当,304742,R6決算書p45
2024,6,農林水産業費,1,農業費,22,集落支援事業,集落支援事業,,,22,0,,,集落支援事業,燃料費,,70584,R6決算書p45
2024,6,農林水産業費,1,農業費,22,集落支援事業,集落支援事業,,,23,1,,,集落支援事業,燃料費,公用車燃料代,70584,R6決算書p45
2024,6,農林水産業費,1,農業費,22,集落支援事業,集落支援事業,,,22,0,,,集落支援事業,手数料,,10560,R6決算書p45
2024,6,農林水産業費,1,農業費,22,集落支援事業,集落支援事業,,,23,1,,,集落支援事業,手数料,公用車車検点検料,10560,R6決算書p45
2024,6,農林水産業費,1,農業費,22,集落支援事業,集落支援事業,,,22,0,,,集落支援事業,損害保険料,,19220,R6決算書p45
2024,6,農林水産業費,1,農業費,22,集落支援事業,集落支援事業,,,23,1,,,集落支援事業,損害保険料,公用車共済保険料,19220,R6決算書p45
2024,6,農林水産業費,1,農業費,22,集落支援事業,集落支援事業,,,22,0,,,集落支援事業,使用料・借上料,,397320,R6決算書p45
2024,6,農林水産業費,1,農業費,22,集落支援事業,集落支援事業,,,23,1,,,集落支援事業,使用料・借上料,自動車リース料,397320,R6決算書p45
2024,6,農林水産業費,2,林業費,1,林業総務費,林業総務一般経費,,,0,0,,,,,,1549620,R6決算書p45
2024,6,農林水産業費,2,林業費,1,林業総務費,林業総務一般経費,,,21,0,,,林業総務一般経費,,,1549620,R6決算書p45
2024,6,農林水産業費,2,林業費,1,林業総務費,林業総務一般経費,,,22,0,,,林業総務一般経費,委員報酬,,18600,R6決算書p45
2024,6,農林水産業費,2,林業費,1,林業総務費,林業総務一般経費,,,23,1,,,林業総務一般経費,委員報酬,林務委員報酬,18600,R6決算書p45
2024,6,農林水産業費,2,林業費,1,林業総務費,林業総務一般経費,,,22,0,,,林業総務一般経費,負担金,,1076020,R6決算書p45
2024,6,農林水産業費,2,林業費,1,林業総務費,林業総務一般経費,,,23,1,,,林業総務一般経費,負担金,下伊那地区分収造林協議会負担金,60220,R6決算書p45
2024,6,農林水産業費,2,林業費,1,林業総務費,林業総務一般経費,,,23,1,,,林業総務一般経費,負担金,南信州特用林産振興会負担金,10000,R6決算書p45
2024,6,農林水産業費,2,林業費,1,林業総務費,林業総務一般経費,,,23,1,,,林業総務一般経費,負担金,下伊那山林協会負担金,964800,R6決算書p45
2024,6,農林水産業費,2,林業費,1,林業総務費,林業総務一般経費,,,23,1,,,林業総務一般経費,負担金,飯伊林業活性化協議会負担金,28000,R6決算書p45
2024,6,農林水産業費,2,林業費,1,林業総務費,林業総務一般経費,,,23,1,,,林業総務一般経費,負担金,長野県林業職員協会負担金,3000,R6決算書p45
2024,6,農林水産業費,2,林業費,1,林業総務費,林業総務一般経費,,,23,1,,,林業総務一般経費,負担金,長野県森林保全協議会負担金,10000,R6決算書p45
2024,6,農林水産業費,2,林業費,1,林業総務費,林業総務一般経費,,,22,0,,,林業総務一般経費,補助金,,455000,R6決算書p45
2024,6,農林水産業費,2,林業費,1,林業総務費,林業総務一般経費,,,23,1,,,林業総務一般経費,補助金,木質バイオマス普及促進補助金,455000,R6決算書p45
2024,6,農林水産業費,2,林業費,1,林業総務費,一般職人事管理経費（林務）,,,0,0,,,,,,8053559,R6決算書p45
2024,6,農林水産業費,2,林業費,1,林業総務費,一般職人事管理経費（林務）,,,21,0,,,一般職人事管理経費（林務）,,,8053559,R6決算書p45
2024,6,農林水産業費,2,林業費,1,林業総務費,一般職人事管理経費（林務）,,,22,0,,,一般職人事管理経費（林務）,職員給料,,4138500,R6決算書p45
2024,6,農林水産業費,2,林業費,1,林業総務費,一般職人事管理経費（林務）,,,23,1,,,一般職人事管理経費（林務）,職員給料,一般職員給料,4138500,R6決算書p45
2024,6,農林水産業費,2,林業費,1,林業総務費,一般職人事管理経費（林務）,,,22,0,,,一般職人事管理経費（林務）,職員手当等,,2490968,R6決算書p45
2024,6,農林水産業費,2,林業費,1,林業総務費,一般職人事管理経費（林務）,,,23,1,,,一般職人事管理経費（林務）,職員手当等,扶養手当,300000,R6決算書p46
2024,6,農林水産業費,2,林業費,1,林業総務費,一般職人事管理経費（林務）,,,23,1,,,一般職人事管理経費（林務）,職員手当等,住居手当,27500,R6決算書p46
2024,6,農林水産業費,2,林業費,1,林業総務費,一般職人事管理経費（林務）,,,23,1,,,一般職人事管理経費（林務）,職員手当等,通勤手当,18700,R6決算書p46
2024,6,農林水産業費,2,林業費,1,林業総務費,一般職人事管理経費（林務）,,,23,1,,,一般職人事管理経費（林務）,職員手当等,時間外勤務手当,172350,R6決算書p46
2024,6,農林水産業費,2,林業費,1,林業総務費,一般職人事管理経費（林務）,,,23,1,,,一般職人事管理経費（林務）,職員手当等,児童手当,120000,R6決算書p46
2024,6,農林水産業費,2,林業費,1,林業総務費,一般職人事管理経費（林務）,,,23,1,,,一般職人事管理経費（林務）,職員手当等,期末手当,966812,R6決算書p46
2024,6,農林水産業費,2,林業費,1,林業総務費,一般職人事管理経費（林務）,,,23,1,,,一般職人事管理経費（林務）,職員手当等,勤勉手当,786606,R6決算書p46
2024,6,農林水産業費,2,林業費,1,林業総務費,一般職人事管理経費（林務）,,,23,1,,,一般職人事管理経費（林務）,職員手当等,寒冷地手当,99000,R6決算書p46
2024,6,農林水産業費,2,林業費,1,林業総務費,一般職人事管理経費（林務）,,,22,0,,,一般職人事管理経費（林務）,一般職共済費,,1424091,R6決算書p46
2024,6,農林水産業費,2,林業費,1,林業総務費,一般職人事管理経費（林務）,,,23,1,,,一般職人事管理経費（林務）,一般職共済費,地方公務員共済組合等負担金,1424091,R6決算書p46
2024,6,農林水産業費,2,林業費,2,林業振興費,林業振興一般経費,,,0,0,,,,,,9145164,R6決算書p46
2024,6,農林水産業費,2,林業費,2,林業振興費,林業振興一般経費,,,21,0,,,林業振興一般経費,,,9145164,R6決算書p46
2024,6,農林水産業費,2,林業費,2,林業振興費,林業振興一般経費,,,22,0,,,林業振興一般経費,委員報酬,,99000,R6決算書p46
2024,6,農林水産業費,2,林業費,2,林業振興費,林業振興一般経費,,,23,1,,,林業振興一般経費,委員報酬,林野地すべり防止区域管理報酬,99000,R6決算書p46
2024,6,農林水産業費,2,林業費,2,林業振興費,林業振興一般経費,,,22,0,,,林業振興一般経費,職員旅費,,59600,R6決算書p46
2024,6,農林水産業費,2,林業費,2,林業振興費,林業振興一般経費,,,23,1,,,林業振興一般経費,職員旅費,職員旅費,59600,R6決算書p46
2024,6,農林水産業費,2,林業費,2,林業振興費,林業振興一般経費,,,22,0,,,林業振興一般経費,消耗品,,52590,R6決算書p46
2024,6,農林水産業費,2,林業費,2,林業振興費,林業振興一般経費,,,23,1,,,林業振興一般経費,消耗品,消耗品,51600,R6決算書p46
2024,6,農林水産業費,2,林業費,2,林業振興費,林業振興一般経費,,,23,1,,,林業振興一般経費,消耗品,木工館消耗品,990,R6決算書p46
2024,6,農林水産業費,2,林業費,2,林業振興費,林業振興一般経費,,,22,0,,,林業振興一般経費,光熱水費,,379805,R6決算書p46
2024,6,農林水産業費,2,林業費,2,林業振興費,林業振興一般経費,,,23,1,,,林業振興一般経費,光熱水費,電気料,355186,R6決算書p46
2024,6,農林水産業費,2,林業費,2,林業振興費,林業振興一般経費,,,23,1,,,林業振興一般経費,光熱水費,ガス代,24619,R6決算書p46
2024,6,農林水産業費,2,林業費,2,林業振興費,林業振興一般経費,,,22,0,,,林業振興一般経費,修繕費,,141625,R6決算書p46
2024,6,農林水産業費,2,林業費,2,林業振興費,林業振興一般経費,,,23,1,,,林業振興一般経費,修繕費,機械修繕費,141625,R6決算書p46
2024,6,農林水産業費,2,林業費,2,林業振興費,林業振興一般経費,,,22,0,,,林業振興一般経費,通信運搬費,,81649,R6決算書p46
2024,6,農林水産業費,2,林業費,2,林業振興費,林業振興一般経費,,,23,1,,,林業振興一般経費,通信運搬費,情報通信接続料,81649,R6決算書p46
2024,6,農林水産業費,2,林業費,2,林業振興費,林業振興一般経費,,,22,0,,,林業振興一般経費,手数料,,24195,R6決算書p46
2024,6,農林水産業費,2,林業費,2,林業振興費,林業振興一般経費,,,23,1,,,林業振興一般経費,手数料,合併浄化槽検査手数料,5000,R6決算書p46
2024,6,農林水産業費,2,林業費,2,林業振興費,林業振興一般経費,,,23,1,,,林業振興一般経費,手数料,目立料,19195,R6決算書p46
2024,6,農林水産業費,2,林業費,2,林業振興費,林業振興一般経費,,,22,0,,,林業振興一般経費,保守管理委託料,,50600,R6決算書p46
2024,6,農林水産業費,2,林業費,2,林業振興費,林業振興一般経費,,,23,1,,,林業振興一般経費,保守管理委託料,合併浄化槽保守管理委託料,50600,R6決算書p46
2024,6,農林水産業費,2,林業費,2,林業振興費,林業振興一般経費,,,22,0,,,林業振興一般経費,業務委託料,,3244000,R6決算書p46
2024,6,農林水産業費,2,林業費,2,林業振興費,林業振興一般経費,,,23,1,,,林業振興一般経費,業務委託料,製材委託料,1353000,R6決算書p46
2024,6,農林水産業費,2,林業費,2,林業振興費,林業振興一般経費,,,23,1,,,林業振興一般経費,業務委託料,木工館管理運営委託料,1891000,R6決算書p46
2024,6,農林水産業費,2,林業費,2,林業振興費,林業振興一般経費,,,22,0,,,林業振興一般経費,補助事業,,924000,R6決算書p46
2024,6,農林水産業費,2,林業費,2,林業振興費,林業振興一般経費,,,23,1,,,林業振興一般経費,補助事業,松くい虫対策事業,924000,R6決算書p46
2024,6,農林水産業費,2,林業費,2,林業振興費,林業振興一般経費,,,22,0,,,林業振興一般経費,単独事業,,4048000,R6決算書p46
2024,6,農林水産業費,2,林業費,2,林業振興費,林業振興一般経費,,,23,1,,,林業振興一般経費,単独事業,木工館整備事業,1375000,R6決算書p46
2024,6,農林水産業費,2,林業費,2,林業振興費,林業振興一般経費,,,23,1,,,林業振興一般経費,単独事業,森林税活用事業,2673000,R6決算書p46
2024,6,農林水産業費,2,林業費,2,林業振興費,林業振興一般経費,,,22,0,,,林業振興一般経費,負担金,,40100,R6決算書p46
2024,6,農林水産業費,2,林業費,2,林業振興費,林業振興一般経費,,,23,1,,,林業振興一般経費,負担金,飯伊森林組合賦課金,40100,R6決算書p46
2024,6,農林水産業費,2,林業費,2,林業振興費,有害鳥獣駆除関係経費,,,0,0,,,,,,7056750,R6決算書p46
2024,6,農林水産業費,2,林業費,2,林業振興費,有害鳥獣駆除関係経費,,,21,0,,,有害鳥獣駆除関係経費,,,7056750,R6決算書p46
2024,6,農林水産業費,2,林業費,2,林業振興費,有害鳥獣駆除関係経費,,,22,0,,,有害鳥獣駆除関係経費,委員報酬,,38700,R6決算書p46
2024,6,農林水産業費,2,林業費,2,林業振興費,有害鳥獣駆除関係経費,,,23,1,,,有害鳥獣駆除関係経費,委員報酬,有害鳥獣駆除協議会報酬,38700,R6決算書p46
2024,6,農林水産業費,2,林業費,2,林業振興費,有害鳥獣駆除関係経費,,,22,0,,,有害鳥獣駆除関係経費,謝金,,749300,R6決算書p46
2024,6,農林水産業費,2,林業費,2,林業振興費,有害鳥獣駆除関係経費,,,23,1,,,有害鳥獣駆除関係経費,謝金,有害鳥獣駆除謝金,749300,R6決算書p46
2024,6,農林水産業費,2,林業費,2,林業振興費,有害鳥獣駆除関係経費,,,22,0,,,有害鳥獣駆除関係経費,買上金,,5905000,R6決算書p46
2024,6,農林水産業費,2,林業費,2,林業振興費,有害鳥獣駆除関係経費,,,23,1,,,有害鳥獣駆除関係経費,買上金,有害鳥獣駆除報償,5905000,R6決算書p46
2024,6,農林水産業費,2,林業費,2,林業振興費,有害鳥獣駆除関係経費,,,22,0,,,有害鳥獣駆除関係経費,消耗品,,330000,R6決算書p46
2024,6,農林水産業費,2,林業費,2,林業振興費,有害鳥獣駆除関係経費,,,23,1,,,有害鳥獣駆除関係経費,消耗品,鳥獣害防止対策事業経費,330000,R6決算書p46
2024,6,農林水産業費,2,林業費,2,林業振興費,有害鳥獣駆除関係経費,,,22,0,,,有害鳥獣駆除関係経費,損害保険料,,33750,R6決算書p46
2024,6,農林水産業費,2,林業費,2,林業振興費,有害鳥獣駆除関係経費,,,23,1,,,有害鳥獣駆除関係経費,損害保険料,有害鳥獣駆除傷害保険料,33750,R6決算書p46
2024,6,農林水産業費,2,林業費,3,林道費,林道事業経費,,,0,0,,,,,,70165331,R6決算書p46
2024,6,農林水産業費,2,林業費,3,林道費,林道事業経費,,,21,0,,,林道事業経費,,,70165331,R6決算書p47
2024,6,農林水産業費,2,林業費,3,林道費,林道事業経費,,,22,0,,,林道事業経費,消耗品,,19184,R6決算書p47
2024,6,農林水産業費,2,林業費,3,林道費,林道事業経費,,,23,1,,,林道事業経費,消耗品,消耗品,19184,R6決算書p47
2024,6,農林水産業費,2,林業費,3,林道費,林道事業経費,,,22,0,,,林道事業経費,燃料費,,110722,R6決算書p47
2024,6,農林水産業費,2,林業費,3,林道費,林道事業経費,,,23,1,,,林道事業経費,燃料費,公用車燃料費,110722,R6決算書p47
2024,6,農林水産業費,2,林業費,3,林道費,林道事業経費,,,22,0,,,林道事業経費,修繕費,,80751,R6決算書p47
2024,6,農林水産業費,2,林業費,3,林道費,林道事業経費,,,23,1,,,林道事業経費,修繕費,公用車修繕費,80751,R6決算書p47
2024,6,農林水産業費,2,林業費,3,林道費,林道事業経費,,,22,0,,,林道事業経費,手数料,,19340,R6決算書p47
2024,6,農林水産業費,2,林業費,3,林道費,林道事業経費,,,23,1,,,林道事業経費,手数料,公用車車検点検料,19340,R6決算書p47
2024,6,農林水産業費,2,林業費,3,林道費,林道事業経費,,,22,0,,,林道事業経費,損害保険料,,14990,R6決算書p47
2024,6,農林水産業費,2,林業費,3,林道費,林道事業経費,,,23,1,,,林道事業経費,損害保険料,公用車共済保険料,14990,R6決算書p47
2024,6,農林水産業費,2,林業費,3,林道費,林道事業経費,,,22,0,,,林道事業経費,業務委託料,,1674200,R6決算書p47
2024,6,農林水産業費,2,林業費,3,林道費,林道事業経費,,,23,1,,,林道事業経費,業務委託料,伐開委託料,1674200,R6決算書p47
2024,6,農林水産業費,2,林業費,3,林道費,林道事業経費,,,22,0,,,林道事業経費,調査・設計・監理委託料,,5643000,R6決算書p47
2024,6,農林水産業費,2,林業費,3,林道費,林道事業経費,,,23,1,,,林道事業経費,調査・設計・監理委託料,補助事業設計・監理委託料,5643000,R6決算書p47
2024,6,農林水産業費,2,林業費,3,林道費,林道事業経費,,,22,0,,,林道事業経費,単独事業,,36300000,R6決算書p47
2024,6,農林水産業費,2,林業費,3,林道費,林道事業経費,,,23,1,,,林道事業経費,単独事業,林道開設・改良・舗装工事,7843000,R6決算書p47
2024,6,農林水産業費,2,林業費,3,林道費,林道事業経費,,,23,1,,,林道事業経費,単独事業,林道開設改良舗装工事（明許繰越）,28457000,R6決算書p47
2024,6,農林水産業費,2,林業費,3,林道費,林道事業経費,,,22,0,,,林道事業経費,維持・修繕工事,,26054600,R6決算書p47
2024,6,農林水産業費,2,林業費,3,林道費,林道事業経費,,,23,1,,,林道事業経費,維持・修繕工事,林道維持工事,21544600,R6決算書p47
2024,6,農林水産業費,2,林業費,3,林道費,林道事業経費,,,23,1,,,林道事業経費,維持・修繕工事,林道維持工事（明許繰越）,4510000,R6決算書p47
2024,6,農林水産業費,2,林業費,3,林道費,林道事業経費,,,22,0,,,林道事業経費,補償料,,241944,R6決算書p47
2024,6,農林水産業費,2,林業費,3,林道費,林道事業経費,,,23,1,,,林道事業経費,補償料,工事立木補償料,171944,R6決算書p47
2024,6,農林水産業費,2,林業費,3,林道費,林道事業経費,,,23,1,,,林道事業経費,補償料,電柱移転補償料,70000,R6決算書p47
2024,6,農林水産業費,2,林業費,3,林道費,林道事業経費,,,22,0,,,林道事業経費,重量税,,6600,R6決算書p47
2024,6,農林水産業費,2,林業費,3,林道費,林道事業経費,,,23,1,,,林道事業経費,重量税,公用車重量税,6600,R6決算書p47
2024,6,農林水産業費,2,林業費,4,造林費,造林事業,,,0,0,,,,,,4611597,R6決算書p47
2024,6,農林水産業費,2,林業費,4,造林費,造林事業,,,21,0,,,造林事業,,,4611597,R6決算書p47
2024,6,農林水産業費,2,林業費,4,造林費,造林事業,,,22,0,,,造林事業,負担金,,4611597,R6決算書p47
2024,6,農林水産業費,2,林業費,4,造林費,造林事業,,,23,1,,,造林事業,負担金,森林組合事業負担金,4611597,R6決算書p47
2024,6,農林水産業費,2,林業費,6,森林整備センター受託事業費,森林整備センター受託事業費,,,0,0,,,,,,517000,R6決算書p47
2024,6,農林水産業費,2,林業費,6,森林整備センター受託事業費,森林整備センター受託事業費,,,21,0,,,森林整備センター受託事業費,,,517000,R6決算書p47
2024,6,農林水産業費,2,林業費,6,森林整備センター受託事業費,森林整備センター受託事業費,,,22,0,,,森林整備センター受託事業費,業務委託料,,517000,R6決算書p47
2024,6,農林水産業費,2,林業費,6,森林整備センター受託事業費,森林整備センター受託事業費,,,23,1,,,森林整備センター受託事業費,業務委託料,水源林造成受託事業委託料,517000,R6決算書p47
2024,6,農林水産業費,2,林業費,10,森林環境譲与税活用費,森林環境譲与税活用事業,,,0,0,,,,,,17936000,R6決算書p47
2024,6,農林水産業費,2,林業費,10,森林環境譲与税活用費,森林環境譲与税活用事業,,,21,0,,,森林環境譲与税活用事業,,,17936000,R6決算書p47
2024,6,農林水産業費,2,林業費,10,森林環境譲与税活用費,森林環境譲与税活用事業,,,22,0,,,森林環境譲与税活用事業,業務委託料,,14927000,R6決算書p47
2024,6,農林水産業費,2,林業費,10,森林環境譲与税活用費,森林環境譲与税活用事業,,,23,1,,,森林環境譲与税活用事業,業務委託料,森林境界図作成委託料（繰越明許分）,13090000,R6決算書p47
2024,6,農林水産業費,2,林業費,10,森林環境譲与税活用費,森林環境譲与税活用事業,,,23,1,,,森林環境譲与税活用事業,業務委託料,森林境界情報システム作成委託料,198000,R6決算書p47
2024,6,農林水産業費,2,林業費,10,森林環境譲与税活用費,森林環境譲与税活用事業,,,23,1,,,森林環境譲与税活用事業,業務委託料,林地台帳整備業務委託料,1639000,R6決算書p47
2024,6,農林水産業費,2,林業費,10,森林環境譲与税活用費,森林環境譲与税活用事業,,,22,0,,,森林環境譲与税活用事業,単独事業,,1760000,R6決算書p47
2024,6,農林水産業費,2,林業費,10,森林環境譲与税活用費,森林環境譲与税活用事業,,,23,1,,,森林環境譲与税活用事業,単独事業,森林環境整備事業,1760000,R6決算書p47
2024,6,農林水産業費,2,林業費,10,森林環境譲与税活用費,森林環境譲与税活用事業,,,22,0,,,森林環境譲与税活用事業,補助金,,1249000,R6決算書p47
2024,6,農林水産業費,2,林業費,10,森林環境譲与税活用費,森林環境譲与税活用事業,,,23,1,,,森林環境譲与税活用事業,補助金,高性能林業機械導入推進事業補助金,1249000,R6決算書p47
2024,7,商工費,1,商工費,1,商工総務費,商工総務一般経費,,,0,0,,,,,,935100,R6決算書p48
2024,7,商工費,1,商工費,1,商工総務費,商工総務一般経費,,,21,0,,,商工総務一般経費,,,935100,R6決算書p48
2024,7,商工費,1,商工費,1,商工総務費,商工総務一般経費,,,22,0,,,商工総務一般経費,負担金,,435100,R6決算書p48
2024,7,商工費,1,商工費,1,商工総務費,商工総務一般経費,,,23,1,,,商工総務一般経費,負担金,飯田職業安定協会負担金,2000,R6決算書p48
2024,7,商工費,1,商工費,1,商工総務費,商工総務一般経費,,,23,1,,,商工総務一般経費,負担金,飯田勤労者共済会負担金,44100,R6決算書p48
2024,7,商工費,1,商工費,1,商工総務費,商工総務一般経費,,,23,1,,,商工総務一般経費,負担金,商工会負担金,3000,R6決算書p48
2024,7,商工費,1,商工費,1,商工総務費,商工総務一般経費,,,23,1,,,商工総務一般経費,負担金,産業振興の拠点関係負担金,386000,R6決算書p48
2024,7,商工費,1,商工費,1,商工総務費,商工総務一般経費,,,22,0,,,商工総務一般経費,補助金,,500000,R6決算書p48
2024,7,商工費,1,商工費,1,商工総務費,商工総務一般経費,,,23,1,,,商工総務一般経費,補助金,信州大学航空機システム共同研究講座コンソーシアム補助金,500000,R6決算書p48
2024,7,商工費,1,商工費,1,商工総務費,一般職人事管理経費（商工）,,,0,0,,,,,,11719464,R6決算書p48
2024,7,商工費,1,商工費,1,商工総務費,一般職人事管理経費（商工）,,,21,0,,,一般職人事管理経費（商工）,,,11719464,R6決算書p48
2024,7,商工費,1,商工費,1,商工総務費,一般職人事管理経費（商工）,,,22,0,,,一般職人事管理経費（商工）,職員給料,,6258900,R6決算書p48
2024,7,商工費,1,商工費,1,商工総務費,一般職人事管理経費（商工）,,,23,1,,,一般職人事管理経費（商工）,職員給料,一般職員給料,6258900,R6決算書p48
2024,7,商工費,1,商工費,1,商工総務費,一般職人事管理経費（商工）,,,22,0,,,一般職人事管理経費（商工）,職員手当等,,3785318,R6決算書p48
2024,7,商工費,1,商工費,1,商工総務費,一般職人事管理経費（商工）,,,23,1,,,一般職人事管理経費（商工）,職員手当等,住居手当,48000,R6決算書p48
2024,7,商工費,1,商工費,1,商工総務費,一般職人事管理経費（商工）,,,23,1,,,一般職人事管理経費（商工）,職員手当等,通勤手当,213600,R6決算書p48
2024,7,商工費,1,商工費,1,商工総務費,一般職人事管理経費（商工）,,,23,1,,,一般職人事管理経費（商工）,職員手当等,時間外勤務手当,916196,R6決算書p48
2024,7,商工費,1,商工費,1,商工総務費,一般職人事管理経費（商工）,,,23,1,,,一般職人事管理経費（商工）,職員手当等,期末手当,1333549,R6決算書p48
2024,7,商工費,1,商工費,1,商工総務費,一般職人事管理経費（商工）,,,23,1,,,一般職人事管理経費（商工）,職員手当等,勤勉手当,1159973,R6決算書p48
2024,7,商工費,1,商工費,1,商工総務費,一般職人事管理経費（商工）,,,23,1,,,一般職人事管理経費（商工）,職員手当等,寒冷地手当,114000,R6決算書p48
2024,7,商工費,1,商工費,1,商工総務費,一般職人事管理経費（商工）,,,22,0,,,一般職人事管理経費（商工）,一般職共済費,,1675246,R6決算書p48
2024,7,商工費,1,商工費,1,商工総務費,一般職人事管理経費（商工）,,,23,1,,,一般職人事管理経費（商工）,一般職共済費,地方公務員共済組合等負担金,1675246,R6決算書p48
2024,7,商工費,1,商工費,2,商工振興費,商工振興一般経費,,,0,0,,,,,,26590314,R6決算書p48
2024,7,商工費,1,商工費,2,商工振興費,商工振興一般経費,,,21,0,,,商工振興一般経費,,,26590314,R6決算書p48
2024,7,商工費,1,商工費,2,商工振興費,商工振興一般経費,,,22,0,,,商工振興一般経費,会計年度任用職員報酬,,1089540,R6決算書p48
2024,7,商工費,1,商工費,2,商工振興費,商工振興一般経費,,,23,1,,,商工振興一般経費,会計年度任用職員報酬,代替職員報酬,1089540,R6決算書p48
2024,7,商工費,1,商工費,2,商工振興費,商工振興一般経費,,,22,0,,,商工振興一般経費,会計年度任用職員手当,,37674,R6決算書p48
2024,7,商工費,1,商工費,2,商工振興費,商工振興一般経費,,,23,1,,,商工振興一般経費,会計年度任用職員手当,通勤手当,37674,R6決算書p48
2024,7,商工費,1,商工費,2,商工振興費,商工振興一般経費,,,22,0,,,商工振興一般経費,謝金,,600000,R6決算書p48
2024,7,商工費,1,商工費,2,商工振興費,商工振興一般経費,,,23,1,,,商工振興一般経費,謝金,就職祝金,600000,R6決算書p48
2024,7,商工費,1,商工費,2,商工振興費,商工振興一般経費,,,22,0,,,商工振興一般経費,費用弁償,,71490,R6決算書p48
2024,7,商工費,1,商工費,2,商工振興費,商工振興一般経費,,,23,1,,,商工振興一般経費,費用弁償,支援員旅費,71490,R6決算書p48
2024,7,商工費,1,商工費,2,商工振興費,商工振興一般経費,,,22,0,,,商工振興一般経費,光熱水費,,150224,R6決算書p48
2024,7,商工費,1,商工費,2,商工振興費,商工振興一般経費,,,23,1,,,商工振興一般経費,光熱水費,電気料（街路灯）,150224,R6決算書p48
2024,7,商工費,1,商工費,2,商工振興費,商工振興一般経費,,,22,0,,,商工振興一般経費,損害保険料,,18802,R6決算書p48
2024,7,商工費,1,商工費,2,商工振興費,商工振興一般経費,,,23,1,,,商工振興一般経費,損害保険料,村有建物災害共済保険料,18802,R6決算書p48
2024,7,商工費,1,商工費,2,商工振興費,商工振興一般経費,,,22,0,,,商工振興一般経費,敷地料,,211824,R6決算書p48
2024,7,商工費,1,商工費,2,商工振興費,商工振興一般経費,,,23,1,,,商工振興一般経費,敷地料,過疎対策工場敷地料,211824,R6決算書p48
2024,7,商工費,1,商工費,2,商工振興費,商工振興一般経費,,,22,0,,,商工振興一般経費,補助金,,23715485,R6決算書p48
2024,7,商工費,1,商工費,2,商工振興費,商工振興一般経費,,,23,1,,,商工振興一般経費,補助金,商工振興事業補助金,12293220,R6決算書p48
2024,7,商工費,1,商工費,2,商工振興費,商工振興一般経費,,,23,1,,,商工振興一般経費,補助金,商工関係資金利子補給金（不況対策）,169435,R6決算書p48
2024,7,商工費,1,商工費,2,商工振興費,商工振興一般経費,,,23,1,,,商工振興一般経費,補助金,商工業事業継続補助金,7835180,R6決算書p48
2024,7,商工費,1,商工費,2,商工振興費,商工振興一般経費,,,23,1,,,商工振興一般経費,補助金,商品券等発行事業補助金,3116550,R6決算書p48
2024,7,商工費,1,商工費,2,商工振興費,商工振興一般経費,,,23,1,,,商工振興一般経費,補助金,共同購入事業補助金,301100,R6決算書p48
2024,7,商工費,1,商工費,2,商工振興費,商工振興一般経費,,,22,0,,,商工振興一般経費,保証料,,695275,R6決算書p48
2024,7,商工費,1,商工費,2,商工振興費,商工振興一般経費,,,23,1,,,商工振興一般経費,保証料,信用保証協会保証料,695275,R6決算書p48
2024,7,商工費,1,商工費,3,観光費,観光一般経費,,,0,0,,,,,,67796392,R6決算書p49
2024,7,商工費,1,商工費,3,観光費,観光一般経費,,,21,0,,,観光一般経費,,,67796392,R6決算書p49
2024,7,商工費,1,商工費,3,観光費,観光一般経費,,,22,0,,,観光一般経費,委員報酬,,308600,R6決算書p49
2024,7,商工費,1,商工費,3,観光費,観光一般経費,,,23,1,,,観光一般経費,委員報酬,観光施設検討委員報酬,21500,R6決算書p49
2024,7,商工費,1,商工費,3,観光費,観光一般経費,,,23,1,,,観光一般経費,委員報酬,活性化プロジェクト委員報酬,141900,R6決算書p49
2024,7,商工費,1,商工費,3,観光費,観光一般経費,,,23,1,,,観光一般経費,委員報酬,南アルプス(信州大鹿エリア)山岳環境保全・利用推進協議会委員報酬,17200,R6決算書p49
2024,7,商工費,1,商工費,3,観光費,観光一般経費,,,23,1,,,観光一般経費,委員報酬,分散型エネルギーインフラプロジェクト委員報酬,128000,R6決算書p49
2024,7,商工費,1,商工費,3,観光費,観光一般経費,,,22,0,,,観光一般経費,会計年度任用職員報酬,,600000,R6決算書p49
2024,7,商工費,1,商工費,3,観光費,観光一般経費,,,23,1,,,観光一般経費,会計年度任用職員報酬,観光施設管理報酬,600000,R6決算書p49
2024,7,商工費,1,商工費,3,観光費,観光一般経費,,,22,0,,,観光一般経費,謝金,,50000,R6決算書p49
2024,7,商工費,1,商工費,3,観光費,観光一般経費,,,23,1,,,観光一般経費,謝金,講師謝礼,50000,R6決算書p49
2024,7,商工費,1,商工費,3,観光費,観光一般経費,,,22,0,,,観光一般経費,職員旅費,,171000,R6決算書p49
2024,7,商工費,1,商工費,3,観光費,観光一般経費,,,23,1,,,観光一般経費,職員旅費,職員旅費,171000,R6決算書p49
2024,7,商工費,1,商工費,3,観光費,観光一般経費,,,22,0,,,観光一般経費,委員旅費,,16920,R6決算書p49
2024,7,商工費,1,商工費,3,観光費,観光一般経費,,,23,1,,,観光一般経費,委員旅費,分散型エネルギーインフラプロジェクト委員旅費,16920,R6決算書p49
2024,7,商工費,1,商工費,3,観光費,観光一般経費,,,22,0,,,観光一般経費,費用弁償,,693070,R6決算書p49
2024,7,商工費,1,商工費,3,観光費,観光一般経費,,,23,1,,,観光一般経費,費用弁償,イベント旅費,424900,R6決算書p49
2024,7,商工費,1,商工費,3,観光費,観光一般経費,,,23,1,,,観光一般経費,費用弁償,講師旅費,268170,R6決算書p49
2024,7,商工費,1,商工費,3,観光費,観光一般経費,,,22,0,,,観光一般経費,消耗品,,1459062,R6決算書p49
2024,7,商工費,1,商工費,3,観光費,観光一般経費,,,23,1,,,観光一般経費,消耗品,消耗品,1344835,R6決算書p49
2024,7,商工費,1,商工費,3,観光費,観光一般経費,,,23,1,,,観光一般経費,消耗品,都市との交流事業経費,114227,R6決算書p49
2024,7,商工費,1,商工費,3,観光費,観光一般経費,,,22,0,,,観光一般経費,燃料費,,198593,R6決算書p49
2024,7,商工費,1,商工費,3,観光費,観光一般経費,,,23,1,,,観光一般経費,燃料費,公用車燃料費,198593,R6決算書p49
2024,7,商工費,1,商工費,3,観光費,観光一般経費,,,22,0,,,観光一般経費,食糧費,,32600,R6決算書p49
2024,7,商工費,1,商工費,3,観光費,観光一般経費,,,23,1,,,観光一般経費,食糧費,食糧費,32600,R6決算書p49
2024,7,商工費,1,商工費,3,観光費,観光一般経費,,,22,0,,,観光一般経費,印刷製本費,,1004190,R6決算書p49
2024,7,商工費,1,商工費,3,観光費,観光一般経費,,,23,1,,,観光一般経費,印刷製本費,印刷製本費,1004190,R6決算書p49
2024,7,商工費,1,商工費,3,観光費,観光一般経費,,,22,0,,,観光一般経費,光熱水費,,7945969,R6決算書p49
2024,7,商工費,1,商工費,3,観光費,観光一般経費,,,23,1,,,観光一般経費,光熱水費,電気料（観光施設）,7492872,R6決算書p49
2024,7,商工費,1,商工費,3,観光費,観光一般経費,,,23,1,,,観光一般経費,光熱水費,水道料,453097,R6決算書p49
2024,7,商工費,1,商工費,3,観光費,観光一般経費,,,22,0,,,観光一般経費,修繕費,,3440338,R6決算書p49
2024,7,商工費,1,商工費,3,観光費,観光一般経費,,,23,1,,,観光一般経費,修繕費,観光施設修繕費,3224302,R6決算書p49
2024,7,商工費,1,商工費,3,観光費,観光一般経費,,,23,1,,,観光一般経費,修繕費,機械修繕費,184400,R6決算書p49
2024,7,商工費,1,商工費,3,観光費,観光一般経費,,,23,1,,,観光一般経費,修繕費,公用車修繕費,31636,R6決算書p49
2024,7,商工費,1,商工費,3,観光費,観光一般経費,,,22,0,,,観光一般経費,通信運搬費,,153936,R6決算書p49
2024,7,商工費,1,商工費,3,観光費,観光一般経費,,,23,1,,,観光一般経費,通信運搬費,テレビ受信料,43529,R6決算書p49
2024,7,商工費,1,商工費,3,観光費,観光一般経費,,,23,1,,,観光一般経費,通信運搬費,情報通信接続料,110407,R6決算書p49
2024,7,商工費,1,商工費,3,観光費,観光一般経費,,,22,0,,,観光一般経費,広告料,,75900,R6決算書p49
2024,7,商工費,1,商工費,3,観光費,観光一般経費,,,23,1,,,観光一般経費,広告料,広告料,75900,R6決算書p49
2024,7,商工費,1,商工費,3,観光費,観光一般経費,,,22,0,,,観光一般経費,手数料,,885288,R6決算書p49
2024,7,商工費,1,商工費,3,観光費,観光一般経費,,,23,1,,,観光一般経費,手数料,消防施設点検料,60500,R6決算書p49
2024,7,商工費,1,商工費,3,観光費,観光一般経費,,,23,1,,,観光一般経費,手数料,くみ取り料,361328,R6決算書p49
2024,7,商工費,1,商工費,3,観光費,観光一般経費,,,23,1,,,観光一般経費,手数料,遊具検査手数料,176000,R6決算書p49
2024,7,商工費,1,商工費,3,観光費,観光一般経費,,,23,1,,,観光一般経費,手数料,合併浄化槽検査手数料,36000,R6決算書p49
2024,7,商工費,1,商工費,3,観光費,観光一般経費,,,23,1,,,観光一般経費,手数料,廃棄物処理手数料,196900,R6決算書p49
2024,7,商工費,1,商工費,3,観光費,観光一般経費,,,23,1,,,観光一般経費,手数料,公用車車検点検料,10560,R6決算書p49
2024,7,商工費,1,商工費,3,観光費,観光一般経費,,,23,1,,,観光一般経費,手数料,自転車点検料,44000,R6決算書p49
2024,7,商工費,1,商工費,3,観光費,観光一般経費,,,22,0,,,観光一般経費,損害保険料,,340757,R6決算書p49
2024,7,商工費,1,商工費,3,観光費,観光一般経費,,,23,1,,,観光一般経費,損害保険料,村有建物災害共済保険料,305357,R6決算書p49
2024,7,商工費,1,商工費,3,観光費,観光一般経費,,,23,1,,,観光一般経費,損害保険料,公用車共済保険料,19400,R6決算書p49
2024,7,商工費,1,商工費,3,観光費,観光一般経費,,,23,1,,,観光一般経費,損害保険料,自転車保険料,16000,R6決算書p49
2024,7,商工費,1,商工費,3,観光費,観光一般経費,,,22,0,,,観光一般経費,保守管理委託料,,2035133,R6決算書p49
2024,7,商工費,1,商工費,3,観光費,観光一般経費,,,23,1,,,観光一般経費,保守管理委託料,合併浄化槽保守管理委託料,437250,R6決算書p49
2024,7,商工費,1,商工費,3,観光費,観光一般経費,,,23,1,,,観光一般経費,保守管理委託料,自動ドア管理委託料,257400,R6決算書p50
2024,7,商工費,1,商工費,3,観光費,観光一般経費,,,23,1,,,観光一般経費,保守管理委託料,観光施設管理（村委託分）委託料,992460,R6決算書p50
2024,7,商工費,1,商工費,3,観光費,観光一般経費,,,23,1,,,観光一般経費,保守管理委託料,電気施設保守委託料,245520,R6決算書p50
2024,7,商工費,1,商工費,3,観光費,観光一般経費,,,23,1,,,観光一般経費,保守管理委託料,受水槽保守管理委託料,76780,R6決算書p50
2024,7,商工費,1,商工費,3,観光費,観光一般経費,,,23,1,,,観光一般経費,保守管理委託料,プリンター保守管理委託料,25723,R6決算書p50
2024,7,商工費,1,商工費,3,観光費,観光一般経費,,,22,0,,,観光一般経費,検査委託料,,32527,R6決算書p50
2024,7,商工費,1,商工費,3,観光費,観光一般経費,,,23,1,,,観光一般経費,検査委託料,観光施設水質検査委託料,32527,R6決算書p50
2024,7,商工費,1,商工費,3,観光費,観光一般経費,,,22,0,,,観光一般経費,業務委託料,,4988596,R6決算書p50
2024,7,商工費,1,商工費,3,観光費,観光一般経費,,,23,1,,,観光一般経費,業務委託料,登山道確認委託料,135000,R6決算書p50
2024,7,商工費,1,商工費,3,観光費,観光一般経費,,,23,1,,,観光一般経費,業務委託料,地域観光促進業務委託料,1200000,R6決算書p50
2024,7,商工費,1,商工費,3,観光費,観光一般経費,,,23,1,,,観光一般経費,業務委託料,観光案内所運営委託料,3600000,R6決算書p50
2024,7,商工費,1,商工費,3,観光費,観光一般経費,,,23,1,,,観光一般経費,業務委託料,自転車管理業務委託料,12500,R6決算書p50
2024,7,商工費,1,商工費,3,観光費,観光一般経費,,,23,1,,,観光一般経費,業務委託料,登記事務委託料,41096,R6決算書p50
2024,7,商工費,1,商工費,3,観光費,観光一般経費,,,22,0,,,観光一般経費,調査・設計・監理委託料,,14432000,R6決算書p50
2024,7,商工費,1,商工費,3,観光費,観光一般経費,,,23,1,,,観光一般経費,調査・設計・監理委託料,観光施設設計・監理委託料,14432000,R6決算書p50
2024,7,商工費,1,商工費,3,観光費,観光一般経費,,,22,0,,,観光一般経費,使用料・借上料,,528344,R6決算書p50
2024,7,商工費,1,商工費,3,観光費,観光一般経費,,,23,1,,,観光一般経費,使用料・借上料,仮設トイレ借上料,293084,R6決算書p50
2024,7,商工費,1,商工費,3,観光費,観光一般経費,,,23,1,,,観光一般経費,使用料・借上料,駐車場使用料,30000,R6決算書p50
2024,7,商工費,1,商工費,3,観光費,観光一般経費,,,23,1,,,観光一般経費,使用料・借上料,事務機器リース料,205260,R6決算書p50
2024,7,商工費,1,商工費,3,観光費,観光一般経費,,,22,0,,,観光一般経費,敷地料,,698829,R6決算書p50
2024,7,商工費,1,商工費,3,観光費,観光一般経費,,,23,1,,,観光一般経費,敷地料,道の駅敷地料,610016,R6決算書p50
2024,7,商工費,1,商工費,3,観光費,観光一般経費,,,23,1,,,観光一般経費,敷地料,広河原小屋敷地料,3000,R6決算書p50
2024,7,商工費,1,商工費,3,観光費,観光一般経費,,,23,1,,,観光一般経費,敷地料,するぎ農園村敷地料,85813,R6決算書p50
2024,7,商工費,1,商工費,3,観光費,観光一般経費,,,22,0,,,観光一般経費,単独事業,,24988000,R6決算書p50
2024,7,商工費,1,商工費,3,観光費,観光一般経費,,,23,1,,,観光一般経費,単独事業,観光施設整備工事,21149000,R6決算書p50
2024,7,商工費,1,商工費,3,観光費,観光一般経費,,,23,1,,,観光一般経費,単独事業,観光施設改修工事,3839000,R6決算書p50
2024,7,商工費,1,商工費,3,観光費,観光一般経費,,,22,0,,,観光一般経費,加工材料費,,61880,R6決算書p50
2024,7,商工費,1,商工費,3,観光費,観光一般経費,,,23,1,,,観光一般経費,加工材料費,肥料代,61880,R6決算書p50
2024,7,商工費,1,商工費,3,観光費,観光一般経費,,,22,0,,,観光一般経費,備品購入費,,1772860,R6決算書p50
2024,7,商工費,1,商工費,3,観光費,観光一般経費,,,23,1,,,観光一般経費,備品購入費,事業用備品購入費,1756590,R6決算書p50
2024,7,商工費,1,商工費,3,観光費,観光一般経費,,,23,1,,,観光一般経費,備品購入費,消火器購入費,16270,R6決算書p50
2024,7,商工費,1,商工費,3,観光費,観光一般経費,,,22,0,,,観光一般経費,負担金,,304000,R6決算書p50
2024,7,商工費,1,商工費,3,観光費,観光一般経費,,,23,1,,,観光一般経費,負担金,日本さくらの会負担金,5000,R6決算書p50
2024,7,商工費,1,商工費,3,観光費,観光一般経費,,,23,1,,,観光一般経費,負担金,温泉協会協議会負担金,9000,R6決算書p50
2024,7,商工費,1,商工費,3,観光費,観光一般経費,,,23,1,,,観光一般経費,負担金,国有林観光施設協議会負担金,3000,R6決算書p50
2024,7,商工費,1,商工費,3,観光費,観光一般経費,,,23,1,,,観光一般経費,負担金,高山植物等保護対策協議会負担金,6000,R6決算書p50
2024,7,商工費,1,商工費,3,観光費,観光一般経費,,,23,1,,,観光一般経費,負担金,長野県観光情報提供システム負担金,10000,R6決算書p50
2024,7,商工費,1,商工費,3,観光費,観光一般経費,,,23,1,,,観光一般経費,負担金,信州・長野県観光協会負担金,48000,R6決算書p50
2024,7,商工費,1,商工費,3,観光費,観光一般経費,,,23,1,,,観光一般経費,負担金,南アルプス自然環境保全活用連携協議会負担金,100000,R6決算書p50
2024,7,商工費,1,商工費,3,観光費,観光一般経費,,,23,1,,,観光一般経費,負担金,観光協会負担金,9000,R6決算書p50
2024,7,商工費,1,商工費,3,観光費,観光一般経費,,,23,1,,,観光一般経費,負担金,中部ブロック道の駅連絡会負担金,70000,R6決算書p50
2024,7,商工費,1,商工費,3,観光費,観光一般経費,,,23,1,,,観光一般経費,負担金,道の駅EV運用負担金,44000,R6決算書p50
2024,7,商工費,1,商工費,3,観光費,観光一般経費,,,22,0,,,観光一般経費,補助金,,578000,R6決算書p50
2024,7,商工費,1,商工費,3,観光費,観光一般経費,,,23,1,,,観光一般経費,補助金,地域活性化事業補助金,278000,R6決算書p50
2024,7,商工費,1,商工費,3,観光費,観光一般経費,,,23,1,,,観光一般経費,補助金,さくら祭り補助金,300000,R6決算書p50
2024,7,商工費,1,商工費,3,観光費,臨時職員管理経費（観光）,,,0,0,,,,,,2622757,R6決算書p50
2024,7,商工費,1,商工費,3,観光費,臨時職員管理経費（観光）,,,21,0,,,臨時職員管理経費（観光）,,,2622757,R6決算書p50
2024,7,商工費,1,商工費,3,観光費,臨時職員管理経費（観光）,,,22,0,,,臨時職員管理経費（観光）,会計年度任用職員報酬,,2183220,R6決算書p50
2024,7,商工費,1,商工費,3,観光費,臨時職員管理経費（観光）,,,23,1,,,臨時職員管理経費（観光）,会計年度任用職員報酬,会計年度任用職員１号報酬,2183220,R6決算書p50
2024,7,商工費,1,商工費,3,観光費,臨時職員管理経費（観光）,,,22,0,,,臨時職員管理経費（観光）,会計年度任用職員手当,,439537,R6決算書p50
2024,7,商工費,1,商工費,3,観光費,臨時職員管理経費（観光）,,,23,1,,,臨時職員管理経費（観光）,会計年度任用職員手当,通勤手当（1号）,50400,R6決算書p50
2024,7,商工費,1,商工費,3,観光費,臨時職員管理経費（観光）,,,23,1,,,臨時職員管理経費（観光）,会計年度任用職員手当,期末手当（1号）,389137,R6決算書p50
2024,7,商工費,1,商工費,4,地域おこし協力隊事業,地域おこし協力隊事業,,,0,0,,,,,,3362331,R6決算書p50
2024,7,商工費,1,商工費,4,地域おこし協力隊事業,地域おこし協力隊事業,,,21,0,,,地域おこし協力隊事業,,,3362331,R6決算書p51
2024,7,商工費,1,商工費,4,地域おこし協力隊事業,地域おこし協力隊事業,,,22,0,,,地域おこし協力隊事業,会計年度任用職員報酬,,2221263,R6決算書p51
2024,7,商工費,1,商工費,4,地域おこし協力隊事業,地域おこし協力隊事業,,,23,1,,,地域おこし協力隊事業,会計年度任用職員報酬,地域おこし協力隊報酬,2221263,R6決算書p51
2024,7,商工費,1,商工費,4,地域おこし協力隊事業,地域おこし協力隊事業,,,22,0,,,地域おこし協力隊事業,費用弁償,,26000,R6決算書p51
2024,7,商工費,1,商工費,4,地域おこし協力隊事業,地域おこし協力隊事業,,,23,1,,,地域おこし協力隊事業,費用弁償,地域おこし協力隊旅費,26000,R6決算書p51
2024,7,商工費,1,商工費,4,地域おこし協力隊事業,地域おこし協力隊事業,,,22,0,,,地域おこし協力隊事業,消耗品,,129747,R6決算書p51
2024,7,商工費,1,商工費,4,地域おこし協力隊事業,地域おこし協力隊事業,,,23,1,,,地域おこし協力隊事業,消耗品,消耗品,129747,R6決算書p51
2024,7,商工費,1,商工費,4,地域おこし協力隊事業,地域おこし協力隊事業,,,22,0,,,地域おこし協力隊事業,燃料費,,33977,R6決算書p51
2024,7,商工費,1,商工費,4,地域おこし協力隊事業,地域おこし協力隊事業,,,23,1,,,地域おこし協力隊事業,燃料費,公用車燃料費,33977,R6決算書p51
2024,7,商工費,1,商工費,4,地域おこし協力隊事業,地域おこし協力隊事業,,,22,0,,,地域おこし協力隊事業,印刷製本費,,330000,R6決算書p51
2024,7,商工費,1,商工費,4,地域おこし協力隊事業,地域おこし協力隊事業,,,23,1,,,地域おこし協力隊事業,印刷製本費,協力隊新聞印刷費,330000,R6決算書p51
2024,7,商工費,1,商工費,4,地域おこし協力隊事業,地域おこし協力隊事業,,,22,0,,,地域おこし協力隊事業,手数料,,15554,R6決算書p51
2024,7,商工費,1,商工費,4,地域おこし協力隊事業,地域おこし協力隊事業,,,23,1,,,地域おこし協力隊事業,手数料,公用車車検点検料,15554,R6決算書p51
2024,7,商工費,1,商工費,4,地域おこし協力隊事業,地域おこし協力隊事業,,,22,0,,,地域おこし協力隊事業,損害保険料,,14990,R6決算書p51
2024,7,商工費,1,商工費,4,地域おこし協力隊事業,地域おこし協力隊事業,,,23,1,,,地域おこし協力隊事業,損害保険料,公用車共済保険料,14990,R6決算書p51
2024,7,商工費,1,商工費,4,地域おこし協力隊事業,地域おこし協力隊事業,,,22,0,,,地域おこし協力隊事業,使用料・借上料,,374000,R6決算書p51
2024,7,商工費,1,商工費,4,地域おこし協力隊事業,地域おこし協力隊事業,,,23,1,,,地域おこし協力隊事業,使用料・借上料,住居借上料,374000,R6決算書p51
2024,7,商工費,1,商工費,4,地域おこし協力隊事業,地域おこし協力隊事業,,,22,0,,,地域おこし協力隊事業,備品購入費,,195800,R6決算書p51
2024,7,商工費,1,商工費,4,地域おこし協力隊事業,地域おこし協力隊事業,,,23,1,,,地域おこし協力隊事業,備品購入費,事業用備品購入費,195800,R6決算書p51
2024,7,商工費,1,商工費,4,地域おこし協力隊事業,地域おこし協力隊事業,,,22,0,,,地域おこし協力隊事業,負担金,,21000,R6決算書p51
2024,7,商工費,1,商工費,4,地域おこし協力隊事業,地域おこし協力隊事業,,,23,1,,,地域おこし協力隊事業,負担金,地域おこし協力隊研修等負担金,21000,R6決算書p51
2024,7,商工費,1,商工費,5,集落支援事業,集落支援事業,,,0,0,,,,,,3680444,R6決算書p51
2024,7,商工費,1,商工費,5,集落支援事業,集落支援事業,,,21,0,,,集落支援事業,,,3680444,R6決算書p51
2024,7,商工費,1,商工費,5,集落支援事業,集落支援事業,,,22,0,,,集落支援事業,会計年度任用職員報酬,,2183220,R6決算書p51
2024,7,商工費,1,商工費,5,集落支援事業,集落支援事業,,,23,1,,,集落支援事業,会計年度任用職員報酬,会計年度任用職員1号報酬,2183220,R6決算書p51
2024,7,商工費,1,商工費,5,集落支援事業,集落支援事業,,,22,0,,,集落支援事業,会計年度任用職員手当,,388528,R6決算書p51
2024,7,商工費,1,商工費,5,集落支援事業,集落支援事業,,,23,1,,,集落支援事業,会計年度任用職員手当,期末手当（1号）,388528,R6決算書p51
2024,7,商工費,1,商工費,5,集落支援事業,集落支援事業,,,22,0,,,集落支援事業,消耗品,,27280,R6決算書p51
2024,7,商工費,1,商工費,5,集落支援事業,集落支援事業,,,23,1,,,集落支援事業,消耗品,消耗品,27280,R6決算書p51
2024,7,商工費,1,商工費,5,集落支援事業,集落支援事業,,,22,0,,,集落支援事業,燃料費,,52900,R6決算書p51
2024,7,商工費,1,商工費,5,集落支援事業,集落支援事業,,,23,1,,,集落支援事業,燃料費,公用車燃料代,52900,R6決算書p51
2024,7,商工費,1,商工費,5,集落支援事業,集落支援事業,,,22,0,,,集落支援事業,修繕費,,46236,R6決算書p51
2024,7,商工費,1,商工費,5,集落支援事業,集落支援事業,,,23,1,,,集落支援事業,修繕費,公用車修繕費,46236,R6決算書p51
2024,7,商工費,1,商工費,5,集落支援事業,集落支援事業,,,22,0,,,集落支援事業,手数料,,30120,R6決算書p51
2024,7,商工費,1,商工費,5,集落支援事業,集落支援事業,,,23,1,,,集落支援事業,手数料,公用車車検点検料,30120,R6決算書p51
2024,7,商工費,1,商工費,5,集落支援事業,集落支援事業,,,22,0,,,集落支援事業,損害保険料,,16880,R6決算書p51
2024,7,商工費,1,商工費,5,集落支援事業,集落支援事業,,,23,1,,,集落支援事業,損害保険料,公用車共済保険料,16880,R6決算書p51
2024,7,商工費,1,商工費,5,集落支援事業,集落支援事業,,,22,0,,,集落支援事業,使用料・借上料,,928680,R6決算書p51
2024,7,商工費,1,商工費,5,集落支援事業,集落支援事業,,,23,1,,,集落支援事業,使用料・借上料,事務用機器リース料,143880,R6決算書p51
2024,7,商工費,1,商工費,5,集落支援事業,集落支援事業,,,23,1,,,集落支援事業,使用料・借上料,施設使用料,600000,R6決算書p51
2024,7,商工費,1,商工費,5,集落支援事業,集落支援事業,,,23,1,,,集落支援事業,使用料・借上料,自動車リース料,184800,R6決算書p51
2024,7,商工費,1,商工費,5,集落支援事業,集落支援事業,,,22,0,,,集落支援事業,重量税,,6600,R6決算書p51
2024,7,商工費,1,商工費,5,集落支援事業,集落支援事業,,,23,1,,,集落支援事業,重量税,公用車重量税,6600,R6決算書p51
2024,13,諸支出金,1,基金費,1,財政調整基金費,財政調整基金積立金,,,0,0,,,,,,93259,R6決算書p67
2024,13,諸支出金,1,基金費,1,財政調整基金費,財政調整基金積立金,,,21,0,,,財政調整基金積立金,,,93259,R6決算書p67
2024,13,諸支出金,1,基金費,1,財政調整基金費,財政調整基金積立金,,,22,0,,,財政調整基金積立金,利子積立金,,93259,R6決算書p67
2024,13,諸支出金,1,基金費,1,財政調整基金費,財政調整基金積立金,,,23,1,,,財政調整基金積立金,利子積立金,財政調整基金利子積立金,93259,R6決算書p67
2024,13,諸支出金,1,基金費,2,減債基金費,減債基金積立金,,,0,0,,,,,,120297,R6決算書p67
2024,13,諸支出金,1,基金費,2,減債基金費,減債基金積立金,,,21,0,,,減債基金積立金,,,120297,R6決算書p67
2024,13,諸支出金,1,基金費,2,減債基金費,減債基金積立金,,,22,0,,,減債基金積立金,利子積立金,,120297,R6決算書p67
2024,13,諸支出金,1,基金費,2,減債基金費,減債基金積立金,,,23,1,,,減債基金積立金,利子積立金,減債基金利子積立金,120297,R6決算書p68
2024,13,諸支出金,1,基金費,3,公共施設等整備基金費,公共施設等整備基金積立金,,,0,0,,,,,,173445,R6決算書p68
2024,13,諸支出金,1,基金費,3,公共施設等整備基金費,公共施設等整備基金積立金,,,21,0,,,公共施設等整備基金積立金,,,173445,R6決算書p68
2024,13,諸支出金,1,基金費,3,公共施設等整備基金費,公共施設等整備基金積立金,,,22,0,,,公共施設等整備基金積立金,利子積立金,,173445,R6決算書p68
2024,13,諸支出金,1,基金費,3,公共施設等整備基金費,公共施設等整備基金積立金,,,23,1,,,公共施設等整備基金積立金,利子積立金,公共施設等整備基金利子積立金,173445,R6決算書p68
2024,13,諸支出金,1,基金費,4,文教施設整備基金費,文教施設整備基金積立金,,,0,0,,,,,,17299,R6決算書p68
2024,13,諸支出金,1,基金費,4,文教施設整備基金費,文教施設整備基金積立金,,,21,0,,,文教施設整備基金積立金,,,17299,R6決算書p68
2024,13,諸支出金,1,基金費,4,文教施設整備基金費,文教施設整備基金積立金,,,22,0,,,文教施設整備基金積立金,利子積立金,,17299,R6決算書p68
2024,13,諸支出金,1,基金費,4,文教施設整備基金費,文教施設整備基金積立金,,,23,1,,,文教施設整備基金積立金,利子積立金,文教施設整備基金利子積立金,17299,R6決算書p68
2024,13,諸支出金,1,基金費,5,ふるさとづくり基金費,ふるさとづくり基金積立金,,,0,0,,,,,,2533041,R6決算書p68
2024,13,諸支出金,1,基金費,5,ふるさとづくり基金費,ふるさとづくり基金積立金,,,21,0,,,ふるさとづくり基金積立金,,,2533041,R6決算書p68
2024,13,諸支出金,1,基金費,5,ふるさとづくり基金費,ふるさとづくり基金積立金,,,22,0,,,ふるさとづくり基金積立金,積立金,,2451000,R6決算書p68
2024,13,諸支出金,1,基金費,5,ふるさとづくり基金費,ふるさとづくり基金積立金,,,23,1,,,ふるさとづくり基金積立金,積立金,ふるさとづくり基金積立金,2451000,R6決算書p68
2024,13,諸支出金,1,基金費,5,ふるさとづくり基金費,ふるさとづくり基金積立金,,,22,0,,,ふるさとづくり基金積立金,利子積立金,,82041,R6決算書p68
2024,13,諸支出金,1,基金費,5,ふるさとづくり基金費,ふるさとづくり基金積立金,,,23,1,,,ふるさとづくり基金積立金,利子積立金,ふるさとづくり基金利子積立金,82041,R6決算書p68
2024,13,諸支出金,1,基金費,6,高齢者福祉基金費,高齢者福祉基金積立金,,,0,0,,,,,,30003647,R6決算書p68
2024,13,諸支出金,1,基金費,6,高齢者福祉基金費,高齢者福祉基金積立金,,,21,0,,,高齢者福祉基金積立金,,,30003647,R6決算書p68
2024,13,諸支出金,1,基金費,6,高齢者福祉基金費,高齢者福祉基金積立金,,,22,0,,,高齢者福祉基金積立金,積立金,,30000000,R6決算書p68
2024,13,諸支出金,1,基金費,6,高齢者福祉基金費,高齢者福祉基金積立金,,,23,1,,,高齢者福祉基金積立金,積立金,高齢者福祉基金積立金,30000000,R6決算書p68
2024,13,諸支出金,1,基金費,6,高齢者福祉基金費,高齢者福祉基金積立金,,,22,0,,,高齢者福祉基金積立金,利子積立金,,3647,R6決算書p68
2024,13,諸支出金,1,基金費,6,高齢者福祉基金費,高齢者福祉基金積立金,,,23,1,,,高齢者福祉基金積立金,利子積立金,高齢者福祉基金利子積立金,3647,R6決算書p68
2024,13,諸支出金,1,基金費,13,奨学資金貸付基金,奨学資金貸付基金,,,0,0,,,,,,2228000,R6決算書p68
2024,13,諸支出金,1,基金費,13,奨学資金貸付基金,奨学資金貸付基金,,,21,0,,,奨学資金貸付基金,,,2228000,R6決算書p68
2024,13,諸支出金,1,基金費,13,奨学資金貸付基金,奨学資金貸付基金,,,22,0,,,奨学資金貸付基金,積立金,,2228000,R6決算書p68
2024,13,諸支出金,1,基金費,13,奨学資金貸付基金,奨学資金貸付基金,,,23,1,,,奨学資金貸付基金,積立金,奨学資金貸付基金,2228000,R6決算書p68
2024,13,諸支出金,1,基金費,14,森林環境譲与税基金,森林環境譲与税基金,,,0,0,,,,,,15354222,R6決算書p68
2024,13,諸支出金,1,基金費,14,森林環境譲与税基金,森林環境譲与税基金,,,21,0,,,森林環境譲与税基金,,,15354222,R6決算書p68
2024,13,諸支出金,1,基金費,14,森林環境譲与税基金,森林環境譲与税基金,,,22,0,,,森林環境譲与税基金,積立金,,15353000,R6決算書p68
2024,13,諸支出金,1,基金費,14,森林環境譲与税基金,森林環境譲与税基金,,,23,1,,,森林環境譲与税基金,積立金,森林環境譲与税基金積立金,15353000,R6決算書p68
2024,13,諸支出金,1,基金費,14,森林環境譲与税基金,森林環境譲与税基金,,,22,0,,,森林環境譲与税基金,利子積立金,,1222,R6決算書p68
2024,13,諸支出金,1,基金費,14,森林環境譲与税基金,森林環境譲与税基金,,,23,1,,,森林環境譲与税基金,利子積立金,森林環境譲与税基金利子積立金,1222,R6決算書p68
2024,13,諸支出金,2,普通財産取得費,1,立木取得費,立木取得費,,,0,0,,,,,,847000,R6決算書p68
2024,13,諸支出金,2,普通財産取得費,1,立木取得費,立木取得費,,,22,0,,,,公有財産購入費,,847000,R6決算書p68
2024,13,諸支出金,2,普通財産取得費,1,立木取得費,立木取得費,,,23,1,,,,公有財産購入費,特殊県行造林立木購入費,847000,R6決算書p68
2025,2,総務費,1,総務管理費,1,一般管理費,総務事務経費,,,0,0,,,,,,16955493,R7決算書p19
2025,2,総務費,1,総務管理費,1,一般管理費,総務事務経費,,,21,0,,,総務事務経費,,,16955493,R7決算書p19
2025,2,総務費,1,総務管理費,1,一般管理費,総務事務経費,,,22,0,,,総務事務経費,委員報酬,,527200,R7決算書p19
2025,2,総務費,1,総務管理費,1,一般管理費,総務事務経費,,,23,1,,,総務事務経費,委員報酬,自治会長年報酬,316500,R7決算書p19
2025,2,総務費,1,総務管理費,1,一般管理費,総務事務経費,,,23,1,,,総務事務経費,委員報酬,自治会長会議報酬,210700,R7決算書p19
2025,2,総務費,1,総務管理費,1,一般管理費,総務事務経費,,,22,0,,,総務事務経費,謝金,,405000,R7決算書p19
2025,2,総務費,1,総務管理費,1,一般管理費,総務事務経費,,,23,1,,,総務事務経費,謝金,車両整備管理者謝金,20000,R7決算書p19
2025,2,総務費,1,総務管理費,1,一般管理費,総務事務経費,,,23,1,,,総務事務経費,謝金,弁護士謝金,385000,R7決算書p19
2025,2,総務費,1,総務管理費,1,一般管理費,総務事務経費,,,22,0,,,総務事務経費,職員旅費,,578610,R7決算書p19
2025,2,総務費,1,総務管理費,1,一般管理費,総務事務経費,,,23,1,,,総務事務経費,職員旅費,職員旅費,578610,R7決算書p19
2025,2,総務費,1,総務管理費,1,一般管理費,総務事務経費,,,22,0,,,総務事務経費,交際費,,399450,R7決算書p19
2025,2,総務費,1,総務管理費,1,一般管理費,総務事務経費,,,23,1,,,総務事務経費,交際費,交際費,399450,R7決算書p19
2025,2,総務費,1,総務管理費,1,一般管理費,総務事務経費,,,22,0,,,総務事務経費,消耗品,,2599178,R7決算書p19
2025,2,総務費,1,総務管理費,1,一般管理費,総務事務経費,,,23,1,,,総務事務経費,消耗品,消耗品,2238833,R7決算書p19
2025,2,総務費,1,総務管理費,1,一般管理費,総務事務経費,,,23,1,,,総務事務経費,消耗品,図書購入費,192760,R7決算書p19
2025,2,総務費,1,総務管理費,1,一般管理費,総務事務経費,,,23,1,,,総務事務経費,消耗品,職員被服費,167585,R7決算書p19
2025,2,総務費,1,総務管理費,1,一般管理費,総務事務経費,,,22,0,,,総務事務経費,燃料費,,455189,R7決算書p19
2025,2,総務費,1,総務管理費,1,一般管理費,総務事務経費,,,23,1,,,総務事務経費,燃料費,公用車燃料費,455189,R7決算書p20
2025,2,総務費,1,総務管理費,1,一般管理費,総務事務経費,,,22,0,,,総務事務経費,印刷製本費,,2112440,R7決算書p20
2025,2,総務費,1,総務管理費,1,一般管理費,総務事務経費,,,23,1,,,総務事務経費,印刷製本費,法規追録代,2112440,R7決算書p20
2025,2,総務費,1,総務管理費,1,一般管理費,総務事務経費,,,22,0,,,総務事務経費,修繕費,,1100048,R7決算書p20
2025,2,総務費,1,総務管理費,1,一般管理費,総務事務経費,,,23,1,,,総務事務経費,修繕費,公用車修繕費,1100048,R7決算書p20
2025,2,総務費,1,総務管理費,1,一般管理費,総務事務経費,,,22,0,,,総務事務経費,広告料,,79200,R7決算書p20
2025,2,総務費,1,総務管理費,1,一般管理費,総務事務経費,,,23,1,,,総務事務経費,広告料,新聞広告掲載料,79200,R7決算書p20
2025,2,総務費,1,総務管理費,1,一般管理費,総務事務経費,,,22,0,,,総務事務経費,手数料,,1319426,R7決算書p20
2025,2,総務費,1,総務管理費,1,一般管理費,総務事務経費,,,23,1,,,総務事務経費,手数料,公用車車検点検料,149570,R7決算書p20
2025,2,総務費,1,総務管理費,1,一般管理費,総務事務経費,,,23,1,,,総務事務経費,手数料,金融機関取扱手数料,1121736,R7決算書p20
2025,2,総務費,1,総務管理費,1,一般管理費,総務事務経費,,,23,1,,,総務事務経費,手数料,公用車登録費,48120,R7決算書p20
2025,2,総務費,1,総務管理費,1,一般管理費,総務事務経費,,,22,0,,,総務事務経費,筆耕料,,8000,R7決算書p20
2025,2,総務費,1,総務管理費,1,一般管理費,総務事務経費,,,23,1,,,総務事務経費,筆耕料,筆耕料,8000,R7決算書p20
2025,2,総務費,1,総務管理費,1,一般管理費,総務事務経費,,,22,0,,,総務事務経費,損害保険料,,471804,R7決算書p20
2025,2,総務費,1,総務管理費,1,一般管理費,総務事務経費,,,23,1,,,総務事務経費,損害保険料,全国町村会団体生命保険料,153000,R7決算書p20
2025,2,総務費,1,総務管理費,1,一般管理費,総務事務経費,,,23,1,,,総務事務経費,損害保険料,全国総合賠償保険料,100654,R7決算書p20
2025,2,総務費,1,総務管理費,1,一般管理費,総務事務経費,,,23,1,,,総務事務経費,損害保険料,自賠責保険料,11530,R7決算書p20
2025,2,総務費,1,総務管理費,1,一般管理費,総務事務経費,,,23,1,,,総務事務経費,損害保険料,公用車共済保険料,196850,R7決算書p20
2025,2,総務費,1,総務管理費,1,一般管理費,総務事務経費,,,23,1,,,総務事務経費,損害保険料,災害補償保険料,9770,R7決算書p20
2025,2,総務費,1,総務管理費,1,一般管理費,総務事務経費,,,22,0,,,総務事務経費,電算委託料,,2233000,R7決算書p20
2025,2,総務費,1,総務管理費,1,一般管理費,総務事務経費,,,23,1,,,総務事務経費,電算委託料,給与計算委託料,2196700,R7決算書p20
2025,2,総務費,1,総務管理費,1,一般管理費,総務事務経費,,,23,1,,,総務事務経費,電算委託料,給与ASP導入費,36300,R7決算書p20
2025,2,総務費,1,総務管理費,1,一般管理費,総務事務経費,,,22,0,,,総務事務経費,業務委託料,,49500,R7決算書p20
2025,2,総務費,1,総務管理費,1,一般管理費,総務事務経費,,,23,1,,,総務事務経費,業務委託料,ストレスチェック委託料,49500,R7決算書p20
2025,2,総務費,1,総務管理費,1,一般管理費,総務事務経費,,,22,0,,,総務事務経費,検診等委託料,,643662,R7決算書p20
2025,2,総務費,1,総務管理費,1,一般管理費,総務事務経費,,,23,1,,,総務事務経費,検診等委託料,職員健康診断委託料,643662,R7決算書p20
2025,2,総務費,1,総務管理費,1,一般管理費,総務事務経費,,,22,0,,,総務事務経費,使用料・借上料,,2420786,R7決算書p20
2025,2,総務費,1,総務管理費,1,一般管理費,総務事務経費,,,23,1,,,総務事務経費,使用料・借上料,コピーリース料,1546268,R7決算書p20
2025,2,総務費,1,総務管理費,1,一般管理費,総務事務経費,,,23,1,,,総務事務経費,使用料・借上料,印刷機リース料,662640,R7決算書p20
2025,2,総務費,1,総務管理費,1,一般管理費,総務事務経費,,,23,1,,,総務事務経費,使用料・借上料,自動車借上料,157990,R7決算書p20
2025,2,総務費,1,総務管理費,1,一般管理費,総務事務経費,,,23,1,,,総務事務経費,使用料・借上料,ネットＥＢ使用料,49588,R7決算書p20
2025,2,総務費,1,総務管理費,1,一般管理費,総務事務経費,,,23,1,,,総務事務経費,使用料・借上料,駐車場使用料,4300,R7決算書p20
2025,2,総務費,1,総務管理費,1,一般管理費,総務事務経費,,,22,0,,,総務事務経費,有料道路通行料,,486470,R7決算書p20
2025,2,総務費,1,総務管理費,1,一般管理費,総務事務経費,,,23,1,,,総務事務経費,有料道路通行料,有料道路通行料,486470,R7決算書p20
2025,2,総務費,1,総務管理費,1,一般管理費,総務事務経費,,,22,0,,,総務事務経費,負担金（一部事務組合）,,696516,R7決算書p20
2025,2,総務費,1,総務管理費,1,一般管理費,総務事務経費,,,23,1,,,総務事務経費,負担金（一部事務組合）,下伊那郡町村会負担金,554800,R7決算書p20
2025,2,総務費,1,総務管理費,1,一般管理費,総務事務経費,,,23,1,,,総務事務経費,負担金（一部事務組合）,非常勤公務災害補償負担金,108716,R7決算書p20
2025,2,総務費,1,総務管理費,1,一般管理費,総務事務経費,,,23,1,,,総務事務経費,負担金（一部事務組合）,下伊那郡町村総合事務組合負担金,33000,R7決算書p20
2025,2,総務費,1,総務管理費,1,一般管理費,総務事務経費,,,22,0,,,総務事務経費,負担金,,194914,R7決算書p20
2025,2,総務費,1,総務管理費,1,一般管理費,総務事務経費,,,23,1,,,総務事務経費,負担金,安全運転管理講習会負担金,10200,R7決算書p20
2025,2,総務費,1,総務管理費,1,一般管理費,総務事務経費,,,23,1,,,総務事務経費,負担金,自家用車組合負担金,14300,R7決算書p20
2025,2,総務費,1,総務管理費,1,一般管理費,総務事務経費,,,23,1,,,総務事務経費,負担金,行政相談協議会負担金,20000,R7決算書p20
2025,2,総務費,1,総務管理費,1,一般管理費,総務事務経費,,,23,1,,,総務事務経費,負担金,防火管理者協議会負担金,6500,R7決算書p20
2025,2,総務費,1,総務管理費,1,一般管理費,総務事務経費,,,23,1,,,総務事務経費,負担金,飯田コンピュータ協会協賛金,4000,R7決算書p20
2025,2,総務費,1,総務管理費,1,一般管理費,総務事務経費,,,23,1,,,総務事務経費,負担金,危険物安全協会負担金,5900,R7決算書p20
2025,2,総務費,1,総務管理費,1,一般管理費,総務事務経費,,,23,1,,,総務事務経費,負担金,指定金融機関負担金,16000,R7決算書p20
2025,2,総務費,1,総務管理費,1,一般管理費,総務事務経費,,,23,1,,,総務事務経費,負担金,町村球技大会負担金,8755,R7決算書p20
2025,2,総務費,1,総務管理費,1,一般管理費,総務事務経費,,,23,1,,,総務事務経費,負担金,郡町村副村長会負担金,24000,R7決算書p20
2025,2,総務費,1,総務管理費,1,一般管理費,総務事務経費,,,23,1,,,総務事務経費,負担金,伊那大島駅駐輪場負担金,35600,R7決算書p20
2025,2,総務費,1,総務管理費,1,一般管理費,総務事務経費,,,23,1,,,総務事務経費,負担金,職員採用試験負担金,15659,R7決算書p20
2025,2,総務費,1,総務管理費,1,一般管理費,総務事務経費,,,23,1,,,総務事務経費,負担金,平和首長会議メンバーシップ負担金,2000,R7決算書p20
2025,2,総務費,1,総務管理費,1,一般管理費,総務事務経費,,,23,1,,,総務事務経費,負担金,長野県暴力追放センター負担金,10000,R7決算書p20
2025,2,総務費,1,総務管理費,1,一般管理費,総務事務経費,,,23,1,,,総務事務経費,負担金,飯田高等職業訓練校負担金,22000,R7決算書p20
2025,2,総務費,1,総務管理費,1,一般管理費,総務事務経費,,,22,0,,,総務事務経費,補助金,,62000,R7決算書p20
2025,2,総務費,1,総務管理費,1,一般管理費,総務事務経費,,,23,1,,,総務事務経費,補助金,職員福利厚生補助金,62000,R7決算書p20
2025,2,総務費,1,総務管理費,1,一般管理費,総務事務経費,,,22,0,,,総務事務経費,重量税,,103500,R7決算書p20
2025,2,総務費,1,総務管理費,1,一般管理費,総務事務経費,,,23,1,,,総務事務経費,重量税,公用車重量税,103500,R7決算書p21
2025,2,総務費,1,総務管理費,1,一般管理費,総務事務経費,,,22,0,,,総務事務経費,印紙税,,9600,R7決算書p21
2025,2,総務費,1,総務管理費,1,一般管理費,総務事務経費,,,23,1,,,総務事務経費,印紙税,印紙代,9600,R7決算書p21
2025,2,総務費,1,総務管理費,1,一般管理費,一般職人事管理経費（総務費）,,,0,0,,,,,,100080742,R7決算書p21
2025,2,総務費,1,総務管理費,1,一般管理費,一般職人事管理経費（総務費）,,,21,0,,,一般職人事管理経費（総務費）,,,100080742,R7決算書p21
2025,2,総務費,1,総務管理費,1,一般管理費,一般職人事管理経費（総務費）,,,22,0,,,一般職人事管理経費（総務費）,職員給料,,40384604,R7決算書p21
2025,2,総務費,1,総務管理費,1,一般管理費,一般職人事管理経費（総務費）,,,23,1,,,一般職人事管理経費（総務費）,職員給料,特別職・一般職給料,40384604,R7決算書p21
2025,2,総務費,1,総務管理費,1,一般管理費,一般職人事管理経費（総務費）,,,22,0,,,一般職人事管理経費（総務費）,職員手当等,,47422079,R7決算書p21
2025,2,総務費,1,総務管理費,1,一般管理費,一般職人事管理経費（総務費）,,,23,1,,,一般職人事管理経費（総務費）,職員手当等,扶養手当,978500,R7決算書p21
2025,2,総務費,1,総務管理費,1,一般管理費,一般職人事管理経費（総務費）,,,23,1,,,一般職人事管理経費（総務費）,職員手当等,住居手当,522000,R7決算書p21
2025,2,総務費,1,総務管理費,1,一般管理費,一般職人事管理経費（総務費）,,,23,1,,,一般職人事管理経費（総務費）,職員手当等,通勤手当,494400,R7決算書p21
2025,2,総務費,1,総務管理費,1,一般管理費,一般職人事管理経費（総務費）,,,23,1,,,一般職人事管理経費（総務費）,職員手当等,時間外勤務手当,1206319,R7決算書p21
2025,2,総務費,1,総務管理費,1,一般管理費,一般職人事管理経費（総務費）,,,23,1,,,一般職人事管理経費（総務費）,職員手当等,宿日直手当,4082000,R7決算書p21
2025,2,総務費,1,総務管理費,1,一般管理費,一般職人事管理経費（総務費）,,,23,1,,,一般職人事管理経費（総務費）,職員手当等,児童手当,625000,R7決算書p21
2025,2,総務費,1,総務管理費,1,一般管理費,一般職人事管理経費（総務費）,,,23,1,,,一般職人事管理経費（総務費）,職員手当等,管理職手当,240000,R7決算書p21
2025,2,総務費,1,総務管理費,1,一般管理費,一般職人事管理経費（総務費）,,,23,1,,,一般職人事管理経費（総務費）,職員手当等,期末手当,11497753,R7決算書p21
2025,2,総務費,1,総務管理費,1,一般管理費,一般職人事管理経費（総務費）,,,23,1,,,一般職人事管理経費（総務費）,職員手当等,勤勉手当,4788503,R7決算書p21
2025,2,総務費,1,総務管理費,1,一般管理費,一般職人事管理経費（総務費）,,,23,1,,,一般職人事管理経費（総務費）,職員手当等,寒冷地手当,833000,R7決算書p21
2025,2,総務費,1,総務管理費,1,一般管理費,一般職人事管理経費（総務費）,,,23,1,,,一般職人事管理経費（総務費）,職員手当等,総合事務組合負担金,22154604,R7決算書p21
2025,2,総務費,1,総務管理費,1,一般管理費,一般職人事管理経費（総務費）,,,22,0,,,一般職人事管理経費（総務費）,一般職共済費,,12274059,R7決算書p21
2025,2,総務費,1,総務管理費,1,一般管理費,一般職人事管理経費（総務費）,,,23,1,,,一般職人事管理経費（総務費）,一般職共済費,地方公務員共済組合等負担金,12274059,R7決算書p21
2025,2,総務費,1,総務管理費,1,一般管理費,互助会・災害補償基金経費,,,0,0,,,,,,764060,R7決算書p21
2025,2,総務費,1,総務管理費,1,一般管理費,互助会・災害補償基金経費,,,21,0,,,互助会・災害補償基金経費,,,764060,R7決算書p21
2025,2,総務費,1,総務管理費,1,一般管理費,互助会・災害補償基金経費,,,22,0,,,互助会・災害補償基金経費,負担金（人件費）,,764060,R7決算書p21
2025,2,総務費,1,総務管理費,1,一般管理費,互助会・災害補償基金経費,,,23,1,,,互助会・災害補償基金経費,負担金（人件費）,町村職員互助会負担金,447320,R7決算書p21
2025,2,総務費,1,総務管理費,1,一般管理費,互助会・災害補償基金経費,,,23,1,,,互助会・災害補償基金経費,負担金（人件費）,地方公務員災害補償基金負担金,316740,R7決算書p21
2025,2,総務費,1,総務管理費,1,一般管理費,臨時職員管理経費（社会保険等）,,,0,0,,,,,,14345913,R7決算書p21
2025,2,総務費,1,総務管理費,1,一般管理費,臨時職員管理経費（社会保険等）,,,21,0,,,臨時職員管理経費（社会保険等）,,,14345913,R7決算書p21
2025,2,総務費,1,総務管理費,1,一般管理費,臨時職員管理経費（社会保険等）,,,22,0,,,臨時職員管理経費（社会保険等）,臨時職員等共済費,,14345913,R7決算書p21
2025,2,総務費,1,総務管理費,1,一般管理費,臨時職員管理経費（社会保険等）,,,23,1,,,臨時職員管理経費（社会保険等）,臨時職員等共済費,社会保険料,14345913,R7決算書p21
2025,2,総務費,1,総務管理費,1,一般管理費,臨時職員管理経費（総務課）,,,0,0,,,,,,13414595,R7決算書p21
2025,2,総務費,1,総務管理費,1,一般管理費,臨時職員管理経費（総務課）,,,21,0,,,臨時職員管理経費（総務課）,,,13414595,R7決算書p21
2025,2,総務費,1,総務管理費,1,一般管理費,臨時職員管理経費（総務課）,,,22,0,,,臨時職員管理経費（総務課）,会計年度任用職員給料,,10328400,R7決算書p21
2025,2,総務費,1,総務管理費,1,一般管理費,臨時職員管理経費（総務課）,,,23,1,,,臨時職員管理経費（総務課）,会計年度任用職員給料,会計年度任用職員２号給料,10328400,R7決算書p21
2025,2,総務費,1,総務管理費,1,一般管理費,臨時職員管理経費（総務課）,,,22,0,,,臨時職員管理経費（総務課）,会計年度任用職員手当,,3086195,R7決算書p21
2025,2,総務費,1,総務管理費,1,一般管理費,臨時職員管理経費（総務課）,,,23,1,,,臨時職員管理経費（総務課）,会計年度任用職員手当,通勤手当,148800,R7決算書p21
2025,2,総務費,1,総務管理費,1,一般管理費,臨時職員管理経費（総務課）,,,23,1,,,臨時職員管理経費（総務課）,会計年度任用職員手当,時間外勤務手当,193431,R7決算書p21
2025,2,総務費,1,総務管理費,1,一般管理費,臨時職員管理経費（総務課）,,,23,1,,,臨時職員管理経費（総務課）,会計年度任用職員手当,期末手当（２号）,1861747,R7決算書p21
2025,2,総務費,1,総務管理費,1,一般管理費,臨時職員管理経費（総務課）,,,23,1,,,臨時職員管理経費（総務課）,会計年度任用職員手当,勤勉手当（２号）,882217,R7決算書p21
2025,2,総務費,1,総務管理費,2,文書広報費,文書広報一般経費,,,0,0,,,,,,69168630,R7決算書p21
2025,2,総務費,1,総務管理費,2,文書広報費,文書広報一般経費,,,21,0,,,文書広報一般経費,,,69168630,R7決算書p21
2025,2,総務費,1,総務管理費,2,文書広報費,文書広報一般経費,,,22,0,,,文書広報一般経費,委員報酬,,217250,R7決算書p21
2025,2,総務費,1,総務管理費,2,文書広報費,文書広報一般経費,,,23,1,,,文書広報一般経費,委員報酬,自治会広報係報酬,217250,R7決算書p21
2025,2,総務費,1,総務管理費,2,文書広報費,文書広報一般経費,,,22,0,,,文書広報一般経費,消耗品,,73558,R7決算書p21
2025,2,総務費,1,総務管理費,2,文書広報費,文書広報一般経費,,,23,1,,,文書広報一般経費,消耗品,消耗品,6358,R7決算書p21
2025,2,総務費,1,総務管理費,2,文書広報費,文書広報一般経費,,,23,1,,,文書広報一般経費,消耗品,情報無線電池代,67200,R7決算書p21
2025,2,総務費,1,総務管理費,2,文書広報費,文書広報一般経費,,,22,0,,,文書広報一般経費,印刷製本費,,2613600,R7決算書p21
2025,2,総務費,1,総務管理費,2,文書広報費,文書広報一般経費,,,23,1,,,文書広報一般経費,印刷製本費,広報おおしか印刷代,2613600,R7決算書p21
2025,2,総務費,1,総務管理費,2,文書広報費,文書広報一般経費,,,22,0,,,文書広報一般経費,光熱水費,,130069,R7決算書p21
2025,2,総務費,1,総務管理費,2,文書広報費,文書広報一般経費,,,23,1,,,文書広報一般経費,光熱水費,電気料（情報無線）,130069,R7決算書p21
2025,2,総務費,1,総務管理費,2,文書広報費,文書広報一般経費,,,22,0,,,文書広報一般経費,修繕費,,272800,R7決算書p21
2025,2,総務費,1,総務管理費,2,文書広報費,文書広報一般経費,,,23,1,,,文書広報一般経費,修繕費,修繕費（情報無線）,272800,R7決算書p21
2025,2,総務費,1,総務管理費,2,文書広報費,文書広報一般経費,,,22,0,,,文書広報一般経費,通信運搬費,,1654430,R7決算書p21
2025,2,総務費,1,総務管理費,2,文書広報費,文書広報一般経費,,,23,1,,,文書広報一般経費,通信運搬費,郵便料,1530446,R7決算書p21
2025,2,総務費,1,総務管理費,2,文書広報費,文書広報一般経費,,,23,1,,,文書広報一般経費,通信運搬費,運搬費（宅急便）,92694,R7決算書p21
2025,2,総務費,1,総務管理費,2,文書広報費,文書広報一般経費,,,23,1,,,文書広報一般経費,通信運搬費,電波利用料（情報無線）,31290,R7決算書p22
2025,2,総務費,1,総務管理費,2,文書広報費,文書広報一般経費,,,22,0,,,文書広報一般経費,損害保険料,,6550,R7決算書p22
2025,2,総務費,1,総務管理費,2,文書広報費,文書広報一般経費,,,23,1,,,文書広報一般経費,損害保険料,電池作業員損害保険料,6550,R7決算書p22
2025,2,総務費,1,総務管理費,2,文書広報費,文書広報一般経費,,,22,0,,,文書広報一般経費,保守管理委託料,,8173000,R7決算書p22
2025,2,総務費,1,総務管理費,2,文書広報費,文書広報一般経費,,,23,1,,,文書広報一般経費,保守管理委託料,情報無線保守委託料,8173000,R7決算書p22
2025,2,総務費,1,総務管理費,2,文書広報費,文書広報一般経費,,,22,0,,,文書広報一般経費,業務委託料,,367373,R7決算書p22
2025,2,総務費,1,総務管理費,2,文書広報費,文書広報一般経費,,,23,1,,,文書広報一般経費,業務委託料,情報無線再免許申請委託料,187772,R7決算書p22
2025,2,総務費,1,総務管理費,2,文書広報費,文書広報一般経費,,,23,1,,,文書広報一般経費,業務委託料,情報無線電池交換委託料,179601,R7決算書p22
2025,2,総務費,1,総務管理費,2,文書広報費,文書広報一般経費,,,22,0,,,文書広報一般経費,補助事業,,7260000,R7決算書p22
2025,2,総務費,1,総務管理費,2,文書広報費,文書広報一般経費,,,23,1,,,文書広報一般経費,補助事業,同報無線整備工事,7260000,R7決算書p22
2025,2,総務費,1,総務管理費,2,文書広報費,文書広報一般経費,,,22,0,,,文書広報一般経費,単独事業,,48400000,R7決算書p22
2025,2,総務費,1,総務管理費,2,文書広報費,文書広報一般経費,,,23,1,,,文書広報一般経費,単独事業,同報無線改修工事,48400000,R7決算書p22
2025,2,総務費,1,総務管理費,3,財政管理費,財政一般経費,,,0,0,,,,,,7164510,R7決算書p22
2025,2,総務費,1,総務管理費,3,財政管理費,財政一般経費,,,21,0,,,財政一般経費,,,7164510,R7決算書p22
2025,2,総務費,1,総務管理費,3,財政管理費,財政一般経費,,,22,0,,,財政一般経費,消耗品,,1310,R7決算書p22
2025,2,総務費,1,総務管理費,3,財政管理費,財政一般経費,,,23,1,,,財政一般経費,消耗品,図書購入費,1310,R7決算書p22
2025,2,総務費,1,総務管理費,3,財政管理費,財政一般経費,,,22,0,,,財政一般経費,電算委託料,,572000,R7決算書p22
2025,2,総務費,1,総務管理費,3,財政管理費,財政一般経費,,,23,1,,,財政一般経費,電算委託料,公会計制度システム保守委託料,572000,R7決算書p22
2025,2,総務費,1,総務管理費,3,財政管理費,財政一般経費,,,22,0,,,財政一般経費,保守管理委託料,,794200,R7決算書p22
2025,2,総務費,1,総務管理費,3,財政管理費,財政一般経費,,,23,1,,,財政一般経費,保守管理委託料,公有財産管理システム保守料,794200,R7決算書p22
2025,2,総務費,1,総務管理費,3,財政管理費,財政一般経費,,,22,0,,,財政一般経費,業務委託料,,5797000,R7決算書p22
2025,2,総務費,1,総務管理費,3,財政管理費,財政一般経費,,,23,1,,,財政一般経費,業務委託料,財務書類作成業務委託料,2717000,R7決算書p22
2025,2,総務費,1,総務管理費,3,財政管理費,財政一般経費,,,23,1,,,財政一般経費,業務委託料,資産台帳更新委託料,3080000,R7決算書p22
2025,2,総務費,1,総務管理費,5,財産管理費,財産管理経費,,,0,0,,,,,,15159576,R7決算書p22
2025,2,総務費,1,総務管理費,5,財産管理費,財産管理経費,,,21,0,,,財産管理経費,,,15159576,R7決算書p22
2025,2,総務費,1,総務管理費,5,財産管理費,財産管理経費,,,22,0,,,財産管理経費,消耗品,,277423,R7決算書p22
2025,2,総務費,1,総務管理費,5,財産管理費,財産管理経費,,,23,1,,,財産管理経費,消耗品,庁舎消耗品,277423,R7決算書p22
2025,2,総務費,1,総務管理費,5,財産管理費,財産管理経費,,,22,0,,,財産管理経費,光熱水費,,6374387,R7決算書p22
2025,2,総務費,1,総務管理費,5,財産管理費,財産管理経費,,,23,1,,,財産管理経費,光熱水費,電気料,2793163,R7決算書p22
2025,2,総務費,1,総務管理費,5,財産管理費,財産管理経費,,,23,1,,,財産管理経費,光熱水費,水道料,266649,R7決算書p22
2025,2,総務費,1,総務管理費,5,財産管理費,財産管理経費,,,23,1,,,財産管理経費,光熱水費,灯油代,3255464,R7決算書p22
2025,2,総務費,1,総務管理費,5,財産管理費,財産管理経費,,,23,1,,,財産管理経費,光熱水費,ガス代,59111,R7決算書p22
2025,2,総務費,1,総務管理費,5,財産管理費,財産管理経費,,,22,0,,,財産管理経費,修繕費,,1231201,R7決算書p22
2025,2,総務費,1,総務管理費,5,財産管理費,財産管理経費,,,23,1,,,財産管理経費,修繕費,建物修繕費,775647,R7決算書p22
2025,2,総務費,1,総務管理費,5,財産管理費,財産管理経費,,,23,1,,,財産管理経費,修繕費,その他修繕費,169400,R7決算書p22
2025,2,総務費,1,総務管理費,5,財産管理費,財産管理経費,,,23,1,,,財産管理経費,修繕費,非常用発電設備修繕費,286154,R7決算書p22
2025,2,総務費,1,総務管理費,5,財産管理費,財産管理経費,,,22,0,,,財産管理経費,通信運搬費,,2317237,R7決算書p22
2025,2,総務費,1,総務管理費,5,財産管理費,財産管理経費,,,23,1,,,財産管理経費,通信運搬費,電話料,1130834,R7決算書p22
2025,2,総務費,1,総務管理費,5,財産管理費,財産管理経費,,,23,1,,,財産管理経費,通信運搬費,テレビ受信料,1186403,R7決算書p22
2025,2,総務費,1,総務管理費,5,財産管理費,財産管理経費,,,22,0,,,財産管理経費,手数料,,44000,R7決算書p22
2025,2,総務費,1,総務管理費,5,財産管理費,財産管理経費,,,23,1,,,財産管理経費,手数料,消防施設点検料,44000,R7決算書p22
2025,2,総務費,1,総務管理費,5,財産管理費,財産管理経費,,,22,0,,,財産管理経費,損害保険料,,110044,R7決算書p22
2025,2,総務費,1,総務管理費,5,財産管理費,財産管理経費,,,23,1,,,財産管理経費,損害保険料,村有建物災害共済保険料,110044,R7決算書p22
2025,2,総務費,1,総務管理費,5,財産管理費,財産管理経費,,,22,0,,,財産管理経費,保守管理委託料,,1214098,R7決算書p22
2025,2,総務費,1,総務管理費,5,財産管理費,財産管理経費,,,23,1,,,財産管理経費,保守管理委託料,電話保守委託料,171000,R7決算書p22
2025,2,総務費,1,総務管理費,5,財産管理費,財産管理経費,,,23,1,,,財産管理経費,保守管理委託料,電気施設保守委託料,187400,R7決算書p22
2025,2,総務費,1,総務管理費,5,財産管理費,財産管理経費,,,23,1,,,財産管理経費,保守管理委託料,合併浄化槽保守管理委託料,424000,R7決算書p22
2025,2,総務費,1,総務管理費,5,財産管理費,財産管理経費,,,23,1,,,財産管理経費,保守管理委託料,自動ドア管理委託料,124600,R7決算書p22
2025,2,総務費,1,総務管理費,5,財産管理費,財産管理経費,,,23,1,,,財産管理経費,保守管理委託料,非常用発電設備点検委託料,181500,R7決算書p22
2025,2,総務費,1,総務管理費,5,財産管理費,財産管理経費,,,23,1,,,財産管理経費,保守管理委託料,金庫保守点検料,125598,R7決算書p22
2025,2,総務費,1,総務管理費,5,財産管理費,財産管理経費,,,22,0,,,財産管理経費,調査・設計・監理委託料,,440000,R7決算書p22
2025,2,総務費,1,総務管理費,5,財産管理費,財産管理経費,,,23,1,,,財産管理経費,調査・設計・監理委託料,調査・設計・監理委託料,440000,R7決算書p22
2025,2,総務費,1,総務管理費,5,財産管理費,財産管理経費,,,22,0,,,財産管理経費,使用料・借上料,,2186976,R7決算書p22
2025,2,総務費,1,総務管理費,5,財産管理費,財産管理経費,,,23,1,,,財産管理経費,使用料・借上料,LEDリース料,1696200,R7決算書p22
2025,2,総務費,1,総務管理費,5,財産管理費,財産管理経費,,,23,1,,,財産管理経費,使用料・借上料,モップ・マットリース料,449196,R7決算書p23
2025,2,総務費,1,総務管理費,5,財産管理費,財産管理経費,,,23,1,,,財産管理経費,使用料・借上料,自動体外除細動器(AED)リース料,41580,R7決算書p23
2025,2,総務費,1,総務管理費,5,財産管理費,財産管理経費,,,22,0,,,財産管理経費,敷地料,,464210,R7決算書p23
2025,2,総務費,1,総務管理費,5,財産管理費,財産管理経費,,,23,1,,,財産管理経費,敷地料,庁舎敷地料,375330,R7決算書p23
2025,2,総務費,1,総務管理費,5,財産管理費,財産管理経費,,,23,1,,,財産管理経費,敷地料,駐在所敷地料,88880,R7決算書p23
2025,2,総務費,1,総務管理費,5,財産管理費,財産管理経費,,,22,0,,,財産管理経費,維持・修繕工事,,500000,R7決算書p23
2025,2,総務費,1,総務管理費,5,財産管理費,財産管理経費,,,23,1,,,財産管理経費,維持・修繕工事,庁舎施設修繕工事,500000,R7決算書p23
2025,2,総務費,1,総務管理費,6,企画費,企画事務経費,,,0,0,,,,,,59401319,R7決算書p23
2025,2,総務費,1,総務管理費,6,企画費,企画事務経費,,,21,0,,,企画事務経費,,,59401319,R7決算書p23
2025,2,総務費,1,総務管理費,6,企画費,企画事務経費,,,22,0,,,企画事務経費,委員報酬,,47300,R7決算書p23
2025,2,総務費,1,総務管理費,6,企画費,企画事務経費,,,23,1,,,企画事務経費,委員報酬,交通システム策定委員会報酬,17200,R7決算書p23
2025,2,総務費,1,総務管理費,6,企画費,企画事務経費,,,23,1,,,企画事務経費,委員報酬,行政評価委員会報酬,12900,R7決算書p23
2025,2,総務費,1,総務管理費,6,企画費,企画事務経費,,,23,1,,,企画事務経費,委員報酬,審査委員報酬,17200,R7決算書p23
2025,2,総務費,1,総務管理費,6,企画費,企画事務経費,,,22,0,,,企画事務経費,謝金,,300000,R7決算書p23
2025,2,総務費,1,総務管理費,6,企画費,企画事務経費,,,23,1,,,企画事務経費,謝金,講師謝礼,300000,R7決算書p23
2025,2,総務費,1,総務管理費,6,企画費,企画事務経費,,,22,0,,,企画事務経費,職員旅費,,100400,R7決算書p23
2025,2,総務費,1,総務管理費,6,企画費,企画事務経費,,,23,1,,,企画事務経費,職員旅費,職員旅費,100400,R7決算書p23
2025,2,総務費,1,総務管理費,6,企画費,企画事務経費,,,22,0,,,企画事務経費,費用弁償,,186910,R7決算書p23
2025,2,総務費,1,総務管理費,6,企画費,企画事務経費,,,23,1,,,企画事務経費,費用弁償,講師旅費,65670,R7決算書p23
2025,2,総務費,1,総務管理費,6,企画費,企画事務経費,,,23,1,,,企画事務経費,費用弁償,受賞者旅費,121240,R7決算書p23
2025,2,総務費,1,総務管理費,6,企画費,企画事務経費,,,22,0,,,企画事務経費,消耗品,,1689612,R7決算書p23
2025,2,総務費,1,総務管理費,6,企画費,企画事務経費,,,23,1,,,企画事務経費,消耗品,消耗品,1675212,R7決算書p23
2025,2,総務費,1,総務管理費,6,企画費,企画事務経費,,,23,1,,,企画事務経費,消耗品,美しい村新聞購入費,14400,R7決算書p23
2025,2,総務費,1,総務管理費,6,企画費,企画事務経費,,,22,0,,,企画事務経費,印刷製本費,,946880,R7決算書p23
2025,2,総務費,1,総務管理費,6,企画費,企画事務経費,,,23,1,,,企画事務経費,印刷製本費,村勢要覧印刷費,122100,R7決算書p23
2025,2,総務費,1,総務管理費,6,企画費,企画事務経費,,,23,1,,,企画事務経費,印刷製本費,美しい村ＰＲ資料印刷費,246180,R7決算書p23
2025,2,総務費,1,総務管理費,6,企画費,企画事務経費,,,23,1,,,企画事務経費,印刷製本費,名刺用台紙印刷代,118800,R7決算書p23
2025,2,総務費,1,総務管理費,6,企画費,企画事務経費,,,23,1,,,企画事務経費,印刷製本費,商品券印刷代,418000,R7決算書p23
2025,2,総務費,1,総務管理費,6,企画費,企画事務経費,,,23,1,,,企画事務経費,印刷製本費,移住関係パンフレット印刷代,41800,R7決算書p23
2025,2,総務費,1,総務管理費,6,企画費,企画事務経費,,,22,0,,,企画事務経費,通信運搬費,,183368,R7決算書p23
2025,2,総務費,1,総務管理費,6,企画費,企画事務経費,,,23,1,,,企画事務経費,通信運搬費,郵便料,183368,R7決算書p23
2025,2,総務費,1,総務管理費,6,企画費,企画事務経費,,,22,0,,,企画事務経費,筆耕料,,30000,R7決算書p23
2025,2,総務費,1,総務管理費,6,企画費,企画事務経費,,,23,1,,,企画事務経費,筆耕料,筆耕料,30000,R7決算書p23
2025,2,総務費,1,総務管理費,6,企画費,企画事務経費,,,22,0,,,企画事務経費,保守管理委託料,,213400,R7決算書p23
2025,2,総務費,1,総務管理費,6,企画費,企画事務経費,,,23,1,,,企画事務経費,保守管理委託料,ホームページ保守委託料,213400,R7決算書p23
2025,2,総務費,1,総務管理費,6,企画費,企画事務経費,,,22,0,,,企画事務経費,業務委託料,,15014030,R7決算書p23
2025,2,総務費,1,総務管理費,6,企画費,企画事務経費,,,23,1,,,企画事務経費,業務委託料,商品券発行事業委託料,13630000,R7決算書p23
2025,2,総務費,1,総務管理費,6,企画費,企画事務経費,,,23,1,,,企画事務経費,業務委託料,商品券発行事業委託料（明許繰越分）,1384030,R7決算書p23
2025,2,総務費,1,総務管理費,6,企画費,企画事務経費,,,22,0,,,企画事務経費,使用料・借上料,,831611,R7決算書p23
2025,2,総務費,1,総務管理費,6,企画費,企画事務経費,,,23,1,,,企画事務経費,使用料・借上料,駐車場使用料,6080,R7決算書p23
2025,2,総務費,1,総務管理費,6,企画費,企画事務経費,,,23,1,,,企画事務経費,使用料・借上料,行政ＨＰ用サーバ使用料,256608,R7決算書p23
2025,2,総務費,1,総務管理費,6,企画費,企画事務経費,,,23,1,,,企画事務経費,使用料・借上料,ふるさと納税システム利用料,468507,R7決算書p23
2025,2,総務費,1,総務管理費,6,企画費,企画事務経費,,,23,1,,,企画事務経費,使用料・借上料,セキュリティシステムリース料,75680,R7決算書p23
2025,2,総務費,1,総務管理費,6,企画費,企画事務経費,,,23,1,,,企画事務経費,使用料・借上料,システム使用料,24736,R7決算書p23
2025,2,総務費,1,総務管理費,6,企画費,企画事務経費,,,22,0,,,企画事務経費,敷地料,,1920,R7決算書p23
2025,2,総務費,1,総務管理費,6,企画費,企画事務経費,,,23,1,,,企画事務経費,敷地料,バス停敷地料,1920,R7決算書p23
2025,2,総務費,1,総務管理費,6,企画費,企画事務経費,,,22,0,,,企画事務経費,負担金（一部事務組合）,,5210280,R7決算書p23
2025,2,総務費,1,総務管理費,6,企画費,企画事務経費,,,23,1,,,企画事務経費,負担金（一部事務組合）,南信州広域連合負担金,2329280,R7決算書p23
2025,2,総務費,1,総務管理費,6,企画費,企画事務経費,,,23,1,,,企画事務経費,負担金（一部事務組合）,北部総合事務組合負担金,2881000,R7決算書p23
2025,2,総務費,1,総務管理費,6,企画費,企画事務経費,,,22,0,,,企画事務経費,負担金,,760950,R7決算書p23
2025,2,総務費,1,総務管理費,6,企画費,企画事務経費,,,23,1,,,企画事務経費,負担金,全国山振連盟負担金,40000,R7決算書p23
2025,2,総務費,1,総務管理費,6,企画費,企画事務経費,,,23,1,,,企画事務経費,負担金,全国過疎地域自立促進連盟負担金,67050,R7決算書p23
2025,2,総務費,1,総務管理費,6,企画費,企画事務経費,,,23,1,,,企画事務経費,負担金,三遠南信サミット負担金,12000,R7決算書p23
2025,2,総務費,1,総務管理費,6,企画費,企画事務経費,,,23,1,,,企画事務経費,負担金,美しい村連合負担金,222000,R7決算書p23
2025,2,総務費,1,総務管理費,6,企画費,企画事務経費,,,23,1,,,企画事務経費,負担金,美しい村連合総会負担金,34600,R7決算書p24
2025,2,総務費,1,総務管理費,6,企画費,企画事務経費,,,23,1,,,企画事務経費,負担金,ダム・発電関係市町村全国協議会負担金,8000,R7決算書p24
2025,2,総務費,1,総務管理費,6,企画費,企画事務経費,,,23,1,,,企画事務経費,負担金,イベント開催負担金,50000,R7決算書p24
2025,2,総務費,1,総務管理費,6,企画費,企画事務経費,,,23,1,,,企画事務経費,負担金,伊那大島駅負担金,150000,R7決算書p24
2025,2,総務費,1,総務管理費,6,企画費,企画事務経費,,,23,1,,,企画事務経費,負担金,楽園信州推進協議会負担金,50000,R7決算書p24
2025,2,総務費,1,総務管理費,6,企画費,企画事務経費,,,23,1,,,企画事務経費,負担金,廃止代替バス維持確保負担金,124300,R7決算書p24
2025,2,総務費,1,総務管理費,6,企画費,企画事務経費,,,23,1,,,企画事務経費,負担金,情報交換会負担金,3000,R7決算書p24
2025,2,総務費,1,総務管理費,6,企画費,企画事務経費,,,22,0,,,企画事務経費,補助金,,30218000,R7決算書p24
2025,2,総務費,1,総務管理費,6,企画費,企画事務経費,,,23,1,,,企画事務経費,補助金,廃止代替バス運行補助金,29430000,R7決算書p24
2025,2,総務費,1,総務管理費,6,企画費,企画事務経費,,,23,1,,,企画事務経費,補助金,美しい村づくり事業補助金,788000,R7決算書p24
2025,2,総務費,1,総務管理費,6,企画費,企画事務経費,,,22,0,,,企画事務経費,交付金,,3117494,R7決算書p24
2025,2,総務費,1,総務管理費,6,企画費,企画事務経費,,,23,1,,,企画事務経費,交付金,美しい村づくり交付金,3117494,R7決算書p24
2025,2,総務費,1,総務管理費,6,企画費,企画事務経費,,,22,0,,,企画事務経費,償還金及び還付加算金,,549164,R7決算書p24
2025,2,総務費,1,総務管理費,6,企画費,企画事務経費,,,23,1,,,企画事務経費,償還金及び還付加算金,国庫返還金,549164,R7決算書p24
2025,2,総務費,1,総務管理費,6,企画費,地域おこし協力隊事業,,,0,0,,,,,,532242,R7決算書p24
2025,2,総務費,1,総務管理費,6,企画費,地域おこし協力隊事業,,,21,0,,,地域おこし協力隊事業,,,532242,R7決算書p24
2025,2,総務費,1,総務管理費,6,企画費,地域おこし協力隊事業,,,22,0,,,地域おこし協力隊事業,臨時職員等共済費,,532242,R7決算書p24
2025,2,総務費,1,総務管理費,6,企画費,地域おこし協力隊事業,,,23,1,,,地域おこし協力隊事業,臨時職員等共済費,社会保険料,532242,R7決算書p24
2025,2,総務費,1,総務管理費,6,企画費,リニア対策経費,,,0,0,,,,,,525400,R7決算書p24
2025,2,総務費,1,総務管理費,6,企画費,リニア対策経費,,,21,0,,,リニア対策経費,,,525400,R7決算書p24
2025,2,総務費,1,総務管理費,6,企画費,リニア対策経費,,,22,0,,,リニア対策経費,委員報酬,,473000,R7決算書p24
2025,2,総務費,1,総務管理費,6,企画費,リニア対策経費,,,23,1,,,リニア対策経費,委員報酬,リニア連絡協議会委員報酬,473000,R7決算書p24
2025,2,総務費,1,総務管理費,6,企画費,リニア対策経費,,,22,0,,,リニア対策経費,職員旅費,,11000,R7決算書p24
2025,2,総務費,1,総務管理費,6,企画費,リニア対策経費,,,23,1,,,リニア対策経費,職員旅費,職員旅費,11000,R7決算書p24
2025,2,総務費,1,総務管理費,6,企画費,リニア対策経費,,,22,0,,,リニア対策経費,資料作成委託料,,37400,R7決算書p24
2025,2,総務費,1,総務管理費,6,企画費,リニア対策経費,,,23,1,,,リニア対策経費,資料作成委託料,議事録作成委託料,37400,R7決算書p24
2025,2,総務費,1,総務管理費,6,企画費,リニア対策経費,,,22,0,,,リニア対策経費,負担金,,4000,R7決算書p24
2025,2,総務費,1,総務管理費,6,企画費,リニア対策経費,,,23,1,,,リニア対策経費,負担金,リニアエクスプレス同盟会負担金,4000,R7決算書p24
2025,2,総務費,1,総務管理費,6,企画費,集落支援員事業,,,0,0,,,,,,6472017,R7決算書p24
2025,2,総務費,1,総務管理費,6,企画費,集落支援員事業,,,21,0,,,集落支援員事業,,,6472017,R7決算書p24
2025,2,総務費,1,総務管理費,6,企画費,集落支援員事業,,,22,0,,,集落支援員事業,会計年度任用職員報酬,,2796000,R7決算書p24
2025,2,総務費,1,総務管理費,6,企画費,集落支援員事業,,,23,1,,,集落支援員事業,会計年度任用職員報酬,会計年度任用職員1号報酬,2796000,R7決算書p24
2025,2,総務費,1,総務管理費,6,企画費,集落支援員事業,,,22,0,,,集落支援員事業,会計年度任用職員手当,,52766,R7決算書p24
2025,2,総務費,1,総務管理費,6,企画費,集落支援員事業,,,23,1,,,集落支援員事業,会計年度任用職員手当,通勤手当,24000,R7決算書p24
2025,2,総務費,1,総務管理費,6,企画費,集落支援員事業,,,23,1,,,集落支援員事業,会計年度任用職員手当,時間外勤務手当,28766,R7決算書p24
2025,2,総務費,1,総務管理費,6,企画費,集落支援員事業,,,22,0,,,集落支援員事業,会計年度任用職員共済費,,2957935,R7決算書p24
2025,2,総務費,1,総務管理費,6,企画費,集落支援員事業,,,23,1,,,集落支援員事業,会計年度任用職員共済費,社会保険料,2957935,R7決算書p24
2025,2,総務費,1,総務管理費,6,企画費,集落支援員事業,,,22,0,,,集落支援員事業,燃料費,,52046,R7決算書p24
2025,2,総務費,1,総務管理費,6,企画費,集落支援員事業,,,23,1,,,集落支援員事業,燃料費,公用車燃料代,52046,R7決算書p24
2025,2,総務費,1,総務管理費,6,企画費,集落支援員事業,,,22,0,,,集落支援員事業,修繕費,,3476,R7決算書p24
2025,2,総務費,1,総務管理費,6,企画費,集落支援員事業,,,23,1,,,集落支援員事業,修繕費,公用車修繕費,3476,R7決算書p24
2025,2,総務費,1,総務管理費,6,企画費,集落支援員事業,,,22,0,,,集落支援員事業,手数料,,81004,R7決算書p24
2025,2,総務費,1,総務管理費,6,企画費,集落支援員事業,,,23,1,,,集落支援員事業,手数料,公用車車検点検料,81004,R7決算書p24
2025,2,総務費,1,総務管理費,6,企画費,集落支援員事業,,,22,0,,,集落支援員事業,損害保険料,,14990,R7決算書p24
2025,2,総務費,1,総務管理費,6,企画費,集落支援員事業,,,23,1,,,集落支援員事業,損害保険料,公用車共済保険料,14990,R7決算書p24
2025,2,総務費,1,総務管理費,6,企画費,集落支援員事業,,,22,0,,,集落支援員事業,使用料・借上料,,513800,R7決算書p24
2025,2,総務費,1,総務管理費,6,企画費,集落支援員事業,,,23,1,,,集落支援員事業,使用料・借上料,住宅借上料,384000,R7決算書p24
2025,2,総務費,1,総務管理費,6,企画費,集落支援員事業,,,23,1,,,集落支援員事業,使用料・借上料,事務用機器リース料,129800,R7決算書p24
2025,2,総務費,1,総務管理費,8,交通安全対策費,交通安全一般経費,,,0,0,,,,,,294832,R7決算書p24
2025,2,総務費,1,総務管理費,8,交通安全対策費,交通安全一般経費,,,21,0,,,交通安全一般経費,,,294832,R7決算書p24
2025,2,総務費,1,総務管理費,8,交通安全対策費,交通安全一般経費,,,22,0,,,交通安全一般経費,光熱水費,,14832,R7決算書p24
2025,2,総務費,1,総務管理費,8,交通安全対策費,交通安全一般経費,,,23,1,,,交通安全一般経費,光熱水費,電気料（回転灯）,14832,R7決算書p24
2025,2,総務費,1,総務管理費,8,交通安全対策費,交通安全一般経費,,,22,0,,,交通安全一般経費,負担金,,280000,R7決算書p24
2025,2,総務費,1,総務管理費,8,交通安全対策費,交通安全一般経費,,,23,1,,,交通安全一般経費,負担金,大鹿村交通安全協会事業費負担金,280000,R7決算書p25
2025,2,総務費,1,総務管理費,8,交通安全対策費,南信交通災害共済経費,,,0,0,,,,,,173000,R7決算書p25
2025,2,総務費,1,総務管理費,8,交通安全対策費,南信交通災害共済経費,,,21,0,,,南信交通災害共済経費,,,173000,R7決算書p25
2025,2,総務費,1,総務管理費,8,交通安全対策費,南信交通災害共済経費,,,22,0,,,南信交通災害共済経費,補助金,,173000,R7決算書p25
2025,2,総務費,1,総務管理費,8,交通安全対策費,南信交通災害共済経費,,,23,1,,,南信交通災害共済経費,補助金,南信交通災害共済掛金補助,173000,R7決算書p25
2025,2,総務費,1,総務管理費,8,交通安全対策費,交通安全施設整備経費,,,0,0,,,,,,11008671,R7決算書p25
2025,2,総務費,1,総務管理費,8,交通安全対策費,交通安全施設整備経費,,,21,0,,,交通安全施設整備経費,,,11008671,R7決算書p25
2025,2,総務費,1,総務管理費,8,交通安全対策費,交通安全施設整備経費,,,22,0,,,交通安全施設整備経費,消耗品,,299200,R7決算書p25
2025,2,総務費,1,総務管理費,8,交通安全対策費,交通安全施設整備経費,,,23,1,,,交通安全施設整備経費,消耗品,除雪用三角板代,299200,R7決算書p25
2025,2,総務費,1,総務管理費,8,交通安全対策費,交通安全施設整備経費,,,22,0,,,交通安全施設整備経費,燃料費,,91580,R7決算書p25
2025,2,総務費,1,総務管理費,8,交通安全対策費,交通安全施設整備経費,,,23,1,,,交通安全施設整備経費,燃料費,公用車燃料費,91580,R7決算書p25
2025,2,総務費,1,総務管理費,8,交通安全対策費,交通安全施設整備経費,,,22,0,,,交通安全施設整備経費,修繕費,,68332,R7決算書p25
2025,2,総務費,1,総務管理費,8,交通安全対策費,交通安全施設整備経費,,,23,1,,,交通安全施設整備経費,修繕費,公用車修繕費,68332,R7決算書p25
2025,2,総務費,1,総務管理費,8,交通安全対策費,交通安全施設整備経費,,,22,0,,,交通安全施設整備経費,手数料,,10560,R7決算書p25
2025,2,総務費,1,総務管理費,8,交通安全対策費,交通安全施設整備経費,,,23,1,,,交通安全施設整備経費,手数料,公用車車検点検料,10560,R7決算書p25
2025,2,総務費,1,総務管理費,8,交通安全対策費,交通安全施設整備経費,,,22,0,,,交通安全施設整備経費,損害保険料,,17960,R7決算書p25
2025,2,総務費,1,総務管理費,8,交通安全対策費,交通安全施設整備経費,,,23,1,,,交通安全施設整備経費,損害保険料,公用車共済保険料,17960,R7決算書p25
2025,2,総務費,1,総務管理費,8,交通安全対策費,交通安全施設整備経費,,,22,0,,,交通安全施設整備経費,業務委託料,,6819099,R7決算書p25
2025,2,総務費,1,総務管理費,8,交通安全対策費,交通安全施設整備経費,,,23,1,,,交通安全施設整備経費,業務委託料,道路凍結防止対策（支障木伐採）委託,2156000,R7決算書p25
2025,2,総務費,1,総務管理費,8,交通安全対策費,交通安全施設整備経費,,,23,1,,,交通安全施設整備経費,業務委託料,除雪委託料,4663099,R7決算書p25
2025,2,総務費,1,総務管理費,8,交通安全対策費,交通安全施設整備経費,,,22,0,,,交通安全施設整備経費,単独事業,,1521300,R7決算書p25
2025,2,総務費,1,総務管理費,8,交通安全対策費,交通安全施設整備経費,,,23,1,,,交通安全施設整備経費,単独事業,ガードレール・カーブミラー設置工事,1521300,R7決算書p25
2025,2,総務費,1,総務管理費,8,交通安全対策費,交通安全施設整備経費,,,22,0,,,交通安全施設整備経費,原材料費,,2180640,R7決算書p25
2025,2,総務費,1,総務管理費,8,交通安全対策費,交通安全施設整備経費,,,23,1,,,交通安全施設整備経費,原材料費,融雪剤,2112000,R7決算書p25
2025,2,総務費,1,総務管理費,8,交通安全対策費,交通安全施設整備経費,,,23,1,,,交通安全施設整備経費,原材料費,滑り止め用砂,68640,R7決算書p25
2025,2,総務費,1,総務管理費,9,電子計算費,電子計算経費,,,0,0,,,,,,137914291,R7決算書p25
2025,2,総務費,1,総務管理費,9,電子計算費,電子計算経費,,,21,0,,,電子計算経費,,,137914291,R7決算書p25
2025,2,総務費,1,総務管理費,9,電子計算費,電子計算経費,,,22,0,,,電子計算経費,通信運搬費,,19800,R7決算書p25
2025,2,総務費,1,総務管理費,9,電子計算費,電子計算経費,,,23,1,,,電子計算経費,通信運搬費,情報通信接続料,19800,R7決算書p25
2025,2,総務費,1,総務管理費,9,電子計算費,電子計算経費,,,22,0,,,電子計算経費,電算委託料,,69361897,R7決算書p25
2025,2,総務費,1,総務管理費,9,電子計算費,電子計算経費,,,23,1,,,電子計算経費,電算委託料,基幹系等機器保守委託料,280500,R7決算書p25
2025,2,総務費,1,総務管理費,9,電子計算費,電子計算経費,,,23,1,,,電子計算経費,電算委託料,システム改修委託料,264000,R7決算書p25
2025,2,総務費,1,総務管理費,9,電子計算費,電子計算経費,,,23,1,,,電子計算経費,電算委託料,ＬＧＷＡＮシステム運用支援委託料,198000,R7決算書p25
2025,2,総務費,1,総務管理費,9,電子計算費,電子計算経費,,,23,1,,,電子計算経費,電算委託料,システム導入委託料,65816300,R7決算書p25
2025,2,総務費,1,総務管理費,9,電子計算費,電子計算経費,,,23,1,,,電子計算経費,電算委託料,情報セキュリティ強化機器保守委託料,224400,R7決算書p25
2025,2,総務費,1,総務管理費,9,電子計算費,電子計算経費,,,23,1,,,電子計算経費,電算委託料,マイナンバー管理システム保守委託料,79200,R7決算書p25
2025,2,総務費,1,総務管理費,9,電子計算費,電子計算経費,,,23,1,,,電子計算経費,電算委託料,自治体中間サーバー改修委託料,1760000,R7決算書p25
2025,2,総務費,1,総務管理費,9,電子計算費,電子計算経費,,,23,1,,,電子計算経費,電算委託料,行政手続きオンライン化運用保守料,739497,R7決算書p25
2025,2,総務費,1,総務管理費,9,電子計算費,電子計算経費,,,22,0,,,電子計算経費,業務委託料,,3850000,R7決算書p25
2025,2,総務費,1,総務管理費,9,電子計算費,電子計算経費,,,23,1,,,電子計算経費,業務委託料,特定個人情報取扱業務支援,3850000,R7決算書p25
2025,2,総務費,1,総務管理費,9,電子計算費,電子計算経費,,,22,0,,,電子計算経費,使用料・借上料,,52721202,R7決算書p25
2025,2,総務費,1,総務管理費,9,電子計算費,電子計算経費,,,23,1,,,電子計算経費,使用料・借上料,財務会計システム使用料,3981472,R7決算書p25
2025,2,総務費,1,総務管理費,9,電子計算費,電子計算経費,,,23,1,,,電子計算経費,使用料・借上料,ＬＧＷＡＮハウジング料,1215720,R7決算書p25
2025,2,総務費,1,総務管理費,9,電子計算費,電子計算経費,,,23,1,,,電子計算経費,使用料・借上料,ウイルス対策ソフト使用料,987800,R7決算書p25
2025,2,総務費,1,総務管理費,9,電子計算費,電子計算経費,,,23,1,,,電子計算経費,使用料・借上料,基幹系システム使用料,1291290,R7決算書p25
2025,2,総務費,1,総務管理費,9,電子計算費,電子計算経費,,,23,1,,,電子計算経費,使用料・借上料,ＬＧＷＡＮルータ使用料,85690,R7決算書p25
2025,2,総務費,1,総務管理費,9,電子計算費,電子計算経費,,,23,1,,,電子計算経費,使用料・借上料,パソコンリース料,3003000,R7決算書p25
2025,2,総務費,1,総務管理費,9,電子計算費,電子計算経費,,,23,1,,,電子計算経費,使用料・借上料,セキュリティー強靭化システムリース料,4593600,R7決算書p25
2025,2,総務費,1,総務管理費,9,電子計算費,電子計算経費,,,23,1,,,電子計算経費,使用料・借上料,標準化システム経常経費,18839700,R7決算書p25
2025,2,総務費,1,総務管理費,9,電子計算費,電子計算経費,,,23,1,,,電子計算経費,使用料・借上料,基幹系等機器リース料,6098400,R7決算書p25
2025,2,総務費,1,総務管理費,9,電子計算費,電子計算経費,,,23,1,,,電子計算経費,使用料・借上料,自治体情報セキュリティ向上プラットフォーム利用料,100000,R7決算書p26
2025,2,総務費,1,総務管理費,9,電子計算費,電子計算経費,,,23,1,,,電子計算経費,使用料・借上料,ガバメントクラウド利用料,12524530,R7決算書p26
2025,2,総務費,1,総務管理費,9,電子計算費,電子計算経費,,,22,0,,,電子計算経費,単独事業,,374000,R7決算書p26
2025,2,総務費,1,総務管理費,9,電子計算費,電子計算経費,,,23,1,,,電子計算経費,単独事業,空調設備整備工事,374000,R7決算書p26
2025,2,総務費,1,総務管理費,9,電子計算費,電子計算経費,,,22,0,,,電子計算経費,備品購入費,,1463000,R7決算書p26
2025,2,総務費,1,総務管理費,9,電子計算費,電子計算経費,,,23,1,,,電子計算経費,備品購入費,パソコン等購入費,1463000,R7決算書p26
2025,2,総務費,1,総務管理費,9,電子計算費,電子計算経費,,,22,0,,,電子計算経費,負担金,,10124392,R7決算書p26
2025,2,総務費,1,総務管理費,9,電子計算費,電子計算経費,,,23,1,,,電子計算経費,負担金,長野県自治振興組合負担金,3634559,R7決算書p26
2025,2,総務費,1,総務管理費,9,電子計算費,電子計算経費,,,23,1,,,電子計算経費,負担金,電子申請・届出サービス負担金,71933,R7決算書p26
2025,2,総務費,1,総務管理費,9,電子計算費,電子計算経費,,,23,1,,,電子計算経費,負担金,中間ＳＶＰＦ負担金,4887000,R7決算書p26
2025,2,総務費,1,総務管理費,9,電子計算費,電子計算経費,,,23,1,,,電子計算経費,負担金,自治体情報セキュリティクラウド負担金,1530900,R7決算書p26
2025,2,総務費,1,総務管理費,10,ＣＡＴＶ事業費,ＣＡＴＶ管理事業,,,0,0,,,,,,18287533,R7決算書p26
2025,2,総務費,1,総務管理費,10,ＣＡＴＶ事業費,ＣＡＴＶ管理事業,,,21,0,,,ＣＡＴＶ管理事業,,,18287533,R7決算書p26
2025,2,総務費,1,総務管理費,10,ＣＡＴＶ事業費,ＣＡＴＶ管理事業,,,22,0,,,ＣＡＴＶ管理事業,消耗品,,11321,R7決算書p26
2025,2,総務費,1,総務管理費,10,ＣＡＴＶ事業費,ＣＡＴＶ管理事業,,,23,1,,,ＣＡＴＶ管理事業,消耗品,消耗品,11321,R7決算書p26
2025,2,総務費,1,総務管理費,10,ＣＡＴＶ事業費,ＣＡＴＶ管理事業,,,22,0,,,ＣＡＴＶ管理事業,通信運搬費,,3087210,R7決算書p26
2025,2,総務費,1,総務管理費,10,ＣＡＴＶ事業費,ＣＡＴＶ管理事業,,,23,1,,,ＣＡＴＶ管理事業,通信運搬費,情報通信接続料,3087210,R7決算書p26
2025,2,総務費,1,総務管理費,10,ＣＡＴＶ事業費,ＣＡＴＶ管理事業,,,22,0,,,ＣＡＴＶ管理事業,手数料,,220000,R7決算書p26
2025,2,総務費,1,総務管理費,10,ＣＡＴＶ事業費,ＣＡＴＶ管理事業,,,23,1,,,ＣＡＴＶ管理事業,手数料,機器更新手数料,220000,R7決算書p26
2025,2,総務費,1,総務管理費,10,ＣＡＴＶ事業費,ＣＡＴＶ管理事業,,,22,0,,,ＣＡＴＶ管理事業,損害保険料,,141020,R7決算書p26
2025,2,総務費,1,総務管理費,10,ＣＡＴＶ事業費,ＣＡＴＶ管理事業,,,23,1,,,ＣＡＴＶ管理事業,損害保険料,ＣＡＴＶ施設保険料,141020,R7決算書p26
2025,2,総務費,1,総務管理費,10,ＣＡＴＶ事業費,ＣＡＴＶ管理事業,,,22,0,,,ＣＡＴＶ管理事業,保守管理委託料,,462000,R7決算書p26
2025,2,総務費,1,総務管理費,10,ＣＡＴＶ事業費,ＣＡＴＶ管理事業,,,23,1,,,ＣＡＴＶ管理事業,保守管理委託料,ＣＡＴＶ保守委託料,462000,R7決算書p26
2025,2,総務費,1,総務管理費,10,ＣＡＴＶ事業費,ＣＡＴＶ管理事業,,,22,0,,,ＣＡＴＶ管理事業,業務委託料,,982300,R7決算書p26
2025,2,総務費,1,総務管理費,10,ＣＡＴＶ事業費,ＣＡＴＶ管理事業,,,23,1,,,ＣＡＴＶ管理事業,業務委託料,撮影業務委託料,484000,R7決算書p26
2025,2,総務費,1,総務管理費,10,ＣＡＴＶ事業費,ＣＡＴＶ管理事業,,,23,1,,,ＣＡＴＶ管理事業,業務委託料,メンテナンス業務委託料,498300,R7決算書p26
2025,2,総務費,1,総務管理費,10,ＣＡＴＶ事業費,ＣＡＴＶ管理事業,,,22,0,,,ＣＡＴＶ管理事業,使用料・借上料,,2310000,R7決算書p26
2025,2,総務費,1,総務管理費,10,ＣＡＴＶ事業費,ＣＡＴＶ管理事業,,,23,1,,,ＣＡＴＶ管理事業,使用料・借上料,クラウドサービス使用料,2310000,R7決算書p26
2025,2,総務費,1,総務管理費,10,ＣＡＴＶ事業費,ＣＡＴＶ管理事業,,,22,0,,,ＣＡＴＶ管理事業,単独事業,,160304,R7決算書p26
2025,2,総務費,1,総務管理費,10,ＣＡＴＶ事業費,ＣＡＴＶ管理事業,,,23,1,,,ＣＡＴＶ管理事業,単独事業,引込み線工事,160304,R7決算書p26
2025,2,総務費,1,総務管理費,10,ＣＡＴＶ事業費,ＣＡＴＶ管理事業,,,22,0,,,ＣＡＴＶ管理事業,備品購入費,,126500,R7決算書p26
2025,2,総務費,1,総務管理費,10,ＣＡＴＶ事業費,ＣＡＴＶ管理事業,,,23,1,,,ＣＡＴＶ管理事業,備品購入費,ＣＡＴＶ備品購入費,126500,R7決算書p26
2025,2,総務費,1,総務管理費,10,ＣＡＴＶ事業費,ＣＡＴＶ管理事業,,,22,0,,,ＣＡＴＶ管理事業,負担金,,10736478,R7決算書p26
2025,2,総務費,1,総務管理費,10,ＣＡＴＶ事業費,ＣＡＴＶ管理事業,,,23,1,,,ＣＡＴＶ管理事業,負担金,ケーブルテレビ事業負担金,10736478,R7決算書p26
2025,2,総務費,1,総務管理費,10,ＣＡＴＶ事業費,ＣＡＴＶ管理事業,,,22,0,,,ＣＡＴＶ管理事業,補助金,,50400,R7決算書p26
2025,2,総務費,1,総務管理費,10,ＣＡＴＶ事業費,ＣＡＴＶ管理事業,,,23,1,,,ＣＡＴＶ管理事業,補助金,インターネット利用補助金,50400,R7決算書p26
2025,2,総務費,2,徴税費,1,税務総務費,税務一般経費,,,0,0,,,,,,13757571,R7決算書p26
2025,2,総務費,2,徴税費,1,税務総務費,税務一般経費,,,21,0,,,税務一般経費,,,13757571,R7決算書p26
2025,2,総務費,2,徴税費,1,税務総務費,税務一般経費,,,22,0,,,税務一般経費,消耗品,,50464,R7決算書p26
2025,2,総務費,2,徴税費,1,税務総務費,税務一般経費,,,23,1,,,税務一般経費,消耗品,消耗品,7520,R7決算書p26
2025,2,総務費,2,徴税費,1,税務総務費,税務一般経費,,,23,1,,,税務一般経費,消耗品,図書購入費,42944,R7決算書p26
2025,2,総務費,2,徴税費,1,税務総務費,税務一般経費,,,22,0,,,税務一般経費,印刷製本費,,366,R7決算書p26
2025,2,総務費,2,徴税費,1,税務総務費,税務一般経費,,,23,1,,,税務一般経費,印刷製本費,印刷製本費,366,R7決算書p26
2025,2,総務費,2,徴税費,1,税務総務費,税務一般経費,,,22,0,,,税務一般経費,通信運搬費,,22150,R7決算書p26
2025,2,総務費,2,徴税費,1,税務総務費,税務一般経費,,,23,1,,,税務一般経費,通信運搬費,郵便料,22150,R7決算書p26
2025,2,総務費,2,徴税費,1,税務総務費,税務一般経費,,,22,0,,,税務一般経費,手数料,,100953,R7決算書p26
2025,2,総務費,2,徴税費,1,税務総務費,税務一般経費,,,23,1,,,税務一般経費,手数料,口座振替等収納手数料,100953,R7決算書p26
2025,2,総務費,2,徴税費,1,税務総務費,税務一般経費,,,22,0,,,税務一般経費,電算委託料,,5288624,R7決算書p26
2025,2,総務費,2,徴税費,1,税務総務費,税務一般経費,,,23,1,,,税務一般経費,電算委託料,住民税,3120799,R7決算書p26
2025,2,総務費,2,徴税費,1,税務総務費,税務一般経費,,,23,1,,,税務一般経費,電算委託料,固定資産税,1681152,R7決算書p27
2025,2,総務費,2,徴税費,1,税務総務費,税務一般経費,,,23,1,,,税務一般経費,電算委託料,軽自動車税,396748,R7決算書p27
2025,2,総務費,2,徴税費,1,税務総務費,税務一般経費,,,23,1,,,税務一般経費,電算委託料,収納・口座・会計委託料,89925,R7決算書p27
2025,2,総務費,2,徴税費,1,税務総務費,税務一般経費,,,22,0,,,税務一般経費,業務委託料,,2486881,R7決算書p27
2025,2,総務費,2,徴税費,1,税務総務費,税務一般経費,,,23,1,,,税務一般経費,業務委託料,固定資産評価替土地鑑定委託,1407780,R7決算書p27
2025,2,総務費,2,徴税費,1,税務総務費,税務一般経費,,,23,1,,,税務一般経費,業務委託料,固定資産土地意見書委託,286367,R7決算書p27
2025,2,総務費,2,徴税費,1,税務総務費,税務一般経費,,,23,1,,,税務一般経費,業務委託料,軽自動車税申告書取扱委託料,4929,R7決算書p27
2025,2,総務費,2,徴税費,1,税務総務費,税務一般経費,,,23,1,,,税務一般経費,業務委託料,eLTAXシステム業務委託料,770000,R7決算書p27
2025,2,総務費,2,徴税費,1,税務総務費,税務一般経費,,,23,1,,,税務一般経費,業務委託料,軽自動車税環境性能割徴収取扱委託料,17805,R7決算書p27
2025,2,総務費,2,徴税費,1,税務総務費,税務一般経費,,,22,0,,,税務一般経費,使用料・借上料,,1898329,R7決算書p27
2025,2,総務費,2,徴税費,1,税務総務費,税務一般経費,,,23,1,,,税務一般経費,使用料・借上料,ｅＬＴＡＸシステム使用料,726000,R7決算書p27
2025,2,総務費,2,徴税費,1,税務総務費,税務一般経費,,,23,1,,,税務一般経費,使用料・借上料,Ｒｅａｍｓ．ＮＥＴ申告相談システム使用料,111870,R7決算書p27
2025,2,総務費,2,徴税費,1,税務総務費,税務一般経費,,,23,1,,,税務一般経費,使用料・借上料,軽自動車情報システム使用料,5614,R7決算書p27
2025,2,総務費,2,徴税費,1,税務総務費,税務一般経費,,,23,1,,,税務一般経費,使用料・借上料,地方税共通納税システム使用料,462000,R7決算書p27
2025,2,総務費,2,徴税費,1,税務総務費,税務一般経費,,,23,1,,,税務一般経費,使用料・借上料,家屋評価システム使用料,592845,R7決算書p27
2025,2,総務費,2,徴税費,1,税務総務費,税務一般経費,,,22,0,,,税務一般経費,負担金,,209804,R7決算書p27
2025,2,総務費,2,徴税費,1,税務総務費,税務一般経費,,,23,1,,,税務一般経費,負担金,飯伊地区税協負担金,1800,R7決算書p27
2025,2,総務費,2,徴税費,1,税務総務費,税務一般経費,,,23,1,,,税務一般経費,負担金,長野県税制研究会負担金,1400,R7決算書p27
2025,2,総務費,2,徴税費,1,税務総務費,税務一般経費,,,23,1,,,税務一般経費,負担金,資産評価システムセンター負担金,30000,R7決算書p27
2025,2,総務費,2,徴税費,1,税務総務費,税務一般経費,,,23,1,,,税務一般経費,負担金,年末調整関係用紙郵送負担金,1274,R7決算書p27
2025,2,総務費,2,徴税費,1,税務総務費,税務一般経費,,,23,1,,,税務一般経費,負担金,地方税電子化協議会負担金,125330,R7決算書p27
2025,2,総務費,2,徴税費,1,税務総務費,税務一般経費,,,23,1,,,税務一般経費,負担金,長野県地方税滞納整理機構負担金,50000,R7決算書p27
2025,2,総務費,2,徴税費,1,税務総務費,税務一般経費,,,22,0,,,税務一般経費,交付金,,3700000,R7決算書p27
2025,2,総務費,2,徴税費,1,税務総務費,税務一般経費,,,23,1,,,税務一般経費,交付金,定額減税補足給付金,3700000,R7決算書p27
2025,2,総務費,2,徴税費,1,税務総務費,一般職人事管理経費（税務）,,,0,0,,,,,,13109176,R7決算書p27
2025,2,総務費,2,徴税費,1,税務総務費,一般職人事管理経費（税務）,,,21,0,,,一般職人事管理経費（税務）,,,13109176,R7決算書p27
2025,2,総務費,2,徴税費,1,税務総務費,一般職人事管理経費（税務）,,,22,0,,,一般職人事管理経費（税務）,職員給料,,6623400,R7決算書p27
2025,2,総務費,2,徴税費,1,税務総務費,一般職人事管理経費（税務）,,,23,1,,,一般職人事管理経費（税務）,職員給料,一般職員給料,6623400,R7決算書p27
2025,2,総務費,2,徴税費,1,税務総務費,一般職人事管理経費（税務）,,,22,0,,,一般職人事管理経費（税務）,職員手当等,,4330731,R7決算書p27
2025,2,総務費,2,徴税費,1,税務総務費,一般職人事管理経費（税務）,,,23,1,,,一般職人事管理経費（税務）,職員手当等,扶養手当,390000,R7決算書p27
2025,2,総務費,2,徴税費,1,税務総務費,一般職人事管理経費（税務）,,,23,1,,,一般職人事管理経費（税務）,職員手当等,住居手当,84000,R7決算書p27
2025,2,総務費,2,徴税費,1,税務総務費,一般職人事管理経費（税務）,,,23,1,,,一般職人事管理経費（税務）,職員手当等,通勤手当,186000,R7決算書p27
2025,2,総務費,2,徴税費,1,税務総務費,一般職人事管理経費（税務）,,,23,1,,,一般職人事管理経費（税務）,職員手当等,特殊勤務手当,99345,R7決算書p27
2025,2,総務費,2,徴税費,1,税務総務費,一般職人事管理経費（税務）,,,23,1,,,一般職人事管理経費（税務）,職員手当等,時間外勤務手当,324327,R7決算書p27
2025,2,総務費,2,徴税費,1,税務総務費,一般職人事管理経費（税務）,,,23,1,,,一般職人事管理経費（税務）,職員手当等,児童手当,295000,R7決算書p27
2025,2,総務費,2,徴税費,1,税務総務費,一般職人事管理経費（税務）,,,23,1,,,一般職人事管理経費（税務）,職員手当等,期末手当,1507512,R7決算書p27
2025,2,総務費,2,徴税費,1,税務総務費,一般職人事管理経費（税務）,,,23,1,,,一般職人事管理経費（税務）,職員手当等,勤勉手当,1246547,R7決算書p27
2025,2,総務費,2,徴税費,1,税務総務費,一般職人事管理経費（税務）,,,23,1,,,一般職人事管理経費（税務）,職員手当等,寒冷地手当,198000,R7決算書p27
2025,2,総務費,2,徴税費,1,税務総務費,一般職人事管理経費（税務）,,,22,0,,,一般職人事管理経費（税務）,一般職共済費,,2155045,R7決算書p27
2025,2,総務費,2,徴税費,1,税務総務費,一般職人事管理経費（税務）,,,23,1,,,一般職人事管理経費（税務）,一般職共済費,地方公務員共済組合等負担金,2155045,R7決算書p27
2025,2,総務費,2,徴税費,2,賦課徴収費,賦課徴収事務経費,,,0,0,,,,,,5370835,R7決算書p27
2025,2,総務費,2,徴税費,2,賦課徴収費,賦課徴収事務経費,,,21,0,,,賦課徴収事務経費,,,5370835,R7決算書p27
2025,2,総務費,2,徴税費,2,賦課徴収費,賦課徴収事務経費,,,22,0,,,賦課徴収事務経費,消耗品,,4535927,R7決算書p27
2025,2,総務費,2,徴税費,2,賦課徴収費,賦課徴収事務経費,,,23,1,,,賦課徴収事務経費,消耗品,消耗品,4535927,R7決算書p27
2025,2,総務費,2,徴税費,2,賦課徴収費,賦課徴収事務経費,,,22,0,,,賦課徴収事務経費,償還金及び還付加算金,,834908,R7決算書p27
2025,2,総務費,2,徴税費,2,賦課徴収費,賦課徴収事務経費,,,23,1,,,賦課徴収事務経費,償還金及び還付加算金,村税過誤納還付金,834908,R7決算書p27
2025,2,総務費,3,戸籍住民基本台帳費,1,戸籍住民基本台帳費,戸籍住民基本台帳経費,,,0,0,,,,,,28279854,R7決算書p27
2025,2,総務費,3,戸籍住民基本台帳費,1,戸籍住民基本台帳費,戸籍住民基本台帳経費,,,21,0,,,戸籍住民基本台帳経費,,,28279854,R7決算書p28
2025,2,総務費,3,戸籍住民基本台帳費,1,戸籍住民基本台帳費,戸籍住民基本台帳経費,,,22,0,,,戸籍住民基本台帳経費,消耗品,,86101,R7決算書p28
2025,2,総務費,3,戸籍住民基本台帳費,1,戸籍住民基本台帳費,戸籍住民基本台帳経費,,,23,1,,,戸籍住民基本台帳経費,消耗品,消耗品,44283,R7決算書p28
2025,2,総務費,3,戸籍住民基本台帳費,1,戸籍住民基本台帳費,戸籍住民基本台帳経費,,,23,1,,,戸籍住民基本台帳経費,消耗品,図書購入費,41818,R7決算書p28
2025,2,総務費,3,戸籍住民基本台帳費,1,戸籍住民基本台帳費,戸籍住民基本台帳経費,,,22,0,,,戸籍住民基本台帳経費,通信運搬費,,85690,R7決算書p28
2025,2,総務費,3,戸籍住民基本台帳費,1,戸籍住民基本台帳費,戸籍住民基本台帳経費,,,23,1,,,戸籍住民基本台帳経費,通信運搬費,住基カード関連郵送料,9870,R7決算書p28
2025,2,総務費,3,戸籍住民基本台帳費,1,戸籍住民基本台帳費,戸籍住民基本台帳経費,,,23,1,,,戸籍住民基本台帳経費,通信運搬費,戸籍通知関連郵送料,75820,R7決算書p28
2025,2,総務費,3,戸籍住民基本台帳費,1,戸籍住民基本台帳費,戸籍住民基本台帳経費,,,22,0,,,戸籍住民基本台帳経費,電算委託料,,19115503,R7決算書p28
2025,2,総務費,3,戸籍住民基本台帳費,1,戸籍住民基本台帳費,戸籍住民基本台帳経費,,,23,1,,,戸籍住民基本台帳経費,電算委託料,住民記録システムソフト保守料,546315,R7決算書p28
2025,2,総務費,3,戸籍住民基本台帳費,1,戸籍住民基本台帳費,戸籍住民基本台帳経費,,,23,1,,,戸籍住民基本台帳経費,電算委託料,住基ネット記録媒体保守委託料,39600,R7決算書p28
2025,2,総務費,3,戸籍住民基本台帳費,1,戸籍住民基本台帳費,戸籍住民基本台帳経費,,,23,1,,,戸籍住民基本台帳経費,電算委託料,住基ネットシステム改修委託料,203500,R7決算書p28
2025,2,総務費,3,戸籍住民基本台帳費,1,戸籍住民基本台帳費,戸籍住民基本台帳経費,,,23,1,,,戸籍住民基本台帳経費,電算委託料,システム改修委託料,12364088,R7決算書p28
2025,2,総務費,3,戸籍住民基本台帳費,1,戸籍住民基本台帳費,戸籍住民基本台帳経費,,,23,1,,,戸籍住民基本台帳経費,電算委託料,住基ネットワークハウジング委託料,3421000,R7決算書p28
2025,2,総務費,3,戸籍住民基本台帳費,1,戸籍住民基本台帳費,戸籍住民基本台帳経費,,,23,1,,,戸籍住民基本台帳経費,電算委託料,システム機器更新委託料,2541000,R7決算書p28
2025,2,総務費,3,戸籍住民基本台帳費,1,戸籍住民基本台帳費,戸籍住民基本台帳経費,,,22,0,,,戸籍住民基本台帳経費,使用料・借上料,,8092260,R7決算書p28
2025,2,総務費,3,戸籍住民基本台帳費,1,戸籍住民基本台帳費,戸籍住民基本台帳経費,,,23,1,,,戸籍住民基本台帳経費,使用料・借上料,住民記録システムソフト使用料,1072500,R7決算書p28
2025,2,総務費,3,戸籍住民基本台帳費,1,戸籍住民基本台帳費,戸籍住民基本台帳経費,,,23,1,,,戸籍住民基本台帳経費,使用料・借上料,戸籍総合システム使用料,7019760,R7決算書p28
2025,2,総務費,3,戸籍住民基本台帳費,1,戸籍住民基本台帳費,戸籍住民基本台帳経費,,,22,0,,,戸籍住民基本台帳経費,負担金,,900300,R7決算書p28
2025,2,総務費,3,戸籍住民基本台帳費,1,戸籍住民基本台帳費,戸籍住民基本台帳経費,,,23,1,,,戸籍住民基本台帳経費,負担金,戸籍・住民協議会負担金,2300,R7決算書p28
2025,2,総務費,3,戸籍住民基本台帳費,1,戸籍住民基本台帳費,戸籍住民基本台帳経費,,,23,1,,,戸籍住民基本台帳経費,負担金,戸籍システム共同利用負担金,898000,R7決算書p28
2025,2,総務費,4,選挙費,1,選挙管理委員会費,選挙管理委員会経費,,,0,0,,,,,,84100,R7決算書p28
2025,2,総務費,4,選挙費,1,選挙管理委員会費,選挙管理委員会経費,,,21,0,,,選挙管理委員会経費,,,84100,R7決算書p28
2025,2,総務費,4,選挙費,1,選挙管理委員会費,選挙管理委員会経費,,,22,0,,,選挙管理委員会経費,委員報酬,,84100,R7決算書p28
2025,2,総務費,4,選挙費,1,選挙管理委員会費,選挙管理委員会経費,,,23,1,,,選挙管理委員会経費,委員報酬,選挙管理委員報酬,84100,R7決算書p28
2025,2,総務費,4,選挙費,3,参議院議員選挙費,参議院議員選挙経費,,,0,0,,,,,,4298337,R7決算書p28
2025,2,総務費,4,選挙費,3,参議院議員選挙費,参議院議員選挙経費,,,21,0,,,参議院議員選挙経費,,,4298337,R7決算書p28
2025,2,総務費,4,選挙費,3,参議院議員選挙費,参議院議員選挙経費,,,22,0,,,参議院議員選挙経費,委員報酬,,1318032,R7決算書p28
2025,2,総務費,4,選挙費,3,参議院議員選挙費,参議院議員選挙経費,,,23,1,,,参議院議員選挙経費,委員報酬,選挙管理委員報酬,372400,R7決算書p28
2025,2,総務費,4,選挙費,3,参議院議員選挙費,参議院議員選挙経費,,,23,1,,,参議院議員選挙経費,委員報酬,選挙立会人等報酬,945632,R7決算書p28
2025,2,総務費,4,選挙費,3,参議院議員選挙費,参議院議員選挙経費,,,22,0,,,参議院議員選挙経費,職員手当等,,1154962,R7決算書p28
2025,2,総務費,4,選挙費,3,参議院議員選挙費,参議院議員選挙経費,,,23,1,,,参議院議員選挙経費,職員手当等,選挙職員手当,1154962,R7決算書p28
2025,2,総務費,4,選挙費,3,参議院議員選挙費,参議院議員選挙経費,,,22,0,,,参議院議員選挙経費,消耗品,,1271348,R7決算書p28
2025,2,総務費,4,選挙費,3,参議院議員選挙費,参議院議員選挙経費,,,23,1,,,参議院議員選挙経費,消耗品,選挙関係経費,1271348,R7決算書p28
2025,2,総務費,4,選挙費,3,参議院議員選挙費,参議院議員選挙経費,,,22,0,,,参議院議員選挙経費,通信運搬費,,66365,R7決算書p28
2025,2,総務費,4,選挙費,3,参議院議員選挙費,参議院議員選挙経費,,,23,1,,,参議院議員選挙経費,通信運搬費,郵便料,66365,R7決算書p28
2025,2,総務費,4,選挙費,3,参議院議員選挙費,参議院議員選挙経費,,,22,0,,,参議院議員選挙経費,電算委託料,,487630,R7決算書p28
2025,2,総務費,4,選挙費,3,参議院議員選挙費,参議院議員選挙経費,,,23,1,,,参議院議員選挙経費,電算委託料,選挙事務委託料,487630,R7決算書p28
2025,2,総務費,4,選挙費,9,衆議院議員選挙費,衆議院議員選挙費,,,0,0,,,,,,3626247,R7決算書p28
2025,2,総務費,4,選挙費,9,衆議院議員選挙費,衆議院議員選挙費,,,21,0,,,衆議院議員選挙費,,,3626247,R7決算書p28
2025,2,総務費,4,選挙費,9,衆議院議員選挙費,衆議院議員選挙費,,,22,0,,,衆議院議員選挙費,委員報酬,,1048372,R7決算書p28
2025,2,総務費,4,選挙費,9,衆議院議員選挙費,衆議院議員選挙費,,,23,1,,,衆議院議員選挙費,委員報酬,選挙管理委員報酬,276400,R7決算書p28
2025,2,総務費,4,選挙費,9,衆議院議員選挙費,衆議院議員選挙費,,,23,1,,,衆議院議員選挙費,委員報酬,選挙立会人等報酬,771972,R7決算書p28
2025,2,総務費,4,選挙費,9,衆議院議員選挙費,衆議院議員選挙費,,,22,0,,,衆議院議員選挙費,職員手当等,,1173904,R7決算書p28
2025,2,総務費,4,選挙費,9,衆議院議員選挙費,衆議院議員選挙費,,,23,1,,,衆議院議員選挙費,職員手当等,選挙職員手当,1173904,R7決算書p28
2025,2,総務費,4,選挙費,9,衆議院議員選挙費,衆議院議員選挙費,,,22,0,,,衆議院議員選挙費,消耗品,,1141000,R7決算書p29
2025,2,総務費,4,選挙費,9,衆議院議員選挙費,衆議院議員選挙費,,,23,1,,,衆議院議員選挙費,消耗品,選挙関係経費,1141000,R7決算書p29
2025,2,総務費,4,選挙費,9,衆議院議員選挙費,衆議院議員選挙費,,,22,0,,,衆議院議員選挙費,通信運搬費,,60571,R7決算書p29
2025,2,総務費,4,選挙費,9,衆議院議員選挙費,衆議院議員選挙費,,,23,1,,,衆議院議員選挙費,通信運搬費,郵便料,60571,R7決算書p29
2025,2,総務費,4,選挙費,9,衆議院議員選挙費,衆議院議員選挙費,,,22,0,,,衆議院議員選挙費,電算委託料,,202400,R7決算書p29
2025,2,総務費,4,選挙費,9,衆議院議員選挙費,衆議院議員選挙費,,,23,1,,,衆議院議員選挙費,電算委託料,選挙事務委託料,202400,R7決算書p29
2025,2,総務費,5,統計調査費,2,指定統計調査費,基幹統計経費,,,0,0,,,,,,1746205,R7決算書p29
2025,2,総務費,5,統計調査費,2,指定統計調査費,基幹統計経費,,,21,0,,,基幹統計経費,,,1746205,R7決算書p29
2025,2,総務費,5,統計調査費,2,指定統計調査費,基幹統計経費,,,22,0,,,基幹統計経費,委員報酬,,1161410,R7決算書p29
2025,2,総務費,5,統計調査費,2,指定統計調査費,基幹統計経費,,,23,1,,,基幹統計経費,委員報酬,統計調査員報酬,1161410,R7決算書p29
2025,2,総務費,5,統計調査費,2,指定統計調査費,基幹統計経費,,,22,0,,,基幹統計経費,職員旅費,,32514,R7決算書p29
2025,2,総務費,5,統計調査費,2,指定統計調査費,基幹統計経費,,,23,1,,,基幹統計経費,職員旅費,職員旅費,32514,R7決算書p29
2025,2,総務費,5,統計調査費,2,指定統計調査費,基幹統計経費,,,22,0,,,基幹統計経費,消耗品,,511343,R7決算書p29
2025,2,総務費,5,統計調査費,2,指定統計調査費,基幹統計経費,,,23,1,,,基幹統計経費,消耗品,消耗品,511343,R7決算書p29
2025,2,総務費,5,統計調査費,2,指定統計調査費,基幹統計経費,,,22,0,,,基幹統計経費,通信運搬費,,31658,R7決算書p29
2025,2,総務費,5,統計調査費,2,指定統計調査費,基幹統計経費,,,23,1,,,基幹統計経費,通信運搬費,郵便料,31658,R7決算書p29
2025,2,総務費,5,統計調査費,2,指定統計調査費,基幹統計経費,,,22,0,,,基幹統計経費,使用料・借上料,,9280,R7決算書p29
2025,2,総務費,5,統計調査費,2,指定統計調査費,基幹統計経費,,,23,1,,,基幹統計経費,使用料・借上料,審査会場使用料,9280,R7決算書p29
2025,2,総務費,6,監査委員費,1,監査委員費,監査委員関係経費,,,0,0,,,,,,565520,R7決算書p29
2025,2,総務費,6,監査委員費,1,監査委員費,監査委員関係経費,,,21,0,,,監査委員関係経費,,,565520,R7決算書p29
2025,2,総務費,6,監査委員費,1,監査委員費,監査委員関係経費,,,22,0,,,監査委員関係経費,委員報酬,,540000,R7決算書p29
2025,2,総務費,6,監査委員費,1,監査委員費,監査委員関係経費,,,23,1,,,監査委員関係経費,委員報酬,監査委員報酬,540000,R7決算書p29
2025,2,総務費,6,監査委員費,1,監査委員費,監査委員関係経費,,,22,0,,,監査委員関係経費,委員旅費,,7020,R7決算書p29
2025,2,総務費,6,監査委員費,1,監査委員費,監査委員関係経費,,,23,1,,,監査委員関係経費,委員旅費,委員旅費,7020,R7決算書p29
2025,2,総務費,6,監査委員費,1,監査委員費,監査委員関係経費,,,22,0,,,監査委員関係経費,負担金,,18500,R7決算書p29
2025,2,総務費,6,監査委員費,1,監査委員費,監査委員関係経費,,,23,1,,,監査委員関係経費,負担金,下伊那郡監査委員協議会負担金,18500,R7決算書p29
2025,2,総務費,7,国土調査費,1,地籍調査費,地籍調査関係経費,,,0,0,,,,,,10474298,R7決算書p29
2025,2,総務費,7,国土調査費,1,地籍調査費,地籍調査関係経費,,,21,0,,,地籍調査関係経費,,,10474298,R7決算書p29
2025,2,総務費,7,国土調査費,1,地籍調査費,地籍調査関係経費,,,22,0,,,地籍調査関係経費,職員旅費,,1000,R7決算書p29
2025,2,総務費,7,国土調査費,1,地籍調査費,地籍調査関係経費,,,23,1,,,地籍調査関係経費,職員旅費,職員旅費,1000,R7決算書p29
2025,2,総務費,7,国土調査費,1,地籍調査費,地籍調査関係経費,,,22,0,,,地籍調査関係経費,消耗品,,361936,R7決算書p29
2025,2,総務費,7,国土調査費,1,地籍調査費,地籍調査関係経費,,,23,1,,,地籍調査関係経費,消耗品,消耗品,128809,R7決算書p29
2025,2,総務費,7,国土調査費,1,地籍調査費,地籍調査関係経費,,,23,1,,,地籍調査関係経費,消耗品,現場消耗品,233127,R7決算書p29
2025,2,総務費,7,国土調査費,1,地籍調査費,地籍調査関係経費,,,22,0,,,地籍調査関係経費,燃料費,,68073,R7決算書p29
2025,2,総務費,7,国土調査費,1,地籍調査費,地籍調査関係経費,,,23,1,,,地籍調査関係経費,燃料費,公用車燃料費,68073,R7決算書p29
2025,2,総務費,7,国土調査費,1,地籍調査費,地籍調査関係経費,,,22,0,,,地籍調査関係経費,修繕費,,77979,R7決算書p29
2025,2,総務費,7,国土調査費,1,地籍調査費,地籍調査関係経費,,,23,1,,,地籍調査関係経費,修繕費,公用車修繕費,77979,R7決算書p29
2025,2,総務費,7,国土調査費,1,地籍調査費,地籍調査関係経費,,,22,0,,,地籍調査関係経費,手数料,,29920,R7決算書p29
2025,2,総務費,7,国土調査費,1,地籍調査費,地籍調査関係経費,,,23,1,,,地籍調査関係経費,手数料,公用車車検点検料,29920,R7決算書p29
2025,2,総務費,7,国土調査費,1,地籍調査費,地籍調査関係経費,,,22,0,,,地籍調査関係経費,損害保険料,,16520,R7決算書p29
2025,2,総務費,7,国土調査費,1,地籍調査費,地籍調査関係経費,,,23,1,,,地籍調査関係経費,損害保険料,公用車共済保険料,16520,R7決算書p29
2025,2,総務費,7,国土調査費,1,地籍調査費,地籍調査関係経費,,,22,0,,,地籍調査関係経費,保守管理委託料,,209000,R7決算書p29
2025,2,総務費,7,国土調査費,1,地籍調査費,地籍調査関係経費,,,23,1,,,地籍調査関係経費,保守管理委託料,支援システム保守委託料,209000,R7決算書p29
2025,2,総務費,7,国土調査費,1,地籍調査費,地籍調査関係経費,,,22,0,,,地籍調査関係経費,業務委託料,,810590,R7決算書p30
2025,2,総務費,7,国土調査費,1,地籍調査費,地籍調査関係経費,,,23,1,,,地籍調査関係経費,業務委託料,ＧＩＳ作成業務委託料,810590,R7決算書p30
2025,2,総務費,7,国土調査費,1,地籍調査費,地籍調査関係経費,,,22,0,,,地籍調査関係経費,調査・設計・監理委託料,,7997000,R7決算書p30
2025,2,総務費,7,国土調査費,1,地籍調査費,地籍調査関係経費,,,23,1,,,地籍調査関係経費,調査・設計・監理委託料,地籍調査委託料,7997000,R7決算書p30
2025,2,総務費,7,国土調査費,1,地籍調査費,地籍調査関係経費,,,22,0,,,地籍調査関係経費,使用料・借上料,,856680,R7決算書p30
2025,2,総務費,7,国土調査費,1,地籍調査費,地籍調査関係経費,,,23,1,,,地籍調査関係経費,使用料・借上料,コピーリース料,580800,R7決算書p30
2025,2,総務費,7,国土調査費,1,地籍調査費,地籍調査関係経費,,,23,1,,,地籍調査関係経費,使用料・借上料,国調支援システムリース料,275880,R7決算書p30
2025,2,総務費,7,国土調査費,1,地籍調査費,地籍調査関係経費,,,22,0,,,地籍調査関係経費,負担金,,39000,R7決算書p30
2025,2,総務費,7,国土調査費,1,地籍調査費,地籍調査関係経費,,,23,1,,,地籍調査関係経費,負担金,地籍調査協会負担金,39000,R7決算書p30
2025,2,総務費,7,国土調査費,1,地籍調査費,地籍調査関係経費,,,22,0,,,地籍調査関係経費,重量税,,6600,R7決算書p30
2025,2,総務費,7,国土調査費,1,地籍調査費,地籍調査関係経費,,,23,1,,,地籍調査関係経費,重量税,公用車重量税,6600,R7決算書p30
2025,2,総務費,7,国土調査費,1,地籍調査費,一般職員人事管理経費（地籍調査）,,,0,0,,,,,,14141086,R7決算書p30
2025,2,総務費,7,国土調査費,1,地籍調査費,一般職員人事管理経費（地籍調査）,,,21,0,,,一般職員人事管理経費（地籍調査）,,,14141086,R7決算書p30
2025,2,総務費,7,国土調査費,1,地籍調査費,一般職員人事管理経費（地籍調査）,,,22,0,,,一般職員人事管理経費（地籍調査）,職員給料,,7136400,R7決算書p30
2025,2,総務費,7,国土調査費,1,地籍調査費,一般職員人事管理経費（地籍調査）,,,23,1,,,一般職員人事管理経費（地籍調査）,職員給料,一般職員給料,7136400,R7決算書p30
2025,2,総務費,7,国土調査費,1,地籍調査費,一般職員人事管理経費（地籍調査）,,,22,0,,,一般職員人事管理経費（地籍調査）,職員手当等,,4777937,R7決算書p30
2025,2,総務費,7,国土調査費,1,地籍調査費,一般職員人事管理経費（地籍調査）,,,23,1,,,一般職員人事管理経費（地籍調査）,職員手当等,扶養手当,762000,R7決算書p30
2025,2,総務費,7,国土調査費,1,地籍調査費,一般職員人事管理経費（地籍調査）,,,23,1,,,一般職員人事管理経費（地籍調査）,職員手当等,住居手当,174000,R7決算書p30
2025,2,総務費,7,国土調査費,1,地籍調査費,一般職員人事管理経費（地籍調査）,,,23,1,,,一般職員人事管理経費（地籍調査）,職員手当等,通勤手当,48000,R7決算書p30
2025,2,総務費,7,国土調査費,1,地籍調査費,一般職員人事管理経費（地籍調査）,,,23,1,,,一般職員人事管理経費（地籍調査）,職員手当等,時間外勤務手当,185819,R7決算書p30
2025,2,総務費,7,国土調査費,1,地籍調査費,一般職員人事管理経費（地籍調査）,,,23,1,,,一般職員人事管理経費（地籍調査）,職員手当等,児童手当,790000,R7決算書p30
2025,2,総務費,7,国土調査費,1,地籍調査費,一般職員人事管理経費（地籍調査）,,,23,1,,,一般職員人事管理経費（地籍調査）,職員手当等,期末手当,1457147,R7決算書p30
2025,2,総務費,7,国土調査費,1,地籍調査費,一般職員人事管理経費（地籍調査）,,,23,1,,,一般職員人事管理経費（地籍調査）,職員手当等,勤勉手当,1162971,R7決算書p30
2025,2,総務費,7,国土調査費,1,地籍調査費,一般職員人事管理経費（地籍調査）,,,23,1,,,一般職員人事管理経費（地籍調査）,職員手当等,寒冷地手当,198000,R7決算書p30
2025,2,総務費,7,国土調査費,1,地籍調査費,一般職員人事管理経費（地籍調査）,,,22,0,,,一般職員人事管理経費（地籍調査）,一般職共済費,,2226749,R7決算書p30
2025,2,総務費,7,国土調査費,1,地籍調査費,一般職員人事管理経費（地籍調査）,,,23,1,,,一般職員人事管理経費（地籍調査）,一般職共済費,地方公務員共済組合等負担金,2226749,R7決算書p30
2025,6,農林水産業費,1,農業費,1,農業委員会費,農業委員会運営経費,,,0,0,,,,,,4525612,R7決算書p42
2025,6,農林水産業費,1,農業費,1,農業委員会費,農業委員会運営経費,,,21,0,,,農業委員会運営経費,,,4525612,R7決算書p42
2025,6,農林水産業費,1,農業費,1,農業委員会費,農業委員会運営経費,,,22,0,,,農業委員会運営経費,委員報酬,,3086766,R7決算書p42
2025,6,農林水産業費,1,農業費,1,農業委員会費,農業委員会運営経費,,,23,1,,,農業委員会運営経費,委員報酬,農業委員報酬,1708000,R7決算書p42
2025,6,農林水産業費,1,農業費,1,農業委員会費,農業委員会運営経費,,,23,1,,,農業委員会運営経費,委員報酬,農地利用最適化推進委員報酬,438000,R7決算書p42
2025,6,農林水産業費,1,農業費,1,農業委員会費,農業委員会運営経費,,,23,1,,,農業委員会運営経費,委員報酬,農地利用状況調査員報酬,372242,R7決算書p42
2025,6,農林水産業費,1,農業費,1,農業委員会費,農業委員会運営経費,,,23,1,,,農業委員会運営経費,委員報酬,機構集積支援事業報酬,568524,R7決算書p42
2025,6,農林水産業費,1,農業費,1,農業委員会費,農業委員会運営経費,,,22,0,,,農業委員会運営経費,職員旅費,,45600,R7決算書p42
2025,6,農林水産業費,1,農業費,1,農業委員会費,農業委員会運営経費,,,23,1,,,農業委員会運営経費,職員旅費,職員旅費,45600,R7決算書p42
2025,6,農林水産業費,1,農業費,1,農業委員会費,農業委員会運営経費,,,22,0,,,農業委員会運営経費,委員旅費,,3000,R7決算書p42
2025,6,農林水産業費,1,農業費,1,農業委員会費,農業委員会運営経費,,,23,1,,,農業委員会運営経費,委員旅費,委員旅費,3000,R7決算書p42
2025,6,農林水産業費,1,農業費,1,農業委員会費,農業委員会運営経費,,,22,0,,,農業委員会運営経費,消耗品,,188230,R7決算書p42
2025,6,農林水産業費,1,農業費,1,農業委員会費,農業委員会運営経費,,,23,1,,,農業委員会運営経費,消耗品,消耗品,57688,R7決算書p42
2025,6,農林水産業費,1,農業費,1,農業委員会費,農業委員会運営経費,,,23,1,,,農業委員会運営経費,消耗品,図書購入費,107372,R7決算書p42
2025,6,農林水産業費,1,農業費,1,農業委員会費,農業委員会運営経費,,,23,1,,,農業委員会運営経費,消耗品,委員被服費,23170,R7決算書p42
2025,6,農林水産業費,1,農業費,1,農業委員会費,農業委員会運営経費,,,22,0,,,農業委員会運営経費,通信運搬費,,9956,R7決算書p42
2025,6,農林水産業費,1,農業費,1,農業委員会費,農業委員会運営経費,,,23,1,,,農業委員会運営経費,通信運搬費,郵便料,9956,R7決算書p42
2025,6,農林水産業費,1,農業費,1,農業委員会費,農業委員会運営経費,,,22,0,,,農業委員会運営経費,損害保険料,,9000,R7決算書p42
2025,6,農林水産業費,1,農業費,1,農業委員会費,農業委員会運営経費,,,23,1,,,農業委員会運営経費,損害保険料,農業委員会公務災害保険料,9000,R7決算書p42
2025,6,農林水産業費,1,農業費,1,農業委員会費,農業委員会運営経費,,,22,0,,,農業委員会運営経費,業務委託料,,1099560,R7決算書p42
2025,6,農林水産業費,1,農業費,1,農業委員会費,農業委員会運営経費,,,23,1,,,農業委員会運営経費,業務委託料,農業委員会等補助事業資料作成業務委託料,1099560,R7決算書p42
2025,6,農林水産業費,1,農業費,1,農業委員会費,農業委員会運営経費,,,22,0,,,農業委員会運営経費,負担金,,83500,R7決算書p42
2025,6,農林水産業費,1,農業費,1,農業委員会費,農業委員会運営経費,,,23,1,,,農業委員会運営経費,負担金,飯伊農業委員会協議会負担金,13000,R7決算書p42
2025,6,農林水産業費,1,農業費,1,農業委員会費,農業委員会運営経費,,,23,1,,,農業委員会運営経費,負担金,長野県農業会議負担金,37500,R7決算書p43
2025,6,農林水産業費,1,農業費,1,農業委員会費,農業委員会運営経費,,,23,1,,,農業委員会運営経費,負担金,研修会負担金,33000,R7決算書p43
2025,6,農林水産業費,1,農業費,2,農業総務費,農業総務一般経費,,,0,0,,,,,,453373,R7決算書p43
2025,6,農林水産業費,1,農業費,2,農業総務費,農業総務一般経費,,,21,0,,,農業総務一般経費,,,453373,R7決算書p43
2025,6,農林水産業費,1,農業費,2,農業総務費,農業総務一般経費,,,22,0,,,農業総務一般経費,職員旅費,,3000,R7決算書p43
2025,6,農林水産業費,1,農業費,2,農業総務費,農業総務一般経費,,,23,1,,,農業総務一般経費,職員旅費,職員旅費,3000,R7決算書p43
2025,6,農林水産業費,1,農業費,2,農業総務費,農業総務一般経費,,,22,0,,,農業総務一般経費,消耗品,,17600,R7決算書p43
2025,6,農林水産業費,1,農業費,2,農業総務費,農業総務一般経費,,,23,1,,,農業総務一般経費,消耗品,図書購入費,17600,R7決算書p43
2025,6,農林水産業費,1,農業費,2,農業総務費,農業総務一般経費,,,22,0,,,農業総務一般経費,燃料費,,152632,R7決算書p43
2025,6,農林水産業費,1,農業費,2,農業総務費,農業総務一般経費,,,23,1,,,農業総務一般経費,燃料費,公用車燃料費,152632,R7決算書p43
2025,6,農林水産業費,1,農業費,2,農業総務費,農業総務一般経費,,,22,0,,,農業総務一般経費,修繕費,,72281,R7決算書p43
2025,6,農林水産業費,1,農業費,2,農業総務費,農業総務一般経費,,,23,1,,,農業総務一般経費,修繕費,公用車修繕費,72281,R7決算書p43
2025,6,農林水産業費,1,農業費,2,農業総務費,農業総務一般経費,,,22,0,,,農業総務一般経費,損害保険料,,159690,R7決算書p43
2025,6,農林水産業費,1,農業費,2,農業総務費,農業総務一般経費,,,23,1,,,農業総務一般経費,損害保険料,公用車共済保険料,159690,R7決算書p43
2025,6,農林水産業費,1,農業費,2,農業総務費,農業総務一般経費,,,22,0,,,農業総務一般経費,負担金,,48170,R7決算書p43
2025,6,農林水産業費,1,農業費,2,農業総務費,農業総務一般経費,,,23,1,,,農業総務一般経費,負担金,飯伊農業振興協議会負担金,9500,R7決算書p43
2025,6,農林水産業費,1,農業費,2,農業総務費,農業総務一般経費,,,23,1,,,農業総務一般経費,負担金,伊那谷アグリイノベーション推進機構負担金,20000,R7決算書p43
2025,6,農林水産業費,1,農業費,2,農業総務費,農業総務一般経費,,,23,1,,,農業総務一般経費,負担金,南信州・担い手就農プロデュース負担金,18670,R7決算書p43
2025,6,農林水産業費,1,農業費,2,農業総務費,一般職人事管理経費（農務）,,,0,0,,,,,,14258894,R7決算書p43
2025,6,農林水産業費,1,農業費,2,農業総務費,一般職人事管理経費（農務）,,,21,0,,,一般職人事管理経費（農務）,,,14258894,R7決算書p43
2025,6,農林水産業費,1,農業費,2,農業総務費,一般職人事管理経費（農務）,,,22,0,,,一般職人事管理経費（農務）,職員給料,,6759000,R7決算書p43
2025,6,農林水産業費,1,農業費,2,農業総務費,一般職人事管理経費（農務）,,,23,1,,,一般職人事管理経費（農務）,職員給料,一般職員給料,6759000,R7決算書p43
2025,6,農林水産業費,1,農業費,2,農業総務費,一般職人事管理経費（農務）,,,22,0,,,一般職人事管理経費（農務）,職員手当等,,5291602,R7決算書p43
2025,6,農林水産業費,1,農業費,2,農業総務費,一般職人事管理経費（農務）,,,23,1,,,一般職人事管理経費（農務）,職員手当等,扶養手当,624000,R7決算書p43
2025,6,農林水産業費,1,農業費,2,農業総務費,一般職人事管理経費（農務）,,,23,1,,,一般職人事管理経費（農務）,職員手当等,住居手当,258000,R7決算書p43
2025,6,農林水産業費,1,農業費,2,農業総務費,一般職人事管理経費（農務）,,,23,1,,,一般職人事管理経費（農務）,職員手当等,通勤手当,24000,R7決算書p43
2025,6,農林水産業費,1,農業費,2,農業総務費,一般職人事管理経費（農務）,,,23,1,,,一般職人事管理経費（農務）,職員手当等,時間外勤務手当,591751,R7決算書p43
2025,6,農林水産業費,1,農業費,2,農業総務費,一般職人事管理経費（農務）,,,23,1,,,一般職人事管理経費（農務）,職員手当等,児童手当,735000,R7決算書p43
2025,6,農林水産業費,1,農業費,2,農業総務費,一般職人事管理経費（農務）,,,23,1,,,一般職人事管理経費（農務）,職員手当等,期末手当,1587454,R7決算書p43
2025,6,農林水産業費,1,農業費,2,農業総務費,一般職人事管理経費（農務）,,,23,1,,,一般職人事管理経費（農務）,職員手当等,勤勉手当,1273397,R7決算書p43
2025,6,農林水産業費,1,農業費,2,農業総務費,一般職人事管理経費（農務）,,,23,1,,,一般職人事管理経費（農務）,職員手当等,寒冷地手当,198000,R7決算書p43
2025,6,農林水産業費,1,農業費,2,農業総務費,一般職人事管理経費（農務）,,,22,0,,,一般職人事管理経費（農務）,一般職共済費,,2208292,R7決算書p43
2025,6,農林水産業費,1,農業費,2,農業総務費,一般職人事管理経費（農務）,,,23,1,,,一般職人事管理経費（農務）,一般職共済費,地方公務員共済組合等負担金,2208292,R7決算書p43
2025,6,農林水産業費,1,農業費,3,農業振興費,農業振興一般経費,,,0,0,,,,,,46475889,R7決算書p43
2025,6,農林水産業費,1,農業費,3,農業振興費,農業振興一般経費,,,21,0,,,農業振興一般経費,,,46475889,R7決算書p43
2025,6,農林水産業費,1,農業費,3,農業振興費,農業振興一般経費,,,22,0,,,農業振興一般経費,委員報酬,,153200,R7決算書p43
2025,6,農林水産業費,1,農業費,3,農業振興費,農業振興一般経費,,,23,1,,,農業振興一般経費,委員報酬,自治会農業委員会報酬,87000,R7決算書p43
2025,6,農林水産業費,1,農業費,3,農業振興費,農業振興一般経費,,,23,1,,,農業振興一般経費,委員報酬,認定農業者等審査会報酬,66200,R7決算書p43
2025,6,農林水産業費,1,農業費,3,農業振興費,農業振興一般経費,,,22,0,,,農業振興一般経費,謝金,,100000,R7決算書p43
2025,6,農林水産業費,1,農業費,3,農業振興費,農業振興一般経費,,,23,1,,,農業振興一般経費,謝金,講師謝礼,100000,R7決算書p43
2025,6,農林水産業費,1,農業費,3,農業振興費,農業振興一般経費,,,22,0,,,農業振興一般経費,消耗品,,710309,R7決算書p43
2025,6,農林水産業費,1,農業費,3,農業振興費,農業振興一般経費,,,23,1,,,農業振興一般経費,消耗品,消耗品,710309,R7決算書p43
2025,6,農林水産業費,1,農業費,3,農業振興費,農業振興一般経費,,,22,0,,,農業振興一般経費,光熱水費,,2913445,R7決算書p43
2025,6,農林水産業費,1,農業費,3,農業振興費,農業振興一般経費,,,23,1,,,農業振興一般経費,光熱水費,水道料,195631,R7決算書p43
2025,6,農林水産業費,1,農業費,3,農業振興費,農業振興一般経費,,,23,1,,,農業振興一般経費,光熱水費,電気料（農業施設）,2608806,R7決算書p43
2025,6,農林水産業費,1,農業費,3,農業振興費,農業振興一般経費,,,23,1,,,農業振興一般経費,光熱水費,ガス代,109008,R7決算書p43
2025,6,農林水産業費,1,農業費,3,農業振興費,農業振興一般経費,,,22,0,,,農業振興一般経費,修繕費,,1840582,R7決算書p43
2025,6,農林水産業費,1,農業費,3,農業振興費,農業振興一般経費,,,23,1,,,農業振興一般経費,修繕費,塩の里施設修繕費,1427350,R7決算書p43
2025,6,農林水産業費,1,農業費,3,農業振興費,農業振興一般経費,,,23,1,,,農業振興一般経費,修繕費,農業用機器修繕費,165732,R7決算書p43
2025,6,農林水産業費,1,農業費,3,農業振興費,農業振興一般経費,,,23,1,,,農業振興一般経費,修繕費,農業施設修繕費,247500,R7決算書p43
2025,6,農林水産業費,1,農業費,3,農業振興費,農業振興一般経費,,,22,0,,,農業振興一般経費,通信運搬費,,99711,R7決算書p43
2025,6,農林水産業費,1,農業費,3,農業振興費,農業振興一般経費,,,23,1,,,農業振興一般経費,通信運搬費,郵便料,9200,R7決算書p44
2025,6,農林水産業費,1,農業費,3,農業振興費,農業振興一般経費,,,23,1,,,農業振興一般経費,通信運搬費,情報通信接続料,90511,R7決算書p44
2025,6,農林水産業費,1,農業費,3,農業振興費,農業振興一般経費,,,22,0,,,農業振興一般経費,手数料,,74100,R7決算書p44
2025,6,農林水産業費,1,農業費,3,農業振興費,農業振興一般経費,,,23,1,,,農業振興一般経費,手数料,消防施設点検料,34100,R7決算書p44
2025,6,農林水産業費,1,農業費,3,農業振興費,農業振興一般経費,,,23,1,,,農業振興一般経費,手数料,遊具検査手数料,22000,R7決算書p44
2025,6,農林水産業費,1,農業費,3,農業振興費,農業振興一般経費,,,23,1,,,農業振興一般経費,手数料,合併処理浄化槽検査手数料,18000,R7決算書p44
2025,6,農林水産業費,1,農業費,3,農業振興費,農業振興一般経費,,,22,0,,,農業振興一般経費,損害保険料,,292891,R7決算書p44
2025,6,農林水産業費,1,農業費,3,農業振興費,農業振興一般経費,,,23,1,,,農業振興一般経費,損害保険料,村有建物災害共済保険料,284391,R7決算書p44
2025,6,農林水産業費,1,農業費,3,農業振興費,農業振興一般経費,,,23,1,,,農業振興一般経費,損害保険料,食品営業賠償共済保険料,8500,R7決算書p44
2025,6,農林水産業費,1,農業費,3,農業振興費,農業振興一般経費,,,22,0,,,農業振興一般経費,保守管理委託料,,3892190,R7決算書p44
2025,6,農林水産業費,1,農業費,3,農業振興費,農業振興一般経費,,,23,1,,,農業振興一般経費,保守管理委託料,農産物加工直売施設機器保守管理委託料,433400,R7決算書p44
2025,6,農林水産業費,1,農業費,3,農業振興費,農業振興一般経費,,,23,1,,,農業振興一般経費,保守管理委託料,合併浄化槽保守管理委託料,204600,R7決算書p44
2025,6,農林水産業費,1,農業費,3,農業振興費,農業振興一般経費,,,23,1,,,農業振興一般経費,保守管理委託料,自動ドア管理委託料,128700,R7決算書p44
2025,6,農林水産業費,1,農業費,3,農業振興費,農業振興一般経費,,,23,1,,,農業振興一般経費,保守管理委託料,塩の里施設管理（村委託分）委託料,3125490,R7決算書p44
2025,6,農林水産業費,1,農業費,3,農業振興費,農業振興一般経費,,,22,0,,,農業振興一般経費,使用料・借上料,,95040,R7決算書p44
2025,6,農林水産業費,1,農業費,3,農業振興費,農業振興一般経費,,,23,1,,,農業振興一般経費,使用料・借上料,事務用機器リース料,95040,R7決算書p44
2025,6,農林水産業費,1,農業費,3,農業振興費,農業振興一般経費,,,22,0,,,農業振興一般経費,敷地料,,263905,R7決算書p44
2025,6,農林水産業費,1,農業費,3,農業振興費,農業振興一般経費,,,23,1,,,農業振興一般経費,敷地料,農の拠点敷地料,263905,R7決算書p44
2025,6,農林水産業費,1,農業費,3,農業振興費,農業振興一般経費,,,22,0,,,農業振興一般経費,備品購入費,,5713530,R7決算書p44
2025,6,農林水産業費,1,農業費,3,農業振興費,農業振興一般経費,,,23,1,,,農業振興一般経費,備品購入費,事業用備品購入費,5713530,R7決算書p44
2025,6,農林水産業費,1,農業費,3,農業振興費,農業振興一般経費,,,22,0,,,農業振興一般経費,負担金,,13500,R7決算書p44
2025,6,農林水産業費,1,農業費,3,農業振興費,農業振興一般経費,,,23,1,,,農業振興一般経費,負担金,食品衛生協会負担金,13500,R7決算書p44
2025,6,農林水産業費,1,農業費,3,農業振興費,農業振興一般経費,,,22,0,,,農業振興一般経費,補助金,,30313486,R7決算書p44
2025,6,農林水産業費,1,農業費,3,農業振興費,農業振興一般経費,,,23,1,,,農業振興一般経費,補助金,獣害防止施設設置補助金,13372000,R7決算書p44
2025,6,農林水産業費,1,農業費,3,農業振興費,農業振興一般経費,,,23,1,,,農業振興一般経費,補助金,ふるさと保全活動補助金,47154,R7決算書p44
2025,6,農林水産業費,1,農業費,3,農業振興費,農業振興一般経費,,,23,1,,,農業振興一般経費,補助金,産業文化祭補助金,215000,R7決算書p44
2025,6,農林水産業費,1,農業費,3,農業振興費,農業振興一般経費,,,23,1,,,農業振興一般経費,補助金,大鹿村農業振興総合対策事業補助金,105820,R7決算書p44
2025,6,農林水産業費,1,農業費,3,農業振興費,農業振興一般経費,,,23,1,,,農業振興一般経費,補助金,大豆価格安定事業補助金,103500,R7決算書p44
2025,6,農林水産業費,1,農業費,3,農業振興費,農業振興一般経費,,,23,1,,,農業振興一般経費,補助金,燃料価格高騰緊急支援事業補助金,1665000,R7決算書p44
2025,6,農林水産業費,1,農業費,3,農業振興費,農業振興一般経費,,,23,1,,,農業振興一般経費,補助金,遊休農地対策事業補助金,1090282,R7決算書p44
2025,6,農林水産業費,1,農業費,3,農業振興費,農業振興一般経費,,,23,1,,,農業振興一般経費,補助金,特産農産物生産振興補助金,528480,R7決算書p44
2025,6,農林水産業費,1,農業費,3,農業振興費,農業振興一般経費,,,23,1,,,農業振興一般経費,補助金,水田農業支援補助金,2208250,R7決算書p44
2025,6,農林水産業費,1,農業費,3,農業振興費,農業振興一般経費,,,23,1,,,農業振興一般経費,補助金,農業人材確保対策補助金,6055000,R7決算書p44
2025,6,農林水産業費,1,農業費,3,農業振興費,農業振興一般経費,,,23,1,,,農業振興一般経費,補助金,農業経営安定・効率化支援事業,4923000,R7決算書p44
2025,6,農林水産業費,1,農業費,3,農業振興費,経営所得安定対策事業,,,0,0,,,,,,51923,R7決算書p44
2025,6,農林水産業費,1,農業費,3,農業振興費,経営所得安定対策事業,,,21,0,,,経営所得安定対策事業,,,51923,R7決算書p44
2025,6,農林水産業費,1,農業費,3,農業振興費,経営所得安定対策事業,,,22,0,,,経営所得安定対策事業,消耗品,,9607,R7決算書p44
2025,6,農林水産業費,1,農業費,3,農業振興費,経営所得安定対策事業,,,23,1,,,経営所得安定対策事業,消耗品,消耗品,9607,R7決算書p44
2025,6,農林水産業費,1,農業費,3,農業振興費,経営所得安定対策事業,,,22,0,,,経営所得安定対策事業,通信運搬費,,42316,R7決算書p44
2025,6,農林水産業費,1,農業費,3,農業振興費,経営所得安定対策事業,,,23,1,,,経営所得安定対策事業,通信運搬費,郵便料,42316,R7決算書p44
2025,6,農林水産業費,1,農業費,3,農業振興費,有害鳥獣駆除関係経費,,,0,0,,,,,,1009000,R7決算書p44
2025,6,農林水産業費,1,農業費,3,農業振興費,有害鳥獣駆除関係経費,,,21,0,,,有害鳥獣駆除関係経費,,,1009000,R7決算書p44
2025,6,農林水産業費,1,農業費,3,農業振興費,有害鳥獣駆除関係経費,,,22,0,,,有害鳥獣駆除関係経費,謝金,,7000,R7決算書p44
2025,6,農林水産業費,1,農業費,3,農業振興費,有害鳥獣駆除関係経費,,,23,1,,,有害鳥獣駆除関係経費,謝金,有害鳥獣駆除謝金,7000,R7決算書p44
2025,6,農林水産業費,1,農業費,3,農業振興費,有害鳥獣駆除関係経費,,,22,0,,,有害鳥獣駆除関係経費,買上金,,922000,R7決算書p44
2025,6,農林水産業費,1,農業費,3,農業振興費,有害鳥獣駆除関係経費,,,23,1,,,有害鳥獣駆除関係経費,買上金,有害鳥獣駆除報償,922000,R7決算書p44
2025,6,農林水産業費,1,農業費,3,農業振興費,有害鳥獣駆除関係経費,,,22,0,,,有害鳥獣駆除関係経費,保守管理委託料,,80000,R7決算書p44
2025,6,農林水産業費,1,農業費,3,農業振興費,有害鳥獣駆除関係経費,,,23,1,,,有害鳥獣駆除関係経費,保守管理委託料,有害鳥獣捕獲檻管理委託料,80000,R7決算書p44
2025,6,農林水産業費,1,農業費,3,農業振興費,地域ブランド推進事業,,,0,0,,,,,,1455507,R7決算書p44
2025,6,農林水産業費,1,農業費,3,農業振興費,地域ブランド推進事業,,,21,0,,,地域ブランド推進事業,,,1455507,R7決算書p44
2025,6,農林水産業費,1,農業費,3,農業振興費,地域ブランド推進事業,,,22,0,,,地域ブランド推進事業,委員報酬,,8600,R7決算書p44
2025,6,農林水産業費,1,農業費,3,農業振興費,地域ブランド推進事業,,,23,1,,,地域ブランド推進事業,委員報酬,地域ブランド協議会報酬,8600,R7決算書p44
2025,6,農林水産業費,1,農業費,3,農業振興費,地域ブランド推進事業,,,22,0,,,地域ブランド推進事業,職員旅費,,213000,R7決算書p44
2025,6,農林水産業費,1,農業費,3,農業振興費,地域ブランド推進事業,,,23,1,,,地域ブランド推進事業,職員旅費,職員旅費,213000,R7決算書p44
2025,6,農林水産業費,1,農業費,3,農業振興費,地域ブランド推進事業,,,22,0,,,地域ブランド推進事業,消耗品,,470747,R7決算書p44
2025,6,農林水産業費,1,農業費,3,農業振興費,地域ブランド推進事業,,,23,1,,,地域ブランド推進事業,消耗品,消耗品,470747,R7決算書p45
2025,6,農林水産業費,1,農業費,3,農業振興費,地域ブランド推進事業,,,22,0,,,地域ブランド推進事業,印刷製本費,,616000,R7決算書p45
2025,6,農林水産業費,1,農業費,3,農業振興費,地域ブランド推進事業,,,23,1,,,地域ブランド推進事業,印刷製本費,ロゴマーク印刷費,616000,R7決算書p45
2025,6,農林水産業費,1,農業費,3,農業振興費,地域ブランド推進事業,,,22,0,,,地域ブランド推進事業,使用料・借上料,,22160,R7決算書p45
2025,6,農林水産業費,1,農業費,3,農業振興費,地域ブランド推進事業,,,23,1,,,地域ブランド推進事業,使用料・借上料,駐車場使用料,22160,R7決算書p45
2025,6,農林水産業費,1,農業費,3,農業振興費,地域ブランド推進事業,,,22,0,,,地域ブランド推進事業,補助金,,125000,R7決算書p45
2025,6,農林水産業費,1,農業費,3,農業振興費,地域ブランド推進事業,,,23,1,,,地域ブランド推進事業,補助金,六次産業化等支援補助金,87000,R7決算書p45
2025,6,農林水産業費,1,農業費,3,農業振興費,地域ブランド推進事業,,,23,1,,,地域ブランド推進事業,補助金,お墨付き商品支援補助金,38000,R7決算書p45
2025,6,農林水産業費,1,農業費,3,農業振興費,営農支援センター運営費,,,0,0,,,,,,1083487,R7決算書p45
2025,6,農林水産業費,1,農業費,3,農業振興費,営農支援センター運営費,,,21,0,,,営農支援センター運営費,,,1083487,R7決算書p45
2025,6,農林水産業費,1,農業費,3,農業振興費,営農支援センター運営費,,,22,0,,,営農支援センター運営費,会計年度任用職員報酬,,1083487,R7決算書p45
2025,6,農林水産業費,1,農業費,3,農業振興費,営農支援センター運営費,,,23,1,,,営農支援センター運営費,会計年度任用職員報酬,地域連携推進員報酬,1083487,R7決算書p45
2025,6,農林水産業費,1,農業費,4,畜産業費,家畜診療施設運営経費,,,0,0,,,,,,1182975,R7決算書p45
2025,6,農林水産業費,1,農業費,4,畜産業費,家畜診療施設運営経費,,,21,0,,,家畜診療施設運営経費,,,1182975,R7決算書p45
2025,6,農林水産業費,1,農業費,4,畜産業費,家畜診療施設運営経費,,,22,0,,,家畜診療施設運営経費,燃料費,,182975,R7決算書p45
2025,6,農林水産業費,1,農業費,4,畜産業費,家畜診療施設運営経費,,,23,1,,,家畜診療施設運営経費,燃料費,家畜診療燃料費,182975,R7決算書p45
2025,6,農林水産業費,1,農業費,4,畜産業費,家畜診療施設運営経費,,,22,0,,,家畜診療施設運営経費,業務委託料,,1000000,R7決算書p45
2025,6,農林水産業費,1,農業費,4,畜産業費,家畜診療施設運営経費,,,23,1,,,家畜診療施設運営経費,業務委託料,家畜診療委託料,1000000,R7決算書p45
2025,6,農林水産業費,1,農業費,5,畜産振興費,畜産振興経費,,,0,0,,,,,,924900,R7決算書p45
2025,6,農林水産業費,1,農業費,5,畜産振興費,畜産振興経費,,,21,0,,,畜産振興経費,,,924900,R7決算書p45
2025,6,農林水産業費,1,農業費,5,畜産振興費,畜産振興経費,,,22,0,,,畜産振興経費,消耗品,,18500,R7決算書p45
2025,6,農林水産業費,1,農業費,5,畜産振興費,畜産振興経費,,,23,1,,,畜産振興経費,消耗品,消耗品,18500,R7決算書p45
2025,6,農林水産業費,1,農業費,5,畜産振興費,畜産振興経費,,,22,0,,,畜産振興経費,単独事業,,906400,R7決算書p45
2025,6,農林水産業費,1,農業費,5,畜産振興費,畜産振興経費,,,23,1,,,畜産振興経費,単独事業,牧場施設整備工事,906400,R7決算書p45
2025,6,農林水産業費,1,農業費,6,農地費,農地費一般経費,,,0,0,,,,,,22990569,R7決算書p45
2025,6,農林水産業費,1,農業費,6,農地費,農地費一般経費,,,21,0,,,農地費一般経費,,,22990569,R7決算書p45
2025,6,農林水産業費,1,農業費,6,農地費,農地費一般経費,,,22,0,,,農地費一般経費,委員報酬,,835000,R7決算書p45
2025,6,農林水産業費,1,農業費,6,農地費,農地費一般経費,,,23,1,,,農地費一般経費,委員報酬,地すべり防止区域管理報酬,835000,R7決算書p45
2025,6,農林水産業費,1,農業費,6,農地費,農地費一般経費,,,22,0,,,農地費一般経費,調査・設計・監理委託料,,2200000,R7決算書p45
2025,6,農林水産業費,1,農業費,6,農地費,農地費一般経費,,,23,1,,,農地費一般経費,調査・設計・監理委託料,単独事業設計・監理委託料,2200000,R7決算書p45
2025,6,農林水産業費,1,農業費,6,農地費,農地費一般経費,,,22,0,,,農地費一般経費,使用料・借上料,,105569,R7決算書p45
2025,6,農林水産業費,1,農業費,6,農地費,農地費一般経費,,,23,1,,,農地費一般経費,使用料・借上料,土地賃借料,105569,R7決算書p45
2025,6,農林水産業費,1,農業費,6,農地費,農地費一般経費,,,22,0,,,農地費一般経費,単独事業,,17831000,R7決算書p45
2025,6,農林水産業費,1,農業費,6,農地費,農地費一般経費,,,23,1,,,農地費一般経費,単独事業,農道改良工事,17831000,R7決算書p45
2025,6,農林水産業費,1,農業費,6,農地費,農地費一般経費,,,22,0,,,農地費一般経費,維持・修繕工事,,1152800,R7決算書p45
2025,6,農林水産業費,1,農業費,6,農地費,農地費一般経費,,,23,1,,,農地費一般経費,維持・修繕工事,農地維持工事,1152800,R7決算書p45
2025,6,農林水産業費,1,農業費,6,農地費,農地費一般経費,,,22,0,,,農地費一般経費,負担金,,4200,R7決算書p45
2025,6,農林水産業費,1,農業費,6,農地費,農地費一般経費,,,23,1,,,農地費一般経費,負担金,長土連市町村割賦課金,4200,R7決算書p45
2025,6,農林水産業費,1,農業費,6,農地費,農地費一般経費,,,22,0,,,農地費一般経費,補助金,,862000,R7決算書p45
2025,6,農林水産業費,1,農業費,6,農地費,農地費一般経費,,,23,1,,,農地費一般経費,補助金,農業用井水維持修繕補助金,862000,R7決算書p45
2025,6,農林水産業費,1,農業費,7,農業振興地域整備促進事業費,農業振興地域整備促進事業,,,0,0,,,,,,4015000,R7決算書p45
2025,6,農林水産業費,1,農業費,7,農業振興地域整備促進事業費,農業振興地域整備促進事業,,,21,0,,,農業振興地域整備促進事業,,,4015000,R7決算書p45
2025,6,農林水産業費,1,農業費,7,農業振興地域整備促進事業費,農業振興地域整備促進事業,,,22,0,,,農業振興地域整備促進事業,業務委託料,,4015000,R7決算書p45
2025,6,農林水産業費,1,農業費,7,農業振興地域整備促進事業費,農業振興地域整備促進事業,,,23,1,,,農業振興地域整備促進事業,業務委託料,農地情報処理委託料,4015000,R7決算書p45
2025,6,農林水産業費,1,農業費,21,日本型直接支払事業,日本型直接支払制度,,,0,0,,,,,,2476749,R7決算書p46
2025,6,農林水産業費,1,農業費,21,日本型直接支払事業,日本型直接支払制度,,,21,0,,,日本型直接支払制度,,,2476749,R7決算書p46
2025,6,農林水産業費,1,農業費,21,日本型直接支払事業,日本型直接支払制度,,,22,0,,,日本型直接支払制度,会計年度任用職員報酬,,236537,R7決算書p46
2025,6,農林水産業費,1,農業費,21,日本型直接支払事業,日本型直接支払制度,,,23,1,,,日本型直接支払制度,会計年度任用職員報酬,中山間地域直接支払報酬,145012,R7決算書p46
2025,6,農林水産業費,1,農業費,21,日本型直接支払事業,日本型直接支払制度,,,23,1,,,日本型直接支払制度,会計年度任用職員報酬,多面的機能支払報酬,91525,R7決算書p46
2025,6,農林水産業費,1,農業費,21,日本型直接支払事業,日本型直接支払制度,,,22,0,,,日本型直接支払制度,交付金,,2240212,R7決算書p46
2025,6,農林水産業費,1,農業費,21,日本型直接支払事業,日本型直接支払制度,,,23,1,,,日本型直接支払制度,交付金,中山間地域等直接支払交付金,945336,R7決算書p46
2025,6,農林水産業費,1,農業費,21,日本型直接支払事業,日本型直接支払制度,,,23,1,,,日本型直接支払制度,交付金,多面的機能支払交付金,1294876,R7決算書p46
2025,6,農林水産業費,1,農業費,22,集落支援事業,集落支援事業,,,0,0,,,,,,6156981,R7決算書p46
2025,6,農林水産業費,1,農業費,22,集落支援事業,集落支援事業,,,21,0,,,集落支援事業,,,6156981,R7決算書p46
2025,6,農林水産業費,1,農業費,22,集落支援事業,集落支援事業,,,22,0,,,集落支援事業,会計年度任用職員報酬,,4359324,R7決算書p46
2025,6,農林水産業費,1,農業費,22,集落支援事業,集落支援事業,,,23,1,,,集落支援事業,会計年度任用職員報酬,会計年度任用職員1号報酬,4359324,R7決算書p46
2025,6,農林水産業費,1,農業費,22,集落支援事業,集落支援事業,,,22,0,,,集落支援事業,会計年度任用職員手当,,797414,R7決算書p46
2025,6,農林水産業費,1,農業費,22,集落支援事業,集落支援事業,,,23,1,,,集落支援事業,会計年度任用職員手当,期末手当（１号）,81000,R7決算書p46
2025,6,農林水産業費,1,農業費,22,集落支援事業,集落支援事業,,,23,1,,,集落支援事業,会計年度任用職員手当,期末手当（２号）,716414,R7決算書p46
2025,6,農林水産業費,1,農業費,22,集落支援事業,集落支援事業,,,22,0,,,集落支援事業,費用弁償,,15520,R7決算書p46
2025,6,農林水産業費,1,農業費,22,集落支援事業,集落支援事業,,,23,1,,,集落支援事業,費用弁償,集落支援員旅費,15520,R7決算書p46
2025,6,農林水産業費,1,農業費,22,集落支援事業,集落支援事業,,,22,0,,,集落支援事業,消耗品,,24945,R7決算書p46
2025,6,農林水産業費,1,農業費,22,集落支援事業,集落支援事業,,,23,1,,,集落支援事業,消耗品,消耗品,24945,R7決算書p46
2025,6,農林水産業費,1,農業費,22,集落支援事業,集落支援事業,,,22,0,,,集落支援事業,燃料費,,33474,R7決算書p46
2025,6,農林水産業費,1,農業費,22,集落支援事業,集落支援事業,,,23,1,,,集落支援事業,燃料費,公用車燃料代,33474,R7決算書p46
2025,6,農林水産業費,1,農業費,22,集落支援事業,集落支援事業,,,22,0,,,集落支援事業,修繕費,,55044,R7決算書p46
2025,6,農林水産業費,1,農業費,22,集落支援事業,集落支援事業,,,23,1,,,集落支援事業,修繕費,公用車修繕費,55044,R7決算書p46
2025,6,農林水産業費,1,農業費,22,集落支援事業,集落支援事業,,,22,0,,,集落支援事業,手数料,,19140,R7決算書p46
2025,6,農林水産業費,1,農業費,22,集落支援事業,集落支援事業,,,23,1,,,集落支援事業,手数料,公用車車検点検料,19140,R7決算書p46
2025,6,農林水産業費,1,農業費,22,集落支援事業,集落支援事業,,,22,0,,,集落支援事業,損害保険料,,17600,R7決算書p46
2025,6,農林水産業費,1,農業費,22,集落支援事業,集落支援事業,,,23,1,,,集落支援事業,損害保険料,公用車共済保険料,17600,R7決算書p46
2025,6,農林水産業費,1,農業費,22,集落支援事業,集落支援事業,,,22,0,,,集落支援事業,使用料・借上料,,607920,R7決算書p46
2025,6,農林水産業費,1,農業費,22,集落支援事業,集落支援事業,,,23,1,,,集落支援事業,使用料・借上料,事務用機器リース料,50600,R7決算書p46
2025,6,農林水産業費,1,農業費,22,集落支援事業,集落支援事業,,,23,1,,,集落支援事業,使用料・借上料,自動車リース料,397320,R7決算書p46
2025,6,農林水産業費,1,農業費,22,集落支援事業,集落支援事業,,,23,1,,,集落支援事業,使用料・借上料,住居借上料,160000,R7決算書p46
2025,6,農林水産業費,1,農業費,22,集落支援事業,集落支援事業,,,22,0,,,集落支援事業,備品購入費,,220000,R7決算書p46
2025,6,農林水産業費,1,農業費,22,集落支援事業,集落支援事業,,,23,1,,,集落支援事業,備品購入費,事業用備品購入費,220000,R7決算書p46
2025,6,農林水産業費,1,農業費,22,集落支援事業,集落支援事業,,,22,0,,,集落支援事業,重量税,,6600,R7決算書p46
2025,6,農林水産業費,1,農業費,22,集落支援事業,集落支援事業,,,23,1,,,集落支援事業,重量税,公用車重量税,6600,R7決算書p46
2025,6,農林水産業費,2,林業費,1,林業総務費,林業総務一般経費,,,0,0,,,,,,1972530,R7決算書p46
2025,6,農林水産業費,2,林業費,1,林業総務費,林業総務一般経費,,,21,0,,,林業総務一般経費,,,1972530,R7決算書p46
2025,6,農林水産業費,2,林業費,1,林業総務費,林業総務一般経費,,,22,0,,,林業総務一般経費,委員報酬,,18600,R7決算書p46
2025,6,農林水産業費,2,林業費,1,林業総務費,林業総務一般経費,,,23,1,,,林業総務一般経費,委員報酬,林務委員報酬,18600,R7決算書p46
2025,6,農林水産業費,2,林業費,1,林業総務費,林業総務一般経費,,,22,0,,,林業総務一般経費,負担金,,1138930,R7決算書p46
2025,6,農林水産業費,2,林業費,1,林業総務費,林業総務一般経費,,,23,1,,,林業総務一般経費,負担金,下伊那地区分収造林協議会負担金,63230,R7決算書p47
2025,6,農林水産業費,2,林業費,1,林業総務費,林業総務一般経費,,,23,1,,,林業総務一般経費,負担金,南信州特用林産振興会負担金,10000,R7決算書p47
2025,6,農林水産業費,2,林業費,1,林業総務費,林業総務一般経費,,,23,1,,,林業総務一般経費,負担金,下伊那山林協会負担金,1022700,R7決算書p47
2025,6,農林水産業費,2,林業費,1,林業総務費,林業総務一般経費,,,23,1,,,林業総務一般経費,負担金,飯伊林業活性化協議会負担金,30000,R7決算書p47
2025,6,農林水産業費,2,林業費,1,林業総務費,林業総務一般経費,,,23,1,,,林業総務一般経費,負担金,長野県林業職員協会負担金,3000,R7決算書p47
2025,6,農林水産業費,2,林業費,1,林業総務費,林業総務一般経費,,,23,1,,,林業総務一般経費,負担金,長野県森林保全協議会負担金,10000,R7決算書p47
2025,6,農林水産業費,2,林業費,1,林業総務費,林業総務一般経費,,,22,0,,,林業総務一般経費,補助金,,815000,R7決算書p47
2025,6,農林水産業費,2,林業費,1,林業総務費,林業総務一般経費,,,23,1,,,林業総務一般経費,補助金,林業技術者育成補助金,715000,R7決算書p47
2025,6,農林水産業費,2,林業費,1,林業総務費,林業総務一般経費,,,23,1,,,林業総務一般経費,補助金,木質バイオマス普及促進補助金,100000,R7決算書p47
2025,6,農林水産業費,2,林業費,1,林業総務費,一般職人事管理経費（林務）,,,0,0,,,,,,10293289,R7決算書p47
2025,6,農林水産業費,2,林業費,1,林業総務費,一般職人事管理経費（林務）,,,21,0,,,一般職人事管理経費（林務）,,,10293289,R7決算書p47
2025,6,農林水産業費,2,林業費,1,林業総務費,一般職人事管理経費（林務）,,,22,0,,,一般職人事管理経費（林務）,職員給料,,4525500,R7決算書p47
2025,6,農林水産業費,2,林業費,1,林業総務費,一般職人事管理経費（林務）,,,23,1,,,一般職人事管理経費（林務）,職員給料,一般職員給料,4525500,R7決算書p47
2025,6,農林水産業費,2,林業費,1,林業総務費,一般職人事管理経費（林務）,,,22,0,,,一般職人事管理経費（林務）,職員手当等,,4084070,R7決算書p47
2025,6,農林水産業費,2,林業費,1,林業総務費,一般職人事管理経費（林務）,,,23,1,,,一般職人事管理経費（林務）,職員手当等,扶養手当,198000,R7決算書p47
2025,6,農林水産業費,2,林業費,1,林業総務費,一般職人事管理経費（林務）,,,23,1,,,一般職人事管理経費（林務）,職員手当等,住居手当,330000,R7決算書p47
2025,6,農林水産業費,2,林業費,1,林業総務費,一般職人事管理経費（林務）,,,23,1,,,一般職人事管理経費（林務）,職員手当等,通勤手当,236400,R7決算書p47
2025,6,農林水産業費,2,林業費,1,林業総務費,一般職人事管理経費（林務）,,,23,1,,,一般職人事管理経費（林務）,職員手当等,時間外勤務手当,1079837,R7決算書p47
2025,6,農林水産業費,2,林業費,1,林業総務費,一般職人事管理経費（林務）,,,23,1,,,一般職人事管理経費（林務）,職員手当等,児童手当,140000,R7決算書p47
2025,6,農林水産業費,2,林業費,1,林業総務費,一般職人事管理経費（林務）,,,23,1,,,一般職人事管理経費（林務）,職員手当等,期末手当,1086835,R7決算書p47
2025,6,農林水産業費,2,林業費,1,林業総務費,一般職人事管理経費（林務）,,,23,1,,,一般職人事管理経費（林務）,職員手当等,勤勉手当,913998,R7決算書p47
2025,6,農林水産業費,2,林業費,1,林業総務費,一般職人事管理経費（林務）,,,23,1,,,一般職人事管理経費（林務）,職員手当等,寒冷地手当,99000,R7決算書p47
2025,6,農林水産業費,2,林業費,1,林業総務費,一般職人事管理経費（林務）,,,22,0,,,一般職人事管理経費（林務）,一般職共済費,,1683719,R7決算書p47
2025,6,農林水産業費,2,林業費,1,林業総務費,一般職人事管理経費（林務）,,,23,1,,,一般職人事管理経費（林務）,一般職共済費,地方公務員共済組合等負担金,1683719,R7決算書p47
2025,6,農林水産業費,2,林業費,2,林業振興費,林業振興一般経費,,,0,0,,,,,,6300181,R7決算書p47
2025,6,農林水産業費,2,林業費,2,林業振興費,林業振興一般経費,,,21,0,,,林業振興一般経費,,,6300181,R7決算書p47
2025,6,農林水産業費,2,林業費,2,林業振興費,林業振興一般経費,,,22,0,,,林業振興一般経費,委員報酬,,99000,R7決算書p47
2025,6,農林水産業費,2,林業費,2,林業振興費,林業振興一般経費,,,23,1,,,林業振興一般経費,委員報酬,林野地すべり防止区域管理報酬,99000,R7決算書p47
2025,6,農林水産業費,2,林業費,2,林業振興費,林業振興一般経費,,,22,0,,,林業振興一般経費,職員旅費,,10000,R7決算書p47
2025,6,農林水産業費,2,林業費,2,林業振興費,林業振興一般経費,,,23,1,,,林業振興一般経費,職員旅費,職員旅費,10000,R7決算書p47
2025,6,農林水産業費,2,林業費,2,林業振興費,林業振興一般経費,,,22,0,,,林業振興一般経費,消耗品,,155876,R7決算書p47
2025,6,農林水産業費,2,林業費,2,林業振興費,林業振興一般経費,,,23,1,,,林業振興一般経費,消耗品,消耗品,115876,R7決算書p47
2025,6,農林水産業費,2,林業費,2,林業振興費,林業振興一般経費,,,23,1,,,林業振興一般経費,消耗品,青林祭記念品,40000,R7決算書p47
2025,6,農林水産業費,2,林業費,2,林業振興費,林業振興一般経費,,,22,0,,,林業振興一般経費,光熱水費,,373876,R7決算書p47
2025,6,農林水産業費,2,林業費,2,林業振興費,林業振興一般経費,,,23,1,,,林業振興一般経費,光熱水費,電気料,351944,R7決算書p47
2025,6,農林水産業費,2,林業費,2,林業振興費,林業振興一般経費,,,23,1,,,林業振興一般経費,光熱水費,ガス代,21932,R7決算書p47
2025,6,農林水産業費,2,林業費,2,林業振興費,林業振興一般経費,,,22,0,,,林業振興一般経費,通信運搬費,,69030,R7決算書p47
2025,6,農林水産業費,2,林業費,2,林業振興費,林業振興一般経費,,,23,1,,,林業振興一般経費,通信運搬費,情報通信接続料,69030,R7決算書p47
2025,6,農林水産業費,2,林業費,2,林業振興費,林業振興一般経費,,,22,0,,,林業振興一般経費,手数料,,30784,R7決算書p47
2025,6,農林水産業費,2,林業費,2,林業振興費,林業振興一般経費,,,23,1,,,林業振興一般経費,手数料,合併浄化槽検査手数料,5000,R7決算書p47
2025,6,農林水産業費,2,林業費,2,林業振興費,林業振興一般経費,,,23,1,,,林業振興一般経費,手数料,目立料,25784,R7決算書p47
2025,6,農林水産業費,2,林業費,2,林業振興費,林業振興一般経費,,,22,0,,,林業振興一般経費,保守管理委託料,,50600,R7決算書p47
2025,6,農林水産業費,2,林業費,2,林業振興費,林業振興一般経費,,,23,1,,,林業振興一般経費,保守管理委託料,合併浄化槽保守管理委託料,50600,R7決算書p47
2025,6,農林水産業費,2,林業費,2,林業振興費,林業振興一般経費,,,22,0,,,林業振興一般経費,業務委託料,,2641150,R7決算書p47
2025,6,農林水産業費,2,林業費,2,林業振興費,林業振興一般経費,,,23,1,,,林業振興一般経費,業務委託料,製材委託料,616000,R7決算書p47
2025,6,農林水産業費,2,林業費,2,林業振興費,林業振興一般経費,,,23,1,,,林業振興一般経費,業務委託料,木工館管理運営委託料,2025150,R7決算書p47
2025,6,農林水産業費,2,林業費,2,林業振興費,林業振興一般経費,,,22,0,,,林業振興一般経費,補助事業,,777700,R7決算書p47
2025,6,農林水産業費,2,林業費,2,林業振興費,林業振興一般経費,,,23,1,,,林業振興一般経費,補助事業,松くい虫対策事業,777700,R7決算書p47
2025,6,農林水産業費,2,林業費,2,林業振興費,林業振興一般経費,,,22,0,,,林業振興一般経費,単独事業,,2041600,R7決算書p47
2025,6,農林水産業費,2,林業費,2,林業振興費,林業振興一般経費,,,23,1,,,林業振興一般経費,単独事業,木工館整備事業,171600,R7決算書p47
2025,6,農林水産業費,2,林業費,2,林業振興費,林業振興一般経費,,,23,1,,,林業振興一般経費,単独事業,森林税活用事業,1870000,R7決算書p47
2025,6,農林水産業費,2,林業費,2,林業振興費,林業振興一般経費,,,22,0,,,林業振興一般経費,私有林購入費,,50565,R7決算書p47
2025,6,農林水産業費,2,林業費,2,林業振興費,林業振興一般経費,,,23,1,,,林業振興一般経費,私有林購入費,私有林購入費,50565,R7決算書p47
2025,6,農林水産業費,2,林業費,2,林業振興費,有害鳥獣駆除関係経費,,,0,0,,,,,,7080000,R7決算書p47
2025,6,農林水産業費,2,林業費,2,林業振興費,有害鳥獣駆除関係経費,,,21,0,,,有害鳥獣駆除関係経費,,,7080000,R7決算書p47
2025,6,農林水産業費,2,林業費,2,林業振興費,有害鳥獣駆除関係経費,,,22,0,,,有害鳥獣駆除関係経費,委員報酬,,34400,R7決算書p48
2025,6,農林水産業費,2,林業費,2,林業振興費,有害鳥獣駆除関係経費,,,23,1,,,有害鳥獣駆除関係経費,委員報酬,有害鳥獣駆除協議会報酬,34400,R7決算書p48
2025,6,農林水産業費,2,林業費,2,林業振興費,有害鳥獣駆除関係経費,,,22,0,,,有害鳥獣駆除関係経費,謝金,,818450,R7決算書p48
2025,6,農林水産業費,2,林業費,2,林業振興費,有害鳥獣駆除関係経費,,,23,1,,,有害鳥獣駆除関係経費,謝金,有害鳥獣駆除謝金,818450,R7決算書p48
2025,6,農林水産業費,2,林業費,2,林業振興費,有害鳥獣駆除関係経費,,,22,0,,,有害鳥獣駆除関係経費,買上金,,6150000,R7決算書p48
2025,6,農林水産業費,2,林業費,2,林業振興費,有害鳥獣駆除関係経費,,,23,1,,,有害鳥獣駆除関係経費,買上金,有害鳥獣駆除報償,6150000,R7決算書p48
2025,6,農林水産業費,2,林業費,2,林業振興費,有害鳥獣駆除関係経費,,,22,0,,,有害鳥獣駆除関係経費,修繕費,,40700,R7決算書p48
2025,6,農林水産業費,2,林業費,2,林業振興費,有害鳥獣駆除関係経費,,,23,1,,,有害鳥獣駆除関係経費,修繕費,大型捕獲檻修繕費,40700,R7決算書p48
2025,6,農林水産業費,2,林業費,2,林業振興費,有害鳥獣駆除関係経費,,,22,0,,,有害鳥獣駆除関係経費,損害保険料,,36450,R7決算書p48
2025,6,農林水産業費,2,林業費,2,林業振興費,有害鳥獣駆除関係経費,,,23,1,,,有害鳥獣駆除関係経費,損害保険料,有害鳥獣駆除傷害保険料,36450,R7決算書p48
2025,6,農林水産業費,2,林業費,3,林道費,林道事業経費,,,0,0,,,,,,66146251,R7決算書p48
2025,6,農林水産業費,2,林業費,3,林道費,林道事業経費,,,21,0,,,林道事業経費,,,66146251,R7決算書p48
2025,6,農林水産業費,2,林業費,3,林道費,林道事業経費,,,22,0,,,林道事業経費,消耗品,,36568,R7決算書p48
2025,6,農林水産業費,2,林業費,3,林道費,林道事業経費,,,23,1,,,林道事業経費,消耗品,消耗品,36568,R7決算書p48
2025,6,農林水産業費,2,林業費,3,林道費,林道事業経費,,,22,0,,,林道事業経費,燃料費,,122386,R7決算書p48
2025,6,農林水産業費,2,林業費,3,林道費,林道事業経費,,,23,1,,,林道事業経費,燃料費,公用車燃料費,122386,R7決算書p48
2025,6,農林水産業費,2,林業費,3,林道費,林道事業経費,,,22,0,,,林道事業経費,修繕費,,94666,R7決算書p48
2025,6,農林水産業費,2,林業費,3,林道費,林道事業経費,,,23,1,,,林道事業経費,修繕費,公用車修繕費,94666,R7決算書p48
2025,6,農林水産業費,2,林業費,3,林道費,林道事業経費,,,22,0,,,林道事業経費,手数料,,10560,R7決算書p48
2025,6,農林水産業費,2,林業費,3,林道費,林道事業経費,,,23,1,,,林道事業経費,手数料,公用車車検点検料,10560,R7決算書p48
2025,6,農林水産業費,2,林業費,3,林道費,林道事業経費,,,22,0,,,林道事業経費,損害保険料,,14990,R7決算書p48
2025,6,農林水産業費,2,林業費,3,林道費,林道事業経費,,,23,1,,,林道事業経費,損害保険料,公用車共済保険料,14990,R7決算書p48
2025,6,農林水産業費,2,林業費,3,林道費,林道事業経費,,,22,0,,,林道事業経費,調査・設計・監理委託料,,5159000,R7決算書p48
2025,6,農林水産業費,2,林業費,3,林道費,林道事業経費,,,23,1,,,林道事業経費,調査・設計・監理委託料,補助事業設計・監理委託料,3278000,R7決算書p48
2025,6,農林水産業費,2,林業費,3,林道費,林道事業経費,,,23,1,,,林道事業経費,調査・設計・監理委託料,単独事業設計・監理委託料,495000,R7決算書p48
2025,6,農林水産業費,2,林業費,3,林道費,林道事業経費,,,23,1,,,林道事業経費,調査・設計・監理委託料,補助事業設計・監理委託料（繰越分）,1386000,R7決算書p48
2025,6,農林水産業費,2,林業費,3,林道費,林道事業経費,,,22,0,,,林道事業経費,補助事業,,28600000,R7決算書p48
2025,6,農林水産業費,2,林業費,3,林道費,林道事業経費,,,23,1,,,林道事業経費,補助事業,林道開設・改良・舗装工事,110000,R7決算書p48
2025,6,農林水産業費,2,林業費,3,林道費,林道事業経費,,,23,1,,,林道事業経費,補助事業,林道開設改良舗装工事（繰越分）,28490000,R7決算書p48
2025,6,農林水産業費,2,林業費,3,林道費,林道事業経費,,,22,0,,,林道事業経費,単独事業,,2706000,R7決算書p48
2025,6,農林水産業費,2,林業費,3,林道費,林道事業経費,,,23,1,,,林道事業経費,単独事業,林道開設・改良・舗装工事,1100000,R7決算書p48
2025,6,農林水産業費,2,林業費,3,林道費,林道事業経費,,,23,1,,,林道事業経費,単独事業,林道交通安全施設工事,1606000,R7決算書p48
2025,6,農林水産業費,2,林業費,3,林道費,林道事業経費,,,22,0,,,林道事業経費,維持・修繕工事,,28990500,R7決算書p48
2025,6,農林水産業費,2,林業費,3,林道費,林道事業経費,,,23,1,,,林道事業経費,維持・修繕工事,林道維持工事,28990500,R7決算書p48
2025,6,農林水産業費,2,林業費,3,林道費,林道事業経費,,,22,0,,,林道事業経費,補償料,,411581,R7決算書p48
2025,6,農林水産業費,2,林業費,3,林道費,林道事業経費,,,23,1,,,林道事業経費,補償料,工事立木補償料,411581,R7決算書p48
2025,6,農林水産業費,2,林業費,4,造林費,造林事業,,,0,0,,,,,,2417786,R7決算書p48
2025,6,農林水産業費,2,林業費,4,造林費,造林事業,,,21,0,,,造林事業,,,2417786,R7決算書p48
2025,6,農林水産業費,2,林業費,4,造林費,造林事業,,,22,0,,,造林事業,負担金,,2417786,R7決算書p48
2025,6,農林水産業費,2,林業費,4,造林費,造林事業,,,23,1,,,造林事業,負担金,森林組合事業負担金,2417786,R7決算書p48
2025,6,農林水産業費,2,林業費,6,森林整備センター受託事業費,森林整備センター受託事業費,,,0,0,,,,,,3795000,R7決算書p48
2025,6,農林水産業費,2,林業費,6,森林整備センター受託事業費,森林整備センター受託事業費,,,21,0,,,森林整備センター受託事業費,,,3795000,R7決算書p48
2025,6,農林水産業費,2,林業費,6,森林整備センター受託事業費,森林整備センター受託事業費,,,22,0,,,森林整備センター受託事業費,単独事業,,3795000,R7決算書p48
2025,6,農林水産業費,2,林業費,6,森林整備センター受託事業費,森林整備センター受託事業費,,,23,1,,,森林整備センター受託事業費,単独事業,作業道開設工事,3795000,R7決算書p48
2025,6,農林水産業費,2,林業費,10,森林環境譲与税活用費,森林環境譲与税活用事業,,,0,0,,,,,,40538300,R7決算書p48
2025,6,農林水産業費,2,林業費,10,森林環境譲与税活用費,森林環境譲与税活用事業,,,21,0,,,森林環境譲与税活用事業,,,40538300,R7決算書p48
2025,6,農林水産業費,2,林業費,10,森林環境譲与税活用費,森林環境譲与税活用事業,,,22,0,,,森林環境譲与税活用事業,業務委託料,,35698300,R7決算書p48
2025,6,農林水産業費,2,林業費,10,森林環境譲与税活用費,森林環境譲与税活用事業,,,23,1,,,森林環境譲与税活用事業,業務委託料,伐採委託料,10024300,R7決算書p48
2025,6,農林水産業費,2,林業費,10,森林環境譲与税活用費,森林環境譲与税活用事業,,,23,1,,,森林環境譲与税活用事業,業務委託料,森林境界図作成委託料,14080000,R7決算書p48
2025,6,農林水産業費,2,林業費,10,森林環境譲与税活用費,森林環境譲与税活用事業,,,23,1,,,森林環境譲与税活用事業,業務委託料,森林境界図作成委託料（繰越明許分）,10780000,R7決算書p49
2025,6,農林水産業費,2,林業費,10,森林環境譲与税活用費,森林環境譲与税活用事業,,,23,1,,,森林環境譲与税活用事業,業務委託料,森林境界情報システム作成委託料,198000,R7決算書p49
2025,6,農林水産業費,2,林業費,10,森林環境譲与税活用費,森林環境譲与税活用事業,,,23,1,,,森林環境譲与税活用事業,業務委託料,資源調査委託料,616000,R7決算書p49
2025,6,農林水産業費,2,林業費,10,森林環境譲与税活用費,森林環境譲与税活用事業,,,22,0,,,森林環境譲与税活用事業,単独事業,,4840000,R7決算書p49
2025,6,農林水産業費,2,林業費,10,森林環境譲与税活用費,森林環境譲与税活用事業,,,23,1,,,森林環境譲与税活用事業,単独事業,森林環境整備事業,4840000,R7決算書p49
2025,7,商工費,1,商工費,1,商工総務費,商工総務一般経費,,,0,0,,,,,,1479000,R7決算書p49
2025,7,商工費,1,商工費,1,商工総務費,商工総務一般経費,,,21,0,,,商工総務一般経費,,,1479000,R7決算書p49
2025,7,商工費,1,商工費,1,商工総務費,商工総務一般経費,,,22,0,,,商工総務一般経費,負担金,,479000,R7決算書p49
2025,7,商工費,1,商工費,1,商工総務費,商工総務一般経費,,,23,1,,,商工総務一般経費,負担金,飯田職業安定協会負担金,1000,R7決算書p49
2025,7,商工費,1,商工費,1,商工総務費,商工総務一般経費,,,23,1,,,商工総務一般経費,負担金,飯田勤労者共済会負担金,47700,R7決算書p49
2025,7,商工費,1,商工費,1,商工総務費,商工総務一般経費,,,23,1,,,商工総務一般経費,負担金,商工会負担金,39300,R7決算書p49
2025,7,商工費,1,商工費,1,商工総務費,商工総務一般経費,,,23,1,,,商工総務一般経費,負担金,産業振興の拠点関係負担金,391000,R7決算書p49
2025,7,商工費,1,商工費,1,商工総務費,商工総務一般経費,,,22,0,,,商工総務一般経費,補助金,,1000000,R7決算書p49
2025,7,商工費,1,商工費,1,商工総務費,商工総務一般経費,,,23,1,,,商工総務一般経費,補助金,信州大学航空機システム共同研究講座コンソーシアム補助金,1000000,R7決算書p49
2025,7,商工費,1,商工費,1,商工総務費,一般職人事管理経費（商工）,,,0,0,,,,,,13142858,R7決算書p49
2025,7,商工費,1,商工費,1,商工総務費,一般職人事管理経費（商工）,,,21,0,,,一般職人事管理経費（商工）,,,13142858,R7決算書p49
2025,7,商工費,1,商工費,1,商工総務費,一般職人事管理経費（商工）,,,22,0,,,一般職人事管理経費（商工）,職員給料,,6662700,R7決算書p49
2025,7,商工費,1,商工費,1,商工総務費,一般職人事管理経費（商工）,,,23,1,,,一般職人事管理経費（商工）,職員給料,一般職員給料,6662700,R7決算書p49
2025,7,商工費,1,商工費,1,商工総務費,一般職人事管理経費（商工）,,,22,0,,,一般職人事管理経費（商工）,職員手当等,,4362213,R7決算書p49
2025,7,商工費,1,商工費,1,商工総務費,一般職人事管理経費（商工）,,,23,1,,,一般職人事管理経費（商工）,職員手当等,住居手当,48000,R7決算書p49
2025,7,商工費,1,商工費,1,商工総務費,一般職人事管理経費（商工）,,,23,1,,,一般職人事管理経費（商工）,職員手当等,通勤手当,223200,R7決算書p49
2025,7,商工費,1,商工費,1,商工総務費,一般職人事管理経費（商工）,,,23,1,,,一般職人事管理経費（商工）,職員手当等,時間外勤務手当,1288236,R7決算書p49
2025,7,商工費,1,商工費,1,商工総務費,一般職人事管理経費（商工）,,,23,1,,,一般職人事管理経費（商工）,職員手当等,期末手当,1434401,R7決算書p49
2025,7,商工費,1,商工費,1,商工総務費,一般職人事管理経費（商工）,,,23,1,,,一般職人事管理経費（商工）,職員手当等,勤勉手当,1254376,R7決算書p49
2025,7,商工費,1,商工費,1,商工総務費,一般職人事管理経費（商工）,,,23,1,,,一般職人事管理経費（商工）,職員手当等,寒冷地手当,114000,R7決算書p49
2025,7,商工費,1,商工費,1,商工総務費,一般職人事管理経費（商工）,,,22,0,,,一般職人事管理経費（商工）,一般職共済費,,2117945,R7決算書p49
2025,7,商工費,1,商工費,1,商工総務費,一般職人事管理経費（商工）,,,23,1,,,一般職人事管理経費（商工）,一般職共済費,地方公務員共済組合等負担金,2117945,R7決算書p49
2025,7,商工費,1,商工費,2,商工振興費,商工振興一般経費,,,0,0,,,,,,23750417,R7決算書p49
2025,7,商工費,1,商工費,2,商工振興費,商工振興一般経費,,,21,0,,,商工振興一般経費,,,23750417,R7決算書p49
2025,7,商工費,1,商工費,2,商工振興費,商工振興一般経費,,,22,0,,,商工振興一般経費,損害保険料,,18802,R7決算書p49
2025,7,商工費,1,商工費,2,商工振興費,商工振興一般経費,,,23,1,,,商工振興一般経費,損害保険料,村有建物災害共済保険料,18802,R7決算書p49
2025,7,商工費,1,商工費,2,商工振興費,商工振興一般経費,,,22,0,,,商工振興一般経費,敷地料,,211824,R7決算書p49
2025,7,商工費,1,商工費,2,商工振興費,商工振興一般経費,,,23,1,,,商工振興一般経費,敷地料,過疎対策工場敷地料,211824,R7決算書p49
2025,7,商工費,1,商工費,2,商工振興費,商工振興一般経費,,,22,0,,,商工振興一般経費,備品購入費,,390400,R7決算書p49
2025,7,商工費,1,商工費,2,商工振興費,商工振興一般経費,,,23,1,,,商工振興一般経費,備品購入費,公用車購入費,390400,R7決算書p49
2025,7,商工費,1,商工費,2,商工振興費,商工振興一般経費,,,22,0,,,商工振興一般経費,負担金,,152054,R7決算書p49
2025,7,商工費,1,商工費,2,商工振興費,商工振興一般経費,,,23,1,,,商工振興一般経費,負担金,街路灯負担金,152054,R7決算書p49
2025,7,商工費,1,商工費,2,商工振興費,商工振興一般経費,,,22,0,,,商工振興一般経費,補助金,,22466631,R7決算書p49
2025,7,商工費,1,商工費,2,商工振興費,商工振興一般経費,,,23,1,,,商工振興一般経費,補助金,商工振興事業補助金,12043394,R7決算書p49
2025,7,商工費,1,商工費,2,商工振興費,商工振興一般経費,,,23,1,,,商工振興一般経費,補助金,商工関係資金利子補給金（不況対策）,71593,R7決算書p50
2025,7,商工費,1,商工費,2,商工振興費,商工振興一般経費,,,23,1,,,商工振興一般経費,補助金,商工業創業支援事業補助金,1000000,R7決算書p50
2025,7,商工費,1,商工費,2,商工振興費,商工振興一般経費,,,23,1,,,商工振興一般経費,補助金,商工業事業継続補助金,5942644,R7決算書p50
2025,7,商工費,1,商工費,2,商工振興費,商工振興一般経費,,,23,1,,,商工振興一般経費,補助金,商品券等発行事業補助金,3097000,R7決算書p50
2025,7,商工費,1,商工費,2,商工振興費,商工振興一般経費,,,23,1,,,商工振興一般経費,補助金,共同購入事業補助金,312000,R7決算書p50
2025,7,商工費,1,商工費,2,商工振興費,商工振興一般経費,,,22,0,,,商工振興一般経費,保証料,,510706,R7決算書p50
2025,7,商工費,1,商工費,2,商工振興費,商工振興一般経費,,,23,1,,,商工振興一般経費,保証料,信用保証協会保証料,510706,R7決算書p50
2025,7,商工費,1,商工費,3,観光費,観光一般経費,,,0,0,,,,,,77665807,R7決算書p50
2025,7,商工費,1,商工費,3,観光費,観光一般経費,,,21,0,,,観光一般経費,,,77665807,R7決算書p50
2025,7,商工費,1,商工費,3,観光費,観光一般経費,,,22,0,,,観光一般経費,委員報酬,,365500,R7決算書p50
2025,7,商工費,1,商工費,3,観光費,観光一般経費,,,23,1,,,観光一般経費,委員報酬,観光施設検討委員報酬,43000,R7決算書p50
2025,7,商工費,1,商工費,3,観光費,観光一般経費,,,23,1,,,観光一般経費,委員報酬,活性化プロジェクト委員報酬,305300,R7決算書p50
2025,7,商工費,1,商工費,3,観光費,観光一般経費,,,23,1,,,観光一般経費,委員報酬,南アルプス(信州大鹿エリア)山岳環境保全・利用推進協議会委員報酬,17200,R7決算書p50
2025,7,商工費,1,商工費,3,観光費,観光一般経費,,,22,0,,,観光一般経費,職員旅費,,145000,R7決算書p50
2025,7,商工費,1,商工費,3,観光費,観光一般経費,,,23,1,,,観光一般経費,職員旅費,職員旅費,145000,R7決算書p50
2025,7,商工費,1,商工費,3,観光費,観光一般経費,,,22,0,,,観光一般経費,費用弁償,,575840,R7決算書p50
2025,7,商工費,1,商工費,3,観光費,観光一般経費,,,23,1,,,観光一般経費,費用弁償,さくらの女王旅費,51200,R7決算書p50
2025,7,商工費,1,商工費,3,観光費,観光一般経費,,,23,1,,,観光一般経費,費用弁償,イベント旅費,194200,R7決算書p50
2025,7,商工費,1,商工費,3,観光費,観光一般経費,,,23,1,,,観光一般経費,費用弁償,講師旅費,330440,R7決算書p50
2025,7,商工費,1,商工費,3,観光費,観光一般経費,,,22,0,,,観光一般経費,消耗品,,1678315,R7決算書p50
2025,7,商工費,1,商工費,3,観光費,観光一般経費,,,23,1,,,観光一般経費,消耗品,消耗品,1566771,R7決算書p50
2025,7,商工費,1,商工費,3,観光費,観光一般経費,,,23,1,,,観光一般経費,消耗品,都市との交流事業経費,111544,R7決算書p50
2025,7,商工費,1,商工費,3,観光費,観光一般経費,,,22,0,,,観光一般経費,燃料費,,283387,R7決算書p50
2025,7,商工費,1,商工費,3,観光費,観光一般経費,,,23,1,,,観光一般経費,燃料費,公用車燃料費,283387,R7決算書p50
2025,7,商工費,1,商工費,3,観光費,観光一般経費,,,22,0,,,観光一般経費,食糧費,,85650,R7決算書p50
2025,7,商工費,1,商工費,3,観光費,観光一般経費,,,23,1,,,観光一般経費,食糧費,食糧費,85650,R7決算書p50
2025,7,商工費,1,商工費,3,観光費,観光一般経費,,,22,0,,,観光一般経費,印刷製本費,,673200,R7決算書p50
2025,7,商工費,1,商工費,3,観光費,観光一般経費,,,23,1,,,観光一般経費,印刷製本費,印刷製本費,673200,R7決算書p50
2025,7,商工費,1,商工費,3,観光費,観光一般経費,,,22,0,,,観光一般経費,光熱水費,,8203969,R7決算書p50
2025,7,商工費,1,商工費,3,観光費,観光一般経費,,,23,1,,,観光一般経費,光熱水費,電気料（観光施設）,7714032,R7決算書p50
2025,7,商工費,1,商工費,3,観光費,観光一般経費,,,23,1,,,観光一般経費,光熱水費,水道料,489937,R7決算書p50
2025,7,商工費,1,商工費,3,観光費,観光一般経費,,,22,0,,,観光一般経費,修繕費,,3113249,R7決算書p50
2025,7,商工費,1,商工費,3,観光費,観光一般経費,,,23,1,,,観光一般経費,修繕費,観光施設修繕費,3009845,R7決算書p50
2025,7,商工費,1,商工費,3,観光費,観光一般経費,,,23,1,,,観光一般経費,修繕費,機械修繕費,47700,R7決算書p50
2025,7,商工費,1,商工費,3,観光費,観光一般経費,,,23,1,,,観光一般経費,修繕費,公用車修繕費,55704,R7決算書p50
2025,7,商工費,1,商工費,3,観光費,観光一般経費,,,22,0,,,観光一般経費,通信運搬費,,143559,R7決算書p50
2025,7,商工費,1,商工費,3,観光費,観光一般経費,,,23,1,,,観光一般経費,通信運搬費,テレビ受信料,43529,R7決算書p50
2025,7,商工費,1,商工費,3,観光費,観光一般経費,,,23,1,,,観光一般経費,通信運搬費,情報通信接続料,100030,R7決算書p50
2025,7,商工費,1,商工費,3,観光費,観光一般経費,,,22,0,,,観光一般経費,広告料,,89400,R7決算書p50
2025,7,商工費,1,商工費,3,観光費,観光一般経費,,,23,1,,,観光一般経費,広告料,広告料,89400,R7決算書p50
2025,7,商工費,1,商工費,3,観光費,観光一般経費,,,22,0,,,観光一般経費,手数料,,1073090,R7決算書p50
2025,7,商工費,1,商工費,3,観光費,観光一般経費,,,23,1,,,観光一般経費,手数料,消防施設点検料,60500,R7決算書p50
2025,7,商工費,1,商工費,3,観光費,観光一般経費,,,23,1,,,観光一般経費,手数料,くみ取り料,735570,R7決算書p50
2025,7,商工費,1,商工費,3,観光費,観光一般経費,,,23,1,,,観光一般経費,手数料,遊具検査手数料,177100,R7決算書p50
2025,7,商工費,1,商工費,3,観光費,観光一般経費,,,23,1,,,観光一般経費,手数料,合併浄化槽検査手数料,36000,R7決算書p50
2025,7,商工費,1,商工費,3,観光費,観光一般経費,,,23,1,,,観光一般経費,手数料,着付け等手数料,14000,R7決算書p50
2025,7,商工費,1,商工費,3,観光費,観光一般経費,,,23,1,,,観光一般経費,手数料,公用車車検点検料,29920,R7決算書p50
2025,7,商工費,1,商工費,3,観光費,観光一般経費,,,23,1,,,観光一般経費,手数料,自転車点検料,20000,R7決算書p50
2025,7,商工費,1,商工費,3,観光費,観光一般経費,,,22,0,,,観光一般経費,損害保険料,,344037,R7決算書p50
2025,7,商工費,1,商工費,3,観光費,観光一般経費,,,23,1,,,観光一般経費,損害保険料,村有建物災害共済保険料,305357,R7決算書p50
2025,7,商工費,1,商工費,3,観光費,観光一般経費,,,23,1,,,観光一般経費,損害保険料,公用車共済保険料,18680,R7決算書p50
2025,7,商工費,1,商工費,3,観光費,観光一般経費,,,23,1,,,観光一般経費,損害保険料,自転車保険料,20000,R7決算書p50
2025,7,商工費,1,商工費,3,観光費,観光一般経費,,,22,0,,,観光一般経費,保守管理委託料,,2445298,R7決算書p50
2025,7,商工費,1,商工費,3,観光費,観光一般経費,,,23,1,,,観光一般経費,保守管理委託料,合併浄化槽保守管理委託料,473000,R7決算書p51
2025,7,商工費,1,商工費,3,観光費,観光一般経費,,,23,1,,,観光一般経費,保守管理委託料,自動ドア管理委託料,257400,R7決算書p51
2025,7,商工費,1,商工費,3,観光費,観光一般経費,,,23,1,,,観光一般経費,保守管理委託料,観光施設管理（村委託分）委託料,1050090,R7決算書p51
2025,7,商工費,1,商工費,3,観光費,観光一般経費,,,23,1,,,観光一般経費,保守管理委託料,ＨＰ維持管理委託料,308000,R7決算書p51
2025,7,商工費,1,商工費,3,観光費,観光一般経費,,,23,1,,,観光一般経費,保守管理委託料,電気施設保守委託料,245520,R7決算書p51
2025,7,商工費,1,商工費,3,観光費,観光一般経費,,,23,1,,,観光一般経費,保守管理委託料,受水槽保守管理委託料,76780,R7決算書p51
2025,7,商工費,1,商工費,3,観光費,観光一般経費,,,23,1,,,観光一般経費,保守管理委託料,プリンター保守管理委託料,34508,R7決算書p51
2025,7,商工費,1,商工費,3,観光費,観光一般経費,,,22,0,,,観光一般経費,検査委託料,,82368,R7決算書p51
2025,7,商工費,1,商工費,3,観光費,観光一般経費,,,23,1,,,観光一般経費,検査委託料,観光施設水質検査委託料,82368,R7決算書p51
2025,7,商工費,1,商工費,3,観光費,観光一般経費,,,22,0,,,観光一般経費,業務委託料,,3096688,R7決算書p51
2025,7,商工費,1,商工費,3,観光費,観光一般経費,,,23,1,,,観光一般経費,業務委託料,登山道確認委託料,108000,R7決算書p51
2025,7,商工費,1,商工費,3,観光費,観光一般経費,,,23,1,,,観光一般経費,業務委託料,地域観光促進業務委託料,1200000,R7決算書p51
2025,7,商工費,1,商工費,3,観光費,観光一般経費,,,23,1,,,観光一般経費,業務委託料,システム改修委託料,275000,R7決算書p51
2025,7,商工費,1,商工費,3,観光費,観光一般経費,,,23,1,,,観光一般経費,業務委託料,観光施設管理委託料,1513688,R7決算書p51
2025,7,商工費,1,商工費,3,観光費,観光一般経費,,,22,0,,,観光一般経費,調査・設計・監理委託料,,3201000,R7決算書p51
2025,7,商工費,1,商工費,3,観光費,観光一般経費,,,23,1,,,観光一般経費,調査・設計・監理委託料,観光施設設計・監理委託料,2607000,R7決算書p51
2025,7,商工費,1,商工費,3,観光費,観光一般経費,,,23,1,,,観光一般経費,調査・設計・監理委託料,観光施設設計・監理委託料（繰越分）,594000,R7決算書p51
2025,7,商工費,1,商工費,3,観光費,観光一般経費,,,22,0,,,観光一般経費,使用料・借上料,,607780,R7決算書p51
2025,7,商工費,1,商工費,3,観光費,観光一般経費,,,23,1,,,観光一般経費,使用料・借上料,仮設トイレ借上料,223696,R7決算書p51
2025,7,商工費,1,商工費,3,観光費,観光一般経費,,,23,1,,,観光一般経費,使用料・借上料,駐車場使用料,19940,R7決算書p51
2025,7,商工費,1,商工費,3,観光費,観光一般経費,,,23,1,,,観光一般経費,使用料・借上料,事務機器リース料,328680,R7決算書p51
2025,7,商工費,1,商工費,3,観光費,観光一般経費,,,23,1,,,観光一般経費,使用料・借上料,AEDリース料,23100,R7決算書p51
2025,7,商工費,1,商工費,3,観光費,観光一般経費,,,23,1,,,観光一般経費,使用料・借上料,ウイルス対策ソフト使用料,12364,R7決算書p51
2025,7,商工費,1,商工費,3,観光費,観光一般経費,,,22,0,,,観光一般経費,敷地料,,662797,R7決算書p51
2025,7,商工費,1,商工費,3,観光費,観光一般経費,,,23,1,,,観光一般経費,敷地料,道の駅敷地料,610016,R7決算書p51
2025,7,商工費,1,商工費,3,観光費,観光一般経費,,,23,1,,,観光一般経費,敷地料,広河原小屋敷地料,3000,R7決算書p51
2025,7,商工費,1,商工費,3,観光費,観光一般経費,,,23,1,,,観光一般経費,敷地料,するぎ農園村敷地料,49781,R7決算書p51
2025,7,商工費,1,商工費,3,観光費,観光一般経費,,,22,0,,,観光一般経費,単独事業,,44290000,R7決算書p51
2025,7,商工費,1,商工費,3,観光費,観光一般経費,,,23,1,,,観光一般経費,単独事業,観光施設整備工事,22484000,R7決算書p51
2025,7,商工費,1,商工費,3,観光費,観光一般経費,,,23,1,,,観光一般経費,単独事業,観光施設改修工事,7623000,R7決算書p51
2025,7,商工費,1,商工費,3,観光費,観光一般経費,,,23,1,,,観光一般経費,単独事業,観光施設改修工事（繰越分）,5368000,R7決算書p51
2025,7,商工費,1,商工費,3,観光費,観光一般経費,,,23,1,,,観光一般経費,単独事業,観光施設等整備事業（繰越分）,8815000,R7決算書p51
2025,7,商工費,1,商工費,3,観光費,観光一般経費,,,22,0,,,観光一般経費,備品購入費,,421080,R7決算書p51
2025,7,商工費,1,商工費,3,観光費,観光一般経費,,,23,1,,,観光一般経費,備品購入費,事業用備品購入費,421080,R7決算書p51
2025,7,商工費,1,商工費,3,観光費,観光一般経費,,,22,0,,,観光一般経費,負担金,,1214000,R7決算書p51
2025,7,商工費,1,商工費,3,観光費,観光一般経費,,,23,1,,,観光一般経費,負担金,日本さくらの会負担金,5000,R7決算書p51
2025,7,商工費,1,商工費,3,観光費,観光一般経費,,,23,1,,,観光一般経費,負担金,温泉協会協議会負担金,13000,R7決算書p51
2025,7,商工費,1,商工費,3,観光費,観光一般経費,,,23,1,,,観光一般経費,負担金,国有林観光施設協議会負担金,3000,R7決算書p51
2025,7,商工費,1,商工費,3,観光費,観光一般経費,,,23,1,,,観光一般経費,負担金,高山植物等保護対策協議会負担金,6000,R7決算書p51
2025,7,商工費,1,商工費,3,観光費,観光一般経費,,,23,1,,,観光一般経費,負担金,長野県観光情報提供システム負担金,10000,R7決算書p51
2025,7,商工費,1,商工費,3,観光費,観光一般経費,,,23,1,,,観光一般経費,負担金,信州・長野県観光協会負担金,48000,R7決算書p51
2025,7,商工費,1,商工費,3,観光費,観光一般経費,,,23,1,,,観光一般経費,負担金,南アルプス自然環境保全活用連携協議会負担金,700000,R7決算書p51
2025,7,商工費,1,商工費,3,観光費,観光一般経費,,,23,1,,,観光一般経費,負担金,中部ブロック道の駅連絡会負担金,70000,R7決算書p51
2025,7,商工費,1,商工費,3,観光費,観光一般経費,,,23,1,,,観光一般経費,負担金,道の駅EV運用負担金,44000,R7決算書p51
2025,7,商工費,1,商工費,3,観光費,観光一般経費,,,23,1,,,観光一般経費,負担金,さくら祭り負担金,300000,R7決算書p51
2025,7,商工費,1,商工費,3,観光費,観光一般経費,,,23,1,,,観光一般経費,負担金,活性化プロジェクト会議負担金,15000,R7決算書p51
2025,7,商工費,1,商工費,3,観光費,観光一般経費,,,22,0,,,観光一般経費,補助金,,4864000,R7決算書p51
2025,7,商工費,1,商工費,3,観光費,観光一般経費,,,23,1,,,観光一般経費,補助金,地域活性化事業補助金,1179000,R7決算書p51
2025,7,商工費,1,商工費,3,観光費,観光一般経費,,,23,1,,,観光一般経費,補助金,大鹿村農業振興総合対策推進事業補助金（明許繰越分）,3685000,R7決算書p51
2025,7,商工費,1,商工費,3,観光費,観光一般経費,,,22,0,,,観光一般経費,重量税,,6600,R7決算書p51
2025,7,商工費,1,商工費,3,観光費,観光一般経費,,,23,1,,,観光一般経費,重量税,公用車重量税,6600,R7決算書p51
2025,7,商工費,1,商工費,3,観光費,臨時職員管理経費（観光）,,,0,0,,,,,,5633474,R7決算書p51
2025,7,商工費,1,商工費,3,観光費,臨時職員管理経費（観光）,,,21,0,,,臨時職員管理経費（観光）,,,5633474,R7決算書p51
2025,7,商工費,1,商工費,3,観光費,臨時職員管理経費（観光）,,,22,0,,,臨時職員管理経費（観光）,会計年度任用職員報酬,,4674180,R7決算書p52
2025,7,商工費,1,商工費,3,観光費,臨時職員管理経費（観光）,,,23,1,,,臨時職員管理経費（観光）,会計年度任用職員報酬,会計年度任用職員１号報酬,4674180,R7決算書p52
2025,7,商工費,1,商工費,3,観光費,臨時職員管理経費（観光）,,,22,0,,,臨時職員管理経費（観光）,会計年度任用職員手当,,959294,R7決算書p52
2025,7,商工費,1,商工費,3,観光費,臨時職員管理経費（観光）,,,23,1,,,臨時職員管理経費（観光）,会計年度任用職員手当,通勤手当（1号）,50400,R7決算書p52
2025,7,商工費,1,商工費,3,観光費,臨時職員管理経費（観光）,,,23,1,,,臨時職員管理経費（観光）,会計年度任用職員手当,時間外勤務手当（1号）,7168,R7決算書p52
2025,7,商工費,1,商工費,3,観光費,臨時職員管理経費（観光）,,,23,1,,,臨時職員管理経費（観光）,会計年度任用職員手当,期末手当（１号）,817726,R7決算書p52
2025,7,商工費,1,商工費,3,観光費,臨時職員管理経費（観光）,,,23,1,,,臨時職員管理経費（観光）,会計年度任用職員手当,住居手当,84000,R7決算書p52
2025,7,商工費,1,商工費,4,地域おこし協力隊事業,地域おこし協力隊事業,,,0,0,,,,,,1652447,R7決算書p52
2025,7,商工費,1,商工費,4,地域おこし協力隊事業,地域おこし協力隊事業,,,21,0,,,地域おこし協力隊事業,,,1652447,R7決算書p52
2025,7,商工費,1,商工費,4,地域おこし協力隊事業,地域おこし協力隊事業,,,22,0,,,地域おこし協力隊事業,会計年度任用職員報酬,,1009665,R7決算書p52
2025,7,商工費,1,商工費,4,地域おこし協力隊事業,地域おこし協力隊事業,,,23,1,,,地域おこし協力隊事業,会計年度任用職員報酬,地域おこし協力隊報酬,1009665,R7決算書p52
2025,7,商工費,1,商工費,4,地域おこし協力隊事業,地域おこし協力隊事業,,,22,0,,,地域おこし協力隊事業,費用弁償,,3110,R7決算書p52
2025,7,商工費,1,商工費,4,地域おこし協力隊事業,地域おこし協力隊事業,,,23,1,,,地域おこし協力隊事業,費用弁償,地域おこし協力隊旅費,3110,R7決算書p52
2025,7,商工費,1,商工費,4,地域おこし協力隊事業,地域おこし協力隊事業,,,22,0,,,地域おこし協力隊事業,消耗品,,216516,R7決算書p52
2025,7,商工費,1,商工費,4,地域おこし協力隊事業,地域おこし協力隊事業,,,23,1,,,地域おこし協力隊事業,消耗品,消耗品,216516,R7決算書p52
2025,7,商工費,1,商工費,4,地域おこし協力隊事業,地域おこし協力隊事業,,,22,0,,,地域おこし協力隊事業,燃料費,,18056,R7決算書p52
2025,7,商工費,1,商工費,4,地域おこし協力隊事業,地域おこし協力隊事業,,,23,1,,,地域おこし協力隊事業,燃料費,公用車燃料費,18056,R7決算書p52
2025,7,商工費,1,商工費,4,地域おこし協力隊事業,地域おこし協力隊事業,,,22,0,,,地域おこし協力隊事業,印刷製本費,,132000,R7決算書p52
2025,7,商工費,1,商工費,4,地域おこし協力隊事業,地域おこし協力隊事業,,,23,1,,,地域おこし協力隊事業,印刷製本費,協力隊新聞印刷費,132000,R7決算書p52
2025,7,商工費,1,商工費,4,地域おこし協力隊事業,地域おこし協力隊事業,,,22,0,,,地域おこし協力隊事業,修繕費,,53190,R7決算書p52
2025,7,商工費,1,商工費,4,地域おこし協力隊事業,地域おこし協力隊事業,,,23,1,,,地域おこし協力隊事業,修繕費,公用車修繕費,53190,R7決算書p52
2025,7,商工費,1,商工費,4,地域おこし協力隊事業,地域おこし協力隊事業,,,22,0,,,地域おこし協力隊事業,手数料,,28320,R7決算書p52
2025,7,商工費,1,商工費,4,地域おこし協力隊事業,地域おこし協力隊事業,,,23,1,,,地域おこし協力隊事業,手数料,公用車車検点検料,28320,R7決算書p52
2025,7,商工費,1,商工費,4,地域おこし協力隊事業,地域おこし協力隊事業,,,22,0,,,地域おこし協力隊事業,損害保険料,,14990,R7決算書p52
2025,7,商工費,1,商工費,4,地域おこし協力隊事業,地域おこし協力隊事業,,,23,1,,,地域おこし協力隊事業,損害保険料,公用車共済保険料,14990,R7決算書p52
2025,7,商工費,1,商工費,4,地域おこし協力隊事業,地域おこし協力隊事業,,,22,0,,,地域おこし協力隊事業,使用料・借上料,,170000,R7決算書p52
2025,7,商工費,1,商工費,4,地域おこし協力隊事業,地域おこし協力隊事業,,,23,1,,,地域おこし協力隊事業,使用料・借上料,住居借上料,170000,R7決算書p52
2025,7,商工費,1,商工費,4,地域おこし協力隊事業,地域おこし協力隊事業,,,22,0,,,地域おこし協力隊事業,重量税,,6600,R7決算書p52
2025,7,商工費,1,商工費,4,地域おこし協力隊事業,地域おこし協力隊事業,,,23,1,,,地域おこし協力隊事業,重量税,公用車重量税,6600,R7決算書p52
2025,7,商工費,1,商工費,5,集落支援事業,集落支援事業,,,0,0,,,,,,5738746,R7決算書p52
2025,7,商工費,1,商工費,5,集落支援事業,集落支援事業,,,21,0,,,集落支援事業,,,5738746,R7決算書p52
2025,7,商工費,1,商工費,5,集落支援事業,集落支援事業,,,22,0,,,集落支援事業,会計年度任用職員報酬,,4008303,R7決算書p52
2025,7,商工費,1,商工費,5,集落支援事業,集落支援事業,,,23,1,,,集落支援事業,会計年度任用職員報酬,会計年度任用職員1号報酬,4008303,R7決算書p52
2025,7,商工費,1,商工費,5,集落支援事業,集落支援事業,,,22,0,,,集落支援事業,会計年度任用職員手当,,776597,R7決算書p52
2025,7,商工費,1,商工費,5,集落支援事業,集落支援事業,,,23,1,,,集落支援事業,会計年度任用職員手当,期末手当（１号）,702197,R7決算書p52
2025,7,商工費,1,商工費,5,集落支援事業,集落支援事業,,,23,1,,,集落支援事業,会計年度任用職員手当,通勤手当,74400,R7決算書p52
2025,7,商工費,1,商工費,5,集落支援事業,集落支援事業,,,22,0,,,集落支援事業,消耗品,,40579,R7決算書p52
2025,7,商工費,1,商工費,5,集落支援事業,集落支援事業,,,23,1,,,集落支援事業,消耗品,消耗品,40579,R7決算書p52
2025,7,商工費,1,商工費,5,集落支援事業,集落支援事業,,,22,0,,,集落支援事業,燃料費,,93675,R7決算書p52
2025,7,商工費,1,商工費,5,集落支援事業,集落支援事業,,,23,1,,,集落支援事業,燃料費,公用車燃料代,93675,R7決算書p52
2025,7,商工費,1,商工費,5,集落支援事業,集落支援事業,,,22,0,,,集落支援事業,修繕費,,23304,R7決算書p52
2025,7,商工費,1,商工費,5,集落支援事業,集落支援事業,,,23,1,,,集落支援事業,修繕費,公用車修繕費,23304,R7決算書p52
2025,7,商工費,1,商工費,5,集落支援事業,集落支援事業,,,22,0,,,集落支援事業,損害保険料,,15800,R7決算書p52
2025,7,商工費,1,商工費,5,集落支援事業,集落支援事業,,,23,1,,,集落支援事業,損害保険料,公用車共済保険料,15800,R7決算書p52
2025,7,商工費,1,商工費,5,集落支援事業,集落支援事業,,,22,0,,,集落支援事業,使用料・借上料,,780488,R7決算書p52
2025,7,商工費,1,商工費,5,集落支援事業,集落支援事業,,,23,1,,,集落支援事業,使用料・借上料,事務用機器リース料,134288,R7決算書p52
2025,7,商工費,1,商工費,5,集落支援事業,集落支援事業,,,23,1,,,集落支援事業,使用料・借上料,施設使用料,600000,R7決算書p52
2025,7,商工費,1,商工費,5,集落支援事業,集落支援事業,,,23,1,,,集落支援事業,使用料・借上料,自動車リース料,46200,R7決算書p52
2025,13,諸支出金,1,基金費,1,財政調整基金費,財政調整基金積立金,,,0,0,,,,,,193527,R7決算書p69
2025,13,諸支出金,1,基金費,1,財政調整基金費,財政調整基金積立金,,,21,0,,,財政調整基金積立金,,,193527,R7決算書p69
2025,13,諸支出金,1,基金費,1,財政調整基金費,財政調整基金積立金,,,22,0,,,財政調整基金積立金,利子積立金,,193527,R7決算書p69
2025,13,諸支出金,1,基金費,1,財政調整基金費,財政調整基金積立金,,,23,1,,,財政調整基金積立金,利子積立金,財政調整基金利子積立金,193527,R7決算書p69
2025,13,諸支出金,1,基金費,2,減債基金費,減債基金積立金,,,0,0,,,,,,256934,R7決算書p69
2025,13,諸支出金,1,基金費,2,減債基金費,減債基金積立金,,,21,0,,,減債基金積立金,,,256934,R7決算書p69
2025,13,諸支出金,1,基金費,2,減債基金費,減債基金積立金,,,22,0,,,減債基金積立金,利子積立金,,256934,R7決算書p69
2025,13,諸支出金,1,基金費,2,減債基金費,減債基金積立金,,,23,1,,,減債基金積立金,利子積立金,減債基金利子積立金,256934,R7決算書p69
2025,13,諸支出金,1,基金費,3,公共施設等整備基金費,公共施設等整備基金積立金,,,0,0,,,,,,765947,R7決算書p69
2025,13,諸支出金,1,基金費,3,公共施設等整備基金費,公共施設等整備基金積立金,,,21,0,,,公共施設等整備基金積立金,,,765947,R7決算書p69
2025,13,諸支出金,1,基金費,3,公共施設等整備基金費,公共施設等整備基金積立金,,,22,0,,,公共施設等整備基金積立金,利子積立金,,765947,R7決算書p69
2025,13,諸支出金,1,基金費,3,公共施設等整備基金費,公共施設等整備基金積立金,,,23,1,,,公共施設等整備基金積立金,利子積立金,公共施設等整備基金利子積立金,765947,R7決算書p69
2025,13,諸支出金,1,基金費,4,文教施設整備基金費,文教施設整備基金積立金,,,0,0,,,,,,40150,R7決算書p69
2025,13,諸支出金,1,基金費,4,文教施設整備基金費,文教施設整備基金積立金,,,21,0,,,文教施設整備基金積立金,,,40150,R7決算書p69
2025,13,諸支出金,1,基金費,4,文教施設整備基金費,文教施設整備基金積立金,,,22,0,,,文教施設整備基金積立金,利子積立金,,40150,R7決算書p69
2025,13,諸支出金,1,基金費,4,文教施設整備基金費,文教施設整備基金積立金,,,23,1,,,文教施設整備基金積立金,利子積立金,文教施設整備基金利子積立金,40150,R7決算書p69
2025,13,諸支出金,1,基金費,5,ふるさとづくり基金費,ふるさとづくり基金積立金,,,0,0,,,,,,2800496,R7決算書p69
2025,13,諸支出金,1,基金費,5,ふるさとづくり基金費,ふるさとづくり基金積立金,,,21,0,,,ふるさとづくり基金積立金,,,2800496,R7決算書p69
2025,13,諸支出金,1,基金費,5,ふるさとづくり基金費,ふるさとづくり基金積立金,,,22,0,,,ふるさとづくり基金積立金,積立金,,2597000,R7決算書p69
2025,13,諸支出金,1,基金費,5,ふるさとづくり基金費,ふるさとづくり基金積立金,,,23,1,,,ふるさとづくり基金積立金,積立金,ふるさとづくり基金積立金,2597000,R7決算書p69
2025,13,諸支出金,1,基金費,5,ふるさとづくり基金費,ふるさとづくり基金積立金,,,22,0,,,ふるさとづくり基金積立金,利子積立金,,203496,R7決算書p69
2025,13,諸支出金,1,基金費,5,ふるさとづくり基金費,ふるさとづくり基金積立金,,,23,1,,,ふるさとづくり基金積立金,利子積立金,ふるさとづくり基金利子積立金,203496,R7決算書p69
2025,13,諸支出金,1,基金費,6,高齢者福祉基金費,高齢者福祉基金積立金,,,0,0,,,,,,40018140,R7決算書p69
2025,13,諸支出金,1,基金費,6,高齢者福祉基金費,高齢者福祉基金積立金,,,21,0,,,高齢者福祉基金積立金,,,40018140,R7決算書p69
2025,13,諸支出金,1,基金費,6,高齢者福祉基金費,高齢者福祉基金積立金,,,22,0,,,高齢者福祉基金積立金,積立金,,40000000,R7決算書p69
2025,13,諸支出金,1,基金費,6,高齢者福祉基金費,高齢者福祉基金積立金,,,23,1,,,高齢者福祉基金積立金,積立金,高齢者福祉基金積立金,40000000,R7決算書p69
2025,13,諸支出金,1,基金費,6,高齢者福祉基金費,高齢者福祉基金積立金,,,22,0,,,高齢者福祉基金積立金,利子積立金,,18140,R7決算書p69
2025,13,諸支出金,1,基金費,6,高齢者福祉基金費,高齢者福祉基金積立金,,,23,1,,,高齢者福祉基金積立金,利子積立金,高齢者福祉基金利子積立金,18140,R7決算書p69
2025,13,諸支出金,1,基金費,14,森林環境譲与税基金,森林環境譲与税基金,,,0,0,,,,,,6411,R7決算書p69
2025,13,諸支出金,1,基金費,14,森林環境譲与税基金,森林環境譲与税基金,,,21,0,,,森林環境譲与税基金,,,6411,R7決算書p69
2025,13,諸支出金,1,基金費,14,森林環境譲与税基金,森林環境譲与税基金,,,22,0,,,森林環境譲与税基金,利子積立金,,6411,R7決算書p69
2025,13,諸支出金,1,基金費,14,森林環境譲与税基金,森林環境譲与税基金,,,23,1,,,森林環境譲与税基金,利子積立金,森林環境譲与税基金利子積立金,6411,R7決算書p69
2025,13,諸支出金,1,基金費,15,大鹿村さくら基金,大鹿村さくら基金,,,0,0,,,,,,1338006,R7決算書p69
2025,13,諸支出金,1,基金費,15,大鹿村さくら基金,大鹿村さくら基金,,,21,0,,,大鹿村さくら基金,,,1338006,R7決算書p69
2025,13,諸支出金,1,基金費,15,大鹿村さくら基金,大鹿村さくら基金,,,22,0,,,大鹿村さくら基金,積立金,,1338006,R7決算書p69
2025,13,諸支出金,1,基金費,15,大鹿村さくら基金,大鹿村さくら基金,,,23,1,,,大鹿村さくら基金,積立金,さくら基金積立金,1338006,R7決算書p69
